Model,Set,Experimental_logD,Predicted_logD
Ridge,Train,0.4683473304121573,-0.4364412006623226
Ridge,Train,0.146128035678238,0.07762552775782627
Ridge,Train,0.3617278360175928,0.6415455455199882
Ridge,Train,0.05690485133647256,-0.3932394139256298
Ridge,Train,0.3483048630481607,0.3633224695193188
Ridge,Train,0.01703333929878037,-0.38974135816698596
Ridge,Train,0.3463529744506387,0.07767033505313214
Ridge,Train,-0.492397660818713,-0.06892595728307704
Ridge,Train,-0.3135371308479524,-0.33845478491435876
Ridge,Train,1.002759171414269,0.7080855551421507
Ridge,Train,-0.9021734110319146,-0.20578435493699698
Ridge,Train,-0.9653698872018781,-0.48681272299171996
Ridge,Train,-0.07265302803383195,-0.36199039625623086
Ridge,Train,-0.05698339270242879,-0.06165613178087115
Ridge,Train,-0.4930892744484819,-0.013241229323534776
Ridge,Train,-2.000011146780801,-0.6178381955329085
Ridge,Train,0.3014609394254348,0.4366056636166745
Ridge,Train,-0.220163883572486,-0.2341365173981128
Ridge,Train,-0.4135338345864666,-0.28926284846630035
Ridge,Train,-0.01503759398496262,-0.23748022914596512
Ridge,Train,-0.7827067862373733,-0.3771664459369731
Ridge,Train,0.2889866653481595,0.4396666975181728
Ridge,Train,-0.1568423903044674,0.17116766822447693
Ridge,Train,0.07918124604762482,0.30770296490394544
Ridge,Train,0.009925308530127852,-0.12437432230107504
Ridge,Train,0.6244897959183671,-0.09638700308346271
Ridge,Train,1.04442036836403,0.7310935426672148
Ridge,Train,-0.1611509092627447,-0.7287277002835552
Ridge,Train,0.9365132613368841,0.6015646909295164
Ridge,Train,0.3283796034387377,0.07767033505313214
Ridge,Train,0.729439713313603,0.6102934082942225
Ridge,Train,0.5484338463910386,0.5505477189642537
Ridge,Train,0.6387979239767979,0.6208279943979881
Ridge,Train,0.8274660015984828,-0.12418277167630876
Ridge,Train,0.3029055729718366,0.30484671397461083
Ridge,Train,0.4415191304571257,1.3050995111561066
Ridge,Train,0.07980012213427638,0.1311172525211458
Ridge,Train,-1.567441860465111,-0.8269523181380242
Ridge,Train,0.3283796034387377,0.07767033505313214
Ridge,Train,0.8197624407474513,0.3728700683782443
Ridge,Train,0.04561403508771715,0.021919740344591765
Ridge,Train,0.6211762817750351,0.5830227462403462
Ridge,Train,0.8805963907349271,0.09060580463632029
Ridge,Train,0.18155415475718,0.4876823739525046
Ridge,Train,0.5439699507256512,0.4263198431108607
Ridge,Train,-0.02664840017615605,-0.21768748069364818
Ridge,Train,-0.9510050251256278,-0.30788827484690906
Ridge,Train,0.6380090497737567,0.46797405268398273
Ridge,Train,0.7096881214587651,0.5695058102419971
Ridge,Train,0.9931205342354806,0.6417483214327536
Ridge,Train,0.4070585517469932,0.4215100099689414
Ridge,Train,0.8965262174895553,-0.525564356854752
Ridge,Train,0.4456042032735976,0.2926913244823556
Ridge,Train,-0.1568423903044674,0.17116766822447693
Ridge,Train,0.2627398291759235,-1.3100169845754013
Ridge,Train,-1.319015722105611,-0.5285382794525898
Ridge,Train,1.266940635346726,1.3267912660052126
Ridge,Train,-0.3646786304543028,-0.03737835850323157
Ridge,Train,0.3283796034387377,0.07767033505313214
Ridge,Train,0.9386591389737827,0.6591287009985501
Ridge,Train,0.07554696139253074,-0.09078046867593936
Ridge,Train,0.7075701760979364,0.3351149025583413
Ridge,Train,0.981279216850904,0.900587845884356
Ridge,Train,0.2183393686410296,0.7786433360805168
Ridge,Train,0.3747483460101039,0.07767033505313214
Ridge,Train,1.205965557619709,0.8214388548179984
Ridge,Train,0.6242823997773247,0.8171652298472686
Ridge,Train,-1.448275862068967,-0.6375201661511049
Ridge,Train,-0.1767241379310328,-0.2636357055093844
Ridge,Train,0.8949079089924165,0.7927123036339007
Ridge,Train,0.02005766926485197,0.5555261409345479
Ridge,Train,0.0594209901149536,0.4858811370872721
Ridge,Train,1.01703333929878,0.5396347514130794
Ridge,Train,-0.4416951356407078,-0.21326185513703522
Ridge,Train,-0.2041199826559248,-0.30495359713636827
Ridge,Train,0.9453191100762133,0.8995438485374495
Ridge,Train,1.336639818641689,0.1268638751950708
Ridge,Train,0.7505083948513462,0.623666757365608
Ridge,Train,0.3254607304414622,0.30593820664085636
Ridge,Train,0.1206896551724121,-0.5968248037937204
Ridge,Train,0.255030477687516,0.5823039763269958
Ridge,Train,0.5308775731310934,-0.078370925566149
Ridge,Train,0.6812412373755872,0.3990531488286643
Ridge,Train,0.6211762817750351,0.5916160990333351
Ridge,Train,0.2430380486862944,0.23407793237643804
Ridge,Train,0.6812412373755872,0.14888996911357022
Ridge,Train,-2.634968218916374,-0.41083699576117494
Ridge,Train,0.7204210054216508,0.9050625960473956
Ridge,Train,0.6435536294691222,0.5174244785540764
Ridge,Train,-0.01749782701560991,-0.1879668310492667
Ridge,Train,0.9444679049496479,0.7039834611864023
Ridge,Train,-0.1220556745182012,0.008194684074952163
Ridge,Train,-1.508793969849246,-0.2544413573788954
Ridge,Train,1.053316562126286,1.2364454559955922
Ridge,Train,0.1319863281682527,-1.3185845971239791
Ridge,Train,0.380211241711606,1.2568259611566317
Ridge,Train,-0.14066513997672,-0.5866559826857652
Ridge,Train,0.5975482649800063,0.5068616875251563
Ridge,Train,0.3892141639057259,0.27524547567727164
Ridge,Train,0.6123933697586622,0.5771815706910223
Ridge,Train,1.03342375548695,0.5396347514130794
Ridge,Train,-0.1449235972700369,0.08057560797353058
Ridge,Train,-0.04488919723294831,0.4615714062923836
Ridge,Train,0.3020134228187899,-0.010196439716017358
Ridge,Train,0.0380313199105153,-0.26623715910150636
Ridge,Train,0.8650979287404373,0.731093044808378
Ridge,Train,0.9956351945975499,0.9294447346259006
Ridge,Train,0.3020134228187899,-0.010196439716017358
Ridge,Train,-1.629310344827578,-0.859819307644384
Ridge,Train,0.1437655938677714,-0.017670037234709723
Ridge,Train,1.179291901828044,0.22522911513521826
Ridge,Train,0.4653828514484183,0.38116963951090554
Ridge,Train,0.6587215601300098,0.3037514315702442
Ridge,Train,-0.2525154392181344,-0.3555694542694803
Ridge,Train,0.249877473216598,-0.11598506965611588
Ridge,Train,1.173186268412274,0.7080855551421507
Ridge,Train,-0.1220556745182012,0.008194684074952163
Ridge,Train,0.9886636158427594,-0.043703366249399855
Ridge,Train,0.1307061523494404,-0.03197244518562303
Ridge,Train,0.05335735049852605,-0.039453355638067955
Ridge,Train,1.053324533905294,1.1576959921240748
Ridge,Train,-0.051282051282051,-0.2806248646176598
Ridge,Train,0.9629629629629627,0.05600722155451654
Ridge,Train,-0.110008534838633,-0.11940476292205748
Ridge,Train,1.170774647887323,1.2134379663293648
Ridge,Train,-0.1858879153069338,-0.26023800503647554
Ridge,Train,0.7075701760979364,-0.10629926235854992
Ridge,Train,0.5670263661590603,0.24612113878220343
Ridge,Train,0.5910646070264992,0.5165920863256234
Ridge,Train,1.007042253521127,0.7080855551421507
Ridge,Train,-0.2500000000000024,-0.14909129315624214
Ridge,Train,0.5185139398778874,0.47485658004240994
Ridge,Train,1.411695906432748,0.8227550268456812
Ridge,Train,0.3031960574204888,0.07767033505313214
Ridge,Train,0.2017575408454702,0.15078076649436156
Ridge,Train,1.253437245309724,1.1583404622761413
Ridge,Train,-0.7718752999018175,-1.2573378256733578
Ridge,Train,0.2280938887519323,0.6646650529511314
Ridge,Train,0.4679182470163208,0.2995680562502171
Ridge,Train,-1.642975206611555,0.10006872992589566
Ridge,Train,-0.1251546956789149,0.09949043364138599
Ridge,Train,-1.563758389261749,-0.9834878340644987
Ridge,Train,-1.148741651280925,0.052171046853705993
Ridge,Train,-0.06251993703895245,-0.10897128463832362
Ridge,Train,-0.3071596757466341,-0.44772470859177316
Ridge,Train,0.526339277389844,0.22920526656605966
Ridge,Train,0.3813651137594792,0.3099665333445364
Ridge,Train,0.8039521828148732,0.6029520942768375
Ridge,Train,0.7762863534675611,0.6616157589478263
Ridge,Train,0.3979400086720376,-0.059442713729282115
Ridge,Train,-0.053666651000876,0.554797981176799
Ridge,Train,0.8393863014886044,0.731093044808378
Ridge,Train,0.9771853913912649,0.535532657457331
Ridge,Train,-1.517084431448743,-0.8799238270777133
Ridge,Train,0.8035528064607984,0.4845372473598556
Ridge,Train,-0.619788758288394,-0.25923127240501065
Ridge,Train,-2.05603448275861,-0.7002519283988714
Ridge,Train,0.2657130090914611,-0.07145712100254042
Ridge,Train,0.7958333900509484,0.6177350770930673
Ridge,Train,-1.234704354653622,0.4307902705430192
Ridge,Train,0.639911259500979,0.3199513990429478
Ridge,Train,-1.785155875122728,-1.2779249390265983
Ridge,Train,1.205965557619709,0.8214388548179984
Ridge,Train,1.180116959064325,0.7673463248292459
Ridge,Train,-0.5086383061657274,-0.42903967723071645
Ridge,Train,-2.705549293202082,-0.42599756809679135
Ridge,Train,0.2182287808022146,0.6414629686618926
Ridge,Train,0.4913616938342727,0.35312115308621317
Ridge,Train,1.310541310541309,0.5612585622594933
Ridge,Train,0.1647522604652088,0.25768607473053795
Ridge,Train,0.6127838567197355,0.6039318462321409
Ridge,Train,-1.965416298346072,-0.5111929820989404
Ridge,Train,-0.01503759398496262,0.03765699545407497
Ridge,Train,0.2046493264802312,-0.043703366249399855
Ridge,Train,0.2627398291759235,-1.3100169845754013
Ridge,Train,-1.23858934503561,-0.7534869771755589
Ridge,Train,-0.7628438624246476,0.3329315240036913
Ridge,Train,1.283198266190026,0.9898896585470697
Ridge,Train,0.1950162513542781,0.18052287109593368
Ridge,Train,0.2163162610163941,0.31923157022343285
Ridge,Train,0.2557547866430442,0.08699801412503017
Ridge,Train,1.021189299069938,0.5396347514130794
Ridge,Train,0.889796870068615,0.6417766227161864
Ridge,Train,0.5387931034482746,-0.38520007666826017
Ridge,Train,0.4913616938342727,0.4331210737591965
Ridge,Train,-0.2688453122925803,-0.4201835230901406
Ridge,Train,1.463157894736841,1.2159712432335499
Ridge,Train,0.380211241711606,0.182767201397259
Ridge,Train,0.2430380486862944,0.23407793237643804
Ridge,Train,-0.4353448275862056,-0.38865916001847334
Ridge,Train,-2.535140249212473,-0.4432961149732263
Ridge,Train,-0.619788758288394,-0.25923127240501065
Ridge,Train,-0.04261660721896531,-0.09457507902927065
Ridge,Train,0.8897968700686152,0.6203135070761095
Ridge,Train,0.8577031944274324,0.8112906178280707
Ridge,Train,-1.407996505383249,-0.44193796983124944
Ridge,Train,0.6031443726201823,0.5830227462403462
Ridge,Train,0.6106601630898799,0.5830227462403462
Ridge,Train,0.6989700043360189,0.8404673137455555
Ridge,Train,0.3747483460101039,0.07767033505313214
Ridge,Train,1.204119982655925,0.7080855551421507
Ridge,Train,-1.448275862068967,-0.6375201661511049
Ridge,Train,-0.5393360442731673,-0.12843804301462292
Ridge,Train,0.07675507020280567,0.22148264328488487
Ridge,Train,0.6023835319609966,0.0900798781629224
Ridge,Train,0.1641903726520483,1.123754940328808
Ridge,Train,1.093599819380088,0.3214785353699351
Ridge,Train,0.5888613512538016,0.802296648833584
Ridge,Train,-2.323341080224196,0.3177709516680749
Ridge,Train,-0.5072750233349814,-0.31856978284782744
Ridge,Train,0.04532297878665748,-0.3921866914153608
Ridge,Train,0.5647935551309269,0.9856160335763403
Ridge,Train,0.6803355134145632,0.20335789147581285
Ridge,Train,0.4623084667179462,-0.5722066294572093
Ridge,Train,0.3463529744506387,0.07767033505313214
Ridge,Train,-0.8301121378671653,-0.3889038917091592
Ridge,Train,-0.9937759336099588,-0.7140865782110445
Ridge,Train,0.5185139398778874,0.47485658004240994
Ridge,Train,1.362275079783117,1.294569193554417
Ridge,Train,0.5910646070264992,0.6416718264182074
Ridge,Train,-0.3091286307053941,-0.37288767285304214
Ridge,Train,1.346198830409355,0.9806123844122626
Ridge,Train,-0.1321607680099658,-0.2561622042144759
Ridge,Train,-1.885678391959799,-0.29242246544810035
Ridge,Train,-0.2165366614664583,-0.10357755602089003
Ridge,Train,0.7297801442202818,0.05641270521911368
Ridge,Train,0.02005766926485197,0.2751892978535123
Ridge,Train,0.7672413793103442,0.03211163155813612
Ridge,Train,0.1760912590556784,0.3286923931452853
Ridge,Train,-1.071860922666721,-0.4117342459071268
Ridge,Train,0.09022556390977356,-0.22143057346826678
Ridge,Train,0.5046261715629264,0.9803247414748489
Ridge,Train,-0.07996729962314643,0.07030215185761313
Ridge,Train,0.4390446521287634,0.28418268479281605
Ridge,Train,1.253437245309724,1.1583404622761413
Ridge,Train,0.5209109372834104,0.3997101848601815
Ridge,Train,-0.8232758620689672,-0.512958392208151
Ridge,Train,0.5910646070264992,0.5165920863256234
Ridge,Train,1.146941207143456,1.1471007326199678
Ridge,Train,-0.7452111206482993,-0.42701861330188406
Ridge,Train,1.030489322147899,0.5929399583560099
Ridge,Train,-0.11903795188283,-1.2117407527232507
Ridge,Train,-1.49248120300752,-0.3554660357414702
Ridge,Train,0.6364937630495308,0.7765683049763156
Ridge,Train,0.6553852426545229,0.9786499288908964
Ridge,Train,0.6151940149681981,0.40211401939147284
Ridge,Train,0.5910646070264992,0.14888996911357022
Ridge,Train,0.3636119798921443,0.4696157532285966
Ridge,Train,0.6373245098685487,0.4680188599792886
Ridge,Train,0.3856062735983122,0.7108345181330512
Ridge,Train,-0.2340726776061404,-0.5691601191182053
Ridge,Train,-1.096910013008056,-0.27843500416918177
Ridge,Train,0.3318965517241376,-0.4910731641739249
Ridge,Train,0.735555471593347,0.22552985734370412
Ridge,Train,0.082934622503059,0.22310380421348486
Ridge,Train,0.2186959627617429,0.10679467194820036
Ridge,Train,0.8965262174895553,-0.525564356854752
Ridge,Train,0.135537190082656,0.2547277588602923
Ridge,Train,0.9883040935672512,0.5112707784764857
Ridge,Train,0.1079563182527277,0.08004782172952263
Ridge,Train,-0.07996729962314643,0.07030215185761313
Ridge,Train,-0.1767241379310328,-0.2636357055093844
Ridge,Train,0.3892141639057259,0.27524547567727164
Ridge,Train,-0.3098039199714863,-0.42903967723071645
Ridge,Train,0.3470521755509489,0.905809319500788
Ridge,Train,2.036619573798714,3.768806754545852
Ridge,Train,0.7965743332104297,0.5626422410793067
Ridge,Train,-0.7884826218653814,-0.08879714595412536
Ridge,Train,0.272337896627725,-0.39922217129653514
Ridge,Train,0.6173305771416362,0.5626422410793067
Ridge,Train,0.02419338211248408,0.7232487849058705
Ridge,Train,-0.1767337807606265,-0.2850441118979782
Ridge,Train,-0.5534883720930238,-0.470239338359388
Ridge,Train,0.9409251269338039,0.7080855551421507
Ridge,Train,0.9041684928630465,0.979741421557142
Ridge,Train,-0.6344628557513522,-0.35036701243940516
Ridge,Train,0.2017575408454702,0.15078076649436156
Ridge,Train,1.50559284116331,1.0183479942380433
Ridge,Train,-1.535796071516882,-0.42831081569888985
Ridge,Train,0.6242820958356683,0.5830227462403462
Ridge,Train,-1.196026900731575,-1.3376950024149572
Ridge,Train,-1.114147993293855,-0.33386822432012087
Ridge,Train,0.4509957088161992,0.07531094246772285
Ridge,Train,-0.5938066216438812,-0.7009328465144394
Ridge,Train,0.5539402549876365,-0.12418277167630876
Ridge,Train,0.6211762817750351,0.5830227462403462
Ridge,Train,-0.6971816306033263,-0.3353923311202007
Ridge,Train,-1.06390977443609,-0.3385746313975375
Ridge,Train,-0.1858879153069338,-0.26023800503647554
Ridge,Train,0.3463529744506387,0.20335789147581285
Ridge,Train,-0.04375512696868296,0.5316684684986658
Ridge,Train,1.076276352144377,0.6542871875960902
Ridge,Train,0.03342375548694973,-0.6015229883168126
Ridge,Train,0.1525940779274698,-0.8451299591027829
Ridge,Train,0.4283919597989941,0.08611596521494047
Ridge,Train,-0.7458094490628238,0.008107897353804572
Ridge,Train,0.8800879713874663,0.80384253475702
Ridge,Train,-1.603456897447042,-0.8074135064992508
Ridge,Train,-0.06963592814139488,0.07976297477946537
Ridge,Train,-0.6932160417255555,-0.5373248563728373
Ridge,Train,0.6989700043360189,-0.09617057712959831
Ridge,Train,0.9612068965517243,0.12326809289376428
Ridge,Train,1.100763643371112,0.9786499288908964
Ridge,Train,0.7357274662281335,0.48368389575956783
Ridge,Train,-0.638272163982407,-0.42903967723071645
Ridge,Train,1.21937321937322,0.39282460361079474
Ridge,Train,-0.8947368421052645,-0.19408144903922364
Ridge,Train,-0.6942651060983038,-0.14715053013356272
Ridge,Train,1.483396136807168,1.6333237598535795
Ridge,Train,0.6901960800285137,0.6000627006049807
Ridge,Train,-0.9937759336099588,-0.7140865782110445
Ridge,Train,0.8292314636701619,0.5601407944922133
Ridge,Train,0.1166176813015091,0.5757182996347096
Ridge,Train,0.6842105263157892,0.5319455578523636
Ridge,Train,1.80846742823059,0.1559895942181223
Ridge,Train,-2.05603448275861,-0.7002519283988714
Ridge,Train,-1.487912814690911,-0.5685031685637011
Ridge,Train,1.900826446281001,1.067679760196977
Ridge,Train,-0.4724680904466963,-1.2449119209506136
Ridge,Train,-0.6731240825341952,-0.3499384472919531
Ridge,Train,0.8965262174895553,-0.525564356854752
Ridge,Train,-0.3189655172413801,-0.7008225930616986
Ridge,Train,-0.2770508826583594,-0.09511003805402252
Ridge,Train,0.1132746924643504,-0.2211554853091906
Ridge,Train,0.11978513052201398,-1.0933993352057008
Ridge,Train,0.4487063199050799,0.5381973394285403
Ridge,Train,0.6756055617195716,0.1531422247647677
Ridge,Train,0.2550304776875136,0.3891013911330584
Ridge,Train,-0.02672178766989199,-0.43505025932960106
Ridge,Train,-0.5385287031854444,0.11412021177883258
Ridge,Train,0.5797835966168101,0.751473549969418
Ridge,Train,0.534026106056135,0.1803504018095855
Ridge,Train,-1.234704354653622,0.4307902705430192
Ridge,Train,0.4913616938342727,0.4331210737591965
Ridge,Train,0.4275633669545613,0.17564392675648832
Ridge,Train,-1.577881593704157,-0.7277531733206707
Ridge,Train,0.7671558660821804,0.04771718556710003
Ridge,Train,1.100763643371112,0.9786499288908964
Ridge,Train,-0.04170093891793042,0.15324099061844654
Ridge,Train,0.1173491877479526,-0.3107981874110598
Ridge,Train,0.9931205342354806,0.6417483214327536
Ridge,Train,0.4329710789008698,-0.30672136118802606
Ridge,Train,-1.763274336283189,-0.40895986116970906
Ridge,Train,0.7146198830409358,0.26834196576906966
Ridge,Train,0.2145178764897056,-0.2468217292952204
Ridge,Train,0.3970273286679523,0.6149324031712401
Ridge,Train,1.559045226130653,0.8271285282639048
Ridge,Train,-0.4168875174404437,-1.3298550502325601
Ridge,Train,-0.2770149382233361,0.18670772951444137
Ridge,Train,-0.6,-0.36923128767778524
Ridge,Train,-2.705549293202082,-0.42599756809679135
Ridge,Train,0.1721105527638171,0.14854804855386272
Ridge,Train,0.03448275862068784,-0.14014910255603763
Ridge,Train,0.2259691527869807,0.2712158937891015
Ridge,Train,0.0,0.0263160573114517
Ridge,Train,1.522361359570662,0.7641270812083781
Ridge,Train,0.6387979239767979,0.6208279943979881
Ridge,Train,0.8072619934565568,0.03018024627011673
Ridge,Train,0.3010299956639812,-0.15223125810100102
Ridge,Train,-1.439549404036478,-0.7057756601019088
Ridge,Train,-0.05978886246861603,-0.13236178807741694
Ridge,Train,-0.03476210625921197,-0.17125410472432068
Ridge,Train,-0.2446720795208597,-0.542056938752773
Ridge,Train,0.4082399653118496,0.22920526656605966
Ridge,Train,-0.767123174186889,-0.7012666684877799
Ridge,Train,0.5118833609788743,-0.525564356854752
Ridge,Train,-0.3189655172413801,-0.7008225930616986
Ridge,Train,0.04260470370605519,0.3632176647695945
Ridge,Train,-0.1464838638239616,0.8038835339282678
Ridge,Train,0.1128752143459643,0.3941914373502352
Ridge,Train,0.8670923337204245,0.4163378202344886
Ridge,Train,-0.05632686832306318,0.035738096369629435
Ridge,Train,0.535215663796611,0.11748672525884407
Ridge,Train,1.205965557619709,0.8214388548179984
Ridge,Train,0.03261876085071993,-0.20042324891469454
Ridge,Train,-0.4353448275862056,-0.38865916001847334
Ridge,Train,0.8305886686851442,0.5626422410793067
Ridge,Train,1.656589559399379,0.051011291871582376
Ridge,Train,0.4126109061603624,0.6121470831354147
Ridge,Train,-0.004333694474538976,-0.33104713115975615
Ridge,Train,0.2637409109445279,0.23125938113111022
Ridge,Train,0.414973347970818,-0.06685421826999505
Ridge,Train,-0.2340726776061404,-0.5691601191182053
Ridge,Train,0.5860497157265141,0.9450191087053866
Ridge,Train,1.181843587944773,0.8213940475226925
Ridge,Train,0.9404117009750815,0.5626427389381433
Ridge,Train,0.6729746935258656,-0.05475712275095723
Ridge,Train,-0.07719576496805934,0.19115520694274202
Ridge,Train,0.5265032835812309,0.613996126510938
Ridge,Train,0.3031960574204888,0.07767033505313214
Ridge,Train,1.087550726310677,0.9576675860962742
Ridge,Train,-0.4975728800155673,-0.9353228743439045
Ridge,Train,-0.14066513997672,-0.5866559826857652
Ridge,Train,0.6526722071108372,-0.17183806589083706
Ridge,Train,1.146941207143456,1.1471007326199678
Ridge,Train,0.05113650594874027,0.891699588634942
Ridge,Train,1.050866019970613,0.4858363838670189
Ridge,Train,0.5763413502057929,0.5830227462403462
Ridge,Train,0.62463078972132,0.47438901036992764
Ridge,Train,0.5586226439045551,0.26744699213668655
Ridge,Train,0.6242820958356683,0.5830227462403462
Ridge,Train,-0.01749782701560991,-0.1879668310492667
Ridge,Train,0.5265032835812309,0.5236407717360699
Ridge,Train,-0.6426046233183135,-0.34344452129089265
Ridge,Train,0.7237976748508552,0.6364696637083599
Ridge,Train,0.6627578316815741,0.41457194251127494
Ridge,Train,0.7910868478099096,0.7910697412082226
Ridge,Train,0.686155075454263,0.5229253485876865
Ridge,Train,0.7114680014156944,0.4732975177036821
Ridge,Train,0.2050678430236896,-0.09127540010271085
Ridge,Train,-0.9653698872018781,-0.4345924143039409
Ridge,Train,0.07918124604762482,0.6414611445071147
Ridge,Train,-0.7756344514157028,-0.12523413734917144
Ridge,Train,-0.01844926170390164,-0.18612084096378123
Ridge,Train,-0.4626847268879903,0.02322548314469175
Ridge,Train,0.139109451707618,0.587566681774755
Ridge,Train,0.7672413793103442,0.03211163155813612
Ridge,Train,0.8035528064607984,0.4845372473598556
Ridge,Train,0.1532051216061021,0.584273365195617
Ridge,Train,0.895422546039408,0.6298705384664708
Ridge,Train,-0.4170444674351315,0.09740781343412286
Ridge,Train,-0.2266600537219346,-0.40270309060969034
Ridge,Train,-0.03068512285530053,0.2452719646366347
Ridge,Train,-1.511278195488722,-0.26208385934902356
Ridge,Train,-1.0333531830102,-0.8116328464185557
Ridge,Train,1.021189299069938,0.7080855551421507
Ridge,Train,-1.32437478025317,-0.48363359919789695
Ridge,Train,0.03448275862068784,-0.14014910255603763
Ridge,Train,0.3483048630481607,0.3633224695193188
Ridge,Train,0.9881114906350605,0.3173855801379474
Ridge,Train,-2.0,-1.0768643301152938
Ridge,Train,0.009925308530127852,-0.12437432230107504
Ridge,Train,-1.572614107883811,-0.884661919912704
Ridge,Train,0.3233082706766902,0.1993091247446409
Ridge,Train,0.9881114906350605,0.3173855801379474
Ridge,Train,0.8444444444444436,0.7287891069735056
Ridge,Train,-1.105948718925517,-0.614666601849838
Ridge,Train,0.180451127819548,-0.20347085412708432
Ridge,Train,-0.03943375318603481,-0.09814865187145838
Ridge,Train,0.7204210054216508,0.9050625960473956
Ridge,Train,0.5797835966168101,0.751473549969418
Ridge,Train,0.5185139398778874,0.9199243536984892
Ridge,Train,0.04139268515822508,0.13107244522583994
Ridge,Train,0.9347805899613781,0.29556308892462435
Ridge,Train,0.3617278360175928,0.3913855674759833
Ridge,Train,-0.1762586357436119,0.14497481696518866
Ridge,Train,-0.08633414873527591,0.13581919295769374
Ridge,Train,-0.01844926170390164,-0.18612084096378123
Ridge,Train,0.07554696139253074,-0.09078046867593959
Ridge,Train,0.02005766926485197,0.2751892978535123
Ridge,Train,0.7671729371896298,0.42411596737067125
Ridge,Train,0.3918367346938768,-0.18724788169686513
Ridge,Train,0.422413793103446,-0.05802591773501575
Ridge,Train,0.04139268515822508,0.07762552775782627
Ridge,Train,-2.142667503568731,-0.5371333789451963
Ridge,Train,-0.5742492738010503,-0.6717094637473605
Ridge,Train,-0.1251546956789144,0.6412557996427518
Ridge,Train,0.6977248104008661,0.2585306818919938
Ridge,Train,0.7505083948513462,-0.525564356854752
Ridge,Train,0.4679182470163208,0.2995680562502171
Ridge,Train,1.02530586526477,0.14888996911357022
Ridge,Train,1.608501118568232,1.3235036674677074
Ridge,Train,0.2880888597640699,0.3476103335386803
Ridge,Train,0.5250677226597732,0.44095637613167915
Ridge,Train,-0.129219291822582,-0.17363463414365554
Ridge,Train,-0.5338345864661662,-0.3060009625788396
Ridge,Train,-0.5408689174769996,-0.2790530140651276
Ridge,Train,-0.04983748645720439,0.20313449058215083
Ridge,Train,0.2050678430236896,-0.09127540010271085
Ridge,Train,0.8463370005539435,0.731093044808378
Ridge,Train,-0.1964576461828072,-0.3006034203227459
Ridge,Train,0.3596766725050837,1.3506088751426057
Ridge,Train,0.006663850117991262,-0.28012329605199593
Ridge,Train,1.014680535148689,0.3013886802738982
Ridge,Train,-2.05603448275861,-0.7002519283988714
Ridge,Train,0.1166176813015091,0.3607139781214571
Ridge,Train,0.7971694225490045,0.1489347764088761
Ridge,Train,0.929444837036069,0.3670818537282595
Ridge,Train,0.648364110491845,0.5830227462403462
Ridge,Train,0.3778487999011506,0.44369627940634315
Ridge,Train,0.5062846335392319,0.8287886136640946
Ridge,Train,0.6306396086247502,1.8012430416587168
Ridge,Train,-2.203831209357573,-1.0476948977331824
Ridge,Train,-1.118826698593236,-0.20582916223230285
Ridge,Train,0.4913616938342727,0.07762552775782627
Ridge,Train,0.2163162610163941,0.31923157022343307
Ridge,Train,-0.4353448275862056,-0.38865916001847334
Ridge,Train,-0.06251993703895245,-0.10897128463832362
Ridge,Train,-0.1804891463142153,-0.039957369811773114
Ridge,Train,0.8976270912904415,0.14888996911357022
Ridge,Train,0.7160033436347992,0.6208244596002473
Ridge,Train,0.5669144981412634,0.24607633148689756
Ridge,Train,-0.1464838638239616,0.8038835339282678
Ridge,Train,1.060697840353612,0.8213940475226925
Ridge,Train,0.5387931034482746,-0.38520007666826017
Ridge,Train,-0.2372093023255822,-0.12950747156248588
Ridge,Train,0.6335218433719506,0.1502364475984025
Ridge,Train,0.6532125137753437,0.55832709475
Ridge,Train,-0.157894736842105,-0.25389104334685875
Ridge,Train,0.6020599913279624,1.5563271831551555
Ridge,Train,0.1367761095528764,0.2427419756053253
Ridge,Train,1.522388149816989,0.17483120650085593
Ridge,Train,0.5205895119541644,0.20864766873312435
Ridge,Train,-0.5072750233349814,-0.31856978284782744
Ridge,Train,-0.365959583733208,-0.5555628323154066
Ridge,Train,0.3767593954048798,0.27132421892750724
Ridge,Train,-0.5534883720930238,-0.470239338359388
Ridge,Train,-0.1141965678627143,0.08004782172952263
Ridge,Train,0.6211762817750351,0.5830227462403462
Ridge,Train,-1.781954887218045,-0.2783247066889546
Ridge,Train,-1.42021640338319,-0.2522771190141374
Ridge,Train,0.6106601630898799,0.5830227462403462
Ridge,Train,0.4232458739368078,0.40701701460115236
Ridge,Train,0.4128854232684702,0.08815843807094115
Ridge,Train,0.082934622503059,0.22310380421348486
Ridge,Train,0.6901960800285137,0.6000627006049807
Ridge,Train,0.6231704616375756,0.3439474785930646
Ridge,Train,0.9469432706978255,0.13294393050828146
Ridge,Train,-1.97095435684647,-0.9716525401631854
Ridge,Train,0.6107382550335557,0.38123188243884265
Ridge,Train,0.5972924522285327,0.48026362238912623
Ridge,Train,0.8777912162775305,0.731093044808378
Ridge,Train,0.5427268765011117,0.9167110106873385
Ridge,Train,-1.005264266019541,0.21789637371865633
Ridge,Train,0.6127838567197355,0.7142039972102225
Ridge,Train,0.62463078972132,0.47438901036992764
Ridge,Train,-0.7628438624246476,-0.339572554405431
Ridge,Train,0.6020599913279624,0.33051451074547644
Ridge,Train,0.5135427952329354,0.3489736748250051
Ridge,Train,-0.8232758620689672,-0.512958392208151
Ridge,Train,-1.567441860465111,-0.8269523181380242
Ridge,Train,0.2211785219297459,-0.013465404981262474
Ridge,Train,1.294736842105262,0.5856726796440436
Ridge,Train,-0.4170444674351315,0.09740781343412286
Ridge,Train,-1.135338345864661,-0.22698275467117468
Ridge,Train,0.1266770670826814,-0.10357755602089003
Ridge,Train,-0.08633414873527538,0.641292128402068
Ridge,Train,1.209515014542631,0.7080855551421507
Ridge,Train,-0.8313241449568525,-1.3343547837039313
Ridge,Train,0.4615384615384614,0.2995232489549112
Ridge,Train,0.08880429497466488,0.3031738298597646
Ridge,Train,-0.03943375318603481,-0.09814865187145838
Ridge,Train,-1.092883061327005,-0.17399903879863354
Ridge,Train,-0.460121203408758,-0.29670474245408984
Ridge,Train,0.6456180461285638,1.0628896578843898
Ridge,Train,0.7993405494535817,0.14888996911357022
Ridge,Train,1.85436677804087,0.6549566149132654
Ridge,Train,-0.03760465762697581,0.13808041828283013
Ridge,Train,0.5670263661590603,0.24612113878220343
Ridge,Train,-0.07719576496805934,0.19115520694274202
Ridge,Train,0.2246783559484863,-0.5722066294572093
Ridge,Train,0.1882609887630737,0.10276509006002998
Ridge,Train,-0.11903795188283,-1.2117407527232507
Ridge,Train,0.6031443726201823,0.5830227462403462
Ridge,Train,-0.02672178766989199,-0.43505025932960106
Ridge,Train,-0.7628438624246476,-0.339572554405431
Ridge,Train,0.2186959627617429,0.10679467194820036
Ridge,Train,0.1904538485873565,0.07974330901568882
Ridge,Train,0.3617278360175928,0.3913855674759833
Ridge,Train,0.2187134502923974,-0.3125255222733373
Ridge,Train,-1.777415033082565,-0.7988362824956609
Ridge,Train,-0.1277985983463365,-0.048922408443534016
Ridge,Train,-0.7451810935152875,-0.5304411999853024
Ridge,Train,0.8296511438534148,0.19863104999918824
Ridge,Train,0.1744584367708963,0.001509276337941956
Ridge,Train,-0.4563268683230601,-0.21093998752694232
Ridge,Train,0.1437655938677714,-0.017670037234709723
Ridge,Train,-0.005465586003222508,-0.3593803016135142
Ridge,Train,-2.334481075108565,-0.48133339084856364
Ridge,Train,0.6901960800285137,1.0918781262033415
Ridge,Train,1.00893042575285,0.7056298074499417
Ridge,Train,0.8910996649845989,0.731093044808378
Ridge,Train,0.806230529595015,0.4383069366668654
Ridge,Train,0.365862215402555,0.24995661551382187
Ridge,Train,-0.04261660721896531,-0.09457507902927065
Ridge,Train,0.1117004680187195,0.22148264328488487
Ridge,Train,0.06345484267917818,0.194766861040523
Ridge,Train,0.07980012213427638,0.1311172525211458
Ridge,Train,-0.5864661654135337,-0.13969474874404064
Ridge,Train,-0.8232758620689614,-0.19531775191488332
Ridge,Train,0.6015860182746656,0.6417483214327536
Ridge,Train,0.4040158561440467,0.0712210521023462
Ridge,Train,-0.8232758620689614,-0.19531775191488332
Ridge,Train,0.3119932648840557,-0.19962276362106912
Ridge,Train,0.03448275862068784,-0.14014910255603763
Ridge,Train,1.047514794837365,1.355021413438589
Ridge,Train,0.4471580313422192,0.20335789147581285
Ridge,Train,0.2304489213782739,0.34943847118715887
Ridge,Train,0.1173491877479526,-0.3107981874110598
Ridge,Train,0.8122446968003693,-0.525564356854752
Ridge,Train,1.308724832214764,0.7033336102731121
Ridge,Train,0.5525490843095185,0.4200600296426952
Ridge,Train,0.0,-0.3649144880219358
Ridge,Train,-0.619788758288394,-0.25923127240501065
Ridge,Train,-0.9200292374440189,-0.34603976942329706
Ridge,Train,-2.535140249212473,-0.4432961149732263
Ridge,Train,0.7672413793103442,0.03211163155813612
Ridge,Train,0.2637409109445279,0.23125938113111022
Ridge,Train,-0.6140350877192979,-0.5107211421798451
Ridge,Train,0.1705521196219227,0.08434823020392312
Ridge,Train,-0.00620308796527328,0.17909009589338754
Ridge,Train,0.2182287808022119,0.3066594527821561
Ridge,Train,-0.1251546956789149,0.09949043364138599
Ridge,Train,0.7417816961431667,0.13343397048679584
Ridge,Train,0.6218068535825538,0.4635522822300654
Ridge,Train,0.3318002991095532,0.5455492761912671
Ridge,Train,1.060697840353612,0.731093044808378
Ridge,Train,-0.1449235972700369,0.08057560797353058
Ridge,Train,0.1319863281682527,-1.3185845971239791
Ridge,Train,0.4313637641589874,0.230241827864338
Ridge,Train,-0.162941534687887,0.06280857740203871
Ridge,Train,-0.1767337807606265,-0.2850441118979782
Ridge,Train,0.5805468137587255,0.6416301282513369
Ridge,Train,0.5450543344028723,0.14336201493098344
Ridge,Train,0.2944963655243999,0.08247981205574595
Ridge,Train,0.6308908570191394,0.20909364134278774
Ridge,Train,0.5391498881431767,-0.015588759118903783
Ridge,Train,1.456366033129043,0.43170682471246924
Ridge,Train,0.06345484267917818,0.194766861040523
Ridge,Train,1.07700432679335,0.693972502347504
Ridge,Train,-0.4607016882522424,-0.4279250429713447
Ridge,Train,-1.441695135640719,-0.014118320444379218
Ridge,Train,0.4806145740944546,0.6300998486668857
Ridge,Train,-0.6946486305533762,-0.3885955842158876
Ridge,Train,0.3318965517241376,-0.4910731641739249
Ridge,Train,-1.629310344827578,-0.859819307644384
Ridge,Train,0.7932016100908708,0.6428398140989992
Ridge,Train,-0.1986570869544228,0.13748740291178485
Ridge,Train,0.5000216558101156,0.9707474525626553
Ridge,Train,0.7160033436347992,0.6208244596002473
Ridge,Train,-1.547440503436895,-0.24098226118854282
Ridge,Train,0.1657598875739492,0.6561331776815759
Ridge,Train,-0.08798751950078033,0.22148264328488487
Ridge,Train,0.2880888597640699,0.3476103335386803
Ridge,Train,0.6354495299314225,0.6338458451045125
Ridge,Train,0.5763413502057929,0.5830227462403462
Ridge,Train,-0.4658517416748432,0.6942935382729457
Ridge,Train,0.6231884057971003,0.259259996147332
Ridge,Train,1.363935283358457,0.6928086352180255
Ridge,Train,0.7505083948513462,-0.525564356854752
Ridge,Train,0.7168825761045695,0.7836944934349858
Ridge,Train,0.1569739382239341,0.519791379580108
Ridge,Train,0.6760563380281691,0.6858752822831479
Ridge,Train,-0.3668744088311774,-0.21215416997847136
Ridge,Train,-0.1059519103518204,-0.40375582572813795
Ridge,Train,-0.612646032378238,-0.563698261765713
Ridge,Train,-0.7628438624246476,0.3329315240036913
Ridge,Train,-0.08092190762392612,-0.20685673232952084
Ridge,Train,0.4489574959155591,-0.23054330653721444
Ridge,Train,-2.705549293202082,-0.42599756809679135
Ridge,Train,0.8792796600840976,0.771402898005909
Ridge,Train,0.9612068965517243,0.12326809289376428
Ridge,Train,0.9708116108725178,0.6619216946575802
Ridge,Train,-0.2099009373137068,-0.3840832831352867
Ridge,Train,0.8178119194823461,0.7841598350044857
Ridge,Train,0.3559122080332726,-0.1510796201345309
Ridge,Train,-0.2678362573099414,-0.3192630151028032
Ridge,Train,0.8796692056320535,0.731093044808378
Ridge,Train,1.308724832214764,0.7033336102731121
Ridge,Train,0.0594209901149536,0.4858811370872721
Ridge,Train,-0.2340726776061404,-0.5691601191182053
Ridge,Train,-0.3031709948236987,-0.36887405264376594
Ridge,Train,0.4342288918608878,1.2510319518323523
Ridge,Train,-0.1762586357436119,0.14497481696518866
Ridge,Train,-0.00877392430750515,-0.39079164116895504
Ridge,Train,-0.2225132903568139,-0.16694152739112933
Ridge,Train,0.18155415475718,0.4876823739525046
Ridge,Train,0.5267037346185933,-0.08899360332826667
Ridge,Train,0.3856062735983122,0.7108345181330512
Ridge,Train,1.126315789473682,0.3681023641059554
Ridge,Train,0.686155075454263,0.6416792345576979
Ridge,Train,0.9365132613368841,0.6015646909295164
Ridge,Train,0.4487098600393338,-0.02508878879808807
Ridge,Train,0.4509957088161992,0.07531094246772285
Ridge,Train,0.7403626894942439,1.0509747719679412
Ridge,Train,-0.1172728120892211,-0.5722066294572093
Ridge,Train,0.2907935616990988,-0.12418277167630876
Ridge,Train,-0.05787918913275993,-0.10152764781269774
Ridge,Train,-0.7628438624246476,-0.339572554405431
Ridge,Train,0.7237976748508552,0.6364696637083599
Ridge,Train,-0.7827067862373733,-0.3771664459369731
Ridge,Train,1.130976691605617,0.7513730254344778
Ridge,Train,0.1066751967046165,-0.18191620871033376
Ridge,Train,0.3254607304414622,0.30593820664085636
Ridge,Train,-0.2469177919249304,-0.0016449099839411785
Ridge,Train,0.03730594077925276,-0.36313116189844274
Ridge,Train,-1.563758389261749,-0.9834878340644987
Ridge,Train,1.004815141474574,0.7080855551421507
Ridge,Train,0.8067164667100035,0.25293120709707717
Ridge,Train,0.9881114906350605,0.3173855801379474
Ridge,Train,0.6479448198198187,0.7290791279017462
Ridge,Train,0.02081696013925367,0.7928270656759692
Ridge,Train,0.2647773159802437,-1.1733848313682644
Ridge,Train,-0.4315653747438915,-0.4855872289346036
Ridge,Train,0.1366562824506729,0.10553909567329989
Ridge,Train,0.1647522604652088,0.25768607473053795
Ridge,Train,1.082621082621084,0.2244243351228421
Ridge,Train,0.06037703633173449,0.3273136244828049
Ridge,Train,-0.006203087965272839,0.6413353993050038
Ridge,Train,0.7237976748508552,0.6364696637083599
Ridge,Train,1.100763643371112,0.9786499288908964
Ridge,Train,-0.1762586357436113,0.5248660023332664
Ridge,Train,-0.8301121378671653,-0.3889038917091592
Ridge,Train,0.8035528064607984,0.4845372473598556
Ridge,Train,1.283198266190026,0.9898896585470697
Ridge,Train,1.150595882990248,0.8995443463962861
Ridge,Train,-0.01733477789815788,0.09629746923139793
Ridge,Train,-1.516444298028881,-0.9364426221939023
Ridge,Train,0.8020207517719758,-0.007023684062727242
Ridge,Train,-0.9827586206896575,-0.8070385922451117
Ridge,Train,0.173186268412274,0.2606734343239038
Ridge,Train,0.4034029043735392,0.7805978868644857
Ridge,Train,1.398347107438026,0.7486490985064517
Ridge,Train,-0.4724680904466963,-1.2449119209506136
Ridge,Train,-1.20966708761141,-0.7389285988152282
Ridge,Train,-2.323341080224196,-0.3547331267410474
Ridge,Train,0.5459451160618883,0.08190500271001522
Ridge,Train,-2.334481075108565,-0.4813333908485641
Ridge,Train,0.1206896551724121,-0.5968248037937204
Ridge,Train,-0.05978886246861603,-0.13236178807741694
Ridge,Train,-2.052455067076556,-0.36375989333463554
Ridge,Train,0.2775007758356284,0.4962142492220599
Ridge,Train,0.6621085853152393,0.568160988589253
Ridge,Train,0.422413793103446,-0.05802591773501575
Ridge,Train,-0.9145720716388055,-0.7756340270841527
Ridge,Train,0.6410063608375752,0.6487144261181975
Ridge,Train,-2.323341080224196,-0.3547331267410474
Ridge,Train,0.380211241711606,1.2568259611566317
Ridge,Train,0.359835482339888,0.13413478175578675
Ridge,Train,-1.364902075136013,-1.3386937237464078
Ridge,Train,0.2880888597640699,0.641503919542649
Ridge,Train,0.1657598875739492,0.6561331776815759
Ridge,Train,0.3459994779145614,0.04019686500405284
Ridge,Train,-2.203831209357573,-1.0476948977331824
Ridge,Train,-0.1953198127925111,0.22148264328488487
Ridge,Train,0.4679182470163208,0.2995680562502171
Ridge,Train,0.7762863534675611,0.6616157589478263
Ridge,Train,0.686155075454263,0.5229253485876865
Ridge,Train,-0.4836373832160348,-0.2606385312116346
Ridge,Train,1.395341273599259,0.5831463246680034
Ridge,Train,0.6483600109809317,0.1803504018095855
Ridge,Train,-0.04375512696868296,0.5316684684986658
Ridge,Train,0.148594545749752,-0.022536037066851144
Ridge,Train,0.2304489213782739,0.34943847118715887
Ridge,Train,0.06427457098283858,0.08004782172952263
Ridge,Train,0.05803546917037159,-0.3828197554615209
Ridge,Train,-0.4089353929735008,-0.42903967723071645
Ridge,Train,1.187969924812029,0.31900795027526463
Ridge,Train,0.1647522604652088,0.6414139952838408
Ridge,Train,-0.110008534838633,-0.11940476292205748
Ridge,Train,-0.51427857351842,0.06110103846173787
Ridge,Train,0.4126109061603624,0.6121470831354147
Ridge,Train,-0.1760912590556817,-0.11780718725630701
Ridge,Train,0.2807537335508451,-0.26810864338614226
Ridge,Train,2.388059618193226,0.3432820102299273
Ridge,Train,0.541283490742574,0.4345012905477662
Ridge,Train,-2.718967130186474,-0.8725419557936894
Ridge,Train,0.3432623561190514,0.31131567986420283
Ridge,Train,1.080536912751675,0.43634472117617584
Ridge,Train,0.5546959574620433,-0.019516027320195417
Ridge,Train,0.2962164173101657,0.11229560243202841
Ridge,Train,0.0,0.13107244522583994
Ridge,Train,0.08054025763564433,0.4158225614665455
Ridge,Train,0.2126080928814434,-0.0551551688302937
Ridge,Train,0.6779252076177129,0.8217608888262816
Ridge,Train,1.278753600952829,0.9898448512517638
Ridge,Train,-0.004364805402450088,-0.38895407407410876
Ridge,Train,0.6526722071108372,-0.17183806589083706
Ridge,Train,0.6982266185371769,0.35777564325025013
Ridge,Train,1.076276352144377,0.6542871875960902
Ridge,Train,-0.0893755951107988,-0.2004831676875528
Ridge,Train,-0.7907934207082596,0.5407041792513184
Ridge,Train,-1.278559880703671,-1.2708098789129827
Ridge,Train,-0.7718752999018175,-1.2573378256733578
Ridge,Train,0.5546959574620433,-0.019516027320195417
Ridge,Train,0.04614998447069624,-0.1421347464176198
Ridge,Train,0.4655717305742211,0.2969442376463697
Ridge,Train,1.201397124320452,0.8213940475226925
Ridge,Train,1.02938377768521,0.7198198774377508
Ridge,Train,0.380211241711606,0.07762552775782627
Ridge,Train,0.1166176813015091,0.3607139781214571
Ridge,Train,0.6335218433719506,0.1502364475984025
Ridge,Train,0.1872386198314787,0.13647835854344825
Ridge,Train,0.3468309859154933,0.37118394768400786
Ridge,Train,0.6052964725395565,0.5979442614688039
Ridge,Train,0.4034029043735392,0.7805978868644857
Ridge,Train,0.04260470370605519,0.3632176647695945
Ridge,Train,-2.634968218916374,-0.41083699576117494
Ridge,Train,-0.9651162790697718,-0.6519735975744442
Ridge,Train,-0.3135371308479524,-0.33845478491435876
Ridge,Train,-0.2525162145712102,-0.3555694542694803
Ridge,Train,0.6018447179733589,0.7504837575674909
Ridge,Train,-1.102338512076255,-0.20285982289500926
Ridge,Train,0.01703333929878037,-0.38974135816698596
Ridge,Train,0.1256895334971941,-0.10367399993025683
Ridge,Train,-0.8232758620689614,-0.19531775191488332
Ridge,Train,-0.08471373464762134,-0.26659945560052967
Ridge,Train,0.1883035851650658,-0.03908764853301128
Ridge,Train,-0.168693863576964,-0.4621912735028554
Ridge,Train,0.5118833609788743,-0.525564356854752
Ridge,Train,0.4471580313422192,0.20335789147581285
Ridge,Train,-2.144640275261264,-1.0038877008196585
Ridge,Train,0.5754147908402901,0.07420160991096869
Ridge,Train,-0.1563012307056405,0.41857049108154665
Ridge,Train,0.5185139398778874,0.9199243536984892
Ridge,Train,-0.2500000000000024,-0.14909129315624214
Ridge,Train,-0.9021734110319146,-0.20578435493699698
Ridge,Train,-0.1029641185647424,-0.10357755602089003
Ridge,Train,0.2424445151694238,0.061588916703342544
Ridge,Train,0.06787330316741842,0.13107244522583994
Ridge,Train,0.6901960800285137,0.6417560136504964
Ridge,Train,0.9612068965517243,0.12326809289376428
Ridge,Train,0.5862831858407086,-0.11503813938143137
Ridge,Train,0.146128035678238,0.13107244522583994
Ridge,Train,0.5805468137587243,0.47381904222666116
Ridge,Train,0.1639004149377578,-0.20699521875063465
Ridge,Train,0.436162647040756,0.1803504018095855
Ridge,Train,0.6627578316815741,0.41457194251127494
Ridge,Train,1.143014800254095,0.7259737232972893
Ridge,Train,0.8389261744966443,0.15501783755338383
Ridge,Train,0.2964118564742571,0.08004782172952263
Ridge,Train,0.001069865533045818,-0.43336692024682455
Ridge,Train,0.380211241711606,1.2568259611566317
Ridge,Train,0.8650442477876106,0.04665947162614159
Ridge,Train,-0.3091286307053941,-0.37288767285304214
Ridge,Train,-0.004364805402450088,-0.38895407407410876
Ridge,Train,0.5570638505655185,0.6603378099350233
Ridge,Train,0.03710686132560858,0.021576710685193623
Ridge,Train,-0.2218487496163564,0.2324579586883342
Ridge,Train,-0.00620308796527328,0.17909009589338754
Ridge,Train,-0.4396694214875904,0.1684455726822246
Ridge,Train,0.5814674032073606,0.3040843441909864
Ridge,Train,0.4040313015268496,1.1656902211222375
Ridge,Train,-1.114147993293855,-0.08119201872651394
Ridge,Train,-1.615697591672981,-0.5542220437720383
Ridge,Train,-0.01749782701560991,-0.1879668310492667
Ridge,Train,0.3483048630481607,0.3633224695193188
Ridge,Train,0.6299402678187999,0.46797405268398273
Ridge,Train,0.7618945674400744,-1.2794423007079896
Ridge,Train,0.290034611362518,0.07767033505313214
Ridge,Train,-0.02664130105864902,-0.3180077110027505
Ridge,Train,0.1765990639625574,0.08004782172952263
Ridge,Train,0.4741255587590221,0.9972394173931657
Ridge,Train,0.04532297878665748,-0.3921866914153608
Ridge,Train,-1.851851851851851,-0.4430788197339762
Ridge,Train,1.036353115842418,-0.13211426003600502
Ridge,Train,0.7388055682705498,0.07194092553841369
Ridge,Train,0.5742145178764892,0.13530062784117292
Ridge,Train,-0.055377791833341,-0.009138161965154379
Ridge,Train,1.608501118568232,1.3235036674677074
Ridge,Train,-0.4780893042575287,-0.0720686144196846
Ridge,Train,-0.3093052782018357,-0.1897841020572969
Ridge,Train,0.6002076843198328,0.2610957182012773
Ridge,Train,1.03342375548695,0.731093044808378
Ridge,Train,0.5587085705331657,0.20335789147581285
Ridge,Train,0.6558037511164472,-0.13827055745895478
Ridge,Train,1.094342640722355,0.8101991251618249
Ridge,Train,0.6137179964990436,0.7403252065079607
Ridge,Train,-0.1033429559749049,-0.06568571366904152
Ridge,Train,-1.163675884293248,-0.022081921015486228
Ridge,Train,-0.4416951356407078,-0.21326185513703522
Ridge,Train,0.2166847237269759,-0.03315017588789848
Ridge,Train,-1.397940008672037,-1.0590043468992305
Ridge,Train,-0.8340240248307097,-0.6641870610952404
Ridge,Train,0.9711055276381912,0.46056441877710974
Ridge,Train,0.06037703633173826,0.5678252456371663
Ridge,Train,0.7239819004524883,0.636424856413054
Ridge,Train,-0.9827586206896575,-0.8070385922451117
Ridge,Train,0.1639004149377578,-0.20699521875063465
Ridge,Train,0.6283889300503115,0.22920526656605966
Ridge,Train,0.07879884639939841,0.2660504868186948
Ridge,Train,1.146941207143456,1.1471007326199678
Ridge,Train,0.3074960379132129,0.22920526656605966
Ridge,Train,0.7189234367587567,0.7366117923183243
Ridge,Train,0.3801976569746794,-0.10406228235866999
Ridge,Train,-0.3061000384340861,-0.5645299036992354
Ridge,Train,-1.221064605101569,-0.7642221371269803
Ridge,Train,0.8426092396105621,0.6557179135567176
Ridge,Train,0.4638929889859073,0.5123499643382935
Ridge,Train,-0.05698339270242879,-0.06165613178087115
Ridge,Train,-0.7458094490628238,-0.07611750451073107
Ridge,Train,0.5383765017273076,0.18582198732361188
Ridge,Train,0.3304137733491909,0.13413478175578675
Ridge,Train,1.382743362831857,0.21270311336992453
Ridge,Train,0.6373245098685487,0.4680188599792886
Ridge,Train,0.3318965517241376,-0.4910731641739249
Ridge,Train,-1.300144134463074,-0.4196177329847365
Ridge,Train,0.000184675759379702,-0.46373621019042444
Ridge,Train,-0.2365720064370627,0.07442753095832516
Ridge,Train,0.6532125137753437,0.25004112575243065
Ridge,Train,0.3029055729718366,0.30484671397461083
Ridge,Train,-0.2218487496163564,0.13107244522583994
Ridge,Train,0.9495487209058864,0.6658138498864153
Ridge,Train,0.2600216684723708,0.2873598924466866
Ridge,Train,-0.01635820640686767,-0.12418277167630876
Ridge,Train,-0.2881198278471295,-1.2316759766891048
Ridge,Train,0.8142475957319202,0.5626422410793067
Ridge,Train,1.050866019970613,0.4858363838670189
Ridge,Train,0.5118833609788743,-0.525564356854752
Ridge,Train,-0.3720391624218937,-0.2600222928585372
Ridge,Train,0.5265032835812309,0.5236407717360699
Ridge,Train,-0.0767550702028087,-0.10357755602089003
Ridge,Train,0.6211762817750351,0.5830227462403462
Ridge,Train,-2.777665566310111,-0.8573813834580729
Ridge,Train,0.3502480183341629,0.07767033505313214
Ridge,Train,0.9365132613368845,0.6417578739000399
Ridge,Train,0.5049560752439612,0.3992618092167436
Ridge,Train,-0.5742492738010503,-0.6717094637473605
Ridge,Train,0.07980012213427638,0.1311172525211458
Ridge,Train,-1.629310344827578,-0.859819307644384
Ridge,Train,0.1888069379391503,0.13647835854344825
Ridge,Train,0.6365584913426995,0.9513687389588662
Ridge,Train,0.04550379198266516,-0.11737557775243423
Ridge,Train,-1.972093023255811,-0.9158361859093244
Ridge,Train,-1.278559880703671,-1.2708098789129827
Ridge,Train,0.6421052631578948,-0.08283095712902455
Ridge,Train,-2.522878745280337,-0.2754950971950202
Ridge,Train,-0.3113613671456985,-0.3377265643199454
Ridge,Train,-0.129219291822582,-0.17363463414365554
Ridge,Train,-1.516444298028881,-0.9364426221939023
Ridge,Train,-0.9651162790697718,-0.6519735975744442
Ridge,Train,-0.1135092748275181,-0.37970465026150924
Ridge,Train,0.3549473425726017,0.677893708381813
Ridge,Train,0.8636528625639327,0.6115616413540524
Ridge,Train,-0.9145720716388055,-0.7756340270841527
Ridge,Train,-0.8086184995011162,-0.07179034368041615
Ridge,Train,-1.351639989019068,0.624471896320171
Ridge,Train,0.4065401804339551,0.33709382680288547
Ridge,Train,0.2647773159802437,-1.1733848313682644
Ridge,Train,0.7194451609763224,0.16292911352921224
Ridge,Train,0.7114680014156944,0.4732975177036821
Ridge,Train,0.08563466276372743,-0.12825393872501845
Ridge,Train,-0.985231158620319,-0.72755468636898
Ridge,Train,0.3747483460101039,0.07767033505313214
Ridge,Train,-0.08471373464762134,-0.26659945560052967
Ridge,Train,0.3222192947339193,0.31854651315422233
Ridge,Train,-1.785155875122728,-1.2779249390265983
Ridge,Train,0.1208778733641796,-0.09789176328538052
Ridge,Train,0.290034611362518,0.07767033505313214
Ridge,Train,-0.2372093023255822,-0.12950747156248588
Ridge,Train,-1.568636235841013,-0.9906888223137019
Ridge,Train,0.5250677226597732,0.44095637613167915
Ridge,Train,1.305958561063182,0.562130722593361
Ridge,Train,-0.1321607680099658,-0.2561622042144759
Ridge,Train,-0.3841226480657678,-0.0373335512079257
Ridge,Train,-2.144640275261264,-1.0038877008196585
Ridge,Train,-0.168693863576964,-0.4621912735028554
Ridge,Train,0.3926969532596657,0.13413478175578675
Ridge,Train,0.082934622503059,0.6413794130133238
Ridge,Train,-0.3954987090480164,0.38634717744772773
Ridge,Train,-2.698970004336019,-0.5631106168792056
Ridge,Train,0.7386467155148417,0.6521599671091985
Ridge,Train,0.5344053974388362,0.4592876336253263
Ridge,Train,1.133825549864817,0.6529880510889269
Ridge,Train,-0.9827586206896575,-0.8070385922451117
Ridge,Train,0.4070585517469932,0.6415778192190792
Ridge,Train,-0.3188767550702024,-0.10357755602089003
Ridge,Train,0.03204710545330516,-0.20042324891469454
Ridge,Train,0.4313637641589874,0.230241827864338
Ridge,Train,0.1206896551724121,-0.5968248037937204
Ridge,Train,-1.014876033057834,0.12538398837255094
Ridge,Train,1.02530586526477,0.731093044808378
Ridge,Train,0.4603305929511411,0.15051852712813585
Ridge,Train,-0.7884826218653814,-0.08879714595412536
Ridge,Train,0.6387979239767979,0.6369187621296245
Ridge,Train,0.1967213902982204,-0.2525441731768594
Ridge,Train,-1.572614107883811,-0.884661919912704
Ridge,Train,-0.225488800760079,-0.5583424850070534
Ridge,Train,-0.528820300569675,-0.437322071057371
Ridge,Train,-0.02672178766989199,-0.3105855501466911
Ridge,Train,0.3029055729718366,0.30484671397461083
Ridge,Train,-2.323341080224196,0.3177709516680749
Ridge,Train,0.2485127322208998,0.012655746339757523
Ridge,Train,0.06666840180628056,0.13107244522583994
Ridge,Train,0.08040478333155002,-0.23171784665430428
Ridge,Train,0.449180152337384,0.2149228429805924
Ridge,Train,0.5387931034482746,-0.38520007666826017
Ridge,Train,0.8234019501625136,0.6242614999048294
Ridge,Train,-0.05787918913275993,-0.10152764781269774
Ridge,Train,0.9436090225563907,0.13847922391881873
Ridge,Train,-0.3154362416107405,-0.5355844589821236
Ridge,Train,0.06392869562034259,0.3156185751730566
Ridge,Train,0.7375901662857216,-0.04091312531908431
Ridge,Train,0.6052964725395565,0.5979442614688039
Ridge,Train,0.4349897524434111,0.16618148134217237
Ridge,Train,0.6988119920145542,0.5988887297636948
Ridge,Train,-0.03621217265444471,-0.37970465026150924
Ridge,Train,0.6532125137753437,0.7553935369396448
Ridge,Train,-2.090225563909775,-0.2949265609463573
Ridge,Train,1.001698847035765,0.05677831140614675
Ridge,Train,-0.162941534687887,0.06280857740203871
Ridge,Train,-0.3113613671456985,-0.3377265643199454
Ridge,Train,0.6106601630898799,0.5830227462403462
Ridge,Train,-0.3189655172413801,-0.7008225930616986
Ridge,Train,0.6211762817750351,0.5830227462403462
Ridge,Train,1.133825549864817,0.6529880510889269
Ridge,Train,-1.290730039024169,-0.4835534292970053
Ridge,Train,-0.3665158371040725,-0.03737835850323157
Ridge,Train,0.8122446968003693,-0.525564356854752
Ridge,Train,0.729439713313603,0.6102934082942225
Ridge,Train,-2.270100502512563,-0.4104882903822119
Ridge,Train,0.8061799739838872,1.4347971458131148
Ridge,Train,-1.364902075136013,-1.3386937237464078
Ridge,Train,0.3997834418988355,0.5227235947817547
Ridge,Train,1.344392273685111,0.8213940475226925
Ridge,Train,0.7795964912578245,0.5978193822753611
Ridge,Train,0.7160033436347992,0.6417769536429553
Ridge,Train,-0.3279021420642826,-1.0054243972510393
Ridge,Train,0.7744360902255635,0.88044668765529
Ridge,Train,0.4432770075955701,-0.16546717200586913
Ridge,Train,-0.00877392430750515,-0.39079164116895504
Ridge,Train,-0.3154362416107405,-0.5355844589821236
Ridge,Train,-0.02672178766989199,-0.3105855501466911
Ridge,Train,0.6306396086247502,1.8012430416587168
Ridge,Train,0.9572567783094088,0.8154747082841681
Ridge,Train,0.07358456455093211,0.030210562103375027
Ridge,Train,0.5279857113140554,0.32343620247688054
Ridge,Train,0.8248316567500222,-0.043703366249399855
Ridge,Train,0.6724323295111406,0.7750427887472965
Ridge,Train,0.146128035678238,0.7378103698755484
Ridge,Train,0.06392869562034259,0.3156185751730566
Ridge,Train,-0.2383566602316601,-0.045308033459804053
Ridge,Train,0.6149590534401633,0.2260453135412931
Ridge,Train,0.3463529744506387,0.20335789147581285
Ridge,Train,0.0243369734789374,-0.10357755602089003
Ridge,Train,-0.7152802629955829,0.07892095400840282
Ridge,Train,0.9425041061680807,0.687769069747827
Ridge,Train,0.4471580313422192,0.2995232489549112
Ridge,Train,0.210118641008524,-0.043703366249399855
Ridge,Train,-2.323341080224196,0.3177709516680749
Ridge,Train,-1.199748743718593,-0.34443889869084676
Ridge,Train,-1.441695135640719,-0.014118320444379218
Ridge,Train,1.093599819380088,0.3214785353699351
Ridge,Train,0.9091346748392991,0.6739649939049205
Ridge,Train,0.6754239863370415,0.08562809256881387
Ridge,Train,-0.9126967386229311,-0.6459713188150288
Ridge,Train,0.4070585517469932,0.4215100099689414
Ridge,Train,0.5014171282441098,0.47402615150274163
Ridge,Train,0.6720978579357175,0.7331763833750217
Ridge,Train,0.8577031944274324,0.8112906178280707
Ridge,Train,0.7107438016529042,0.4208034062567837
Ridge,Train,0.8723520098382468,0.731093044808378
Ridge,Train,0.5734581149493531,1.0343408668436576
Ridge,Train,0.7971694225490045,0.1489347764088761
Ridge,Train,-1.221064605101569,-0.7642221371269803
Ridge,Train,0.2600713879850748,0.19377383133410364
Ridge,Train,0.7302275189599128,0.4722022352993157
Ridge,Train,0.6373245098685487,0.4680188599792886
Ridge,Train,1.394451680826216,0.8213940475226925
Ridge,Train,0.9163342758539162,0.7610610147491707
Ridge,Train,0.02214307063863684,-0.2113035042424274
Ridge,Train,0.5496719218682735,0.3913444115712986
Ridge,Train,-0.7933871979013215,-0.1584078456513558
Ridge,Train,-0.07051482059282402,0.22148264328488487
Ridge,Train,-1.517084431448743,-0.8799238270777133
Ridge,Train,0.2477360902479951,0.32776344549298864
Ridge,Train,1.031407035175877,0.4217137634522202
Ridge,Train,-1.863570317441311,-0.8427868932558774
Ridge,Train,1.080536912751675,0.43634472117617584
Ridge,Train,0.3534526924483971,0.05783533093479576
Ridge,Train,-1.112831858407081,-0.4346893569878145
Ridge,Train,0.249877473216598,0.27524547567727164
Ridge,Train,-0.1763846362985451,-0.3156017870059532
Ridge,Train,0.4653828514484183,0.38116963951090554
Ridge,Train,0.3971129200300176,0.15498539874780903
Ridge,Train,0.648364110491845,0.5830227462403462
Ridge,Train,1.174641192660449,0.2084570345116732
Ridge,Train,0.5587284924162972,0.4918870062059518
Ridge,Train,-0.2770149382233361,0.18670772951444137
Ridge,Train,0.1789541471922132,0.7527241689246885
Ridge,Train,-0.8196731304698925,-0.4792032524833828
Ridge,Train,-0.6073030467403343,-0.39336051405588346
Ridge,Train,1.142241379310341,0.21330384028258453
Ridge,Train,-1.214824120603015,-0.20480446439646116
Ridge,Test,0.3324384599156053,0.1803504018095855
Ridge,Test,3.164179103238849,0.5117328139589987
Ridge,Test,0.5014171282441098,0.47402615150274163
Ridge,Test,-0.3061000384340861,-0.5645299036992354
Ridge,Test,0.5209109372834104,0.3997101848601815
Ridge,Test,0.2184674937789584,0.15931264176391713
Ridge,Test,-0.6189591078066927,-0.2592760797003165
Ridge,Test,-0.08633414873527591,0.13581919295769374
Ridge,Test,1.094342640722355,0.8101991251618249
Ridge,Test,0.9931205342354806,0.6417483214327536
Ridge,Test,-0.8313241449568525,-1.334354783703931
Ridge,Test,-0.5408689174769996,-0.2790530140651276
Ridge,Test,0.0649854939798157,-1.206220142611249
Ridge,Test,-0.9633176592446268,-0.4392383633722715
Ridge,Test,-0.8239087409443188,-0.27843500416918177
Ridge,Test,-0.2992233682875201,-0.3643486979165317
Ridge,Test,0.4271453189369645,0.18751834516576837
Ridge,Test,0.4415191304571257,1.3050995111561066
Ridge,Test,0.8292314636701624,0.6417164500036027
Ridge,Test,0.290034611362518,0.07767033505313214
Ridge,Test,-0.6595299383442075,-0.5593975667816332
Ridge,Test,1.283198266190026,0.9898896585470697
Ridge,Test,0.4275633669545613,0.17564392675648832
Ridge,Test,-1.071860922666721,-0.4117342459071268
Ridge,Test,0.07018822533816348,0.0263160573114517
Ridge,Test,-0.03068512285530053,0.5485541257849579
Ridge,Test,0.3344537511509309,0.07767033505313214
Ridge,Test,0.04614998447069624,-0.1421347464176198
Ridge,Test,-0.2924298239020636,-0.37970465026150924
Ridge,Test,0.414973347970818,-0.06685421826999505
Ridge,Test,0.6548599518166115,0.48907787881200626
Ridge,Test,0.761745810919945,0.44990754133779365
Ridge,Test,0.6315789473684207,-0.029159646936278594
Ridge,Test,1.01169221234297,0.7080855551421507
Ridge,Test,-1.452991452991453,-0.4299733472038544
Ridge,Test,-0.7611389642143674,-0.7205678064033961
Ridge,Test,0.1145400335558539,-0.19353959252715958
Ridge,Test,1.253437245309724,1.1583404622761413
Ridge,Test,-0.5938066216438812,-0.7009328465144394
Ridge,Test,-1.719591275179851,-0.8102041144187241
Ridge,Test,0.3031960574204888,0.07767033505313214
Ridge,Test,-0.1767241379310328,-0.2636357055093844
Ridge,Test,-3.084170854271357,-0.35733683562393903
Ridge,Test,0.5881912753291252,0.3118128186600547
Ridge,Test,0.8292314636701619,0.5601407944922133
Ridge,Test,0.568201724066995,0.24607633148689756
Ridge,Test,0.3119932648840557,-0.19962276362106912
Ridge,Test,0.3426900584795311,0.1093113172182737
Ridge,Test,-1.05000038465533,-0.510800816996403
Ridge,Test,0.6242820958356683,0.5830227462403462
Ridge,Test,-0.3841226480657678,-0.0373335512079257
Ridge,Test,-0.7628438624246476,0.3329315240036913
Ridge,Test,-1.517084431448743,-0.8799238270777133
Ridge,Test,0.7294593264839196,0.23837796863491112
Ridge,Test,0.8965262174895553,-0.525564356854752
Ridge,Test,-1.448275862068967,-0.6375201661511049
Ridge,Test,0.6052964725395565,0.6314852602288329
Ridge,Test,0.6020599913279624,0.09857943504492672
Ridge,Test,-0.3841226480657678,-0.0373335512079257
Ridge,Test,0.4248088801709484,0.1379778509167685
Ridge,Test,-0.01106194690265572,-0.28216070852309905
Ridge,Test,0.7618945674400744,-1.2794423007079896
Ridge,Test,0.03779758291381349,1.1134699124344585
Ridge,Test,-0.07719576496805934,0.5358134202941586
Ridge,Test,-1.105822721176797,-0.3809301443186256
Ridge,Test,-0.2500000000000024,-0.14909129315624214
Ridge,Test,-0.3824561403508766,-0.43386178324747005
Ridge,Test,2.086283185840707,0.5327208967703024
Ridge,Test,0.3982725127375335,0.34942058113061913
Ridge,Test,0.5587085705331657,0.20335789147581285
Ridge,Test,0.3596766725050837,1.3506088751426057
Ridge,Test,0.3010299956639812,0.07762552775782627
Ridge,Test,-0.163262387944784,0.17004281998595128
Ridge,Test,-0.1364894692937454,-1.3224588739831238
Ridge,Test,0.4754464211067237,0.16996008006701346
Ridge,Test,-0.1364894692937454,-1.3224588739831238
Ridge,Test,0.5185139398778874,0.6881196125844732
Ridge,Test,0.5433383280405261,0.2931982412087428
Ridge,Test,0.05803546917037159,-0.3828197554615209
Ridge,Test,-0.744727494896694,-0.9401091038122461
Ridge,Test,-0.5631007681788924,0.38007362388000254
Ridge,Test,1.133825549864817,0.6529880510889269
Ridge,Test,0.4776604850213967,0.3542727910526834
Ridge,Test,-0.09691001300805639,0.13107244522583994
Ridge,Test,1.50559284116331,1.0183479942380433
Ridge,Test,1.076276352144377,0.6542871875960902
Ridge,Test,0.436162647040756,0.07767489544007666
Ridge,Test,-0.1986570869544228,0.13748740291178485
Ridge,Test,0.3463529744506387,0.07767033505313214
Ridge,Test,-0.02059282371294896,0.08004782172952263
Ridge,Test,0.583638190231899,-0.08436960105508307
Ridge,Test,0.5484338463910386,0.5505477189642537
Ridge,Test,0.7971694225490045,0.1489347764088761
Ridge,Test,-0.9285714285714313,-0.32117231576589467
Ridge,Test,-1.599246231155778,-0.37732672825849944
Ridge,Test,0.6354837468149122,0.5657687239430883
Ridge,Test,0.7932016100908708,0.6428398140989992
Ridge,Test,0.5670263661590603,0.24612113878220343
Ridge,Test,0.4393326938302626,0.06177583051338997
Ridge,Test,0.4158977539238713,0.4732975177036821
Ridge,Test,-0.4090614296906621,-0.6119667524074613
Ridge,Test,0.5014171282441111,0.602381079849989
Ridge,Test,-0.5144205230153214,0.6392787219679563
Ridge,Test,-0.001233048413828201,0.5144202657644689
Ridge,Test,1.107438016528938,0.5813858729436704
Ridge,Test,0.6211762817750351,0.5830227462403462
Ridge,Test,0.1003705451175629,-0.37970465026150924
Ridge,Test,-0.5829875518672214,-0.5378433708357672
Ridge,Test,0.05690485133647256,-0.3932394139256298
Ridge,Test,0.2182287808022119,0.3066594527821561
Ridge,Test,-1.97095435684647,-0.9716525401631854
Ridge,Test,0.6621085853152393,0.568160988589253
Ridge,Test,-0.624161073825504,-0.7108132193107287
Ridge,Test,1.094342640722355,0.8101991251618249
Ridge,Test,-1.337242168318426,-0.47939056742585706
Ridge,Test,-0.4168875174404437,-1.3298550502325601
Ridge,Test,0.3521825181113625,0.4954631283188434
Ridge,Test,-0.7907934207082596,0.5407041792513184
Ridge,Test,0.6031443726201823,0.5830227462403462
Ridge,Test,-2.300251256281407,-0.32474514256924203
Ridge,Test,0.6096866096866093,-0.11124758146807845
Ridge,Test,0.3222192947339193,0.13107244522583994
Ridge,Test,1.103190095954383,0.4225772661682131
Ridge,Test,-0.2881198278471295,-1.2316759766891048
Ridge,Test,0.4703209205104826,0.12474743747967154
Ridge,Test,0.5796458917139012,0.23625661721015856
Ridge,Test,0.5443965170527658,0.22034760789005292
Ridge,Test,1.027249205777354,0.9671566998202529
Ridge,Test,0.06037703633173449,0.3273136244828049
Ridge,Test,0.6107382550335557,0.38123188243884265
Ridge,Test,0.3778487999011506,0.44369627940634315
Ridge,Test,0.5380082475606797,0.37709847246219586
Ridge,Test,-0.6989700043360187,-0.5373248563728373
Ridge,Test,0.6197183098591552,0.45581069617575787
Ridge,Test,-1.196026900731575,-1.3376950024149572
Ridge,Test,-0.624161073825504,-0.7108132193107287
Ridge,Test,0.9163342758539162,0.7610610147491707
Ridge,Test,0.0992694619521627,0.22182287596515082
Ridge,Test,0.2550304776875136,0.3891013911330584
Ridge,Test,0.7023705927993015,1.1471007326199678
Ridge,Test,0.07018822533816348,0.0263160573114517
Ridge,Test,0.3480198017392754,0.30484671397461083
Ridge,Test,-2.301029995663981,-1.0094418046905687
Ridge,Test,1.39496674100774,-0.017340649894614923
Ridge,Test,1.142241379310341,0.21330384028258453
Ridge,Test,-0.4101744650890502,-0.36673660562212695
Ridge,Test,0.5805468137587243,0.47381904222666116
Ridge,Test,0.359835482339888,0.13413478175578675
Ridge,Test,1.070422535211266,0.8765363588712222
Ridge,Test,-1.407996505383249,-0.44193796983124944
Ridge,Test,0.9296083526018456,0.7080855551421507
Ridge,Test,0.6434526764861874,1.5972305373905558
Ridge,Test,1.142241379310341,0.21330384028258453
Ridge,Test,-1.535796071516882,-0.42831081569888985
Ridge,Test,0.724275869600789,0.22782397218780748
Ridge,Test,-0.5742492738010503,-0.6717094637473605
Ridge,Test,-1.105822721176797,-0.4302651712878328
Ridge,Test,0.6532125137753437,0.55832709475
Ridge,Test,0.5775344108563207,0.23869821018586357
Ridge,Test,0.8389261744966443,0.15501783755338383
Ridge,Test,1.050866019970613,0.4858363838670189
Ridge,Test,-2.221848749616356,-0.5477815937398601
Ridge,Test,-0.326729107509616,-0.2031408500510331
Ridge,Test,0.5763413502057929,0.5830227462403462
Ridge,Test,0.4913616938342727,0.6415876389867751
Ridge,Test,-0.4266006465360775,-0.36771275303462303
Ridge,Test,0.7717853376544959,-0.5722066294572093
Ridge,Test,0.9049868953301389,1.040885068644545
Ridge,Test,0.3586960995738104,0.2285895099589733
Ridge,Test,0.000184675759379702,-0.46373621019042444
Ridge,Test,0.9041684928630465,0.979741421557142
Ridge,Test,0.7957746478873244,0.5396347514130794
Ridge,Test,0.249877473216598,0.0815850923796565
Ridge,Test,0.2003166498975227,-0.04360870833835473
Ridge,Test,-0.09151498112135022,-0.3990624257382879
Ridge,Test,-0.6344221105527648,-0.2582513818644748
Ridge,Test,0.6532125137753437,0.6417139198849943
Ridge,Test,0.7784019021736095,-0.11167249232292453
Ridge,Test,0.3344537511509309,0.07767033505313214
Ridge,Test,-0.3967891925154016,-0.4025873211271842
Ridge,Test,0.8970760233918128,0.1497471023055218
Ridge,Test,-0.2399638415280812,0.24737175773747422
Ridge,Test,-1.39907759602161,-0.7905665845680984
Ridge,Test,0.5546959574620433,-0.019516027320195417
Ridge,Test,0.03061224489796073,-0.2785650828814379
Ridge,Test,0.3344537511509309,0.07767033505313214
Ridge,Test,-0.5685840707964614,-0.3650720256677442
Ridge,Test,0.0380313199105153,-0.26623715910150636
Ridge,Test,0.5185139398778874,0.9199243536984892
Ridge,Test,-0.1053444761515942,-0.4751721649170976
Ridge,Test,-0.275724130399211,-0.27843500416918177
Ridge,Test,1.133538908370217,0.8213940475226925
Ridge,Test,-1.613074447739991,-0.900571097838749
Ridge,Test,0.568201724066995,0.07762552775782627
Ridge,Test,0.5368701749797076,-0.2288055466879454
Ridge,Test,-0.9145720716388055,-0.7756340270841527
Ridge,Test,0.7150879065106778,0.636424856413054
Ridge,Test,-1.972093023255811,-0.9158361859093244
Ridge,Test,-0.4165682858734546,-0.4836201186889869
Ridge,Test,-0.2857142857142859,-0.27184436155749947
Ridge,Test,0.000184675759379702,-0.46373621019042444
Ridge,Test,-0.8232758620689672,-0.512958392208151
Ridge,Test,0.1641903726520483,1.123754940328808
Ridge,Test,0.5551647741760672,0.46164904493781445
Ridge,Test,-1.20966708761141,-0.7389285988152282
Ridge,Test,0.0649854939798157,-1.206220142611249
Ridge,Test,0.5250677226597745,0.6415972655852421
Ridge,Test,0.07918124604762482,0.30770296490394544
Ridge,Test,-0.428990367220233,-0.3899033364030643
Ridge,Test,1.012034255098913,0.3013886802738982
Ridge,Test,0.7923916894982539,0.14888996911357022
Ridge,Test,0.8441444706166565,2.1047734564157192
Ridge,Test,-0.03068512285530053,0.2452719646366347
Ridge,Test,-0.1308971686110271,0.2760076455947599
Ridge,Test,0.422413793103446,-0.05802591773501575
Ridge,Test,-1.117647058823529,-0.20582916223230285
Ridge,Test,0.6850556999575159,0.729622069204012
Ridge,Test,0.7114680014156944,0.4732975177036821
Ridge,Test,0.7189234367587567,0.7366117923183243
Ridge,Test,0.07554696139253074,-0.09078046867593936
Ridge,Test,-0.5829875518672214,-0.5378433708357672
Ridge,Test,-0.1962946451439691,-0.11618385263538378
Ridge,Test,0.4691793022254807,0.6081175012472443
Ridge,Test,0.9259716473223176,0.7028338056568176
Ridge,Test,0.1760912590556812,0.13112181290809033
Ridge,Test,-0.03205202065153314,-0.09274863410083711
Ridge,Test,-0.01916049952100591,-0.26550899908069847
Ridge,Test,-0.03205202065153314,-0.09274863410083711
Ridge,Test,0.6231704616375756,0.3439474785930646
Ridge,Test,0.5185139398778874,0.6416297329514206
Ridge,Test,-0.1087719298245615,-0.05168653255805855
Ridge,Test,0.6071342742642603,0.22772248057916689
Ridge,Test,0.403033586132178,0.39419193520907203
Ridge,Test,1.200118221872587,-0.043703366249399855
Ridge,Test,0.4559035956430633,0.2995232489549112
Ridge,Test,0.2533637564272291,0.6072210601736646
Ridge,Test,0.2845428661815921,0.1239217634989439
Ridge,Test,0.284243604897899,-0.05384627172203171
Ridge,Test,0.1485380116959049,0.14338020412778885
Ridge,Test,-0.9021734110319146,-0.20578435493699698
Ridge,Test,0.3726162606770048,-0.015053656211309607
Ridge,Test,-0.5686362358410126,-0.27843500416918177
Ridge,Test,0.2304489213782739,0.6415032379739015
Ridge,Test,1.266940635346726,1.3267912660052126
Ridge,Test,-0.1425476623911539,0.8331158566802027
Ridge,Test,0.8197624407474513,0.3728700683782443
Ridge,Test,0.7505083948513462,-0.525564356854752
Ridge,Test,1.266940635346726,1.3267912660052126
Ridge,Test,0.5391498881431767,-0.015588759118903783
Ridge,Test,0.6627578316815741,0.41457194251127494
Ridge,Test,0.4456042032735976,0.31405892789604095
Ridge,Test,-2.323341080224196,-0.3547331267410474
Ridge,Test,-0.6666723925349947,-0.7207032068697715
Ridge,Test,0.8441444706166565,2.1047734564157192
Ridge,Test,0.6803355134145632,0.20335789147581285
Ridge,Test,0.6157487820036969,0.8101991251618249
Ridge,Test,0.5563025007672873,1.2195564083974366
Ridge,Test,1.653277152283784,1.1421658129341883
Ridge,Test,0.5797835966168101,0.751473549969418
Ridge,Test,0.648364110491845,0.5830227462403462
Ridge,Test,0.8897968700686152,0.6203135070761095
Ridge,Test,-2.634968218916374,-0.41083699576117494
Ridge,Test,-0.1308971686110271,0.2760076455947599
Ridge,Test,0.3502480183341629,0.07767033505313214
Ridge,Test,-0.1568423903044668,0.531009580378535
Ridge,Test,0.4232458739368078,0.40701701460115236
Ridge,Test,0.3502480183341629,0.07767033505313214
Ridge,Test,0.8122446968003693,-0.525564356854752
Ridge,Test,0.9270401707559837,0.8724342649154734
ElasticNet,Train,0.4683473304121573,-0.43452880343287303
ElasticNet,Train,0.146128035678238,0.07786970200688659
ElasticNet,Train,0.3617278360175928,0.639512077437975
ElasticNet,Train,0.05690485133647256,-0.39198974921175733
ElasticNet,Train,0.3483048630481607,0.3663018986986757
ElasticNet,Train,0.01703333929878037,-0.38851762974226844
ElasticNet,Train,0.3463529744506387,0.07791417707908121
ElasticNet,Train,-0.492397660818713,-0.06870783273168324
ElasticNet,Train,-0.3135371308479524,-0.33606738844426864
ElasticNet,Train,1.002759171414269,0.7059403021818178
ElasticNet,Train,-0.9021734110319146,-0.20494321550871253
ElasticNet,Train,-0.9653698872018781,-0.4847102664063574
ElasticNet,Train,-0.07265302803383195,-0.36035391430913144
ElasticNet,Train,-0.05698339270242879,-0.060144415864772816
ElasticNet,Train,-0.4930892744484819,-0.014356983695209546
ElasticNet,Train,-2.000011146780801,-0.6151848048894293
ElasticNet,Train,0.3014609394254348,0.4373822060617041
ElasticNet,Train,-0.220163883572486,-0.2324948254599759
ElasticNet,Train,-0.4135338345864666,-0.2882439340769398
ElasticNet,Train,-0.01503759398496262,-0.23655574232752485
ElasticNet,Train,-0.7827067862373733,-0.3756673791805506
ElasticNet,Train,0.2889866653481595,0.44007968373037465
ElasticNet,Train,-0.1568423903044674,0.17262181082662653
ElasticNet,Train,0.07918124604762482,0.308144768315735
ElasticNet,Train,0.009925308530127852,-0.12294453033945407
ElasticNet,Train,0.6244897959183671,-0.09806607917907817
ElasticNet,Train,1.04442036836403,0.7288198099892857
ElasticNet,Train,-0.1611509092627447,-0.7402142950123585
ElasticNet,Train,0.9365132613368841,0.5998276603764818
ElasticNet,Train,0.3283796034387377,0.07791417707908121
ElasticNet,Train,0.729439713313603,0.6097616832712878
ElasticNet,Train,0.5484338463910386,0.5503550637442727
ElasticNet,Train,0.6387979239767979,0.6189481363306681
ElasticNet,Train,0.8274660015984828,-0.12236702836513691
ElasticNet,Train,0.3029055729718366,0.303426095276184
ElasticNet,Train,0.4415191304571257,1.3035309021159949
ElasticNet,Train,0.07980012213427638,0.13134403908646264
ElasticNet,Train,-1.567441860465111,-0.8239216559106854
ElasticNet,Train,0.3283796034387377,0.07791417707908121
ElasticNet,Train,0.8197624407474513,0.37231357393555675
ElasticNet,Train,0.04561403508771715,0.021895312553682378
ElasticNet,Train,0.6211762817750351,0.5823450589718442
ElasticNet,Train,0.8805963907349271,0.08743642461564166
ElasticNet,Train,0.18155415475718,0.48888822611823723
ElasticNet,Train,0.5439699507256512,0.426854605213592
ElasticNet,Train,-0.02664840017615605,-0.21608970665680427
ElasticNet,Train,-0.9510050251256278,-0.3069413775649248
ElasticNet,Train,0.6380090497737567,0.4675868186094434
ElasticNet,Train,0.7096881214587651,0.5680445793643865
ElasticNet,Train,0.9931205342354806,0.6397133498713592
ElasticNet,Train,0.4070585517469932,0.42110799251784536
ElasticNet,Train,0.8965262174895553,-0.5236638206318898
ElasticNet,Train,0.4456042032735976,0.2927063839077142
ElasticNet,Train,-0.1568423903044674,0.17262181082662653
ElasticNet,Train,0.2627398291759235,-1.3063763261826058
ElasticNet,Train,-1.319015722105611,-0.5261233140111663
ElasticNet,Train,1.266940635346726,1.3219171669194671
ElasticNet,Train,-0.3646786304543028,-0.03684406328331957
ElasticNet,Train,0.3283796034387377,0.07791417707908121
ElasticNet,Train,0.9386591389737827,0.6444985407773443
ElasticNet,Train,0.07554696139253074,-0.09022945021850637
ElasticNet,Train,0.7075701760979364,0.3360589197313929
ElasticNet,Train,0.981279216850904,0.8858616896684579
ElasticNet,Train,0.2183393686410296,0.7787961598531827
ElasticNet,Train,0.3747483460101039,0.07791417707908121
ElasticNet,Train,1.205965557619709,0.8174862850267042
ElasticNet,Train,0.6242823997773247,0.8166514767739816
ElasticNet,Train,-1.448275862068967,-0.6352411656543706
ElasticNet,Train,-0.1767241379310328,-0.2623549531856244
ElasticNet,Train,0.8949079089924165,0.7909234993230623
ElasticNet,Train,0.02005766926485197,0.5541304626146772
ElasticNet,Train,0.0594209901149536,0.4851112782621858
ElasticNet,Train,1.01703333929878,0.5377966748842302
ElasticNet,Train,-0.4416951356407078,-0.21147368043260162
ElasticNet,Train,-0.2041199826559248,-0.3066757564663194
ElasticNet,Train,0.9453191100762133,0.8969629431194044
ElasticNet,Train,1.336639818641689,0.12444155333962903
ElasticNet,Train,0.7505083948513462,0.6222860520597517
ElasticNet,Train,0.3254607304414622,0.3056661989645597
ElasticNet,Train,0.1206896551724121,-0.5947990001778647
ElasticNet,Train,0.255030477687516,0.5807097540931334
ElasticNet,Train,0.5308775731310934,-0.07558469429232784
ElasticNet,Train,0.6812412373755872,0.40112257909666194
ElasticNet,Train,0.6211762817750351,0.5904730329189238
ElasticNet,Train,0.2430380486862944,0.23744166472738382
ElasticNet,Train,0.6812412373755872,0.14906755012204798
ElasticNet,Train,-2.634968218916374,-0.40970234208392287
ElasticNet,Train,0.7204210054216508,0.9041155878305063
ElasticNet,Train,0.6435536294691222,0.5167349923869753
ElasticNet,Train,-0.01749782701560991,-0.18717522940093256
ElasticNet,Train,0.9444679049496479,0.7037820806413053
ElasticNet,Train,-0.1220556745182012,0.008459089175640644
ElasticNet,Train,-1.508793969849246,-0.25351151555754337
ElasticNet,Train,1.053316562126286,1.2332501977145798
ElasticNet,Train,0.1319863281682527,-1.314921063740448
ElasticNet,Train,0.380211241711606,1.254919568162195
ElasticNet,Train,-0.14066513997672,-0.5820992820546234
ElasticNet,Train,0.5975482649800063,0.5067486954409164
ElasticNet,Train,0.3892141639057259,0.2761428387304026
ElasticNet,Train,0.6123933697586622,0.5762330734498986
ElasticNet,Train,1.03342375548695,0.5377966748842302
ElasticNet,Train,-0.1449235972700369,0.0808878896130143
ElasticNet,Train,-0.04488919723294831,0.4608043182660877
ElasticNet,Train,0.3020134228187899,-0.009489041404385778
ElasticNet,Train,0.0380313199105153,-0.26484614805054096
ElasticNet,Train,0.8650979287404373,0.7288193158218168
ElasticNet,Train,0.9956351945975499,0.9286530254599583
ElasticNet,Train,0.3020134228187899,-0.009489041404385778
ElasticNet,Train,-1.629310344827578,-0.8570913251187104
ElasticNet,Train,0.1437655938677714,-0.015542655774525738
ElasticNet,Train,1.179291901828044,0.22573567201065203
ElasticNet,Train,0.4653828514484183,0.38206385352762595
ElasticNet,Train,0.6587215601300098,0.3046462214449144
ElasticNet,Train,-0.2525154392181344,-0.3544295934214182
ElasticNet,Train,0.249877473216598,-0.11389038449600042
ElasticNet,Train,1.173186268412274,0.7059403021818178
ElasticNet,Train,-0.1220556745182012,0.008459089175640644
ElasticNet,Train,0.9886636158427594,-0.04179407715398953
ElasticNet,Train,0.1307061523494404,-0.031150497789252274
ElasticNet,Train,0.05335735049852605,-0.035226560757633196
ElasticNet,Train,1.053324533905294,1.1425009894490388
ElasticNet,Train,-0.051282051282051,-0.28131372827000833
ElasticNet,Train,0.9629629629629627,0.054704496521490786
ElasticNet,Train,-0.110008534838633,-0.11864151000535683
ElasticNet,Train,1.170774647887323,1.2103711840745808
ElasticNet,Train,-0.1858879153069338,-0.2589521617282031
ElasticNet,Train,0.7075701760979364,-0.10330830279610093
ElasticNet,Train,0.5670263661590603,0.2460578043766688
ElasticNet,Train,0.5910646070264992,0.5154850840498146
ElasticNet,Train,1.007042253521127,0.7059403021818178
ElasticNet,Train,-0.2500000000000024,-0.1505951847307172
ElasticNet,Train,0.5185139398778874,0.47405902513784937
ElasticNet,Train,1.411695906432748,0.8217988410157429
ElasticNet,Train,0.3031960574204888,0.07791417707908121
ElasticNet,Train,0.2017575408454702,0.15260097152306207
ElasticNet,Train,1.253437245309724,1.1537735396218796
ElasticNet,Train,-0.7718752999018175,-1.2536850563761461
ElasticNet,Train,0.2280938887519323,0.6644645888028611
ElasticNet,Train,0.4679182470163208,0.2994876663840502
ElasticNet,Train,-1.642975206611555,0.09935188317667987
ElasticNet,Train,-0.1251546956789149,0.10147602617179452
ElasticNet,Train,-1.563758389261749,-0.9801818084803866
ElasticNet,Train,-1.148741651280925,0.05052919628339836
ElasticNet,Train,-0.06251993703895245,-0.10828539061134057
ElasticNet,Train,-0.3071596757466341,-0.44347948134678095
ElasticNet,Train,0.526339277389844,0.22863085152853935
ElasticNet,Train,0.3813651137594792,0.3084607417453167
ElasticNet,Train,0.8039521828148732,0.5887384547792021
ElasticNet,Train,0.7762863534675611,0.6605294606218735
ElasticNet,Train,0.3979400086720376,-0.061525298451502786
ElasticNet,Train,-0.053666651000876,0.5552518857317408
ElasticNet,Train,0.8393863014886044,0.7288193158218168
ElasticNet,Train,0.9771853913912649,0.5356384533437177
ElasticNet,Train,-1.517084431448743,-0.8772658451097151
ElasticNet,Train,0.8035528064607984,0.481199030431529
ElasticNet,Train,-0.619788758288394,-0.25837307751609395
ElasticNet,Train,-2.05603448275861,-0.6978054380124961
ElasticNet,Train,0.2657130090914611,-0.06975410679427707
ElasticNet,Train,0.7958333900509484,0.6165473737682603
ElasticNet,Train,-1.234704354653622,0.4314792065347406
ElasticNet,Train,0.639911259500979,0.3192115049900228
ElasticNet,Train,-1.785155875122728,-1.2742172034217298
ElasticNet,Train,1.205965557619709,0.8174862850267042
ElasticNet,Train,1.180116959064325,0.7653316545854374
ElasticNet,Train,-0.5086383061657274,-0.42703290151669404
ElasticNet,Train,-2.705549293202082,-0.42483526854070575
ElasticNet,Train,0.2182287808022146,0.6394301128449251
ElasticNet,Train,0.4913616938342727,0.35517181526198516
ElasticNet,Train,1.310541310541309,0.5590344922378752
ElasticNet,Train,0.1647522604652088,0.2584987277272619
ElasticNet,Train,0.6127838567197355,0.6069078012072049
ElasticNet,Train,-1.965416298346072,-0.5098031622489434
ElasticNet,Train,-0.01503759398496262,0.03819363817784183
ElasticNet,Train,0.2046493264802312,-0.04179407715398953
ElasticNet,Train,0.2627398291759235,-1.3063763261826058
ElasticNet,Train,-1.23858934503561,-0.7504586519263814
ElasticNet,Train,-0.7628438624246476,0.3298697658637001
ElasticNet,Train,1.283198266190026,0.9856299123242918
ElasticNet,Train,0.1950162513542781,0.1804477377918
ElasticNet,Train,0.2163162610163941,0.32074459882064965
ElasticNet,Train,0.2557547866430442,0.08526317772592085
ElasticNet,Train,1.021189299069938,0.5377966748842302
ElasticNet,Train,0.889796870068615,0.6397414413152924
ElasticNet,Train,0.5387931034482746,-0.38373929786474004
ElasticNet,Train,0.4913616938342727,0.4326329662258839
ElasticNet,Train,-0.2688453122925803,-0.4162483500755927
ElasticNet,Train,1.463157894736841,1.2127587724596542
ElasticNet,Train,0.380211241711606,0.18626271714232467
ElasticNet,Train,0.2430380486862944,0.23744166472738382
ElasticNet,Train,-0.4353448275862056,-0.38704460287482756
ElasticNet,Train,-2.535140249212473,-0.4415704769773967
ElasticNet,Train,-0.619788758288394,-0.25837307751609395
ElasticNet,Train,-0.04261660721896531,-0.09399592548247804
ElasticNet,Train,0.8897968700686152,0.6184374636683798
ElasticNet,Train,0.8577031944274324,0.8100970808573227
ElasticNet,Train,-1.407996505383249,-0.44032078974362787
ElasticNet,Train,0.6031443726201823,0.5823450589718442
ElasticNet,Train,0.6106601630898799,0.5823450589718442
ElasticNet,Train,0.6989700043360189,0.8404898016241558
ElasticNet,Train,0.3747483460101039,0.07791417707908121
ElasticNet,Train,1.204119982655925,0.7059403021818178
ElasticNet,Train,-1.448275862068967,-0.6352411656543706
ElasticNet,Train,-0.5393360442731673,-0.12397366457309578
ElasticNet,Train,0.07675507020280567,0.22411452284913846
ElasticNet,Train,0.6023835319609966,0.09255893300525986
ElasticNet,Train,0.1641903726520483,1.122593703905334
ElasticNet,Train,1.093599819380088,0.32180957777594776
ElasticNet,Train,0.5888613512538016,0.802422921771595
ElasticNet,Train,-2.323341080224196,0.3147368394069172
ElasticNet,Train,-0.5072750233349814,-0.31743293701628117
ElasticNet,Train,0.04532297878665748,-0.3909448320989176
ElasticNet,Train,0.5647935551309269,0.9847951040715699
ElasticNet,Train,0.6803355134145632,0.20292582067010567
ElasticNet,Train,0.4623084667179462,-0.5681035907980052
ElasticNet,Train,0.3463529744506387,0.07791417707908121
ElasticNet,Train,-0.8301121378671653,-0.38676782230849716
ElasticNet,Train,-0.9937759336099588,-0.7115100214350945
ElasticNet,Train,0.5185139398778874,0.47405902513784937
ElasticNet,Train,1.362275079783117,1.2873882125100704
ElasticNet,Train,0.5910646070264992,0.6396374220281087
ElasticNet,Train,-0.3091286307053941,-0.37122209585761023
ElasticNet,Train,1.346198830409355,0.9780283071009048
ElasticNet,Train,-0.1321607680099658,-0.25438496501905683
ElasticNet,Train,-1.885678391959799,-0.29142336363521226
ElasticNet,Train,-0.2165366614664583,-0.10098135876154035
ElasticNet,Train,0.7297801442202818,0.05511097918983554
ElasticNet,Train,0.02005766926485197,0.27587217342889603
ElasticNet,Train,0.7672413793103442,0.030123939484909767
ElasticNet,Train,0.1760912590556784,0.329572700737784
ElasticNet,Train,-1.071860922666721,-0.41006616217697056
ElasticNet,Train,0.09022556390977356,-0.22053535380586542
ElasticNet,Train,0.5046261715629264,0.9785311011769458
ElasticNet,Train,-0.07996729962314643,0.07366086440596842
ElasticNet,Train,0.4390446521287634,0.28310217857246256
ElasticNet,Train,1.253437245309724,1.1537735396218796
ElasticNet,Train,0.5209109372834104,0.3996847059377433
ElasticNet,Train,-0.8232758620689672,-0.5110119638730082
ElasticNet,Train,0.5910646070264992,0.5154850840498146
ElasticNet,Train,1.146941207143456,1.1441442317641222
ElasticNet,Train,-0.7452111206482993,-0.42585353376262014
ElasticNet,Train,1.030489322147899,0.5901594757537088
ElasticNet,Train,-0.11903795188283,-1.2082097247647599
ElasticNet,Train,-1.49248120300752,-0.3543263973284193
ElasticNet,Train,0.6364937630495308,0.7763669383255498
ElasticNet,Train,0.6553852426545229,0.9760006044665346
ElasticNet,Train,0.6151940149681981,0.4014847644720616
ElasticNet,Train,0.5910646070264992,0.14906755012204798
ElasticNet,Train,0.3636119798921443,0.469327956303069
ElasticNet,Train,0.6373245098685487,0.467631293681638
ElasticNet,Train,0.3856062735983122,0.7117343754339536
ElasticNet,Train,-0.2340726776061404,-0.5673318568533603
ElasticNet,Train,-1.096910013008056,-0.27912786111513965
ElasticNet,Train,0.3318965517241376,-0.4893297108350996
ElasticNet,Train,0.735555471593347,0.22904916358507132
ElasticNet,Train,0.082934622503059,0.22417286700743677
ElasticNet,Train,0.2186959627617429,0.10799921143281477
ElasticNet,Train,0.8965262174895553,-0.5236638206318898
ElasticNet,Train,0.135537190082656,0.2537288855041794
ElasticNet,Train,0.9883040935672512,0.5099398139578397
ElasticNet,Train,0.1079563182527277,0.08176923754719534
ElasticNet,Train,-0.07996729962314643,0.07366086440596842
ElasticNet,Train,-0.1767241379310328,-0.2623549531856244
ElasticNet,Train,0.3892141639057259,0.2761428387304026
ElasticNet,Train,-0.3098039199714863,-0.42703290151669404
ElasticNet,Train,0.3470521755509489,0.9042146307284882
ElasticNet,Train,2.036619573798714,3.7628657326342276
ElasticNet,Train,0.7965743332104297,0.5606756885242292
ElasticNet,Train,-0.7884826218653814,-0.08793181322526089
ElasticNet,Train,0.272337896627725,-0.39718200201015263
ElasticNet,Train,0.6173305771416362,0.5606756885242292
ElasticNet,Train,0.02419338211248408,0.7233955130293284
ElasticNet,Train,-0.1767337807606265,-0.28300406531612166
ElasticNet,Train,-0.5534883720930238,-0.4681610775229206
ElasticNet,Train,0.9409251269338039,0.7059403021818178
ElasticNet,Train,0.9041684928630465,0.9782407081549105
ElasticNet,Train,-0.6344628557513522,-0.34841274087760865
ElasticNet,Train,0.2017575408454702,0.15260097152306207
ElasticNet,Train,1.50559284116331,1.0169080652510132
ElasticNet,Train,-1.535796071516882,-0.426612503964817
ElasticNet,Train,0.6242820958356683,0.5823450589718442
ElasticNet,Train,-1.196026900731575,-1.3339804454421234
ElasticNet,Train,-1.114147993293855,-0.33208763841457445
ElasticNet,Train,0.4509957088161992,0.0759848995397725
ElasticNet,Train,-0.5938066216438812,-0.6986223541984729
ElasticNet,Train,0.5539402549876365,-0.12236702836513691
ElasticNet,Train,0.6211762817750351,0.5823450589718442
ElasticNet,Train,-0.6971816306033263,-0.33396944104702186
ElasticNet,Train,-1.06390977443609,-0.3374657951011537
ElasticNet,Train,-0.1858879153069338,-0.2589521617282031
ElasticNet,Train,0.3463529744506387,0.20292582067010567
ElasticNet,Train,-0.04375512696868296,0.5334899862084843
ElasticNet,Train,1.076276352144377,0.6535429070870056
ElasticNet,Train,0.03342375548694973,-0.5993095581845089
ElasticNet,Train,0.1525940779274698,-0.8425815265950829
ElasticNet,Train,0.4283919597989941,0.08634438081697793
ElasticNet,Train,-0.7458094490628238,0.009189293410069688
ElasticNet,Train,0.8800879713874663,0.7867604869129636
ElasticNet,Train,-1.603456897447042,-0.8046289848266854
ElasticNet,Train,-0.06963592814139488,0.08248896632310299
ElasticNet,Train,-0.6932160417255555,-0.535581379682015
ElasticNet,Train,0.6989700043360189,-0.09487867629174596
ElasticNet,Train,0.9612068965517243,0.12103701875853168
ElasticNet,Train,1.100763643371112,0.9760006044665346
ElasticNet,Train,0.7357274662281335,0.48264542928700505
ElasticNet,Train,-0.638272163982407,-0.42703290151669404
ElasticNet,Train,1.21937321937322,0.3909076793030173
ElasticNet,Train,-0.8947368421052645,-0.1931222224699587
ElasticNet,Train,-0.6942651060983038,-0.1466467653314375
ElasticNet,Train,1.483396136807168,1.625525047005519
ElasticNet,Train,0.6901960800285137,0.5983368065397705
ElasticNet,Train,-0.9937759336099588,-0.7115100214350945
ElasticNet,Train,0.8292314636701619,0.5587109008832567
ElasticNet,Train,0.1166176813015091,0.5741729068154586
ElasticNet,Train,0.6842105263157892,0.5315808466296992
ElasticNet,Train,1.80846742823059,0.15561266342911761
ElasticNet,Train,-2.05603448275861,-0.6978054380124961
ElasticNet,Train,-1.487912814690911,-0.5658397058377977
ElasticNet,Train,1.900826446281001,1.065198438023702
ElasticNet,Train,-0.4724680904466963,-1.2412923280434176
ElasticNet,Train,-0.6731240825341952,-0.34800033225464067
ElasticNet,Train,0.8965262174895553,-0.5236638206318898
ElasticNet,Train,-0.3189655172413801,-0.698519121839781
ElasticNet,Train,-0.2770508826583594,-0.09511080891399448
ElasticNet,Train,0.1132746924643504,-0.22294318065718688
ElasticNet,Train,0.11978513052201398,-1.0902889498934647
ElasticNet,Train,0.4487063199050799,0.5374503460159399
ElasticNet,Train,0.6756055617195716,0.15452594841878298
ElasticNet,Train,0.2550304776875136,0.3889396669669294
ElasticNet,Train,-0.02672178766989199,-0.43077001748679444
ElasticNet,Train,-0.5385287031854444,0.1170387423339112
ElasticNet,Train,0.5797835966168101,0.750488686269432
ElasticNet,Train,0.534026106056135,0.18004680703010667
ElasticNet,Train,-1.234704354653622,0.4314792065347406
ElasticNet,Train,0.4913616938342727,0.4326329662258839
ElasticNet,Train,0.4275633669545613,0.17627268871951896
ElasticNet,Train,-1.577881593704157,-0.7253687687902668
ElasticNet,Train,0.7671558660821804,0.04534849060241264
ElasticNet,Train,1.100763643371112,0.9760006044665346
ElasticNet,Train,-0.04170093891793042,0.1520968307083551
ElasticNet,Train,0.1173491877479526,-0.3093141644130015
ElasticNet,Train,0.9931205342354806,0.6397133498713592
ElasticNet,Train,0.4329710789008698,-0.3050796831442204
ElasticNet,Train,-1.763274336283189,-0.4072968366353793
ElasticNet,Train,0.7146198830409358,0.26765960601733996
ElasticNet,Train,0.2145178764897056,-0.24372832158991542
ElasticNet,Train,0.3970273286679523,0.6137558508556902
ElasticNet,Train,1.559045226130653,0.8260860863649226
ElasticNet,Train,-0.4168875174404437,-1.3261614254427028
ElasticNet,Train,-0.2770149382233361,0.18731227516659543
ElasticNet,Train,-0.6,-0.37018188656379614
ElasticNet,Train,-2.705549293202082,-0.42483526854070575
ElasticNet,Train,0.1721105527638171,0.14874302390441252
ElasticNet,Train,0.03448275862068784,-0.13919805175443623
ElasticNet,Train,0.2259691527869807,0.27193605643278707
ElasticNet,Train,0.0,0.029059104315721562
ElasticNet,Train,1.522361359570662,0.7631191178172221
ElasticNet,Train,0.6387979239767979,0.6189481363306681
ElasticNet,Train,0.8072619934565568,0.031207571450954763
ElasticNet,Train,0.3010299956639812,-0.1492590666307777
ElasticNet,Train,-1.439549404036478,-0.7037250069796028
ElasticNet,Train,-0.05978886246861603,-0.13150246546537536
ElasticNet,Train,-0.03476210625921197,-0.16916461566091145
ElasticNet,Train,-0.2446720795208597,-0.539497454188711
ElasticNet,Train,0.4082399653118496,0.22863085152853935
ElasticNet,Train,-0.767123174186889,-0.6982329400464264
ElasticNet,Train,0.5118833609788743,-0.5236638206318898
ElasticNet,Train,-0.3189655172413801,-0.698519121839781
ElasticNet,Train,0.04260470370605519,0.36534635891089673
ElasticNet,Train,-0.1464838638239616,0.803576334194305
ElasticNet,Train,0.1128752143459643,0.39253206122664164
ElasticNet,Train,0.8670923337204245,0.4138793783311907
ElasticNet,Train,-0.05632686832306318,0.03757781638831004
ElasticNet,Train,0.535215663796611,0.11721124378261438
ElasticNet,Train,1.205965557619709,0.8174862850267042
ElasticNet,Train,0.03261876085071993,-0.19929412508683986
ElasticNet,Train,-0.4353448275862056,-0.38704460287482756
ElasticNet,Train,0.8305886686851442,0.5606756885242292
ElasticNet,Train,1.656589559399379,0.050914646597358226
ElasticNet,Train,0.4126109061603624,0.6124300933255777
ElasticNet,Train,-0.004333694474538976,-0.3278001352387092
ElasticNet,Train,0.2637409109445279,0.2315410786401555
ElasticNet,Train,0.414973347970818,-0.06367270890524224
ElasticNet,Train,-0.2340726776061404,-0.5673318568533603
ElasticNet,Train,0.5860497157265141,0.9445105656231372
ElasticNet,Train,1.181843587944773,0.8174418099545095
ElasticNet,Train,0.9404117009750815,0.5606761826916979
ElasticNet,Train,0.6729746935258656,-0.053345098549315795
ElasticNet,Train,-0.07719576496805934,0.19246115219771898
ElasticNet,Train,0.5265032835812309,0.6121669232396572
ElasticNet,Train,0.3031960574204888,0.07791417707908121
ElasticNet,Train,1.087550726310677,0.9511009579148949
ElasticNet,Train,-0.4975728800155673,-0.9325336323821285
ElasticNet,Train,-0.14066513997672,-0.5820992820546234
ElasticNet,Train,0.6526722071108372,-0.17060744194640254
ElasticNet,Train,1.146941207143456,1.1441442317641222
ElasticNet,Train,0.05113650594874027,0.8915391403269162
ElasticNet,Train,1.050866019970613,0.485399279789418
ElasticNet,Train,0.5763413502057929,0.5823450589718442
ElasticNet,Train,0.62463078972132,0.4738098262621475
ElasticNet,Train,0.5586226439045551,0.26869165596768085
ElasticNet,Train,0.6242820958356683,0.5823450589718442
ElasticNet,Train,-0.01749782701560991,-0.18717522940093256
ElasticNet,Train,0.5265032835812309,0.5224815070735009
ElasticNet,Train,-0.6426046233183135,-0.34271422192549683
ElasticNet,Train,0.7237976748508552,0.6357749209792256
ElasticNet,Train,0.6627578316815741,0.4142014316742566
ElasticNet,Train,0.7910868478099096,0.7848069105175809
ElasticNet,Train,0.686155075454263,0.5217713884207931
ElasticNet,Train,0.7114680014156944,0.4715697225737716
ElasticNet,Train,0.2050678430236896,-0.090720711982619
ElasticNet,Train,-0.9653698872018781,-0.43248455452640244
ElasticNet,Train,0.07918124604762482,0.6394283022153193
ElasticNet,Train,-0.7756344514157028,-0.12486222130146485
ElasticNet,Train,-0.01844926170390164,-0.18368628307211332
ElasticNet,Train,-0.4626847268879903,0.020178973696606706
ElasticNet,Train,0.139109451707618,0.5720882084438628
ElasticNet,Train,0.7672413793103442,0.030123939484909767
ElasticNet,Train,0.8035528064607984,0.481199030431529
ElasticNet,Train,0.1532051216061021,0.5851756621597242
ElasticNet,Train,0.895422546039408,0.6283945345096147
ElasticNet,Train,-0.4170444674351315,0.09825078428833245
ElasticNet,Train,-0.2266600537219346,-0.4009114272372407
ElasticNet,Train,-0.03068512285530053,0.24617666189200182
ElasticNet,Train,-1.511278195488722,-0.26100062780460365
ElasticNet,Train,-1.0333531830102,-0.8083536110072844
ElasticNet,Train,1.021189299069938,0.7059403021818178
ElasticNet,Train,-1.32437478025317,-0.4823173611800575
ElasticNet,Train,0.03448275862068784,-0.13919805175443623
ElasticNet,Train,0.3483048630481607,0.3663018986986757
ElasticNet,Train,0.9881114906350605,0.3172556524918302
ElasticNet,Train,-2.0,-1.073205189640746
ElasticNet,Train,0.009925308530127852,-0.12294453033945407
ElasticNet,Train,-1.572614107883811,-0.8816299376212995
ElasticNet,Train,0.3233082706766902,0.19955098867769894
ElasticNet,Train,0.9881114906350605,0.3172556524918302
ElasticNet,Train,0.8444444444444436,0.7265215293571576
ElasticNet,Train,-1.105948718925517,-0.6125693552555129
ElasticNet,Train,0.180451127819548,-0.20260838469427833
ElasticNet,Train,-0.03943375318603481,-0.09448276289161917
ElasticNet,Train,0.7204210054216508,0.9041155878305063
ElasticNet,Train,0.5797835966168101,0.750488686269432
ElasticNet,Train,0.5185139398778874,0.9186323135670194
ElasticNet,Train,0.04139268515822508,0.131299564014268
ElasticNet,Train,0.9347805899613781,0.29656655776088925
ElasticNet,Train,0.3617278360175928,0.3912069073139184
ElasticNet,Train,-0.1762586357436119,0.14662316612404502
ElasticNet,Train,-0.08633414873527591,0.137535426372273
ElasticNet,Train,-0.01844926170390164,-0.18368628307211332
ElasticNet,Train,0.07554696139253074,-0.09022945021850637
ElasticNet,Train,0.02005766926485197,0.27587217342889603
ElasticNet,Train,0.7671729371896298,0.4233463089287248
ElasticNet,Train,0.3918367346938768,-0.18868436491789298
ElasticNet,Train,0.422413793103446,-0.05977294817779111
ElasticNet,Train,0.04139268515822508,0.07786970200688659
ElasticNet,Train,-2.142667503568731,-0.5382356327498028
ElasticNet,Train,-0.5742492738010503,-0.6696074011332309
ElasticNet,Train,-0.1251546956789144,0.6392244798777957
ElasticNet,Train,0.6977248104008661,0.26070256030284744
ElasticNet,Train,0.7505083948513462,-0.5236638206318898
ElasticNet,Train,0.4679182470163208,0.2994876663840502
ElasticNet,Train,1.02530586526477,0.14906755012204798
ElasticNet,Train,1.608501118568232,1.321248991880213
ElasticNet,Train,0.2880888597640699,0.3477562442821591
ElasticNet,Train,0.5250677226597732,0.44041017385032033
ElasticNet,Train,-0.129219291822582,-0.17246929454855775
ElasticNet,Train,-0.5338345864661662,-0.3049515256033646
ElasticNet,Train,-0.5408689174769996,-0.2777805464519256
ElasticNet,Train,-0.04983748645720439,0.20242080378150562
ElasticNet,Train,0.2050678430236896,-0.090720711982619
ElasticNet,Train,0.8463370005539435,0.7288193158218168
ElasticNet,Train,-0.1964576461828072,-0.29865523320300935
ElasticNet,Train,0.3596766725050837,1.3488419528728375
ElasticNet,Train,0.006663850117991262,-0.27869520988211083
ElasticNet,Train,1.014680535148689,0.30133055303917344
ElasticNet,Train,-2.05603448275861,-0.6978054380124961
ElasticNet,Train,0.1166176813015091,0.3607627320617479
ElasticNet,Train,0.7971694225490045,0.1491120251942426
ElasticNet,Train,0.929444837036069,0.36749482604613015
ElasticNet,Train,0.648364110491845,0.5823450589718442
ElasticNet,Train,0.3778487999011506,0.44428646602799016
ElasticNet,Train,0.5062846335392319,0.8285926502055048
ElasticNet,Train,0.6306396086247502,1.7982729542918154
ElasticNet,Train,-2.203831209357573,-1.0443702042673029
ElasticNet,Train,-1.118826698593236,-0.20498769058090716
ElasticNet,Train,0.4913616938342727,0.07786970200688659
ElasticNet,Train,0.2163162610163941,0.32074459882064965
ElasticNet,Train,-0.4353448275862056,-0.38704460287482756
ElasticNet,Train,-0.06251993703895245,-0.10828539061134057
ElasticNet,Train,-0.1804891463142153,-0.03829521471634312
ElasticNet,Train,0.8976270912904415,0.14906755012204798
ElasticNet,Train,0.7160033436347992,0.6189446277416395
ElasticNet,Train,0.5669144981412634,0.24601332930447417
ElasticNet,Train,-0.1464838638239616,0.803576334194305
ElasticNet,Train,1.060697840353612,0.8174418099545095
ElasticNet,Train,0.5387931034482746,-0.38373929786474004
ElasticNet,Train,-0.2372093023255822,-0.1283389435427298
ElasticNet,Train,0.6335218433719506,0.15027437102695984
ElasticNet,Train,0.6532125137753437,0.5569106487943114
ElasticNet,Train,-0.157894736842105,-0.2529366307861105
ElasticNet,Train,0.6020599913279624,1.5494846515591327
ElasticNet,Train,0.1367761095528764,0.22921542629200786
ElasticNet,Train,1.522388149816989,0.1715082382644355
ElasticNet,Train,0.5205895119541644,0.20937880596172942
ElasticNet,Train,-0.5072750233349814,-0.31743293701628117
ElasticNet,Train,-0.365959583733208,-0.5529770329759951
ElasticNet,Train,0.3767593954048798,0.2714977044804956
ElasticNet,Train,-0.5534883720930238,-0.4681610775229206
ElasticNet,Train,-0.1141965678627143,0.08176923754719534
ElasticNet,Train,0.6211762817750351,0.5823450589718442
ElasticNet,Train,-1.781954887218045,-0.277211859343246
ElasticNet,Train,-1.42021640338319,-0.25340118846833826
ElasticNet,Train,0.6106601630898799,0.5823450589718442
ElasticNet,Train,0.4232458739368078,0.4077688843860594
ElasticNet,Train,0.4128854232684702,0.08957038725155209
ElasticNet,Train,0.082934622503059,0.22417286700743677
ElasticNet,Train,0.6901960800285137,0.5983368065397705
ElasticNet,Train,0.6231704616375756,0.34412688057778107
ElasticNet,Train,0.9469432706978255,0.13319293481800676
ElasticNet,Train,-1.97095435684647,-0.9683882983454504
ElasticNet,Train,0.6107382550335557,0.38089419156230386
ElasticNet,Train,0.5972924522285327,0.4803642221788067
ElasticNet,Train,0.8777912162775305,0.7288193158218168
ElasticNet,Train,0.5427268765011117,0.9151433686309163
ElasticNet,Train,-1.005264266019541,0.2189646311365655
ElasticNet,Train,0.6127838567197355,0.7104901271605552
ElasticNet,Train,0.62463078972132,0.4738098262621475
ElasticNet,Train,-0.7628438624246476,-0.3385044939687615
ElasticNet,Train,0.6020599913279624,0.3314170698953136
ElasticNet,Train,0.5135427952329354,0.3485913650893877
ElasticNet,Train,-0.8232758620689672,-0.5110119638730082
ElasticNet,Train,-1.567441860465111,-0.8239216559106854
ElasticNet,Train,0.2211785219297459,-0.012125486282433373
ElasticNet,Train,1.294736842105262,0.5853494888830426
ElasticNet,Train,-0.4170444674351315,0.09825078428833245
ElasticNet,Train,-1.135338345864661,-0.22596353132284153
ElasticNet,Train,0.1266770670826814,-0.10098135876154035
ElasticNet,Train,-0.08633414873527538,0.6392605392779962
ElasticNet,Train,1.209515014542631,0.7059403021818178
ElasticNet,Train,-0.8313241449568525,-1.3306491449065674
ElasticNet,Train,0.4615384615384614,0.2994431913118556
ElasticNet,Train,0.08880429497466488,0.28733578974175145
ElasticNet,Train,-0.03943375318603481,-0.09448276289161917
ElasticNet,Train,-1.092883061327005,-0.16941301534216724
ElasticNet,Train,-0.460121203408758,-0.29505207593103344
ElasticNet,Train,0.6456180461285638,1.0608755744131702
ElasticNet,Train,0.7993405494535817,0.14906755012204798
ElasticNet,Train,1.85436677804087,0.6509666285745999
ElasticNet,Train,-0.03760465762697581,0.13696390425157223
ElasticNet,Train,0.5670263661590603,0.2460578043766688
ElasticNet,Train,-0.07719576496805934,0.19246115219771898
ElasticNet,Train,0.2246783559484863,-0.5681035907980052
ElasticNet,Train,0.1882609887630737,0.10379242913519926
ElasticNet,Train,-0.11903795188283,-1.2082097247647599
ElasticNet,Train,0.6031443726201823,0.5823450589718442
ElasticNet,Train,-0.02672178766989199,-0.43077001748679444
ElasticNet,Train,-0.7628438624246476,-0.3385044939687615
ElasticNet,Train,0.2186959627617429,0.10799921143281477
ElasticNet,Train,0.1904538485873565,0.08146553786330046
ElasticNet,Train,0.3617278360175928,0.3912069073139184
ElasticNet,Train,0.2187134502923974,-0.3104505798985183
ElasticNet,Train,-1.777415033082565,-0.7958068647902525
ElasticNet,Train,-0.1277985983463365,-0.048680906595165885
ElasticNet,Train,-0.7451810935152875,-0.528497541606719
ElasticNet,Train,0.8296511438534148,0.19935119874854257
ElasticNet,Train,0.1744584367708963,0.0023178135481534134
ElasticNet,Train,-0.4563268683230601,-0.2080571392767676
ElasticNet,Train,0.1437655938677714,-0.015542655774525738
ElasticNet,Train,-0.005465586003222508,-0.35537094842091554
ElasticNet,Train,-2.334481075108565,-0.4796443717160874
ElasticNet,Train,0.6901960800285137,1.0857583218668645
ElasticNet,Train,1.00893042575285,0.7034911111826656
ElasticNet,Train,0.8910996649845989,0.7288193158218168
ElasticNet,Train,0.806230529595015,0.4368819757789506
ElasticNet,Train,0.365862215402555,0.25028853088580827
ElasticNet,Train,-0.04261660721896531,-0.09399592548247804
ElasticNet,Train,0.1117004680187195,0.22411452284913846
ElasticNet,Train,0.06345484267917818,0.19720273161330915
ElasticNet,Train,0.07980012213427638,0.13134403908646264
ElasticNet,Train,-0.5864661654135337,-0.13883469838615015
ElasticNet,Train,-0.8232758620689614,-0.19669822172981355
ElasticNet,Train,0.6015860182746656,0.6397133498713592
ElasticNet,Train,0.4040158561440467,0.07119519306259137
ElasticNet,Train,-0.8232758620689614,-0.19669822172981355
ElasticNet,Train,0.3119932648840557,-0.19865073793589838
ElasticNet,Train,0.03448275862068784,-0.13919805175443623
ElasticNet,Train,1.047514794837365,1.3372652893456947
ElasticNet,Train,0.4471580313422192,0.20292582067010567
ElasticNet,Train,0.2304489213782739,0.3495708272277005
ElasticNet,Train,0.1173491877479526,-0.3093141644130015
ElasticNet,Train,0.8122446968003693,-0.5236638206318898
ElasticNet,Train,1.308724832214764,0.7027347500288528
ElasticNet,Train,0.5525490843095185,0.40621013413054063
ElasticNet,Train,0.0,-0.36097411891068165
ElasticNet,Train,-0.619788758288394,-0.25837307751609395
ElasticNet,Train,-0.9200292374440189,-0.34439717498266476
ElasticNet,Train,-2.535140249212473,-0.4415704769773967
ElasticNet,Train,0.7672413793103442,0.030123939484909767
ElasticNet,Train,0.2637409109445279,0.2315410786401555
ElasticNet,Train,-0.6140350877192979,-0.5086759305355077
ElasticNet,Train,0.1705521196219227,0.08608175630070825
ElasticNet,Train,-0.00620308796527328,0.1804854977581083
ElasticNet,Train,0.2182287808022119,0.30710899330106867
ElasticNet,Train,-0.1251546956789149,0.10147602617179452
ElasticNet,Train,0.7417816961431667,0.13157515298261746
ElasticNet,Train,0.6218068535825538,0.46199287038035886
ElasticNet,Train,0.3318002991095532,0.5456660605569048
ElasticNet,Train,1.060697840353612,0.7288193158218168
ElasticNet,Train,-0.1449235972700369,0.0808878896130143
ElasticNet,Train,0.1319863281682527,-1.314921063740448
ElasticNet,Train,0.4313637641589874,0.23126261681354277
ElasticNet,Train,-0.162941534687887,0.06339745134256791
ElasticNet,Train,-0.1767337807606265,-0.28300406531612166
ElasticNet,Train,0.5805468137587255,0.6395960330317567
ElasticNet,Train,0.5450543344028723,0.14407696758363153
ElasticNet,Train,0.2944963655243999,0.08200488738069811
ElasticNet,Train,0.6308908570191394,0.20865111117958857
ElasticNet,Train,0.5391498881431767,-0.0142681415102337
ElasticNet,Train,1.456366033129043,0.42831290137894285
ElasticNet,Train,0.06345484267917818,0.19720273161330915
ElasticNet,Train,1.07700432679335,0.69202121520898
ElasticNet,Train,-0.4607016882522424,-0.4271409723052031
ElasticNet,Train,-1.441695135640719,-0.013806692900856676
ElasticNet,Train,0.4806145740944546,0.630780432036361
ElasticNet,Train,-0.6946486305533762,-0.390077946190989
ElasticNet,Train,0.3318965517241376,-0.4893297108350996
ElasticNet,Train,-1.629310344827578,-0.8570913251187104
ElasticNet,Train,0.7932016100908708,0.6419534535597351
ElasticNet,Train,-0.1986570869544228,0.13752257166697213
ElasticNet,Train,0.5000216558101156,0.9705665490691828
ElasticNet,Train,0.7160033436347992,0.6189446277416395
ElasticNet,Train,-1.547440503436895,-0.24096553631865458
ElasticNet,Train,0.1657598875739492,0.6570318534158248
ElasticNet,Train,-0.08798751950078033,0.22411452284913846
ElasticNet,Train,0.2880888597640699,0.3477562442821591
ElasticNet,Train,0.6354495299314225,0.6342792944740074
ElasticNet,Train,0.5763413502057929,0.5823450589718442
ElasticNet,Train,-0.4658517416748432,0.6932635834342347
ElasticNet,Train,0.6231884057971003,0.259522931724004
ElasticNet,Train,1.363935283358457,0.6950803362888485
ElasticNet,Train,0.7505083948513462,-0.5236638206318898
ElasticNet,Train,0.7168825761045695,0.7822041568181166
ElasticNet,Train,0.1569739382239341,0.5188688478590799
ElasticNet,Train,0.6760563380281691,0.6848786196845629
ElasticNet,Train,-0.3668744088311774,-0.2099377044515771
ElasticNet,Train,-0.1059519103518204,-0.3999599635004174
ElasticNet,Train,-0.612646032378238,-0.5616130175906371
ElasticNet,Train,-0.7628438624246476,0.3298697658637001
ElasticNet,Train,-0.08092190762392612,-0.22305703629706786
ElasticNet,Train,0.4489574959155591,-0.22988821860762554
ElasticNet,Train,-2.705549293202082,-0.42483526854070575
ElasticNet,Train,0.8792796600840976,0.7568820820767896
ElasticNet,Train,0.9612068965517243,0.12103701875853168
ElasticNet,Train,0.9708116108725178,0.6602080478179115
ElasticNet,Train,-0.2099009373137068,-0.3818101832595968
ElasticNet,Train,0.8178119194823461,0.7672237242830355
ElasticNet,Train,0.3559122080332726,-0.14774452255403603
ElasticNet,Train,-0.2678362573099414,-0.31772898470742095
ElasticNet,Train,0.8796692056320535,0.7288193158218168
ElasticNet,Train,1.308724832214764,0.7027347500288528
ElasticNet,Train,0.0594209901149536,0.4851112782621858
ElasticNet,Train,-0.2340726776061404,-0.5673318568533603
ElasticNet,Train,-0.3031709948236987,-0.36743775238442755
ElasticNet,Train,0.4342288918608878,1.2488546628558925
ElasticNet,Train,-0.1762586357436119,0.14662316612404502
ElasticNet,Train,-0.00877392430750515,-0.3895601254345109
ElasticNet,Train,-0.2225132903568139,-0.16582581374943417
ElasticNet,Train,0.18155415475718,0.48888822611823723
ElasticNet,Train,0.5267037346185933,-0.08882758700109195
ElasticNet,Train,0.3856062735983122,0.7117343754339536
ElasticNet,Train,1.126315789473682,0.3683600725072429
ElasticNet,Train,0.686155075454263,0.6396447752400447
ElasticNet,Train,0.9365132613368841,0.5998276603764818
ElasticNet,Train,0.4487098600393338,-0.024066659713956273
ElasticNet,Train,0.4509957088161992,0.0759848995397725
ElasticNet,Train,0.7403626894942439,1.04505376966637
ElasticNet,Train,-0.1172728120892211,-0.5681035907980052
ElasticNet,Train,0.2907935616990988,-0.12236702836513691
ElasticNet,Train,-0.05787918913275993,-0.10089694453463216
ElasticNet,Train,-0.7628438624246476,-0.3385044939687615
ElasticNet,Train,0.7237976748508552,0.6357749209792256
ElasticNet,Train,-0.7827067862373733,-0.3756673791805506
ElasticNet,Train,1.130976691605617,0.7490454436566403
ElasticNet,Train,0.1066751967046165,-0.18026911358002096
ElasticNet,Train,0.3254607304414622,0.3056661989645597
ElasticNet,Train,-0.2469177919249304,0.00031821242966745267
ElasticNet,Train,0.03730594077925276,-0.3610493979904795
ElasticNet,Train,-1.563758389261749,-0.9801818084803866
ElasticNet,Train,1.004815141474574,0.7059403021818178
ElasticNet,Train,0.8067164667100035,0.2524737105600974
ElasticNet,Train,0.9881114906350605,0.3172556524918302
ElasticNet,Train,0.6479448198198187,0.7275978109559207
ElasticNet,Train,0.02081696013925367,0.7915340324693101
ElasticNet,Train,0.2647773159802437,-1.16995621132571
ElasticNet,Train,-0.4315653747438915,-0.4832741792915929
ElasticNet,Train,0.1366562824506729,0.10493555668540655
ElasticNet,Train,0.1647522604652088,0.2584987277272619
ElasticNet,Train,1.082621082621084,0.22281449509361895
ElasticNet,Train,0.06037703633173449,0.3276100249129237
ElasticNet,Train,-0.006203087965272839,0.6393034893493821
ElasticNet,Train,0.7237976748508552,0.6357749209792256
ElasticNet,Train,1.100763643371112,0.9760006044665346
ElasticNet,Train,-0.1762586357436113,0.5236976532142898
ElasticNet,Train,-0.8301121378671653,-0.38676782230849716
ElasticNet,Train,0.8035528064607984,0.481199030431529
ElasticNet,Train,1.283198266190026,0.9856299123242918
ElasticNet,Train,1.150595882990248,0.8969634372868733
ElasticNet,Train,-0.01733477789815788,0.09637592414300622
ElasticNet,Train,-1.516444298028881,-0.9335033334768066
ElasticNet,Train,0.8020207517719758,-0.008941354642291621
ElasticNet,Train,-0.9827586206896575,-0.8044515309351132
ElasticNet,Train,0.173186268412274,0.2605116323101947
ElasticNet,Train,0.4034029043735392,0.7805737206231653
ElasticNet,Train,1.398347107438026,0.7467495408485278
ElasticNet,Train,-0.4724680904466963,-1.2412923280434176
ElasticNet,Train,-1.20966708761141,-0.7366694211828013
ElasticNet,Train,-2.323341080224196,-0.35363742042554436
ElasticNet,Train,0.5459451160618883,0.0834789253004663
ElasticNet,Train,-2.334481075108565,-0.4796443717160874
ElasticNet,Train,0.1206896551724121,-0.5947990001778647
ElasticNet,Train,-0.05978886246861603,-0.13150246546537536
ElasticNet,Train,-2.052455067076556,-0.3612669690194059
ElasticNet,Train,0.2775007758356284,0.4963209615052735
ElasticNet,Train,0.6621085853152393,0.5678283332353309
ElasticNet,Train,0.422413793103446,-0.05977294817779111
ElasticNet,Train,-0.9145720716388055,-0.773254492372627
ElasticNet,Train,0.6410063608375752,0.6485078494763943
ElasticNet,Train,-2.323341080224196,-0.35363742042554436
ElasticNet,Train,0.380211241711606,1.254919568162195
ElasticNet,Train,0.359835482339888,0.1322665312168224
ElasticNet,Train,-1.364902075136013,-1.334976500249957
ElasticNet,Train,0.2880888597640699,0.6394707600959062
ElasticNet,Train,0.1657598875739492,0.6570318534158248
ElasticNet,Train,0.3459994779145614,0.041235178664141836
ElasticNet,Train,-2.203831209357573,-1.0443702042673029
ElasticNet,Train,-0.1953198127925111,0.22411452284913846
ElasticNet,Train,0.4679182470163208,0.2994876663840502
ElasticNet,Train,0.7762863534675611,0.6605294606218735
ElasticNet,Train,0.686155075454263,0.5217713884207931
ElasticNet,Train,-0.4836373832160348,-0.2589388413763778
ElasticNet,Train,1.395341273599259,0.5833819642150644
ElasticNet,Train,0.6483600109809317,0.18004680703010667
ElasticNet,Train,-0.04375512696868296,0.5334899862084843
ElasticNet,Train,0.148594545749752,-0.0226513922863405
ElasticNet,Train,0.2304489213782739,0.3495708272277005
ElasticNet,Train,0.06427457098283858,0.08176923754719534
ElasticNet,Train,0.05803546917037159,-0.38135860524283705
ElasticNet,Train,-0.4089353929735008,-0.42703290151669404
ElasticNet,Train,1.187969924812029,0.3189176597858303
ElasticNet,Train,0.1647522604652088,0.6393815025793512
ElasticNet,Train,-0.110008534838633,-0.11864151000535683
ElasticNet,Train,-0.51427857351842,0.059435345371224635
ElasticNet,Train,0.4126109061603624,0.6124300933255777
ElasticNet,Train,-0.1760912590556817,-0.11573475365353003
ElasticNet,Train,0.2807537335508451,-0.26434297982406063
ElasticNet,Train,2.388059618193226,0.3396518655620231
ElasticNet,Train,0.541283490742574,0.4205948274816145
ElasticNet,Train,-2.718967130186474,-0.8701871980042146
ElasticNet,Train,0.3432623561190514,0.3137077108279446
ElasticNet,Train,1.080536912751675,0.43645870460102265
ElasticNet,Train,0.5546959574620433,-0.01903160210334498
ElasticNet,Train,0.2962164173101657,0.1120333289005353
ElasticNet,Train,0.0,0.131299564014268
ElasticNet,Train,0.08054025763564433,0.4170320348621366
ElasticNet,Train,0.2126080928814434,-0.05305753022930704
ElasticNet,Train,0.6779252076177129,0.819839661242524
ElasticNet,Train,1.278753600952829,0.9855854372520971
ElasticNet,Train,-0.004364805402450088,-0.3877361829571099
ElasticNet,Train,0.6526722071108372,-0.17060744194640254
ElasticNet,Train,0.6982266185371769,0.35877913522086124
ElasticNet,Train,1.076276352144377,0.6535429070870056
ElasticNet,Train,-0.0893755951107988,-0.20174552375894583
ElasticNet,Train,-0.7907934207082596,0.5410996519673414
ElasticNet,Train,-1.278559880703671,-1.2671211400745135
ElasticNet,Train,-0.7718752999018175,-1.2536850563761461
ElasticNet,Train,0.5546959574620433,-0.01903160210334498
ElasticNet,Train,0.04614998447069624,-0.13908452298186624
ElasticNet,Train,0.4655717305742211,0.29799203987883216
ElasticNet,Train,1.201397124320452,0.8174418099545095
ElasticNet,Train,1.02938377768521,0.7177262460674136
ElasticNet,Train,0.380211241711606,0.07786970200688659
ElasticNet,Train,0.1166176813015091,0.3607627320617479
ElasticNet,Train,0.6335218433719506,0.15027437102695984
ElasticNet,Train,0.1872386198314787,0.1369931295083353
ElasticNet,Train,0.3468309859154933,0.36965304758664264
ElasticNet,Train,0.6052964725395565,0.5962340745431547
ElasticNet,Train,0.4034029043735392,0.7805737206231653
ElasticNet,Train,0.04260470370605519,0.36534635891089673
ElasticNet,Train,-2.634968218916374,-0.40970234208392287
ElasticNet,Train,-0.9651162790697718,-0.6494101176092733
ElasticNet,Train,-0.3135371308479524,-0.33606738844426864
ElasticNet,Train,-0.2525162145712102,-0.3544295934214182
ElasticNet,Train,0.6018447179733589,0.7492192372136568
ElasticNet,Train,-1.102338512076255,-0.20291261573768293
ElasticNet,Train,0.01703333929878037,-0.38851762974226844
ElasticNet,Train,0.1256895334971941,-0.10107754517168888
ElasticNet,Train,-0.8232758620689614,-0.19669822172981355
ElasticNet,Train,-0.08471373464762134,-0.26262639018920675
ElasticNet,Train,0.1883035851650658,-0.03796672490027864
ElasticNet,Train,-0.168693863576964,-0.45855741484728263
ElasticNet,Train,0.5118833609788743,-0.5236638206318898
ElasticNet,Train,0.4471580313422192,0.20292582067010567
ElasticNet,Train,-2.144640275261264,-1.0009210989229687
ElasticNet,Train,0.5754147908402901,0.07632314789381422
ElasticNet,Train,-0.1563012307056405,0.40434503781961095
ElasticNet,Train,0.5185139398778874,0.9186323135670194
ElasticNet,Train,-0.2500000000000024,-0.1505951847307172
ElasticNet,Train,-0.9021734110319146,-0.20494321550871253
ElasticNet,Train,-0.1029641185647424,-0.10098135876154035
ElasticNet,Train,0.2424445151694238,0.061535360211410706
ElasticNet,Train,0.06787330316741842,0.131299564014268
ElasticNet,Train,0.6901960800285137,0.6397209850552532
ElasticNet,Train,0.9612068965517243,0.12103701875853168
ElasticNet,Train,0.5862831858407086,-0.11391109225792895
ElasticNet,Train,0.146128035678238,0.131299564014268
ElasticNet,Train,0.5805468137587243,0.4730291801328088
ElasticNet,Train,0.1639004149377578,-0.20577256425306145
ElasticNet,Train,0.436162647040756,0.18004680703010667
ElasticNet,Train,0.6627578316815741,0.4142014316742566
ElasticNet,Train,1.143014800254095,0.7237851635201531
ElasticNet,Train,0.8389261744966443,0.15588294619777865
ElasticNet,Train,0.2964118564742571,0.08176923754719534
ElasticNet,Train,0.001069865533045818,-0.43104846741163794
ElasticNet,Train,0.380211241711606,1.254919568162195
ElasticNet,Train,0.8650442477876106,0.04749165702129843
ElasticNet,Train,-0.3091286307053941,-0.37122209585761023
ElasticNet,Train,-0.004364805402450088,-0.3877361829571099
ElasticNet,Train,0.5570638505655185,0.6604490229079172
ElasticNet,Train,0.03710686132560858,0.021556650932216703
ElasticNet,Train,-0.2218487496163564,0.23592918378777294
ElasticNet,Train,-0.00620308796527328,0.1804854977581083
ElasticNet,Train,-0.4396694214875904,0.16760403816608194
ElasticNet,Train,0.5814674032073606,0.30520759647748996
ElasticNet,Train,0.4040313015268496,1.1648799048006804
ElasticNet,Train,-1.114147993293855,-0.07987219746819307
ElasticNet,Train,-1.615697591672981,-0.5532076657333331
ElasticNet,Train,-0.01749782701560991,-0.18717522940093256
ElasticNet,Train,0.3483048630481607,0.3663018986986757
ElasticNet,Train,0.6299402678187999,0.4675868186094434
ElasticNet,Train,0.7618945674400744,-1.2758832748127242
ElasticNet,Train,0.290034611362518,0.07791417707908121
ElasticNet,Train,-0.02664130105864902,-0.31637049286828667
ElasticNet,Train,0.1765990639625574,0.08176923754719534
ElasticNet,Train,0.4741255587590221,0.9967362775030921
ElasticNet,Train,0.04532297878665748,-0.3909448320989176
ElasticNet,Train,-1.851851851851851,-0.44347144243580183
ElasticNet,Train,1.036353115842418,-0.1317219715168778
ElasticNet,Train,0.7388055682705498,0.07181347164647733
ElasticNet,Train,0.5742145178764892,0.13650259414732668
ElasticNet,Train,-0.055377791833341,-0.008109920387489478
ElasticNet,Train,1.608501118568232,1.321248991880213
ElasticNet,Train,-0.4780893042575287,-0.0721979519074617
ElasticNet,Train,-0.3093052782018357,-0.18959447408502328
ElasticNet,Train,0.6002076843198328,0.26014390020558187
ElasticNet,Train,1.03342375548695,0.7288193158218168
ElasticNet,Train,0.5587085705331657,0.20292582067010567
ElasticNet,Train,0.6558037511164472,-0.13693605584663282
ElasticNet,Train,1.094342640722355,0.8078569771689468
ElasticNet,Train,0.6137179964990436,0.7237141070722448
ElasticNet,Train,-0.1033429559749049,-0.06435119816238832
ElasticNet,Train,-1.163675884293248,-0.02317407129215754
ElasticNet,Train,-0.4416951356407078,-0.21147368043260162
ElasticNet,Train,0.2166847237269759,-0.03164103315026101
ElasticNet,Train,-1.397940008672037,-1.0553928914650934
ElasticNet,Train,-0.8340240248307097,-0.6613971610481186
ElasticNet,Train,0.9711055276381912,0.46019042043891534
ElasticNet,Train,0.06037703633173826,0.5663383757646379
ElasticNet,Train,0.7239819004524883,0.635730445907031
ElasticNet,Train,-0.9827586206896575,-0.8044515309351132
ElasticNet,Train,0.1639004149377578,-0.20577256425306145
ElasticNet,Train,0.6283889300503115,0.22863085152853935
ElasticNet,Train,0.07879884639939841,0.2524512001840268
ElasticNet,Train,1.146941207143456,1.1441442317641222
ElasticNet,Train,0.3074960379132129,0.22863085152853935
ElasticNet,Train,0.7189234367587567,0.7359719605329185
ElasticNet,Train,0.3801976569746794,-0.10267221618864242
ElasticNet,Train,-0.3061000384340861,-0.5625835987266528
ElasticNet,Train,-1.221064605101569,-0.7616542982382541
ElasticNet,Train,0.8426092396105621,0.6540995653680484
ElasticNet,Train,0.4638929889859073,0.5117453151575062
ElasticNet,Train,-0.05698339270242879,-0.060144415864772816
ElasticNet,Train,-0.7458094490628238,-0.07488252023872422
ElasticNet,Train,0.5383765017273076,0.18854273204113925
ElasticNet,Train,0.3304137733491909,0.1322665312168224
ElasticNet,Train,1.382743362831857,0.21323251188480352
ElasticNet,Train,0.6373245098685487,0.467631293681638
ElasticNet,Train,0.3318965517241376,-0.4893297108350996
ElasticNet,Train,-1.300144134463074,-0.41804125469581566
ElasticNet,Train,0.000184675759379702,-0.4621894231821184
ElasticNet,Train,-0.2365720064370627,0.05821494834926627
ElasticNet,Train,0.6532125137753437,0.253434408453855
ElasticNet,Train,0.3029055729718366,0.303426095276184
ElasticNet,Train,-0.2218487496163564,0.131299564014268
ElasticNet,Train,0.9495487209058864,0.6511341227152911
ElasticNet,Train,0.2600216684723708,0.2864926174302995
ElasticNet,Train,-0.01635820640686767,-0.12236702836513691
ElasticNet,Train,-0.2881198278471295,-1.2280917229269324
ElasticNet,Train,0.8142475957319202,0.5606756885242292
ElasticNet,Train,1.050866019970613,0.485399279789418
ElasticNet,Train,0.5118833609788743,-0.5236638206318898
ElasticNet,Train,-0.3720391624218937,-0.25944411709165793
ElasticNet,Train,0.5265032835812309,0.5224815070735009
ElasticNet,Train,-0.0767550702028087,-0.10098135876154035
ElasticNet,Train,0.6211762817750351,0.5823450589718442
ElasticNet,Train,-2.777665566310111,-0.8550542715474316
ElasticNet,Train,0.3502480183341629,0.07791417707908121
ElasticNet,Train,0.9365132613368845,0.6397228315120005
ElasticNet,Train,0.5049560752439612,0.40141902950449304
ElasticNet,Train,-0.5742492738010503,-0.6696074011332309
ElasticNet,Train,0.07980012213427638,0.13134403908646264
ElasticNet,Train,-1.629310344827578,-0.8570913251187104
ElasticNet,Train,0.1888069379391503,0.1369931295083353
ElasticNet,Train,0.6365584913426995,0.9495726419938624
ElasticNet,Train,0.04550379198266516,-0.1157128467990548
ElasticNet,Train,-1.972093023255811,-0.9125682093029466
ElasticNet,Train,-1.278559880703671,-1.2671211400745135
ElasticNet,Train,0.6421052631578948,-0.0813692849061769
ElasticNet,Train,-2.522878745280337,-0.2765571760966865
ElasticNet,Train,-0.3113613671456985,-0.3350155476399421
ElasticNet,Train,-0.129219291822582,-0.17246929454855775
ElasticNet,Train,-1.516444298028881,-0.9335033334768066
ElasticNet,Train,-0.9651162790697718,-0.6494101176092733
ElasticNet,Train,-0.1135092748275181,-0.3776878024650627
ElasticNet,Train,0.3549473425726017,0.6617455064810427
ElasticNet,Train,0.8636528625639327,0.59736253538753
ElasticNet,Train,-0.9145720716388055,-0.773254492372627
ElasticNet,Train,-0.8086184995011162,-0.06966352943845988
ElasticNet,Train,-1.351639989019068,0.6185128631202667
ElasticNet,Train,0.4065401804339551,0.3382336699624713
ElasticNet,Train,0.2647773159802437,-1.16995621132571
ElasticNet,Train,0.7194451609763224,0.16481375461554737
ElasticNet,Train,0.7114680014156944,0.4715697225737716
ElasticNet,Train,0.08563466276372743,-0.12690844863344575
ElasticNet,Train,-0.985231158620319,-0.7249157902846994
ElasticNet,Train,0.3747483460101039,0.07791417707908121
ElasticNet,Train,-0.08471373464762134,-0.26262639018920675
ElasticNet,Train,0.3222192947339193,0.3014657133836407
ElasticNet,Train,-1.785155875122728,-1.2742172034217298
ElasticNet,Train,0.1208778733641796,-0.09760923869027582
ElasticNet,Train,0.290034611362518,0.07791417707908121
ElasticNet,Train,-0.2372093023255822,-0.1283389435427298
ElasticNet,Train,-1.568636235841013,-0.9877517567266514
ElasticNet,Train,0.5250677226597732,0.44041017385032033
ElasticNet,Train,1.305958561063182,0.5620229266058274
ElasticNet,Train,-0.1321607680099658,-0.25438496501905683
ElasticNet,Train,-0.3841226480657678,-0.036799588211124945
ElasticNet,Train,-2.144640275261264,-1.0009210989229687
ElasticNet,Train,-0.168693863576964,-0.45855741484728263
ElasticNet,Train,0.3926969532596657,0.1322665312168224
ElasticNet,Train,0.082934622503059,0.6393471767186314
ElasticNet,Train,-0.3954987090480164,0.3871082584341532
ElasticNet,Train,-2.698970004336019,-0.5642747440712899
ElasticNet,Train,0.7386467155148417,0.6508142781286872
ElasticNet,Train,0.5344053974388362,0.44316491406331826
ElasticNet,Train,1.133825549864817,0.6493426577291166
ElasticNet,Train,-0.9827586206896575,-0.8044515309351132
ElasticNet,Train,0.4070585517469932,0.6395441118441418
ElasticNet,Train,-0.3188767550702024,-0.10098135876154035
ElasticNet,Train,0.03204710545330516,-0.19929412508683986
ElasticNet,Train,0.4313637641589874,0.23126261681354277
ElasticNet,Train,0.1206896551724121,-0.5947990001778647
ElasticNet,Train,-1.014876033057834,0.12462097828911778
ElasticNet,Train,1.02530586526477,0.7288193158218168
ElasticNet,Train,0.4603305929511411,0.15008760034529023
ElasticNet,Train,-0.7884826218653814,-0.08793181322526089
ElasticNet,Train,0.6387979239767979,0.6349195992731851
ElasticNet,Train,0.1967213902982204,-0.2520799161805928
ElasticNet,Train,-1.572614107883811,-0.8816299376212995
ElasticNet,Train,-0.225488800760079,-0.5560121537917269
ElasticNet,Train,-0.528820300569675,-0.4365208645539991
ElasticNet,Train,-0.02672178766989199,-0.3072281502794538
ElasticNet,Train,0.3029055729718366,0.303426095276184
ElasticNet,Train,-2.323341080224196,0.3147368394069172
ElasticNet,Train,0.2485127322208998,0.011470848659486776
ElasticNet,Train,0.06666840180628056,0.131299564014268
ElasticNet,Train,0.08040478333155002,-0.2297225909326559
ElasticNet,Train,0.449180152337384,0.21628415091008835
ElasticNet,Train,0.5387931034482746,-0.38373929786474004
ElasticNet,Train,0.8234019501625136,0.6227798720254747
ElasticNet,Train,-0.05787918913275993,-0.10089694453463216
ElasticNet,Train,0.9436090225563907,0.13871813441100556
ElasticNet,Train,-0.3154362416107405,-0.5334743074524659
ElasticNet,Train,0.06392869562034259,0.31506217767314837
ElasticNet,Train,0.7375901662857216,-0.043029499448768216
ElasticNet,Train,0.6052964725395565,0.5962340745431547
ElasticNet,Train,0.4349897524434111,0.16745115254324872
ElasticNet,Train,0.6988119920145542,0.597800366558791
ElasticNet,Train,-0.03621217265444471,-0.3776878024650627
ElasticNet,Train,0.6532125137753437,0.7578652903466179
ElasticNet,Train,-2.090225563909775,-0.29378343948954977
ElasticNet,Train,1.001698847035765,0.05759204471306445
ElasticNet,Train,-0.162941534687887,0.06339745134256791
ElasticNet,Train,-0.3113613671456985,-0.3350155476399421
ElasticNet,Train,0.6106601630898799,0.5823450589718442
ElasticNet,Train,-0.3189655172413801,-0.698519121839781
ElasticNet,Train,0.6211762817750351,0.5823450589718442
ElasticNet,Train,1.133825549864817,0.6493426577291166
ElasticNet,Train,-1.290730039024169,-0.48479873822284514
ElasticNet,Train,-0.3665158371040725,-0.03684406328331957
ElasticNet,Train,0.8122446968003693,-0.5236638206318898
ElasticNet,Train,0.729439713313603,0.6097616832712878
ElasticNet,Train,-2.270100502512563,-0.40935429807933943
ElasticNet,Train,0.8061799739838872,1.4330839073527213
ElasticNet,Train,-1.364902075136013,-1.334976500249957
ElasticNet,Train,0.3997834418988355,0.5248299866363146
ElasticNet,Train,1.344392273685111,0.8174418099545095
ElasticNet,Train,0.7795964912578245,0.5965810212013181
ElasticNet,Train,0.7160033436347992,0.6397417697884089
ElasticNet,Train,-0.3279021420642826,-1.0019559969381358
ElasticNet,Train,0.7744360902255635,0.8794464714005861
ElasticNet,Train,0.4432770075955701,-0.16386399477684932
ElasticNet,Train,-0.00877392430750515,-0.3895601254345109
ElasticNet,Train,-0.3154362416107405,-0.5334743074524659
ElasticNet,Train,-0.02672178766989199,-0.3072281502794538
ElasticNet,Train,0.6306396086247502,1.7982729542918154
ElasticNet,Train,0.9572567783094088,0.8009037591038057
ElasticNet,Train,0.07358456455093211,0.02973275657115959
ElasticNet,Train,0.5279857113140554,0.324161768312742
ElasticNet,Train,0.8248316567500222,-0.04179407715398953
ElasticNet,Train,0.6724323295111406,0.7736332019326972
ElasticNet,Train,0.146128035678238,0.7403600656805358
ElasticNet,Train,0.06392869562034259,0.31506217767314837
ElasticNet,Train,-0.2383566602316601,-0.04514951512069332
ElasticNet,Train,0.6149590534401633,0.2269452838469439
ElasticNet,Train,0.3463529744506387,0.20292582067010567
ElasticNet,Train,0.0243369734789374,-0.10098135876154035
ElasticNet,Train,-0.7152802629955829,0.0807447802669613
ElasticNet,Train,0.9425041061680807,0.6859130786763452
ElasticNet,Train,0.4471580313422192,0.2994431913118556
ElasticNet,Train,0.210118641008524,-0.04179407715398953
ElasticNet,Train,-2.323341080224196,0.3147368394069172
ElasticNet,Train,-1.199748743718593,-0.3434253499595826
ElasticNet,Train,-1.441695135640719,-0.013806692900856676
ElasticNet,Train,1.093599819380088,0.32180957777594776
ElasticNet,Train,0.9091346748392991,0.659224830181953
ElasticNet,Train,0.6754239863370415,0.0867841190042209
ElasticNet,Train,-0.9126967386229311,-0.643736046599052
ElasticNet,Train,0.4070585517469932,0.42110799251784536
ElasticNet,Train,0.5014171282441098,0.4732347537998418
ElasticNet,Train,0.6720978579357175,0.7357680351784968
ElasticNet,Train,0.8577031944274324,0.8100970808573227
ElasticNet,Train,0.7107438016529042,0.4195016876568709
ElasticNet,Train,0.8723520098382468,0.7288193158218168
ElasticNet,Train,0.5734581149493531,1.0323934670555623
ElasticNet,Train,0.7971694225490045,0.1491120251942426
ElasticNet,Train,-1.221064605101569,-0.7616542982382541
ElasticNet,Train,0.2600713879850748,0.19402578908470014
ElasticNet,Train,0.7302275189599128,0.47278984874250196
ElasticNet,Train,0.6373245098685487,0.467631293681638
ElasticNet,Train,1.394451680826216,0.8174418099545095
ElasticNet,Train,0.9163342758539162,0.7605904618266404
ElasticNet,Train,0.02214307063863684,-0.20959374232474648
ElasticNet,Train,0.5496719218682735,0.392249924162007
ElasticNet,Train,-0.7933871979013215,-0.1585416983610044
ElasticNet,Train,-0.07051482059282402,0.22411452284913846
ElasticNet,Train,-1.517084431448743,-0.8772658451097151
ElasticNet,Train,0.2477360902479951,0.3281773342076859
ElasticNet,Train,1.031407035175877,0.4213302037368698
ElasticNet,Train,-1.863570317441311,-0.8395201428046442
ElasticNet,Train,1.080536912751675,0.43645870460102265
ElasticNet,Train,0.3534526924483971,0.06180237109459907
ElasticNet,Train,-1.112831858407081,-0.4329794137417047
ElasticNet,Train,0.249877473216598,0.2761428387304026
ElasticNet,Train,-0.1763846362985451,-0.314734183438538
ElasticNet,Train,0.4653828514484183,0.38206385352762595
ElasticNet,Train,0.3971129200300176,0.1560181410151542
ElasticNet,Train,0.648364110491845,0.5823450589718442
ElasticNet,Train,1.174641192660449,0.20565917418328572
ElasticNet,Train,0.5587284924162972,0.4923053956103296
ElasticNet,Train,-0.2770149382233361,0.18731227516659543
ElasticNet,Train,0.1789541471922132,0.753319289457312
ElasticNet,Train,-0.8196731304698925,-0.4767782149595352
ElasticNet,Train,-0.6073030467403343,-0.39484663243579965
ElasticNet,Train,1.142241379310341,0.21083237632163143
ElasticNet,Train,-1.214824120603015,-0.20396513733264499
ElasticNet,Test,0.3324384599156053,0.18004680703010667
ElasticNet,Test,3.164179103238849,0.5077954928596108
ElasticNet,Test,0.5014171282441098,0.4732347537998418
ElasticNet,Test,-0.3061000384340861,-0.5625835987266528
ElasticNet,Test,0.5209109372834104,0.3996847059377433
ElasticNet,Test,0.2184674937789584,0.1600337069100981
ElasticNet,Test,-0.6189591078066927,-0.2584175525882886
ElasticNet,Test,-0.08633414873527591,0.137535426372273
ElasticNet,Test,1.094342640722355,0.8078569771689468
ElasticNet,Test,0.9931205342354806,0.6397133498713592
ElasticNet,Test,-0.8313241449568525,-1.3306491449065674
ElasticNet,Test,-0.5408689174769996,-0.2777805464519256
ElasticNet,Test,0.0649854939798157,-1.2027038543371746
ElasticNet,Test,-0.9633176592446268,-0.43706182313290354
ElasticNet,Test,-0.8239087409443188,-0.27912786111513965
ElasticNet,Test,-0.2992233682875201,-0.3627670235309046
ElasticNet,Test,0.4271453189369645,0.18675368292301187
ElasticNet,Test,0.4415191304571257,1.3035309021159949
ElasticNet,Test,0.8292314636701624,0.6396817147525071
ElasticNet,Test,0.290034611362518,0.07791417707908121
ElasticNet,Test,-0.6595299383442075,-0.5572951240906019
ElasticNet,Test,1.283198266190026,0.9856299123242918
ElasticNet,Test,0.4275633669545613,0.17627268871951896
ElasticNet,Test,-1.071860922666721,-0.41006616217697056
ElasticNet,Test,0.07018822533816348,0.029059104315721562
ElasticNet,Test,-0.03068512285530053,0.547210141381191
ElasticNet,Test,0.3344537511509309,0.07791417707908121
ElasticNet,Test,0.04614998447069624,-0.13908452298186624
ElasticNet,Test,-0.2924298239020636,-0.3776878024650627
ElasticNet,Test,0.414973347970818,-0.06367270890524224
ElasticNet,Test,0.6548599518166115,0.4909952958000322
ElasticNet,Test,0.761745810919945,0.44902587789167403
ElasticNet,Test,0.6315789473684207,-0.02861504060300768
ElasticNet,Test,1.01169221234297,0.7059403021818178
ElasticNet,Test,-1.452991452991453,-0.4303898682320495
ElasticNet,Test,-0.7611389642143674,-0.7176811142335833
ElasticNet,Test,0.1145400335558539,-0.19221028701154386
ElasticNet,Test,1.253437245309724,1.1537735396218796
ElasticNet,Test,-0.5938066216438812,-0.6986223541984729
ElasticNet,Test,-1.719591275179851,-0.8076693574691078
ElasticNet,Test,0.3031960574204888,0.07791417707908121
ElasticNet,Test,-0.1767241379310328,-0.2623549531856244
ElasticNet,Test,-3.084170854271357,-0.3562193599942379
ElasticNet,Test,0.5881912753291252,0.3122205948812191
ElasticNet,Test,0.8292314636701619,0.5587109008832567
ElasticNet,Test,0.568201724066995,0.24601332930447417
ElasticNet,Test,0.3119932648840557,-0.19865073793589838
ElasticNet,Test,0.3426900584795311,0.10905355937187666
ElasticNet,Test,-1.05000038465533,-0.5098656192120887
ElasticNet,Test,0.6242820958356683,0.5823450589718442
ElasticNet,Test,-0.3841226480657678,-0.036799588211124945
ElasticNet,Test,-0.7628438624246476,0.3298697658637001
ElasticNet,Test,-1.517084431448743,-0.8772658451097151
ElasticNet,Test,0.7294593264839196,0.23624404327265425
ElasticNet,Test,0.8965262174895553,-0.5236638206318898
ElasticNet,Test,-1.448275862068967,-0.6352411656543706
ElasticNet,Test,0.6052964725395565,0.6295263840019232
ElasticNet,Test,0.6020599913279624,0.10247691931444203
ElasticNet,Test,-0.3841226480657678,-0.036799588211124945
ElasticNet,Test,0.4248088801709484,0.13772034073849437
ElasticNet,Test,-0.01106194690265572,-0.2807289070542751
ElasticNet,Test,0.7618945674400744,-1.2758832748127242
ElasticNet,Test,0.03779758291381349,1.1126541929207254
ElasticNet,Test,-0.07719576496805934,0.5345639016863788
ElasticNet,Test,-1.105822721176797,-0.37912388957982723
ElasticNet,Test,-0.2500000000000024,-0.1505951847307172
ElasticNet,Test,-0.3824561403508766,-0.4314628806293579
ElasticNet,Test,2.086283185840707,0.5326667307159414
ElasticNet,Test,0.3982725127375335,0.35035610888129165
ElasticNet,Test,0.5587085705331657,0.20292582067010567
ElasticNet,Test,0.3596766725050837,1.3488419528728375
ElasticNet,Test,0.3010299956639812,0.07786970200688659
ElasticNet,Test,-0.163262387944784,0.15664884034105153
ElasticNet,Test,-0.1364894692937454,-1.3187849965222014
ElasticNet,Test,0.4754464211067237,0.170461440845741
ElasticNet,Test,-0.1364894692937454,-1.3187849965222014
ElasticNet,Test,0.5185139398778874,0.6906935990350875
ElasticNet,Test,0.5433383280405261,0.29449317744118575
ElasticNet,Test,0.05803546917037159,-0.38135860524283705
ElasticNet,Test,-0.744727494896694,-0.9372782490526601
ElasticNet,Test,-0.5631007681788924,0.3795241298458587
ElasticNet,Test,1.133825549864817,0.6493426577291166
ElasticNet,Test,0.4776604850213967,0.35668635933872683
ElasticNet,Test,-0.09691001300805639,0.131299564014268
ElasticNet,Test,1.50559284116331,1.0169080652510132
ElasticNet,Test,1.076276352144377,0.6535429070870056
ElasticNet,Test,0.436162647040756,0.07791870365309572
ElasticNet,Test,-0.1986570869544228,0.13752257166697213
ElasticNet,Test,0.3463529744506387,0.07791417707908121
ElasticNet,Test,-0.02059282371294896,0.08176923754719534
ElasticNet,Test,0.583638190231899,-0.08109450926749084
ElasticNet,Test,0.5484338463910386,0.5503550637442727
ElasticNet,Test,0.7971694225490045,0.1491120251942426
ElasticNet,Test,-0.9285714285714313,-0.3200952132522945
ElasticNet,Test,-1.599246231155778,-0.37625320732228174
ElasticNet,Test,0.6354837468149122,0.5647680020604902
ElasticNet,Test,0.7932016100908708,0.6419534535597351
ElasticNet,Test,0.5670263661590603,0.2460578043766688
ElasticNet,Test,0.4393326938302626,0.05996394585013631
ElasticNet,Test,0.4158977539238713,0.4715697225737716
ElasticNet,Test,-0.4090614296906621,-0.6091714491681637
ElasticNet,Test,0.5014171282441111,0.6006379961918682
ElasticNet,Test,-0.5144205230153214,0.6332926879597246
ElasticNet,Test,-0.001233048413828201,0.4994841355885151
ElasticNet,Test,1.107438016528938,0.5797913261233882
ElasticNet,Test,0.6211762817750351,0.5823450589718442
ElasticNet,Test,0.1003705451175629,-0.3776878024650627
ElasticNet,Test,-0.5829875518672214,-0.5357373724228462
ElasticNet,Test,0.05690485133647256,-0.39198974921175733
ElasticNet,Test,0.2182287808022119,0.30710899330106867
ElasticNet,Test,-1.97095435684647,-0.9683882983454504
ElasticNet,Test,0.6621085853152393,0.5678283332353309
ElasticNet,Test,-0.624161073825504,-0.7082352179283373
ElasticNet,Test,1.094342640722355,0.8078569771689468
ElasticNet,Test,-1.337242168318426,-0.4807073613043886
ElasticNet,Test,-0.4168875174404437,-1.3261614254427028
ElasticNet,Test,0.3521825181113625,0.4950329871615027
ElasticNet,Test,-0.7907934207082596,0.5410996519673414
ElasticNet,Test,0.6031443726201823,0.5823450589718442
ElasticNet,Test,-2.300251256281407,-0.32368709912832805
ElasticNet,Test,0.6096866096866093,-0.11224531102228397
ElasticNet,Test,0.3222192947339193,0.131299564014268
ElasticNet,Test,1.103190095954383,0.42557046812722854
ElasticNet,Test,-0.2881198278471295,-1.2280917229269324
ElasticNet,Test,0.4703209205104826,0.12634955014359817
ElasticNet,Test,0.5796458917139012,0.23566934376721627
ElasticNet,Test,0.5443965170527658,0.21979684224832452
ElasticNet,Test,1.027249205777354,0.9501078617479073
ElasticNet,Test,0.06037703633173449,0.3276100249129237
ElasticNet,Test,0.6107382550335557,0.38089419156230386
ElasticNet,Test,0.3778487999011506,0.44428646602799016
ElasticNet,Test,0.5380082475606797,0.3775224332593172
ElasticNet,Test,-0.6989700043360187,-0.535581379682015
ElasticNet,Test,0.6197183098591552,0.4546362447278871
ElasticNet,Test,-1.196026900731575,-1.3339804454421234
ElasticNet,Test,-0.624161073825504,-0.7082352179283373
ElasticNet,Test,0.9163342758539162,0.7605904618266404
ElasticNet,Test,0.0992694619521627,0.22445384712938465
ElasticNet,Test,0.2550304776875136,0.3889396669669294
ElasticNet,Test,0.7023705927993015,1.1441442317641222
ElasticNet,Test,0.07018822533816348,0.029059104315721562
ElasticNet,Test,0.3480198017392754,0.303426095276184
ElasticNet,Test,-2.301029995663981,-1.0064546698110866
ElasticNet,Test,1.39496674100774,-0.017254799750681782
ElasticNet,Test,1.142241379310341,0.21083237632163143
ElasticNet,Test,-0.4101744650890502,-0.36281848806821126
ElasticNet,Test,0.5805468137587243,0.4730291801328088
ElasticNet,Test,0.359835482339888,0.1322665312168224
ElasticNet,Test,1.070422535211266,0.8740839294794054
ElasticNet,Test,-1.407996505383249,-0.44032078974362787
ElasticNet,Test,0.9296083526018456,0.7059403021818178
ElasticNet,Test,0.6434526764861874,1.5901892037596275
ElasticNet,Test,1.142241379310341,0.21083237632163143
ElasticNet,Test,-1.535796071516882,-0.426612503964817
ElasticNet,Test,0.724275869600789,0.2313371532857339
ElasticNet,Test,-0.5742492738010503,-0.6696074011332309
ElasticNet,Test,-1.105822721176797,-0.42846898863145855
ElasticNet,Test,0.6532125137753437,0.5569106487943114
ElasticNet,Test,0.5775344108563207,0.23836695019439902
ElasticNet,Test,0.8389261744966443,0.15588294619777865
ElasticNet,Test,1.050866019970613,0.485399279789418
ElasticNet,Test,-2.221848749616356,-0.5489736739872093
ElasticNet,Test,-0.326729107509616,-0.20283165497934086
ElasticNet,Test,0.5763413502057929,0.5823450589718442
ElasticNet,Test,0.4913616938342727,0.639553858803297
ElasticNet,Test,-0.4266006465360775,-0.36670601644054823
ElasticNet,Test,0.7717853376544959,-0.5681035907980052
ElasticNet,Test,0.9049868953301389,1.040069335236481
ElasticNet,Test,0.3586960995738104,0.22907985145858967
ElasticNet,Test,0.000184675759379702,-0.4621894231821184
ElasticNet,Test,0.9041684928630465,0.9782407081549105
ElasticNet,Test,0.7957746478873244,0.5377966748842302
ElasticNet,Test,0.249877473216598,0.0843333354806326
ElasticNet,Test,0.2003166498975227,-0.041699671973658536
ElasticNet,Test,-0.09151498112135022,-0.4105178072944582
ElasticNet,Test,-0.6344221105527648,-0.2573949993400264
ElasticNet,Test,0.6532125137753437,0.6396792033934307
ElasticNet,Test,0.7784019021736095,-0.11055158258452313
ElasticNet,Test,0.3344537511509309,0.07791417707908121
ElasticNet,Test,-0.3967891925154016,-0.4006384527575636
ElasticNet,Test,0.8970760233918128,0.15058780562662366
ElasticNet,Test,-0.2399638415280812,0.248888407564549
ElasticNet,Test,-1.39907759602161,-0.7872944309246892
ElasticNet,Test,0.5546959574620433,-0.01903160210334498
ElasticNet,Test,0.03061224489796073,-0.2797577548750958
ElasticNet,Test,0.3344537511509309,0.07791417707908121
ElasticNet,Test,-0.5685840707964614,-0.3634890322665204
ElasticNet,Test,0.0380313199105153,-0.26484614805054096
ElasticNet,Test,0.5185139398778874,0.9186323135670194
ElasticNet,Test,-0.1053444761515942,-0.473223310441808
ElasticNet,Test,-0.275724130399211,-0.27912786111513965
ElasticNet,Test,1.133538908370217,0.8174418099545095
ElasticNet,Test,-1.613074447739991,-0.8970544028474905
ElasticNet,Test,0.568201724066995,0.07786970200688659
ElasticNet,Test,0.5368701749797076,-0.22707613858200215
ElasticNet,Test,-0.9145720716388055,-0.773254492372627
ElasticNet,Test,0.7150879065106778,0.635730445907031
ElasticNet,Test,-1.972093023255811,-0.9125682093029466
ElasticNet,Test,-0.4165682858734546,-0.4816809000459099
ElasticNet,Test,-0.2857142857142859,-0.2708572104398601
ElasticNet,Test,0.000184675759379702,-0.4621894231821184
ElasticNet,Test,-0.8232758620689672,-0.5110119638730082
ElasticNet,Test,0.1641903726520483,1.122593703905334
ElasticNet,Test,0.5551647741760672,0.46263680473877344
ElasticNet,Test,-1.20966708761141,-0.7366694211828013
ElasticNet,Test,0.0649854939798157,-1.2027038543371746
ElasticNet,Test,0.5250677226597745,0.6395634140254742
ElasticNet,Test,0.07918124604762482,0.308144768315735
ElasticNet,Test,-0.428990367220233,-0.3877167240812722
ElasticNet,Test,1.012034255098913,0.30133055303917344
ElasticNet,Test,0.7923916894982539,0.14906755012204798
ElasticNet,Test,0.8441444706166565,2.10099296178703
ElasticNet,Test,-0.03068512285530053,0.24617666189200182
ElasticNet,Test,-0.1308971686110271,0.2763737660448582
ElasticNet,Test,0.422413793103446,-0.05977294817779111
ElasticNet,Test,-1.117647058823529,-0.20498769058090716
ElasticNet,Test,0.6850556999575159,0.7281351251414829
ElasticNet,Test,0.7114680014156944,0.4715697225737716
ElasticNet,Test,0.7189234367587567,0.7359719605329185
ElasticNet,Test,0.07554696139253074,-0.09022945021850637
ElasticNet,Test,-0.5829875518672214,-0.5357373724228462
ElasticNet,Test,-0.1962946451439691,-0.11767122106477279
ElasticNet,Test,0.4691793022254807,0.6082233110279622
ElasticNet,Test,0.9259716473223176,0.6862669704101705
ElasticNet,Test,0.1760912590556812,0.13134856566047715
ElasticNet,Test,-0.03205202065153314,-0.09218302270633072
ElasticNet,Test,-0.01916049952100591,-0.2647751401303765
ElasticNet,Test,-0.03205202065153314,-0.09218302270633072
ElasticNet,Test,0.6231704616375756,0.34412688057778107
ElasticNet,Test,0.5185139398778874,0.6395956406627865
ElasticNet,Test,-0.1087719298245615,-0.050866914669611685
ElasticNet,Test,0.6071342742642603,0.2272253578413309
ElasticNet,Test,0.403033586132178,0.39253255539411036
ElasticNet,Test,1.200118221872587,-0.04179407715398953
ElasticNet,Test,0.4559035956430633,0.2994431913118556
ElasticNet,Test,0.2533637564272291,0.6076864789700658
ElasticNet,Test,0.2845428661815921,0.12552603863059464
ElasticNet,Test,0.284243604897899,-0.053809320978034925
ElasticNet,Test,0.1485380116959049,0.14367900600486538
ElasticNet,Test,-0.9021734110319146,-0.20494321550871253
ElasticNet,Test,0.3726162606770048,-0.012693812239009561
ElasticNet,Test,-0.5686362358410126,-0.27912786111513965
ElasticNet,Test,0.2304489213782739,0.6394700835806413
ElasticNet,Test,1.266940635346726,1.3219171669194671
ElasticNet,Test,-0.1425476623911539,0.8326082161004487
ElasticNet,Test,0.8197624407474513,0.37231357393555675
ElasticNet,Test,0.7505083948513462,-0.5236638206318898
ElasticNet,Test,1.266940635346726,1.3219171669194671
ElasticNet,Test,0.5391498881431767,-0.0142681415102337
ElasticNet,Test,0.6627578316815741,0.4142014316742566
ElasticNet,Test,0.4456042032735976,0.3139155575024015
ElasticNet,Test,-2.323341080224196,-0.35363742042554436
ElasticNet,Test,-0.6666723925349947,-0.7176667479204935
ElasticNet,Test,0.8441444706166565,2.10099296178703
ElasticNet,Test,0.6803355134145632,0.20292582067010567
ElasticNet,Test,0.6157487820036969,0.8078569771689468
ElasticNet,Test,0.5563025007672873,1.214921009053318
ElasticNet,Test,1.653277152283784,1.1432377583882671
ElasticNet,Test,0.5797835966168101,0.750488686269432
ElasticNet,Test,0.648364110491845,0.5823450589718442
ElasticNet,Test,0.8897968700686152,0.6184374636683798
ElasticNet,Test,-2.634968218916374,-0.40970234208392287
ElasticNet,Test,-0.1308971686110271,0.2763737660448582
ElasticNet,Test,0.3502480183341629,0.07791417707908121
ElasticNet,Test,-0.1568423903044668,0.5297956797796441
ElasticNet,Test,0.4232458739368078,0.4077688843860594
ElasticNet,Test,0.3502480183341629,0.07791417707908121
ElasticNet,Test,0.8122446968003693,-0.5236638206318898
ElasticNet,Test,0.9270401707559837,0.8719257079388927
SVR,Train,0.4683473304121573,0.466816671291448
SVR,Train,0.146128035678238,0.3300885244136995
SVR,Train,0.3617278360175928,0.6078256245037248
SVR,Train,0.05690485133647256,-0.12111354373252367
SVR,Train,0.3483048630481607,0.34995400978581565
SVR,Train,0.01703333929878037,-0.02644280949652653
SVR,Train,0.3463529744506387,0.3302079801828426
SVR,Train,-0.492397660818713,-0.4904688909482859
SVR,Train,-0.3135371308479524,-0.31164235855601485
SVR,Train,1.002759171414269,1.0175681076812833
SVR,Train,-0.9021734110319146,-0.6403634665964018
SVR,Train,-0.9653698872018781,-0.967111805989397
SVR,Train,-0.07265302803383195,-0.29119673244791633
SVR,Train,-0.05698339270242879,-0.05910436089220347
SVR,Train,-0.4930892744484819,-0.4911714235999677
SVR,Train,-2.000011146780801,-1.9984289711221135
SVR,Train,0.3014609394254348,0.2993386210685225
SVR,Train,-0.220163883572486,-0.047319972313602826
SVR,Train,-0.4135338345864666,-0.2095671300701025
SVR,Train,-0.01503759398496262,-0.13535222759967566
SVR,Train,-0.7827067862373733,-0.7843967671538334
SVR,Train,0.2889866653481595,0.2905046340990515
SVR,Train,-0.1568423903044674,-0.10917267025189577
SVR,Train,0.07918124604762482,0.08724883400482149
SVR,Train,0.009925308530127852,0.011523026808725852
SVR,Train,0.6244897959183671,0.6226831350666177
SVR,Train,1.04442036836403,0.877774376301333
SVR,Train,-0.1611509092627447,-0.1591482322230119
SVR,Train,0.9365132613368841,0.6912307571882224
SVR,Train,0.3283796034387377,0.3302079801828426
SVR,Train,0.729439713313603,0.7278106044083552
SVR,Train,0.5484338463910386,0.5466203806063895
SVR,Train,0.6387979239767979,0.6945608444934662
SVR,Train,0.8274660015984828,0.29253144296791245
SVR,Train,0.3029055729718366,0.3044355021645722
SVR,Train,0.4415191304571257,0.44017337374052395
SVR,Train,0.07980012213427638,0.07795424966634948
SVR,Train,-1.567441860465111,-1.5669894607676973
SVR,Train,0.3283796034387377,0.3302079801828426
SVR,Train,0.8197624407474513,0.8214402592533228
SVR,Train,0.04561403508771715,0.043976570734639925
SVR,Train,0.6211762817750351,0.6197720406756468
SVR,Train,0.8805963907349271,0.4813076575096391
SVR,Train,0.18155415475718,0.18345886608330908
SVR,Train,0.5439699507256512,0.5422569597490796
SVR,Train,-0.02664840017615605,-0.028315280847169142
SVR,Train,-0.9510050251256278,-1.13315515903485
SVR,Train,0.6380090497737567,0.6360927459592737
SVR,Train,0.7096881214587651,0.8942364455954886
SVR,Train,0.9931205342354806,0.6064184697907484
SVR,Train,0.4070585517469932,0.43085998900702766
SVR,Train,0.8965262174895553,0.748969430041567
SVR,Train,0.4456042032735976,0.4441420896003425
SVR,Train,-0.1568423903044674,-0.10917267025189577
SVR,Train,0.2627398291759235,-0.11061994180687659
SVR,Train,-1.319015722105611,-1.3513246980315228
SVR,Train,1.266940635346726,1.2683548112762952
SVR,Train,-0.3646786304543028,-0.36275236886474405
SVR,Train,0.3283796034387377,0.3302079801828426
SVR,Train,0.9386591389737827,0.9400854306846143
SVR,Train,0.07554696139253074,0.07379089320153967
SVR,Train,0.7075701760979364,0.7056966022114145
SVR,Train,0.981279216850904,0.9797077451867892
SVR,Train,0.2183393686410296,0.21701526785918024
SVR,Train,0.3747483460101039,0.3302079801828426
SVR,Train,1.205965557619709,1.204210200499663
SVR,Train,0.6242823997773247,0.62561088846488
SVR,Train,-1.448275862068967,-1.5282235980602725
SVR,Train,-0.1767241379310328,-0.17498747582099747
SVR,Train,0.8949079089924165,0.8966464397799598
SVR,Train,0.02005766926485197,0.5932909982299847
SVR,Train,0.0594209901149536,0.061197947905786226
SVR,Train,1.01703333929878,1.019148922175277
SVR,Train,-0.4416951356407078,-0.4404659016182817
SVR,Train,-0.2041199826559248,-0.20242651253547736
SVR,Train,0.9453191100762133,1.066729727859179
SVR,Train,1.336639818641689,1.3351831372170113
SVR,Train,0.7505083948513462,0.7354567780803414
SVR,Train,0.3254607304414622,0.32746075348416115
SVR,Train,0.1206896551724121,0.07098203319859889
SVR,Train,0.255030477687516,0.6474752488958028
SVR,Train,0.5308775731310934,0.528779930466394
SVR,Train,0.6812412373755872,0.679670967334463
SVR,Train,0.6211762817750351,0.6232293212085412
SVR,Train,0.2430380486862944,0.244368732761209
SVR,Train,0.6812412373755872,0.7990639446147809
SVR,Train,-2.634968218916374,-2.5087787214760007
SVR,Train,0.7204210054216508,0.7187344381433831
SVR,Train,0.6435536294691222,0.6451155349042684
SVR,Train,-0.01749782701560991,-0.0884151169947924
SVR,Train,0.9444679049496479,0.9463061163754137
SVR,Train,-0.1220556745182012,-0.12382608039953921
SVR,Train,-1.508793969849246,-0.7424057801948298
SVR,Train,1.053316562126286,1.0551159260774712
SVR,Train,0.1319863281682527,-0.23684032359218662
SVR,Train,0.380211241711606,0.3784331623554362
SVR,Train,-0.14066513997672,-0.1387318904836623
SVR,Train,0.5975482649800063,0.5993511110183086
SVR,Train,0.3892141639057259,0.3873915583195742
SVR,Train,0.6123933697586622,0.6140459253837478
SVR,Train,1.03342375548695,1.019148922175277
SVR,Train,-0.1449235972700369,-0.14680177492987265
SVR,Train,-0.04488919723294831,-0.0430251504209691
SVR,Train,0.3020134228187899,0.3036132082174485
SVR,Train,0.0380313199105153,0.03962783373046322
SVR,Train,0.8650979287404373,0.8777780129899491
SVR,Train,0.9956351945975499,0.9939579132231089
SVR,Train,0.3020134228187899,0.3036132082174485
SVR,Train,-1.629310344827578,-1.6278691663017313
SVR,Train,0.1437655938677714,0.14512266730635026
SVR,Train,1.179291901828044,1.177337157840681
SVR,Train,0.4653828514484183,0.4632762702442756
SVR,Train,0.6587215601300098,0.6572816390820606
SVR,Train,-0.2525154392181344,-0.25068824742156126
SVR,Train,0.249877473216598,0.24853244723408527
SVR,Train,1.173186268412274,1.0175681076812833
SVR,Train,-0.1220556745182012,-0.12382608039953921
SVR,Train,0.9886636158427594,0.6548844425481237
SVR,Train,0.1307061523494404,0.13250110276613977
SVR,Train,0.05335735049852605,0.05138361991640453
SVR,Train,1.053324533905294,1.0515620943929656
SVR,Train,-0.051282051282051,-1.1092794655523899
SVR,Train,0.9629629629629627,0.7693160971723229
SVR,Train,-0.110008534838633,-0.10829629821345363
SVR,Train,1.170774647887323,1.169272335173798
SVR,Train,-0.1858879153069338,-0.30093301149255725
SVR,Train,0.7075701760979364,0.7055853985199182
SVR,Train,0.5670263661590603,0.5684454346819505
SVR,Train,0.5910646070264992,0.5892599223907324
SVR,Train,1.007042253521127,1.0175681076812833
SVR,Train,-0.2500000000000024,-0.3066374070489389
SVR,Train,0.5185139398778874,0.5648248922090473
SVR,Train,1.411695906432748,1.413707923293649
SVR,Train,0.3031960574204888,0.3302079801828426
SVR,Train,0.2017575408454702,0.20375904822621496
SVR,Train,1.253437245309724,1.251842735183637
SVR,Train,-0.7718752999018175,-0.8226878111526232
SVR,Train,0.2280938887519323,0.2298923528225815
SVR,Train,0.4679182470163208,0.4699020429570129
SVR,Train,-1.642975206611555,-1.21697396644849
SVR,Train,-0.1251546956789149,-0.12337322004885565
SVR,Train,-1.563758389261749,-1.5653786703705115
SVR,Train,-1.148741651280925,-0.6364194094187955
SVR,Train,-0.06251993703895245,-0.05573514986189962
SVR,Train,-0.3071596757466341,-0.3052672152230024
SVR,Train,0.526339277389844,0.519598316948403
SVR,Train,0.3813651137594792,0.03372802227088388
SVR,Train,0.8039521828148732,0.8059298460564472
SVR,Train,0.7762863534675611,0.7743680590466107
SVR,Train,0.3979400086720376,0.39917601733738634
SVR,Train,-0.053666651000876,-0.05191265926679331
SVR,Train,0.8393863014886044,0.8777780129899491
SVR,Train,0.9771853913912649,0.9752824143781851
SVR,Train,-1.517084431448743,-1.5159112825329326
SVR,Train,0.8035528064607984,0.801662415642771
SVR,Train,-0.619788758288394,-0.6212812644583114
SVR,Train,-2.05603448275861,-2.054359198716937
SVR,Train,0.2657130090914611,0.26787265098723234
SVR,Train,0.7958333900509484,0.7937943468255257
SVR,Train,-1.234704354653622,-1.2326953440769768
SVR,Train,0.639911259500979,0.5825399296657872
SVR,Train,-1.785155875122728,-1.2154197242849119
SVR,Train,1.205965557619709,1.204210200499663
SVR,Train,1.180116959064325,1.178661700837344
SVR,Train,-0.5086383061657274,-0.5070628550970312
SVR,Train,-2.705549293202082,-2.7037011733750647
SVR,Train,0.2182287808022146,0.6083954750854749
SVR,Train,0.4913616938342727,0.48968510992227954
SVR,Train,1.310541310541309,1.3086651454183298
SVR,Train,0.1647522604652088,0.08701164002722275
SVR,Train,0.6127838567197355,0.6113237254254186
SVR,Train,-1.965416298346072,-1.5948291689239522
SVR,Train,-0.01503759398496262,-0.013646165019043786
SVR,Train,0.2046493264802312,0.6548844425481237
SVR,Train,0.2627398291759235,-0.11061994180687659
SVR,Train,-1.23858934503561,-1.2368729576236057
SVR,Train,-0.7628438624246476,-1.9383931831713561
SVR,Train,1.283198266190026,1.2841388729051912
SVR,Train,0.1950162513542781,0.19304400598149848
SVR,Train,0.2163162610163941,0.21426252681180358
SVR,Train,0.2557547866430442,-0.16944292346021375
SVR,Train,1.021189299069938,1.019148922175277
SVR,Train,0.889796870068615,0.6062211895799154
SVR,Train,0.5387931034482746,0.5367734807596611
SVR,Train,0.4913616938342727,0.4605601565793133
SVR,Train,-0.2688453122925803,-0.2671708005921343
SVR,Train,1.463157894736841,1.4612184853034413
SVR,Train,0.380211241711606,0.3783155099092039
SVR,Train,0.2430380486862944,0.244368732761209
SVR,Train,-0.4353448275862056,-0.43727150805900616
SVR,Train,-2.535140249212473,-1.6956025331216869
SVR,Train,-0.619788758288394,-0.6212812644583114
SVR,Train,-0.04261660721896531,0.04334804273013007
SVR,Train,0.8897968700686152,0.6953711795632456
SVR,Train,0.8577031944274324,0.8559579096436112
SVR,Train,-1.407996505383249,-1.167563158033373
SVR,Train,0.6031443726201823,0.6197720406756468
SVR,Train,0.6106601630898799,0.6197720406756468
SVR,Train,0.6989700043360189,0.697213911324434
SVR,Train,0.3747483460101039,0.3302079801828426
SVR,Train,1.204119982655925,1.0175681076812833
SVR,Train,-1.448275862068967,-1.5282235980602725
SVR,Train,-0.5393360442731673,-0.5410452320093234
SVR,Train,0.07675507020280567,-0.06849133470426391
SVR,Train,0.6023835319609966,0.6042237951436337
SVR,Train,0.1641903726520483,0.16831429894636044
SVR,Train,1.093599819380088,1.1144196308476297
SVR,Train,0.5888613512538016,0.5909606152399678
SVR,Train,-2.323341080224196,-2.321533386368123
SVR,Train,-0.5072750233349814,-1.0275585156099258
SVR,Train,0.04532297878665748,-0.09205002442751506
SVR,Train,0.5647935551309269,0.3118412940913229
SVR,Train,0.6803355134145632,0.5602017841625881
SVR,Train,0.4623084667179462,0.22284365166537107
SVR,Train,0.3463529744506387,0.3302079801828426
SVR,Train,-0.8301121378671653,-0.8283062295197832
SVR,Train,-0.9937759336099588,-0.9920210089776194
SVR,Train,0.5185139398778874,0.5648248922090473
SVR,Train,1.362275079783117,1.3606933733270155
SVR,Train,0.5910646070264992,0.6069506104503506
SVR,Train,-0.3091286307053941,-0.3075836176183979
SVR,Train,1.346198830409355,1.3478951963942538
SVR,Train,-0.1321607680099658,-0.13069688605271532
SVR,Train,-1.885678391959799,-0.8163097658591103
SVR,Train,-0.2165366614664583,-0.07471424520470873
SVR,Train,0.7297801442202818,0.742585907181904
SVR,Train,0.02005766926485197,0.06954444541480631
SVR,Train,0.7672413793103442,0.7762236237766841
SVR,Train,0.1760912590556784,0.4863289304757319
SVR,Train,-1.071860922666721,-1.345932334820223
SVR,Train,0.09022556390977356,-0.11203264298529134
SVR,Train,0.5046261715629264,0.5029849477331148
SVR,Train,-0.07996729962314643,-0.07803769444919585
SVR,Train,0.4390446521287634,0.4405389076862857
SVR,Train,1.253437245309724,1.251842735183637
SVR,Train,0.5209109372834104,0.5230118773982503
SVR,Train,-0.8232758620689672,-0.81054153850808
SVR,Train,0.5910646070264992,0.5892599223907324
SVR,Train,1.146941207143456,1.1453622767382203
SVR,Train,-0.7452111206482993,-0.8211952201552237
SVR,Train,1.030489322147899,1.0283803018622855
SVR,Train,-0.11903795188283,-0.1173198288034055
SVR,Train,-1.49248120300752,-0.25058130571594406
SVR,Train,0.6364937630495308,0.6348991677816149
SVR,Train,0.6553852426545229,1.099195742696755
SVR,Train,0.6151940149681981,0.6135172741897811
SVR,Train,0.5910646070264992,0.7990639446147809
SVR,Train,0.3636119798921443,0.36566391020113775
SVR,Train,0.6373245098685487,0.6358027587002225
SVR,Train,0.3856062735983122,0.3836259612449852
SVR,Train,-0.2340726776061404,-0.235950797426947
SVR,Train,-1.096910013008056,-1.0952801001411194
SVR,Train,0.3318965517241376,0.33363601238183405
SVR,Train,0.735555471593347,0.7234152883164878
SVR,Train,0.082934622503059,0.08158839054408115
SVR,Train,0.2186959627617429,0.22080411700377808
SVR,Train,0.8965262174895553,0.748969430041567
SVR,Train,0.135537190082656,0.13766311780924015
SVR,Train,0.9883040935672512,0.9473911322490021
SVR,Train,0.1079563182527277,0.17490514963350864
SVR,Train,-0.07996729962314643,-0.07803769444919585
SVR,Train,-0.1767241379310328,-0.17498747582099747
SVR,Train,0.3892141639057259,0.3873915583195742
SVR,Train,-0.3098039199714863,-0.5070628550970312
SVR,Train,0.3470521755509489,0.3668635645170634
SVR,Train,2.036619573798714,2.034892245240654
SVR,Train,0.7965743332104297,0.8159324099900278
SVR,Train,-0.7884826218653814,-0.7902283835833505
SVR,Train,0.272337896627725,0.2666266192914797
SVR,Train,0.6173305771416362,0.8159324099900278
SVR,Train,0.02419338211248408,0.022223083097879515
SVR,Train,-0.1767337807606265,-0.17521369548211307
SVR,Train,-0.5534883720930238,-0.19141513861050583
SVR,Train,0.9409251269338039,1.0175681076812833
SVR,Train,0.9041684928630465,0.9061579735534673
SVR,Train,-0.6344628557513522,-0.5376789701550981
SVR,Train,0.2017575408454702,0.20375904822621496
SVR,Train,1.50559284116331,1.503925321724368
SVR,Train,-1.535796071516882,-1.5343305383908388
SVR,Train,0.6242820958356683,0.6197720406756468
SVR,Train,-1.196026900731575,-0.5470602440731136
SVR,Train,-1.114147993293855,-1.1160270768880718
SVR,Train,0.4509957088161992,0.4490810073050744
SVR,Train,-0.5938066216438812,-0.8871758050543019
SVR,Train,0.5539402549876365,0.29253144296791245
SVR,Train,0.6211762817750351,0.6197720406756468
SVR,Train,-0.6971816306033263,-0.5658477675509954
SVR,Train,-1.06390977443609,-0.25045613696245583
SVR,Train,-0.1858879153069338,-0.30093301149255725
SVR,Train,0.3463529744506387,0.5602017841625881
SVR,Train,-0.04375512696868296,-0.04523681067388532
SVR,Train,1.076276352144377,1.0746316358353294
SVR,Train,0.03342375548694973,0.031456806558781414
SVR,Train,0.1525940779274698,0.15428346193300393
SVR,Train,0.4283919597989941,0.34653442518500155
SVR,Train,-0.7458094490628238,-0.7317925132222651
SVR,Train,0.8800879713874663,0.8785942638517921
SVR,Train,-1.603456897447042,-1.6022421914636475
SVR,Train,-0.06963592814139488,-0.06791488442753413
SVR,Train,-0.6932160417255555,-0.15651506293460124
SVR,Train,0.6989700043360189,0.6971435567317386
SVR,Train,0.9612068965517243,0.9591691489552945
SVR,Train,1.100763643371112,1.099195742696755
SVR,Train,0.7357274662281335,0.7374879160254757
SVR,Train,-0.638272163982407,-0.5070628550970312
SVR,Train,1.21937321937322,1.2211524057574756
SVR,Train,-0.8947368421052645,-0.8962718835704906
SVR,Train,-0.6942651060983038,-0.6956663018240501
SVR,Train,1.483396136807168,1.4816455404329856
SVR,Train,0.6901960800285137,0.6886898000662438
SVR,Train,-0.9937759336099588,-0.9920210089776194
SVR,Train,0.8292314636701619,0.5995282188924013
SVR,Train,0.1166176813015091,0.6309748395846221
SVR,Train,0.6842105263157892,0.6860050187943146
SVR,Train,1.80846742823059,0.4581898330275201
SVR,Train,-2.05603448275861,-2.054359198716937
SVR,Train,-1.487912814690911,-1.4862221724474423
SVR,Train,1.900826446281001,1.89959106058067
SVR,Train,-0.4724680904466963,-0.6062026208555428
SVR,Train,-0.6731240825341952,-0.6712210950061124
SVR,Train,0.8965262174895553,0.748969430041567
SVR,Train,-0.3189655172413801,-0.31767088537380894
SVR,Train,-0.2770508826583594,-0.2788340271237651
SVR,Train,0.1132746924643504,0.11205376771371514
SVR,Train,0.11978513052201398,0.11791433028842699
SVR,Train,0.4487063199050799,0.4470129187313873
SVR,Train,0.6756055617195716,0.6737795397311838
SVR,Train,0.2550304776875136,0.3547754894860621
SVR,Train,-0.02672178766989199,-0.02860910308405902
SVR,Train,-0.5385287031854444,-0.5404250000116269
SVR,Train,0.5797835966168101,0.5814777027971487
SVR,Train,0.534026106056135,0.5324146732419613
SVR,Train,-1.234704354653622,-1.2326953440769768
SVR,Train,0.4913616938342727,0.4605601565793133
SVR,Train,0.4275633669545613,0.5756067957012683
SVR,Train,-1.577881593704157,-1.465706458299284
SVR,Train,0.7671558660821804,0.7688605209833834
SVR,Train,1.100763643371112,1.099195742696755
SVR,Train,-0.04170093891793042,-0.04701691155719838
SVR,Train,0.1173491877479526,-0.2092356801823709
SVR,Train,0.9931205342354806,0.6064184697907484
SVR,Train,0.4329710789008698,0.3567097164871469
SVR,Train,-1.763274336283189,-1.3136559660339686
SVR,Train,0.7146198830409358,0.7162902765495623
SVR,Train,0.2145178764897056,0.21643071079643814
SVR,Train,0.3970273286679523,0.3956369360788663
SVR,Train,1.559045226130653,1.557359831606369
SVR,Train,-0.4168875174404437,-0.4152638418793326
SVR,Train,-0.2770149382233361,-0.2753704514720293
SVR,Train,-0.6,-0.6018682217426579
SVR,Train,-2.705549293202082,-2.7037011733750647
SVR,Train,0.1721105527638171,0.12917471831444297
SVR,Train,0.03448275862068784,0.03279147899253368
SVR,Train,0.2259691527869807,0.22788574475293139
SVR,Train,0.0,0.0020863653509511186
SVR,Train,1.522361359570662,0.5837694899678147
SVR,Train,0.6387979239767979,0.6945608444934662
SVR,Train,0.8072619934565568,0.846480372896492
SVR,Train,0.3010299956639812,0.30253946917453434
SVR,Train,-1.439549404036478,-1.4379661014884357
SVR,Train,-0.05978886246861603,-0.14885268788314795
SVR,Train,-0.03476210625921197,-0.03623226353279036
SVR,Train,-0.2446720795208597,-0.34095200122168734
SVR,Train,0.4082399653118496,0.519598316948403
SVR,Train,-0.767123174186889,-0.7657512157390501
SVR,Train,0.5118833609788743,0.748969430041567
SVR,Train,-0.3189655172413801,-0.31767088537380894
SVR,Train,0.04260470370605519,0.04455355541793184
SVR,Train,-0.1464838638239616,-0.14443343639052772
SVR,Train,0.1128752143459643,0.2360199416925478
SVR,Train,0.8670923337204245,0.868707801050677
SVR,Train,-0.05632686832306318,-0.06373171544378355
SVR,Train,0.535215663796611,0.5298660013443941
SVR,Train,1.205965557619709,1.204210200499663
SVR,Train,0.03261876085071993,0.03056872153634396
SVR,Train,-0.4353448275862056,-0.43727150805900616
SVR,Train,0.8305886686851442,0.8159324099900278
SVR,Train,1.656589559399379,0.7233418913210286
SVR,Train,0.4126109061603624,0.41067763198059126
SVR,Train,-0.004333694474538976,-0.0026727909082396167
SVR,Train,0.2637409109445279,0.2618687561524842
SVR,Train,0.414973347970818,0.41667209452005377
SVR,Train,-0.2340726776061404,-0.235950797426947
SVR,Train,0.5860497157265141,0.587743633802015
SVR,Train,1.181843587944773,1.2041958763864007
SVR,Train,0.9404117009750815,0.8159285304743104
SVR,Train,0.6729746935258656,0.6715239321084792
SVR,Train,-0.07719576496805934,-0.02500952054278991
SVR,Train,0.5265032835812309,0.700795541119147
SVR,Train,0.3031960574204888,0.3302079801828426
SVR,Train,1.087550726310677,1.0891307466530598
SVR,Train,-0.4975728800155673,-0.7053942904156173
SVR,Train,-0.14066513997672,-0.1387318904836623
SVR,Train,0.6526722071108372,0.5300143540591029
SVR,Train,1.146941207143456,1.1453622767382203
SVR,Train,0.05113650594874027,0.05294416117306842
SVR,Train,1.050866019970613,1.0491343948722283
SVR,Train,0.5763413502057929,0.6197720406756468
SVR,Train,0.62463078972132,0.6227467608212602
SVR,Train,0.5586226439045551,0.634722934580944
SVR,Train,0.6242820958356683,0.6197720406756468
SVR,Train,-0.01749782701560991,-0.0884151169947924
SVR,Train,0.5265032835812309,0.5865807087689019
SVR,Train,-0.6426046233183135,-0.6410156350400303
SVR,Train,0.7237976748508552,0.7258593831842158
SVR,Train,0.6627578316815741,0.6646063640434989
SVR,Train,0.7910868478099096,0.7891396371149964
SVR,Train,0.686155075454263,0.5868561272442231
SVR,Train,0.7114680014156944,0.7003862939772063
SVR,Train,0.2050678430236896,0.06973337660326487
SVR,Train,-0.9653698872018781,-0.9668380696560965
SVR,Train,0.07918124604762482,0.608408042473563
SVR,Train,-0.7756344514157028,-0.7736284572671527
SVR,Train,-0.01844926170390164,-0.020031763470030106
SVR,Train,-0.4626847268879903,-0.4614380931443588
SVR,Train,0.139109451707618,0.1375877848091148
SVR,Train,0.7672413793103442,0.7762236237766841
SVR,Train,0.8035528064607984,0.801662415642771
SVR,Train,0.1532051216061021,0.15502377672496476
SVR,Train,0.895422546039408,0.8697862726942814
SVR,Train,-0.4170444674351315,-0.41910932870311296
SVR,Train,-0.2266600537219346,-0.2118570059481801
SVR,Train,-0.03068512285530053,0.09632713328451648
SVR,Train,-1.511278195488722,-1.512987718979565
SVR,Train,-1.0333531830102,-1.0354169219533795
SVR,Train,1.021189299069938,1.0175681076812833
SVR,Train,-1.32437478025317,-1.3263945723352242
SVR,Train,0.03448275862068784,0.03279147899253368
SVR,Train,0.3483048630481607,0.34995400978581565
SVR,Train,0.9881114906350605,0.9861761815772869
SVR,Train,-2.0,-1.7680755400642822
SVR,Train,0.009925308530127852,0.011523026808725852
SVR,Train,-1.572614107883811,-1.5745630937010477
SVR,Train,0.3233082706766902,0.3217763339699675
SVR,Train,0.9881114906350605,0.9861761815772869
SVR,Train,0.8444444444444436,0.8675054162028019
SVR,Train,-1.105948718925517,-1.1074443022641502
SVR,Train,0.180451127819548,-0.08752729893736386
SVR,Train,-0.03943375318603481,-0.04114961654811141
SVR,Train,0.7204210054216508,0.7187344381433831
SVR,Train,0.5797835966168101,0.5814777027971487
SVR,Train,0.5185139398778874,0.5203789952914872
SVR,Train,0.04139268515822508,0.07830448276077953
SVR,Train,0.9347805899613781,-0.039376518093520683
SVR,Train,0.3617278360175928,0.3603556697397902
SVR,Train,-0.1762586357436119,-0.17823236871179507
SVR,Train,-0.08633414873527591,-0.18448799734217025
SVR,Train,-0.01844926170390164,-0.020031763470030106
SVR,Train,0.07554696139253074,0.07379089320153967
SVR,Train,0.02005766926485197,0.06954444541480631
SVR,Train,0.7671729371896298,0.7690881365856105
SVR,Train,0.3918367346938768,0.39393304217675074
SVR,Train,0.422413793103446,0.4210392112100321
SVR,Train,0.04139268515822508,0.3300885244136995
SVR,Train,-2.142667503568731,-2.141150671555641
SVR,Train,-0.5742492738010503,-0.5290272502154383
SVR,Train,-0.1251546956789144,0.6098169950726332
SVR,Train,0.6977248104008661,0.6960573129521199
SVR,Train,0.7505083948513462,0.748969430041567
SVR,Train,0.4679182470163208,0.4699020429570129
SVR,Train,1.02530586526477,0.7990639446147809
SVR,Train,1.608501118568232,1.606933095620589
SVR,Train,0.2880888597640699,0.22177171648222752
SVR,Train,0.5250677226597732,0.48164974264828647
SVR,Train,-0.129219291822582,-0.12708294350992808
SVR,Train,-0.5338345864661662,-0.22873545702515627
SVR,Train,-0.5408689174769996,-0.5050141060789515
SVR,Train,-0.04983748645720439,-0.05137695986277028
SVR,Train,0.2050678430236896,0.06973337660326487
SVR,Train,0.8463370005539435,0.8777780129899491
SVR,Train,-0.1964576461828072,-0.1791545735591304
SVR,Train,0.3596766725050837,0.3580447234772547
SVR,Train,0.006663850117991262,0.05625396190428192
SVR,Train,1.014680535148689,0.8032723774456603
SVR,Train,-2.05603448275861,-2.054359198716937
SVR,Train,0.1166176813015091,0.2706212661183159
SVR,Train,0.7971694225490045,0.7987411472093497
SVR,Train,0.929444837036069,0.978137549472012
SVR,Train,0.648364110491845,0.6197720406756468
SVR,Train,0.3778487999011506,0.37976012414426286
SVR,Train,0.5062846335392319,0.5076637814992907
SVR,Train,0.6306396086247502,0.6289393611785979
SVR,Train,-2.203831209357573,-2.202233764602201
SVR,Train,-1.118826698593236,-0.6402780910812749
SVR,Train,0.4913616938342727,0.3300885244136995
SVR,Train,0.2163162610163941,0.21426252681180358
SVR,Train,-0.4353448275862056,-0.43727150805900616
SVR,Train,-0.06251993703895245,-0.05573514986189962
SVR,Train,-0.1804891463142153,0.08920875987076632
SVR,Train,0.8976270912904415,0.7990639446147809
SVR,Train,0.7160033436347992,0.6945666115256803
SVR,Train,0.5669144981412634,0.5684623327915705
SVR,Train,-0.1464838638239616,-0.14443343639052772
SVR,Train,1.060697840353612,1.2041958763864007
SVR,Train,0.5387931034482746,0.5367734807596611
SVR,Train,-0.2372093023255822,0.5749263805562967
SVR,Train,0.6335218433719506,0.6313746685100106
SVR,Train,0.6532125137753437,0.5968896824054923
SVR,Train,-0.157894736842105,-0.15980872334211013
SVR,Train,0.6020599913279624,0.6002032759340518
SVR,Train,0.1367761095528764,0.1354221035764642
SVR,Train,1.522388149816989,1.5241269117408913
SVR,Train,0.5205895119541644,0.5220663120563152
SVR,Train,-0.5072750233349814,-1.0275585156099258
SVR,Train,-0.365959583733208,-0.3643386510104025
SVR,Train,0.3767593954048798,0.44140323289774464
SVR,Train,-0.5534883720930238,-0.19141513861050583
SVR,Train,-0.1141965678627143,0.17490514963350864
SVR,Train,0.6211762817750351,0.6197720406756468
SVR,Train,-1.781954887218045,-1.6624318202574053
SVR,Train,-1.42021640338319,-1.4182839972291785
SVR,Train,0.6106601630898799,0.6197720406756468
SVR,Train,0.4232458739368078,0.4248198120398596
SVR,Train,0.4128854232684702,0.41084662672617794
SVR,Train,0.082934622503059,0.08158839054408115
SVR,Train,0.6901960800285137,0.6886898000662438
SVR,Train,0.6231704616375756,0.6212425523366832
SVR,Train,0.9469432706978255,0.456454263594384
SVR,Train,-1.97095435684647,-1.969145900728046
SVR,Train,0.6107382550335557,0.6087914798726443
SVR,Train,0.5972924522285327,0.5953340428096903
SVR,Train,0.8777912162775305,0.8777780129899491
SVR,Train,0.5427268765011117,0.5444105403581624
SVR,Train,-1.005264266019541,-1.0038376465724828
SVR,Train,0.6127838567197355,0.6108783536021269
SVR,Train,0.62463078972132,0.6227467608212602
SVR,Train,-0.7628438624246476,-0.7610774801908744
SVR,Train,0.6020599913279624,0.6007703516989817
SVR,Train,0.5135427952329354,0.5154225064933462
SVR,Train,-0.8232758620689672,-0.81054153850808
SVR,Train,-1.567441860465111,-1.5669894607676973
SVR,Train,0.2211785219297459,0.2231293902886746
SVR,Train,1.294736842105262,1.293263723102048
SVR,Train,-0.4170444674351315,-0.41910932870311296
SVR,Train,-1.135338345864661,-1.1867760508271563
SVR,Train,0.1266770670826814,-0.07471424520470873
SVR,Train,-0.08633414873527538,0.6095685599637009
SVR,Train,1.209515014542631,1.0175681076812833
SVR,Train,-0.8313241449568525,-0.49017492578760735
SVR,Train,0.4615384615384614,0.470230593725276
SVR,Train,0.08880429497466488,0.0907294217577729
SVR,Train,-0.03943375318603481,-0.04114961654811141
SVR,Train,-1.092883061327005,-0.9403233513416284
SVR,Train,-0.460121203408758,-0.46210814816737467
SVR,Train,0.6456180461285638,0.6442914521645785
SVR,Train,0.7993405494535817,0.7990639446147809
SVR,Train,1.85436677804087,1.8527374087962383
SVR,Train,-0.03760465762697581,-0.03564147504818504
SVR,Train,0.5670263661590603,0.5684454346819505
SVR,Train,-0.07719576496805934,-0.02500952054278991
SVR,Train,0.2246783559484863,0.22284365166537107
SVR,Train,0.1882609887630737,0.18688890582873166
SVR,Train,-0.11903795188283,-0.1173198288034055
SVR,Train,0.6031443726201823,0.6197720406756468
SVR,Train,-0.02672178766989199,-0.02860910308405902
SVR,Train,-0.7628438624246476,-0.7610774801908744
SVR,Train,0.2186959627617429,0.22080411700377808
SVR,Train,0.1904538485873565,0.17343489831272274
SVR,Train,0.3617278360175928,0.3603556697397902
SVR,Train,0.2187134502923974,0.21728708532582927
SVR,Train,-1.777415033082565,-1.7758821376307932
SVR,Train,-0.1277985983463365,-0.12615447232618487
SVR,Train,-0.7451810935152875,-0.7055015547933245
SVR,Train,0.8296511438534148,0.8280526879616494
SVR,Train,0.1744584367708963,0.25327540576751284
SVR,Train,-0.4563268683230601,-0.4579885664304718
SVR,Train,0.1437655938677714,0.14512266730635026
SVR,Train,-0.005465586003222508,-0.007265759089998756
SVR,Train,-2.334481075108565,-1.3742989064833009
SVR,Train,0.6901960800285137,0.6917951165980535
SVR,Train,1.00893042575285,1.0072078647104123
SVR,Train,0.8910996649845989,0.8777780129899491
SVR,Train,0.806230529595015,0.8039390110830308
SVR,Train,0.365862215402555,0.36776281493599106
SVR,Train,-0.04261660721896531,0.04334804273013007
SVR,Train,0.1117004680187195,-0.06849133470426391
SVR,Train,0.06345484267917818,0.061699343734511414
SVR,Train,0.07980012213427638,0.07795424966634948
SVR,Train,-0.5864661654135337,-0.49588118960407046
SVR,Train,-0.8232758620689614,-0.8216779149121021
SVR,Train,0.6015860182746656,0.6064184697907484
SVR,Train,0.4040158561440467,0.4059602119302752
SVR,Train,-0.8232758620689614,-0.8216779149121021
SVR,Train,0.3119932648840557,-0.09425867933858753
SVR,Train,0.03448275862068784,0.03279147899253368
SVR,Train,1.047514794837365,1.0458438318994927
SVR,Train,0.4471580313422192,0.5602017841625881
SVR,Train,0.2304489213782739,0.22883760469476203
SVR,Train,0.1173491877479526,-0.2092356801823709
SVR,Train,0.8122446968003693,0.748969430041567
SVR,Train,1.308724832214764,1.3103879096165785
SVR,Train,0.5525490843095185,0.5546128344275127
SVR,Train,0.0,-0.0012708478642606664
SVR,Train,-0.619788758288394,-0.6212812644583114
SVR,Train,-0.9200292374440189,-0.9184089243909996
SVR,Train,-2.535140249212473,-1.6956025331216869
SVR,Train,0.7672413793103442,0.7762236237766841
SVR,Train,0.2637409109445279,0.2618687561524842
SVR,Train,-0.6140350877192979,-0.3705137862516765
SVR,Train,0.1705521196219227,0.1598364578526619
SVR,Train,-0.00620308796527328,-0.07714644242215513
SVR,Train,0.2182287808022119,0.08511820754980845
SVR,Train,-0.1251546956789149,-0.12337322004885565
SVR,Train,0.7417816961431667,0.41817536812038036
SVR,Train,0.6218068535825538,0.6200949979379309
SVR,Train,0.3318002991095532,0.3335631707155001
SVR,Train,1.060697840353612,0.8777780129899491
SVR,Train,-0.1449235972700369,-0.14680177492987265
SVR,Train,0.1319863281682527,-0.23684032359218662
SVR,Train,0.4313637641589874,0.4293739421442462
SVR,Train,-0.162941534687887,-0.16103783121011303
SVR,Train,-0.1767337807606265,-0.17521369548211307
SVR,Train,0.5805468137587255,0.6072400187285879
SVR,Train,0.5450543344028723,0.5433529195200062
SVR,Train,0.2944963655243999,0.29272451134521477
SVR,Train,0.6308908570191394,0.5616242009422489
SVR,Train,0.5391498881431767,0.5409457086058186
SVR,Train,1.456366033129043,1.4583581203908336
SVR,Train,0.06345484267917818,0.061699343734511414
SVR,Train,1.07700432679335,1.0078338910058438
SVR,Train,-0.4607016882522424,-0.4626227282696064
SVR,Train,-1.441695135640719,-1.4397070129568437
SVR,Train,0.4806145740944546,0.4824385032569314
SVR,Train,-0.6946486305533762,-0.6932863571327991
SVR,Train,0.3318965517241376,0.33363601238183405
SVR,Train,-1.629310344827578,-1.6278691663017313
SVR,Train,0.7932016100908708,0.7952272521822364
SVR,Train,-0.1986570869544228,-0.13424372288187356
SVR,Train,0.5000216558101156,0.4983336651777207
SVR,Train,0.7160033436347992,0.6945666115256803
SVR,Train,-1.547440503436895,-1.5456149614722925
SVR,Train,0.1657598875739492,0.16407493583700292
SVR,Train,-0.08798751950078033,-0.06849133470426391
SVR,Train,0.2880888597640699,0.22177171648222752
SVR,Train,0.6354495299314225,0.6335059129564791
SVR,Train,0.5763413502057929,0.6197720406756468
SVR,Train,-0.4658517416748432,-0.46413638504462573
SVR,Train,0.6231884057971003,0.40954984999978516
SVR,Train,1.363935283358457,1.3622410729103962
SVR,Train,0.7505083948513462,0.748969430041567
SVR,Train,0.7168825761045695,0.7154518315477679
SVR,Train,0.1569739382239341,0.15508617231532199
SVR,Train,0.6760563380281691,0.6746231263010486
SVR,Train,-0.3668744088311774,-0.36813014727935395
SVR,Train,-0.1059519103518204,-0.10386315738472443
SVR,Train,-0.612646032378238,-0.6143539919243959
SVR,Train,-0.7628438624246476,-1.9383931831713561
SVR,Train,-0.08092190762392612,-0.07907993589284688
SVR,Train,0.4489574959155591,0.4475999538882629
SVR,Train,-2.705549293202082,-2.7037011733750647
SVR,Train,0.8792796600840976,0.8807435612717432
SVR,Train,0.9612068965517243,0.9591691489552945
SVR,Train,0.9708116108725178,0.9722496400097466
SVR,Train,-0.2099009373137068,-0.20689534346655356
SVR,Train,0.8178119194823461,0.8198246644117227
SVR,Train,0.3559122080332726,0.35412995138892495
SVR,Train,-0.2678362573099414,-0.26947355553186414
SVR,Train,0.8796692056320535,0.8777780129899491
SVR,Train,1.308724832214764,1.3103879096165785
SVR,Train,0.0594209901149536,0.061197947905786226
SVR,Train,-0.2340726776061404,-0.235950797426947
SVR,Train,-0.3031709948236987,-0.11933142066887845
SVR,Train,0.4342288918608878,0.432727058650836
SVR,Train,-0.1762586357436119,-0.17823236871179507
SVR,Train,-0.00877392430750515,-0.05428384974946396
SVR,Train,-0.2225132903568139,-0.141014221319367
SVR,Train,0.18155415475718,0.18345886608330908
SVR,Train,0.5267037346185933,0.5246093927036968
SVR,Train,0.3856062735983122,0.3836259612449852
SVR,Train,1.126315789473682,1.0676060499767708
SVR,Train,0.686155075454263,0.6068991446626291
SVR,Train,0.9365132613368841,0.6912307571882224
SVR,Train,0.4487098600393338,0.4502258459926638
SVR,Train,0.4509957088161992,0.4490810073050744
SVR,Train,0.7403626894942439,0.7386260647843012
SVR,Train,-0.1172728120892211,0.22284365166537107
SVR,Train,0.2907935616990988,0.29253144296791245
SVR,Train,-0.05787918913275993,-0.00802075990942128
SVR,Train,-0.7628438624246476,-0.7610774801908744
SVR,Train,0.7237976748508552,0.7258593831842158
SVR,Train,-0.7827067862373733,-0.7843967671538334
SVR,Train,1.130976691605617,0.8563094243134718
SVR,Train,0.1066751967046165,0.10486746892530299
SVR,Train,0.3254607304414622,0.32746075348416115
SVR,Train,-0.2469177919249304,-0.24482827285428985
SVR,Train,0.03730594077925276,0.03883715100444765
SVR,Train,-1.563758389261749,-1.5653786703705115
SVR,Train,1.004815141474574,1.0175681076812833
SVR,Train,0.8067164667100035,0.8047672916926293
SVR,Train,0.9881114906350605,0.9861761815772869
SVR,Train,0.6479448198198187,0.6534526206764518
SVR,Train,0.02081696013925367,0.019555840387038916
SVR,Train,0.2647773159802437,0.266540421829172
SVR,Train,-0.4315653747438915,-0.43299540864425146
SVR,Train,0.1366562824506729,0.13504118144616756
SVR,Train,0.1647522604652088,0.08701164002722275
SVR,Train,1.082621082621084,1.0806448556712975
SVR,Train,0.06037703633173449,0.14417980707250974
SVR,Train,-0.006203087965272839,0.6092721847068878
SVR,Train,0.7237976748508552,0.7258593831842158
SVR,Train,1.100763643371112,1.099195742696755
SVR,Train,-0.1762586357436113,0.5861175781163183
SVR,Train,-0.8301121378671653,-0.8283062295197832
SVR,Train,0.8035528064607984,0.801662415642771
SVR,Train,1.283198266190026,1.2841388729051912
SVR,Train,1.150595882990248,1.0667236962275874
SVR,Train,-0.01733477789815788,-0.015698580364131846
SVR,Train,-1.516444298028881,-1.5152806025506562
SVR,Train,0.8020207517719758,0.8007133620612389
SVR,Train,-0.9827586206896575,-1.0713963124797363
SVR,Train,0.173186268412274,0.17157468343857143
SVR,Train,0.4034029043735392,0.4052970814306821
SVR,Train,1.398347107438026,1.3964997454096115
SVR,Train,-0.4724680904466963,-0.6062026208555428
SVR,Train,-1.20966708761141,-1.4715017973079556
SVR,Train,-2.323341080224196,-0.7905600619417155
SVR,Train,0.5459451160618883,0.8371924862219151
SVR,Train,-2.334481075108565,-1.3742989064833009
SVR,Train,0.1206896551724121,0.07098203319859889
SVR,Train,-0.05978886246861603,-0.14885268788314795
SVR,Train,-2.052455067076556,-2.051024772411614
SVR,Train,0.2775007758356284,0.2762411973896279
SVR,Train,0.6621085853152393,0.6603344885532737
SVR,Train,0.422413793103446,0.4210392112100321
SVR,Train,-0.9145720716388055,-0.9162599697396728
SVR,Train,0.6410063608375752,0.6426048830069939
SVR,Train,-2.323341080224196,-0.7905600619417155
SVR,Train,0.380211241711606,0.3784331623554362
SVR,Train,0.359835482339888,0.3907479108833457
SVR,Train,-1.364902075136013,-0.5642740518135413
SVR,Train,0.2880888597640699,0.6081131098081216
SVR,Train,0.1657598875739492,0.16407493583700292
SVR,Train,0.3459994779145614,0.34410402803260587
SVR,Train,-2.203831209357573,-2.202233764602201
SVR,Train,-0.1953198127925111,-0.06849133470426391
SVR,Train,0.4679182470163208,0.4699020429570129
SVR,Train,0.7762863534675611,0.7743680590466107
SVR,Train,0.686155075454263,0.5868561272442231
SVR,Train,-0.4836373832160348,-0.48535771918258536
SVR,Train,1.395341273599259,1.393535137564603
SVR,Train,0.6483600109809317,0.5324146732419613
SVR,Train,-0.04375512696868296,-0.04523681067388532
SVR,Train,0.148594545749752,0.15029088461247925
SVR,Train,0.2304489213782739,0.22883760469476203
SVR,Train,0.06427457098283858,0.17490514963350864
SVR,Train,0.05803546917037159,0.2514438877813805
SVR,Train,-0.4089353929735008,-0.5070628550970312
SVR,Train,1.187969924812029,0.8212304127966945
SVR,Train,0.1647522604652088,0.608732561341294
SVR,Train,-0.110008534838633,-0.10829629821345363
SVR,Train,-0.51427857351842,-0.5160693244926926
SVR,Train,0.4126109061603624,0.41067763198059126
SVR,Train,-0.1760912590556817,0.1310737170589428
SVR,Train,0.2807537335508451,0.27925042537580413
SVR,Train,2.388059618193226,2.3860075108841667
SVR,Train,0.541283490742574,0.5395579313588507
SVR,Train,-2.718967130186474,-2.7203118188666533
SVR,Train,0.3432623561190514,0.31589770895247943
SVR,Train,1.080536912751675,1.0824525123734465
SVR,Train,0.5546959574620433,0.48554138625771825
SVR,Train,0.2962164173101657,0.29356153179761607
SVR,Train,0.0,0.07830448276077953
SVR,Train,0.08054025763564433,0.0819568123475625
SVR,Train,0.2126080928814434,0.2143472847250824
SVR,Train,0.6779252076177129,0.6760628987043336
SVR,Train,1.278753600952829,1.284124536989838
SVR,Train,-0.004364805402450088,-0.005921202834678205
SVR,Train,0.6526722071108372,0.5300143540591029
SVR,Train,0.6982266185371769,0.6293745794419008
SVR,Train,1.076276352144377,1.0746316358353294
SVR,Train,-0.0893755951107988,-0.4762756242609615
SVR,Train,-0.7907934207082596,-0.7924147562351672
SVR,Train,-1.278559880703671,-1.0752699047336634
SVR,Train,-0.7718752999018175,-0.8226878111526232
SVR,Train,0.5546959574620433,0.48554138625771825
SVR,Train,0.04614998447069624,0.04423583443704297
SVR,Train,0.4655717305742211,0.46352301945614044
SVR,Train,1.201397124320452,1.2041958763864007
SVR,Train,1.02938377768521,1.0279547899051444
SVR,Train,0.380211241711606,0.3300885244136995
SVR,Train,0.1166176813015091,0.2706212661183159
SVR,Train,0.6335218433719506,0.6313746685100106
SVR,Train,0.1872386198314787,0.18713684195587146
SVR,Train,0.3468309859154933,0.3484448939617488
SVR,Train,0.6052964725395565,0.6847299225028362
SVR,Train,0.4034029043735392,0.4052970814306821
SVR,Train,0.04260470370605519,0.04455355541793184
SVR,Train,-2.634968218916374,-2.5087787214760007
SVR,Train,-0.9651162790697718,-0.963877131801565
SVR,Train,-0.3135371308479524,-0.31164235855601485
SVR,Train,-0.2525162145712102,-0.25068824742156126
SVR,Train,0.6018447179733589,0.5998526269775156
SVR,Train,-1.102338512076255,-1.1776519425194405
SVR,Train,0.01703333929878037,-0.02644280949652653
SVR,Train,0.1256895334971941,-0.0750913895770657
SVR,Train,-0.8232758620689614,-0.8216779149121021
SVR,Train,-0.08471373464762134,-0.08278499207320916
SVR,Train,0.1883035851650658,0.1864258038569804
SVR,Train,-0.168693863576964,-0.17046634002860092
SVR,Train,0.5118833609788743,0.748969430041567
SVR,Train,0.4471580313422192,0.5602017841625881
SVR,Train,-2.144640275261264,-2.1433656979262525
SVR,Train,0.5754147908402901,0.5733052276978851
SVR,Train,-0.1563012307056405,-0.15457805467343563
SVR,Train,0.5185139398778874,0.5203789952914872
SVR,Train,-0.2500000000000024,-0.3066374070489389
SVR,Train,-0.9021734110319146,-0.6403634665964018
SVR,Train,-0.1029641185647424,-0.07471424520470873
SVR,Train,0.2424445151694238,0.2444294083904743
SVR,Train,0.06787330316741842,0.07830448276077953
SVR,Train,0.6901960800285137,0.6063648709682349
SVR,Train,0.9612068965517243,0.9591691489552945
SVR,Train,0.5862831858407086,0.5875640012905055
SVR,Train,0.146128035678238,0.07830448276077953
SVR,Train,0.5805468137587243,0.5629072241569196
SVR,Train,0.1639004149377578,-0.15111891918380535
SVR,Train,0.436162647040756,0.5324146732419613
SVR,Train,0.6627578316815741,0.6646063640434989
SVR,Train,1.143014800254095,0.8107480166399601
SVR,Train,0.8389261744966443,0.76706385910354
SVR,Train,0.2964118564742571,0.17490514963350864
SVR,Train,0.001069865533045818,0.002362316311899007
SVR,Train,0.380211241711606,0.3784331623554362
SVR,Train,0.8650442477876106,0.8670262841920375
SVR,Train,-0.3091286307053941,-0.3075836176183979
SVR,Train,-0.004364805402450088,-0.005921202834678205
SVR,Train,0.5570638505655185,0.5557445332553673
SVR,Train,0.03710686132560858,0.03888240641016424
SVR,Train,-0.2218487496163564,0.6676317146464741
SVR,Train,-0.00620308796527328,-0.07714644242215513
SVR,Train,-0.4396694214875904,-0.6288888995807156
SVR,Train,0.5814674032073606,0.5798032539389492
SVR,Train,0.4040313015268496,0.4022298531971785
SVR,Train,-1.114147993293855,-1.1158094918961745
SVR,Train,-1.615697591672981,-1.6137797054635785
SVR,Train,-0.01749782701560991,-0.0884151169947924
SVR,Train,0.3483048630481607,0.34995400978581565
SVR,Train,0.6299402678187999,0.6360927459592737
SVR,Train,0.7618945674400744,0.26585252676095217
SVR,Train,0.290034611362518,0.3302079801828426
SVR,Train,-0.02664130105864902,-0.028439597702880823
SVR,Train,0.1765990639625574,0.17490514963350864
SVR,Train,0.4741255587590221,0.4724819583188512
SVR,Train,0.04532297878665748,-0.09205002442751506
SVR,Train,-1.851851851851851,-1.8499698109036835
SVR,Train,1.036353115842418,0.9628963824700524
SVR,Train,0.7388055682705498,0.740853039470865
SVR,Train,0.5742145178764892,0.5722906438679274
SVR,Train,-0.055377791833341,-0.05362437629069847
SVR,Train,1.608501118568232,1.606933095620589
SVR,Train,-0.4780893042575287,-0.4765473644745677
SVR,Train,-0.3093052782018357,-0.31091599380702695
SVR,Train,0.6002076843198328,0.6020939142313553
SVR,Train,1.03342375548695,0.8777780129899491
SVR,Train,0.5587085705331657,0.5602017841625881
SVR,Train,0.6558037511164472,0.6541514024235897
SVR,Train,1.094342640722355,1.0923023332554977
SVR,Train,0.6137179964990436,0.6133974732846886
SVR,Train,-0.1033429559749049,-0.1017515588898161
SVR,Train,-1.163675884293248,-0.651327155898708
SVR,Train,-0.4416951356407078,-0.4404659016182817
SVR,Train,0.2166847237269759,0.21850369385078153
SVR,Train,-1.397940008672037,-1.3998948634532233
SVR,Train,-0.8340240248307097,-0.8361347618429338
SVR,Train,0.9711055276381912,0.6327654326612594
SVR,Train,0.06037703633173826,0.6132580737488054
SVR,Train,0.7239819004524883,0.7262046555338405
SVR,Train,-0.9827586206896575,-1.0713963124797363
SVR,Train,0.1639004149377578,-0.15111891918380535
SVR,Train,0.6283889300503115,0.519598316948403
SVR,Train,0.07879884639939841,0.08084702818258126
SVR,Train,1.146941207143456,1.1453622767382203
SVR,Train,0.3074960379132129,0.519598316948403
SVR,Train,0.7189234367587567,0.720927611398945
SVR,Train,0.3801976569746794,0.3818583666622195
SVR,Train,-0.3061000384340861,-0.30430242552288833
SVR,Train,-1.221064605101569,-1.2228165120233387
SVR,Train,0.8426092396105621,0.844098963964647
SVR,Train,0.4638929889859073,0.4654955146648215
SVR,Train,-0.05698339270242879,-0.05910436089220347
SVR,Train,-0.7458094490628238,-0.7440793291485254
SVR,Train,0.5383765017273076,0.5365096346871298
SVR,Train,0.3304137733491909,0.3907479108833457
SVR,Train,1.382743362831857,1.1771776994440524
SVR,Train,0.6373245098685487,0.6358027587002225
SVR,Train,0.3318965517241376,0.33363601238183405
SVR,Train,-1.300144134463074,-1.0358771172220362
SVR,Train,0.000184675759379702,0.002056310258065544
SVR,Train,-0.2365720064370627,-0.23497140481250078
SVR,Train,0.6532125137753437,0.6515462693184458
SVR,Train,0.3029055729718366,0.3044355021645722
SVR,Train,-0.2218487496163564,0.07830448276077953
SVR,Train,0.9495487209058864,0.9304853094990452
SVR,Train,0.2600216684723708,0.4547093265830712
SVR,Train,-0.01635820640686767,0.29253144296791245
SVR,Train,-0.2881198278471295,-0.3948317899404879
SVR,Train,0.8142475957319202,0.8159324099900278
SVR,Train,1.050866019970613,1.0491343948722283
SVR,Train,0.5118833609788743,0.748969430041567
SVR,Train,-0.3720391624218937,-0.37398810786968417
SVR,Train,0.5265032835812309,0.5865807087689019
SVR,Train,-0.0767550702028087,-0.07471424520470873
SVR,Train,0.6211762817750351,0.6197720406756468
SVR,Train,-2.777665566310111,-2.687703201460937
SVR,Train,0.3502480183341629,0.3302079801828426
SVR,Train,0.9365132613368845,0.6063519064789284
SVR,Train,0.5049560752439612,0.5063905164377371
SVR,Train,-0.5742492738010503,-0.5290272502154383
SVR,Train,0.07980012213427638,0.07795424966634948
SVR,Train,-1.629310344827578,-1.6278691663017313
SVR,Train,0.1888069379391503,0.18713684195587146
SVR,Train,0.6365584913426995,0.6348277944388696
SVR,Train,0.04550379198266516,0.043620905142635856
SVR,Train,-1.972093023255811,-1.9705842140554701
SVR,Train,-1.278559880703671,-1.0752699047336634
SVR,Train,0.6421052631578948,0.6854031111786798
SVR,Train,-2.522878745280337,-1.847726064955249
SVR,Train,-0.3113613671456985,-0.3099533497312912
SVR,Train,-0.129219291822582,-0.12708294350992808
SVR,Train,-1.516444298028881,-1.5152806025506562
SVR,Train,-0.9651162790697718,-0.963877131801565
SVR,Train,-0.1135092748275181,-0.03767483576925268
SVR,Train,0.3549473425726017,0.3531660097352432
SVR,Train,0.8636528625639327,0.8617810096600858
SVR,Train,-0.9145720716388055,-0.9162599697396728
SVR,Train,-0.8086184995011162,-0.8067060474657037
SVR,Train,-1.351639989019068,-1.3496763373828906
SVR,Train,0.4065401804339551,0.40831376575378553
SVR,Train,0.2647773159802437,0.266540421829172
SVR,Train,0.7194451609763224,0.7174835990405058
SVR,Train,0.7114680014156944,0.7003862939772063
SVR,Train,0.08563466276372743,0.08725997467804295
SVR,Train,-0.985231158620319,-1.2567940695668574
SVR,Train,0.3747483460101039,0.3302079801828426
SVR,Train,-0.08471373464762134,-0.08278499207320916
SVR,Train,0.3222192947339193,0.3201453693650229
SVR,Train,-1.785155875122728,-1.2154197242849119
SVR,Train,0.1208778733641796,0.12253468439598492
SVR,Train,0.290034611362518,0.3302079801828426
SVR,Train,-0.2372093023255822,0.5749263805562967
SVR,Train,-1.568636235841013,-1.5122373936619897
SVR,Train,0.5250677226597732,0.48164974264828647
SVR,Train,1.305958561063182,1.1144729016482573
SVR,Train,-0.1321607680099658,-0.13069688605271532
SVR,Train,-0.3841226480657678,-0.36318675292188063
SVR,Train,-2.144640275261264,-2.1433656979262525
SVR,Train,-0.168693863576964,-0.17046634002860092
SVR,Train,0.3926969532596657,0.3907479108833457
SVR,Train,0.082934622503059,0.6089702018679539
SVR,Train,-0.3954987090480164,-0.2711353624707982
SVR,Train,-2.698970004336019,-2.697457316870995
SVR,Train,0.7386467155148417,0.7366093425869599
SVR,Train,0.5344053974388362,0.5328594612647943
SVR,Train,1.133825549864817,1.1357455570364126
SVR,Train,-0.9827586206896575,-1.0713963124797363
SVR,Train,0.4070585517469932,0.6076024070055399
SVR,Train,-0.3188767550702024,-0.07471424520470873
SVR,Train,0.03204710545330516,0.03056872153634396
SVR,Train,0.4313637641589874,0.4293739421442462
SVR,Train,0.1206896551724121,0.07098203319859889
SVR,Train,-1.014876033057834,-1.013127399771046
SVR,Train,1.02530586526477,0.8777780129899491
SVR,Train,0.4603305929511411,0.4620813349441923
SVR,Train,-0.7884826218653814,-0.7902283835833505
SVR,Train,0.6387979239767979,0.6369100709616901
SVR,Train,0.1967213902982204,0.19847174157987105
SVR,Train,-1.572614107883811,-1.5745630937010477
SVR,Train,-0.225488800760079,-0.46869820056236344
SVR,Train,-0.528820300569675,-0.5279578461400058
SVR,Train,-0.02672178766989199,-0.024736598486347888
SVR,Train,0.3029055729718366,0.3044355021645722
SVR,Train,-2.323341080224196,-2.321533386368123
SVR,Train,0.2485127322208998,-0.021761472646528394
SVR,Train,0.06666840180628056,0.07830448276077953
SVR,Train,0.08040478333155002,0.05630966207042323
SVR,Train,0.449180152337384,0.5835944160440406
SVR,Train,0.5387931034482746,0.5367734807596611
SVR,Train,0.8234019501625136,0.8219381284003598
SVR,Train,-0.05787918913275993,-0.00802075990942128
SVR,Train,0.9436090225563907,0.4717612502819679
SVR,Train,-0.3154362416107405,-0.3172126444459207
SVR,Train,0.06392869562034259,0.06220187737882224
SVR,Train,0.7375901662857216,0.46941035804879533
SVR,Train,0.6052964725395565,0.6847299225028362
SVR,Train,0.4349897524434111,0.43644798874869384
SVR,Train,0.6988119920145542,0.697045532151105
SVR,Train,-0.03621217265444471,-0.03767483576925268
SVR,Train,0.6532125137753437,0.6516072108200177
SVR,Train,-2.090225563909775,-1.8102153363289557
SVR,Train,1.001698847035765,0.8960917397480741
SVR,Train,-0.162941534687887,-0.16103783121011303
SVR,Train,-0.3113613671456985,-0.3099533497312912
SVR,Train,0.6106601630898799,0.6197720406756468
SVR,Train,-0.3189655172413801,-0.31767088537380894
SVR,Train,0.6211762817750351,0.6197720406756468
SVR,Train,1.133825549864817,1.1357455570364126
SVR,Train,-1.290730039024169,-1.5862292632578823
SVR,Train,-0.3665158371040725,-0.36275236886474405
SVR,Train,0.8122446968003693,0.748969430041567
SVR,Train,0.729439713313603,0.7278106044083552
SVR,Train,-2.270100502512563,-2.5040919060791897
SVR,Train,0.8061799739838872,0.8045801904975385
SVR,Train,-1.364902075136013,-0.5642740518135413
SVR,Train,0.3997834418988355,0.40144808576655894
SVR,Train,1.344392273685111,1.2041958763864007
SVR,Train,0.7795964912578245,0.7782003897886902
SVR,Train,0.7160033436347992,0.6062188815017804
SVR,Train,-0.3279021420642826,-0.32996262147359134
SVR,Train,0.7744360902255635,0.7762128092505355
SVR,Train,0.4432770075955701,0.09359851953439893
SVR,Train,-0.00877392430750515,-0.05428384974946396
SVR,Train,-0.3154362416107405,-0.3172126444459207
SVR,Train,-0.02672178766989199,-0.024736598486347888
SVR,Train,0.6306396086247502,0.6289393611785979
SVR,Train,0.9572567783094088,0.9593572318200579
SVR,Train,0.07358456455093211,0.07510212909919524
SVR,Train,0.5279857113140554,0.5299367308467807
SVR,Train,0.8248316567500222,0.6548844425481237
SVR,Train,0.6724323295111406,0.6711007737642958
SVR,Train,0.146128035678238,0.6084722008152695
SVR,Train,0.06392869562034259,0.06220187737882224
SVR,Train,-0.2383566602316601,-0.2683387653499337
SVR,Train,0.6149590534401633,0.6162691723979116
SVR,Train,0.3463529744506387,0.5602017841625881
SVR,Train,0.0243369734789374,-0.07471424520470873
SVR,Train,-0.7152802629955829,-0.7135891782516751
SVR,Train,0.9425041061680807,0.9691542579473086
SVR,Train,0.4471580313422192,0.470230593725276
SVR,Train,0.210118641008524,0.6548844425481237
SVR,Train,-2.323341080224196,-2.321533386368123
SVR,Train,-1.199748743718593,-1.6008871432875549
SVR,Train,-1.441695135640719,-1.4397070129568437
SVR,Train,1.093599819380088,1.1144196308476297
SVR,Train,0.9091346748392991,0.9109271322887282
SVR,Train,0.6754239863370415,0.6734203081072772
SVR,Train,-0.9126967386229311,-0.9722362557119406
SVR,Train,0.4070585517469932,0.43085998900702766
SVR,Train,0.5014171282441098,0.5632948468028102
SVR,Train,0.6720978579357175,0.6705287734670391
SVR,Train,0.8577031944274324,0.8559579096436112
SVR,Train,0.7107438016529042,0.7088448357833407
SVR,Train,0.8723520098382468,0.8777780129899491
SVR,Train,0.5734581149493531,0.6137886362274173
SVR,Train,0.7971694225490045,0.7987411472093497
SVR,Train,-1.221064605101569,-1.2228165120233387
SVR,Train,0.2600713879850748,0.30264042282171255
SVR,Train,0.7302275189599128,0.7284490938504566
SVR,Train,0.6373245098685487,0.6358027587002225
SVR,Train,1.394451680826216,1.2041958763864007
SVR,Train,0.9163342758539162,0.9180944020250548
SVR,Train,0.02214307063863684,0.020478520895035015
SVR,Train,0.5496719218682735,0.5511642238852477
SVR,Train,-0.7933871979013215,-0.7913197823176419
SVR,Train,-0.07051482059282402,-0.06849133470426391
SVR,Train,-1.517084431448743,-1.5159112825329326
SVR,Train,0.2477360902479951,0.24938182017160962
SVR,Train,1.031407035175877,0.6665959408627435
SVR,Train,-1.863570317441311,-1.865345044214882
SVR,Train,1.080536912751675,1.0824525123734465
SVR,Train,0.3534526924483971,0.3818195451873828
SVR,Train,-1.112831858407081,-1.6042149899078368
SVR,Train,0.249877473216598,0.3873915583195742
SVR,Train,-0.1763846362985451,-0.17472760078824373
SVR,Train,0.4653828514484183,0.4632762702442756
SVR,Train,0.3971129200300176,0.39515557104626303
SVR,Train,0.648364110491845,0.6197720406756468
SVR,Train,1.174641192660449,1.1726520307896728
SVR,Train,0.5587284924162972,0.5570354319620526
SVR,Train,-0.2770149382233361,-0.2753704514720293
SVR,Train,0.1789541471922132,0.1769238169667425
SVR,Train,-0.8196731304698925,-0.8505190622730817
SVR,Train,-0.6073030467403343,-0.7440571216334331
SVR,Train,1.142241379310341,1.1438888210776024
SVR,Train,-1.214824120603015,-0.638411655658921
SVR,Test,0.3324384599156053,0.5324146732419613
SVR,Test,3.164179103238849,1.7879991016036467
SVR,Test,0.5014171282441098,0.5632948468028102
SVR,Test,-0.3061000384340861,-0.30430242552288833
SVR,Test,0.5209109372834104,0.5230118773982503
SVR,Test,0.2184674937789584,0.1879081610607453
SVR,Test,-0.6189591078066927,-0.6222288239048237
SVR,Test,-0.08633414873527591,-0.18448799734217025
SVR,Test,1.094342640722355,1.0923023332554977
SVR,Test,0.9931205342354806,0.6064184697907484
SVR,Test,-0.8313241449568525,-0.49017492578760735
SVR,Test,-0.5408689174769996,-0.5050141060789515
SVR,Test,0.0649854939798157,-0.04964039606208284
SVR,Test,-0.9633176592446268,-0.9237554115849267
SVR,Test,-0.8239087409443188,-1.0952801001411194
SVR,Test,-0.2992233682875201,-0.786382765260758
SVR,Test,0.4271453189369645,0.5609674533573363
SVR,Test,0.4415191304571257,0.44017337374052395
SVR,Test,0.8292314636701624,0.6066403770615559
SVR,Test,0.290034611362518,0.3302079801828426
SVR,Test,-0.6595299383442075,-0.5603288016127839
SVR,Test,1.283198266190026,1.2841388729051912
SVR,Test,0.4275633669545613,0.5756067957012683
SVR,Test,-1.071860922666721,-1.345932334820223
SVR,Test,0.07018822533816348,0.0020863653509511186
SVR,Test,-0.03068512285530053,0.5868439947185039
SVR,Test,0.3344537511509309,0.3302079801828426
SVR,Test,0.04614998447069624,0.04423583443704297
SVR,Test,-0.2924298239020636,-0.03767483576925268
SVR,Test,0.414973347970818,0.41667209452005377
SVR,Test,0.6548599518166115,0.45393983043853015
SVR,Test,0.761745810919945,0.7414398353944882
SVR,Test,0.6315789473684207,0.08407740687784185
SVR,Test,1.01169221234297,1.0175681076812833
SVR,Test,-1.452991452991453,-1.8196669681620716
SVR,Test,-0.7611389642143674,-1.1610794190366431
SVR,Test,0.1145400335558539,0.048711513640303156
SVR,Test,1.253437245309724,1.251842735183637
SVR,Test,-0.5938066216438812,-0.8871758050543019
SVR,Test,-1.719591275179851,-1.921748069694244
SVR,Test,0.3031960574204888,0.3302079801828426
SVR,Test,-0.1767241379310328,-0.17498747582099747
SVR,Test,-3.084170854271357,-0.8745899849839494
SVR,Test,0.5881912753291252,0.5868668066164986
SVR,Test,0.8292314636701619,0.5995282188924013
SVR,Test,0.568201724066995,0.5684623327915705
SVR,Test,0.3119932648840557,-0.09425867933858753
SVR,Test,0.3426900584795311,0.4224223345013769
SVR,Test,-1.05000038465533,-1.1632339793912772
SVR,Test,0.6242820958356683,0.6197720406756468
SVR,Test,-0.3841226480657678,-0.36318675292188063
SVR,Test,-0.7628438624246476,-1.9383931831713561
SVR,Test,-1.517084431448743,-1.5159112825329326
SVR,Test,0.7294593264839196,1.2066727373828456
SVR,Test,0.8965262174895553,0.748969430041567
SVR,Test,-1.448275862068967,-1.5282235980602725
SVR,Test,0.6052964725395565,0.6637353239339125
SVR,Test,0.6020599913279624,0.4848934457939727
SVR,Test,-0.3841226480657678,-0.36318675292188063
SVR,Test,0.4248088801709484,0.4098609672829752
SVR,Test,-0.01106194690265572,0.04043530532335951
SVR,Test,0.7618945674400744,0.26585252676095217
SVR,Test,0.03779758291381349,0.315523603293674
SVR,Test,-0.07719576496805934,0.5833599038028054
SVR,Test,-1.105822721176797,-0.7614595831955296
SVR,Test,-0.2500000000000024,-0.3066374070489389
SVR,Test,-0.3824561403508766,-0.45010787915835954
SVR,Test,2.086283185840707,1.1072597388035368
SVR,Test,0.3982725127375335,0.3257378508259001
SVR,Test,0.5587085705331657,0.5602017841625881
SVR,Test,0.3596766725050837,0.3580447234772547
SVR,Test,0.3010299956639812,0.3300885244136995
SVR,Test,-0.163262387944784,-0.054771406634801914
SVR,Test,-0.1364894692937454,-0.29663834238502657
SVR,Test,0.4754464211067237,0.5806355859675547
SVR,Test,-0.1364894692937454,-0.29663834238502657
SVR,Test,0.5185139398778874,0.15982877551501062
SVR,Test,0.5433383280405261,0.09643010180276007
SVR,Test,0.05803546917037159,0.2514438877813805
SVR,Test,-0.744727494896694,-0.8695293531994802
SVR,Test,-0.5631007681788924,-0.37458321207148154
SVR,Test,1.133825549864817,1.1357455570364126
SVR,Test,0.4776604850213967,0.6237119847177408
SVR,Test,-0.09691001300805639,0.07830448276077953
SVR,Test,1.50559284116331,1.503925321724368
SVR,Test,1.076276352144377,1.0746316358353294
SVR,Test,0.436162647040756,0.3302201572440997
SVR,Test,-0.1986570869544228,-0.13424372288187356
SVR,Test,0.3463529744506387,0.3302079801828426
SVR,Test,-0.02059282371294896,0.17490514963350864
SVR,Test,0.583638190231899,0.4982870101900577
SVR,Test,0.5484338463910386,0.5466203806063895
SVR,Test,0.7971694225490045,0.7987411472093497
SVR,Test,-0.9285714285714313,-0.24188676587346378
SVR,Test,-1.599246231155778,-2.052705828601353
SVR,Test,0.6354837468149122,0.6702062576642893
SVR,Test,0.7932016100908708,0.7952272521822364
SVR,Test,0.5670263661590603,0.5684454346819505
SVR,Test,0.4393326938302626,1.4079984482256884
SVR,Test,0.4158977539238713,0.7003862939772063
SVR,Test,-0.4090614296906621,-0.34995124425745044
SVR,Test,0.5014171282441111,0.6925100022722865
SVR,Test,-0.5144205230153214,-1.1331478922630933
SVR,Test,-0.001233048413828201,-0.022060887305301695
SVR,Test,1.107438016528938,0.5610085909904056
SVR,Test,0.6211762817750351,0.6197720406756468
SVR,Test,0.1003705451175629,-0.03767483576925268
SVR,Test,-0.5829875518672214,-0.5890649683770328
SVR,Test,0.05690485133647256,-0.12111354373252367
SVR,Test,0.2182287808022119,0.08511820754980845
SVR,Test,-1.97095435684647,-1.969145900728046
SVR,Test,0.6621085853152393,0.6603344885532737
SVR,Test,-0.624161073825504,-1.2531946444829738
SVR,Test,1.094342640722355,1.0923023332554977
SVR,Test,-1.337242168318426,-1.703974349731639
SVR,Test,-0.4168875174404437,-0.4152638418793326
SVR,Test,0.3521825181113625,0.3812002985030578
SVR,Test,-0.7907934207082596,-0.7924147562351672
SVR,Test,0.6031443726201823,0.6197720406756468
SVR,Test,-2.300251256281407,-0.8606387053099529
SVR,Test,0.6096866096866093,0.0035630816292708655
SVR,Test,0.3222192947339193,0.07830448276077953
SVR,Test,1.103190095954383,1.3913881806536186
SVR,Test,-0.2881198278471295,-0.3948317899404879
SVR,Test,0.4703209205104826,0.3639296727048565
SVR,Test,0.5796458917139012,0.5239213966634587
SVR,Test,0.5443965170527658,0.501497435722673
SVR,Test,1.027249205777354,0.5288885501879677
SVR,Test,0.06037703633173449,0.14417980707250974
SVR,Test,0.6107382550335557,0.6087914798726443
SVR,Test,0.3778487999011506,0.37976012414426286
SVR,Test,0.5380082475606797,0.49973416207824983
SVR,Test,-0.6989700043360187,-0.15651506293460124
SVR,Test,0.6197183098591552,0.9868791958806384
SVR,Test,-1.196026900731575,-0.5470602440731136
SVR,Test,-0.624161073825504,-1.2531946444829738
SVR,Test,0.9163342758539162,0.9180944020250548
SVR,Test,0.0992694619521627,-0.06686860596895494
SVR,Test,0.2550304776875136,0.3547754894860621
SVR,Test,0.7023705927993015,1.1453622767382203
SVR,Test,0.07018822533816348,0.0020863653509511186
SVR,Test,0.3480198017392754,0.3044355021645722
SVR,Test,-2.301029995663981,-1.82061401817372
SVR,Test,1.39496674100774,0.9251150317681015
SVR,Test,1.142241379310341,1.1438888210776024
SVR,Test,-0.4101744650890502,-0.02955666137744013
SVR,Test,0.5805468137587243,0.5629072241569196
SVR,Test,0.359835482339888,0.3907479108833457
SVR,Test,1.070422535211266,1.0230294150499746
SVR,Test,-1.407996505383249,-1.167563158033373
SVR,Test,0.9296083526018456,1.0175681076812833
SVR,Test,0.6434526764861874,0.5653425718343894
SVR,Test,1.142241379310341,1.1438888210776024
SVR,Test,-1.535796071516882,-1.5343305383908388
SVR,Test,0.724275869600789,0.7298763600202278
SVR,Test,-0.5742492738010503,-0.5290272502154383
SVR,Test,-1.105822721176797,-1.5794049381543358
SVR,Test,0.6532125137753437,0.5968896824054923
SVR,Test,0.5775344108563207,0.4992282707828053
SVR,Test,0.8389261744966443,0.76706385910354
SVR,Test,1.050866019970613,1.0491343948722283
SVR,Test,-2.221848749616356,-2.529329374450155
SVR,Test,-0.326729107509616,-0.22915554003943808
SVR,Test,0.5763413502057929,0.6197720406756468
SVR,Test,0.4913616938342727,0.6075344337355988
SVR,Test,-0.4266006465360775,-0.4116747539555749
SVR,Test,0.7717853376544959,0.22284365166537107
SVR,Test,0.9049868953301389,0.3345699001695698
SVR,Test,0.3586960995738104,0.223994065687427
SVR,Test,0.000184675759379702,0.002056310258065544
SVR,Test,0.9041684928630465,0.9061579735534673
SVR,Test,0.7957746478873244,1.019148922175277
SVR,Test,0.249877473216598,-0.07061629635305129
SVR,Test,0.2003166498975227,0.6552167562381945
SVR,Test,-0.09151498112135022,-0.0036808605962269517
SVR,Test,-0.6344221105527648,-0.6125055270245103
SVR,Test,0.6532125137753437,0.6066579814327173
SVR,Test,0.7784019021736095,0.5898656838609653
SVR,Test,0.3344537511509309,0.3302079801828426
SVR,Test,-0.3967891925154016,-0.342638066002809
SVR,Test,0.8970760233918128,0.856021237871774
SVR,Test,-0.2399638415280812,-0.3115561581547899
SVR,Test,-1.39907759602161,-1.3906412598996003
SVR,Test,0.5546959574620433,0.48554138625771825
SVR,Test,0.03061224489796073,0.015781821840981432
SVR,Test,0.3344537511509309,0.3302079801828426
SVR,Test,-0.5685840707964614,-0.7948301315625863
SVR,Test,0.0380313199105153,0.03962783373046322
SVR,Test,0.5185139398778874,0.5203789952914872
SVR,Test,-0.1053444761515942,-0.0571175450933272
SVR,Test,-0.275724130399211,-1.0952801001411194
SVR,Test,1.133538908370217,1.2041958763864007
SVR,Test,-1.613074447739991,-1.5729597841174108
SVR,Test,0.568201724066995,0.3300885244136995
SVR,Test,0.5368701749797076,0.7279226363261595
SVR,Test,-0.9145720716388055,-0.9162599697396728
SVR,Test,0.7150879065106778,0.7262046555338405
SVR,Test,-1.972093023255811,-1.9705842140554701
SVR,Test,-0.4165682858734546,-0.3944810871977513
SVR,Test,-0.2857142857142859,-0.1860709035850587
SVR,Test,0.000184675759379702,0.002056310258065544
SVR,Test,-0.8232758620689672,-0.81054153850808
SVR,Test,0.1641903726520483,0.16831429894636044
SVR,Test,0.5551647741760672,0.34813188882555335
SVR,Test,-1.20966708761141,-1.4715017973079556
SVR,Test,0.0649854939798157,-0.04964039606208284
SVR,Test,0.5250677226597745,0.607467772272645
SVR,Test,0.07918124604762482,0.08724883400482149
SVR,Test,-0.428990367220233,-0.4313878250426314
SVR,Test,1.012034255098913,0.8032723774456603
SVR,Test,0.7923916894982539,0.7990639446147809
SVR,Test,0.8441444706166565,0.13522659704333814
SVR,Test,-0.03068512285530053,0.09632713328451648
SVR,Test,-0.1308971686110271,-0.24930152526679766
SVR,Test,0.422413793103446,0.4210392112100321
SVR,Test,-1.117647058823529,-0.6402780910812749
SVR,Test,0.6850556999575159,0.6726137145402032
SVR,Test,0.7114680014156944,0.7003862939772063
SVR,Test,0.7189234367587567,0.720927611398945
SVR,Test,0.07554696139253074,0.07379089320153967
SVR,Test,-0.5829875518672214,-0.5890649683770328
SVR,Test,-0.1962946451439691,0.8444980059992674
SVR,Test,0.4691793022254807,0.4788799365313029
SVR,Test,0.9259716473223176,0.6770055997540554
SVR,Test,0.1760912590556812,0.07791862318466827
SVR,Test,-0.03205202065153314,0.05780660879868152
SVR,Test,-0.01916049952100591,-0.04402356593554573
SVR,Test,-0.03205202065153314,0.05780660879868152
SVR,Test,0.6231704616375756,0.6212425523366832
SVR,Test,0.5185139398778874,0.6072427600769243
SVR,Test,-0.1087719298245615,0.012765845854029869
SVR,Test,0.6071342742642603,0.6236588535528487
SVR,Test,0.403033586132178,0.23601921284721494
SVR,Test,1.200118221872587,0.6548844425481237
SVR,Test,0.4559035956430633,0.470230593725276
SVR,Test,0.2533637564272291,0.3396025232764103
SVR,Test,0.2845428661815921,0.3612456019266614
SVR,Test,0.284243604897899,0.2414028275792814
SVR,Test,0.1485380116959049,0.4808080557484016
SVR,Test,-0.9021734110319146,-0.6403634665964018
SVR,Test,0.3726162606770048,0.2737722660445001
SVR,Test,-0.5686362358410126,-1.0952801001411194
SVR,Test,0.2304489213782739,0.6081178130873871
SVR,Test,1.266940635346726,1.2683548112762952
SVR,Test,-0.1425476623911539,0.2212607639424164
SVR,Test,0.8197624407474513,0.8214402592533228
SVR,Test,0.7505083948513462,0.748969430041567
SVR,Test,1.266940635346726,1.2683548112762952
SVR,Test,0.5391498881431767,0.5409457086058186
SVR,Test,0.6627578316815741,0.6646063640434989
SVR,Test,0.4456042032735976,0.4129758778562098
SVR,Test,-2.323341080224196,-0.7905600619417155
SVR,Test,-0.6666723925349947,-0.7064817344241134
SVR,Test,0.8441444706166565,0.13522659704333814
SVR,Test,0.6803355134145632,0.5602017841625881
SVR,Test,0.6157487820036969,1.0923023332554977
SVR,Test,0.5563025007672873,0.08504568583966145
SVR,Test,1.653277152283784,0.2000584291773676
SVR,Test,0.5797835966168101,0.5814777027971487
SVR,Test,0.648364110491845,0.6197720406756468
SVR,Test,0.8897968700686152,0.6953711795632456
SVR,Test,-2.634968218916374,-2.5087787214760007
SVR,Test,-0.1308971686110271,-0.24930152526679766
SVR,Test,0.3502480183341629,0.3302079801828426
SVR,Test,-0.1568423903044668,0.5841518532188633
SVR,Test,0.4232458739368078,0.4248198120398596
SVR,Test,0.3502480183341629,0.3302079801828426
SVR,Test,0.8122446968003693,0.748969430041567
SVR,Test,0.9270401707559837,0.7826703553579498
KNN,Train,0.4683473304121573,0.4683473304121573
KNN,Train,0.146128035678238,0.22629413822357858
KNN,Train,0.3617278360175928,0.3617278360175928
KNN,Train,0.05690485133647256,0.05690485133647256
KNN,Train,0.3483048630481607,0.3483048630481607
KNN,Train,0.01703333929878037,0.01703333929878037
KNN,Train,0.3463529744506387,0.3343707271093714
KNN,Train,-0.492397660818713,-0.492397660818713
KNN,Train,-0.3135371308479524,-0.3135371308479524
KNN,Train,1.002759171414269,1.0609958977825567
KNN,Train,-0.9021734110319146,-0.9021734110319146
KNN,Train,-0.9653698872018781,-0.9653698872018781
KNN,Train,-0.07265302803383195,-0.07265302803383195
KNN,Train,-0.05698339270242879,-0.05698339270242879
KNN,Train,-0.4930892744484819,-0.4930892744484819
KNN,Train,-2.000011146780801,-2.000011146780801
KNN,Train,0.3014609394254348,0.3014609394254348
KNN,Train,-0.220163883572486,-0.220163883572486
KNN,Train,-0.4135338345864666,-0.4135338345864666
KNN,Train,-0.01503759398496262,-0.01503759398496262
KNN,Train,-0.7827067862373733,-0.7827067862373733
KNN,Train,0.2889866653481595,0.2889866653481595
KNN,Train,-0.1568423903044674,-0.1568423903044674
KNN,Train,0.07918124604762482,0.07918124604762482
KNN,Train,0.009925308530127852,0.009925308530127852
KNN,Train,0.6244897959183671,0.6244897959183671
KNN,Train,1.04442036836403,1.04442036836403
KNN,Train,-0.1611509092627447,-0.1611509092627447
KNN,Train,0.9365132613368841,0.9365132613368841
KNN,Train,0.3283796034387377,0.3343707271093714
KNN,Train,0.729439713313603,0.729439713313603
KNN,Train,0.5484338463910386,0.5484338463910386
KNN,Train,0.6387979239767979,0.6387979239767979
KNN,Train,0.8274660015984828,0.557399939428406
KNN,Train,0.3029055729718366,0.3029055729718366
KNN,Train,0.4415191304571257,0.4415191304571257
KNN,Train,0.07980012213427638,0.07980012213427638
KNN,Train,-1.567441860465111,-1.567441860465111
KNN,Train,0.3283796034387377,0.3343707271093714
KNN,Train,0.8197624407474513,0.8197624407474513
KNN,Train,0.04561403508771715,0.04561403508771715
KNN,Train,0.6211762817750351,0.6116602724950324
KNN,Train,0.8805963907349271,0.8805963907349271
KNN,Train,0.18155415475718,0.18155415475718
KNN,Train,0.5439699507256512,0.5439699507256512
KNN,Train,-0.02664840017615605,-0.02664840017615605
KNN,Train,-0.9510050251256278,-0.9510050251256278
KNN,Train,0.6380090497737567,0.6339746587962782
KNN,Train,0.7096881214587651,0.7096881214587651
KNN,Train,0.9931205342354806,0.862609028915209
KNN,Train,0.4070585517469932,0.4070585517469932
KNN,Train,0.8965262174895553,0.8965262174895553
KNN,Train,0.4456042032735976,0.4456042032735976
KNN,Train,-0.1568423903044674,-0.1568423903044674
KNN,Train,0.2627398291759235,0.2627398291759235
KNN,Train,-1.319015722105611,-1.319015722105611
KNN,Train,1.266940635346726,1.266940635346726
KNN,Train,-0.3646786304543028,-0.3655972337791876
KNN,Train,0.3283796034387377,0.3343707271093714
KNN,Train,0.9386591389737827,0.9386591389737827
KNN,Train,0.07554696139253074,0.07554696139253074
KNN,Train,0.7075701760979364,0.7075701760979364
KNN,Train,0.981279216850904,0.981279216850904
KNN,Train,0.2183393686410296,0.2183393686410296
KNN,Train,0.3747483460101039,0.3343707271093714
KNN,Train,1.205965557619709,1.205965557619709
KNN,Train,0.6242823997773247,0.6242823997773247
KNN,Train,-1.448275862068967,-1.448275862068967
KNN,Train,-0.1767241379310328,-0.1767241379310328
KNN,Train,0.8949079089924165,0.8949079089924165
KNN,Train,0.02005766926485197,0.02005766926485197
KNN,Train,0.0594209901149536,0.0594209901149536
KNN,Train,1.01703333929878,1.0238821312852229
KNN,Train,-0.4416951356407078,-0.4416951356407078
KNN,Train,-0.2041199826559248,-0.2041199826559248
KNN,Train,0.9453191100762133,0.9453191100762133
KNN,Train,1.336639818641689,1.336639818641689
KNN,Train,0.7505083948513462,0.7505083948513462
KNN,Train,0.3254607304414622,0.3254607304414622
KNN,Train,0.1206896551724121,0.1206896551724121
KNN,Train,0.255030477687516,0.255030477687516
KNN,Train,0.5308775731310934,0.5308775731310934
KNN,Train,0.6812412373755872,0.6812412373755872
KNN,Train,0.6211762817750351,0.6211762817750351
KNN,Train,0.2430380486862944,0.2430380486862944
KNN,Train,0.6812412373755872,0.7658705698889521
KNN,Train,-2.634968218916374,-2.634968218916374
KNN,Train,0.7204210054216508,0.7204210054216508
KNN,Train,0.6435536294691222,0.6435536294691222
KNN,Train,-0.01749782701560991,-0.01749782701560991
KNN,Train,0.9444679049496479,0.9444679049496479
KNN,Train,-0.1220556745182012,-0.1220556745182012
KNN,Train,-1.508793969849246,-1.508793969849246
KNN,Train,1.053316562126286,1.053316562126286
KNN,Train,0.1319863281682527,0.1319863281682527
KNN,Train,0.380211241711606,0.380211241711606
KNN,Train,-0.14066513997672,-0.14066513997672
KNN,Train,0.5975482649800063,0.5975482649800063
KNN,Train,0.3892141639057259,0.34276860034268325
KNN,Train,0.6123933697586622,0.6123933697586622
KNN,Train,1.03342375548695,1.0238821312852229
KNN,Train,-0.1449235972700369,-0.1449235972700369
KNN,Train,-0.04488919723294831,-0.04488919723294831
KNN,Train,0.3020134228187899,0.3020134228187899
KNN,Train,0.0380313199105153,0.0380313199105153
KNN,Train,0.8650979287404373,0.8502737435943284
KNN,Train,0.9956351945975499,0.9956351945975499
KNN,Train,0.3020134228187899,0.3020134228187899
KNN,Train,-1.629310344827578,-1.629310344827578
KNN,Train,0.1437655938677714,0.1437655938677714
KNN,Train,1.179291901828044,1.179291901828044
KNN,Train,0.4653828514484183,0.4653828514484183
KNN,Train,0.6587215601300098,0.6587215601300098
KNN,Train,-0.2525154392181344,-0.25251582689467234
KNN,Train,0.249877473216598,0.249877473216598
KNN,Train,1.173186268412274,1.0609958977825567
KNN,Train,-0.1220556745182012,-0.1220556745182012
KNN,Train,0.9886636158427594,0.672714866357671
KNN,Train,0.1307061523494404,0.1307061523494404
KNN,Train,0.05335735049852605,0.05335735049852605
KNN,Train,1.053324533905294,1.053324533905294
KNN,Train,-0.051282051282051,-0.051282051282051
KNN,Train,0.9629629629629627,0.9629629629629627
KNN,Train,-0.110008534838633,-0.110008534838633
KNN,Train,1.170774647887323,1.170774647887323
KNN,Train,-0.1858879153069338,-0.1858879153069338
KNN,Train,0.7075701760979364,0.7075701760979364
KNN,Train,0.5670263661590603,0.5670263661590603
KNN,Train,0.5910646070264992,0.5910646070264992
KNN,Train,1.007042253521127,1.0609958977825567
KNN,Train,-0.2500000000000024,-0.2500000000000024
KNN,Train,0.5185139398778874,0.5185139398778874
KNN,Train,1.411695906432748,1.411695906432748
KNN,Train,0.3031960574204888,0.3343707271093714
KNN,Train,0.2017575408454702,0.2017575408454702
KNN,Train,1.253437245309724,1.253437245309724
KNN,Train,-0.7718752999018175,-0.7718752999018175
KNN,Train,0.2280938887519323,0.2280938887519323
KNN,Train,0.4679182470163208,0.4679182470163208
KNN,Train,-1.642975206611555,-1.642975206611555
KNN,Train,-0.1251546956789149,-0.1251546956789149
KNN,Train,-1.563758389261749,-1.563758389261749
KNN,Train,-1.148741651280925,-1.148741651280925
KNN,Train,-0.06251993703895245,-0.06251993703895245
KNN,Train,-0.3071596757466341,-0.3071596757466341
KNN,Train,0.526339277389844,0.520989390917335
KNN,Train,0.3813651137594792,0.3813651137594792
KNN,Train,0.8039521828148732,0.8039521828148732
KNN,Train,0.7762863534675611,0.7762863534675611
KNN,Train,0.3979400086720376,0.3979400086720376
KNN,Train,-0.053666651000876,-0.053666651000876
KNN,Train,0.8393863014886044,0.8502737435943284
KNN,Train,0.9771853913912649,0.9771853913912649
KNN,Train,-1.517084431448743,-1.517084431448743
KNN,Train,0.8035528064607984,0.8035528064607984
KNN,Train,-0.619788758288394,-0.619788758288394
KNN,Train,-2.05603448275861,-2.05603448275861
KNN,Train,0.2657130090914611,0.2657130090914611
KNN,Train,0.7958333900509484,0.7958333900509484
KNN,Train,-1.234704354653622,-1.234704354653622
KNN,Train,0.639911259500979,0.639911259500979
KNN,Train,-1.785155875122728,-1.785155875122728
KNN,Train,1.205965557619709,1.205965557619709
KNN,Train,1.180116959064325,1.180116959064325
KNN,Train,-0.5086383061657274,-0.4855714633732069
KNN,Train,-2.705549293202082,-2.705549293202082
KNN,Train,0.2182287808022146,0.2182287808022146
KNN,Train,0.4913616938342727,0.4913616938342727
KNN,Train,1.310541310541309,1.310541310541309
KNN,Train,0.1647522604652088,0.1647522604652088
KNN,Train,0.6127838567197355,0.6127838567197355
KNN,Train,-1.965416298346072,-1.965416298346072
KNN,Train,-0.01503759398496262,-0.01503759398496262
KNN,Train,0.2046493264802312,0.672714866357671
KNN,Train,0.2627398291759235,0.2627398291759235
KNN,Train,-1.23858934503561,-1.23858934503561
KNN,Train,-0.7628438624246476,-0.7628438624246476
KNN,Train,1.283198266190026,1.283198266190026
KNN,Train,0.1950162513542781,0.1950162513542781
KNN,Train,0.2163162610163941,0.2163162610163941
KNN,Train,0.2557547866430442,0.2557547866430442
KNN,Train,1.021189299069938,1.0238821312852229
KNN,Train,0.889796870068615,0.889796870068615
KNN,Train,0.5387931034482746,0.5387931034482746
KNN,Train,0.4913616938342727,0.4913616938342727
KNN,Train,-0.2688453122925803,-0.2688453122925803
KNN,Train,1.463157894736841,1.463157894736841
KNN,Train,0.380211241711606,0.380211241711606
KNN,Train,0.2430380486862944,0.2430380486862944
KNN,Train,-0.4353448275862056,-0.4353448275862056
KNN,Train,-2.535140249212473,-2.535140249212473
KNN,Train,-0.619788758288394,-0.619788758288394
KNN,Train,-0.04261660721896531,-0.04261660721896531
KNN,Train,0.8897968700686152,0.8897968700686152
KNN,Train,0.8577031944274324,0.8577031944274324
KNN,Train,-1.407996505383249,-1.407996505383249
KNN,Train,0.6031443726201823,0.6116602724950324
KNN,Train,0.6106601630898799,0.6116602724950324
KNN,Train,0.6989700043360189,0.6989700043360189
KNN,Train,0.3747483460101039,0.3343707271093714
KNN,Train,1.204119982655925,1.0609958977825567
KNN,Train,-1.448275862068967,-1.448275862068967
KNN,Train,-0.5393360442731673,-0.5393360442731673
KNN,Train,0.07675507020280567,0.03348933957358161
KNN,Train,0.6023835319609966,0.6023835319609966
KNN,Train,0.1641903726520483,0.1641903726520483
KNN,Train,1.093599819380088,1.093599819380088
KNN,Train,0.5888613512538016,0.5888613512538016
KNN,Train,-2.323341080224196,-2.323341080224196
KNN,Train,-0.5072750233349814,-0.5072750233349814
KNN,Train,0.04532297878665748,0.04532297878665748
KNN,Train,0.5647935551309269,0.5647935551309269
KNN,Train,0.6803355134145632,0.49128217306914035
KNN,Train,0.4623084667179462,0.18990467019240378
KNN,Train,0.3463529744506387,0.3343707271093714
KNN,Train,-0.8301121378671653,-0.8301121378671653
KNN,Train,-0.9937759336099588,-0.9937759336099588
KNN,Train,0.5185139398778874,0.5185139398778874
KNN,Train,1.362275079783117,1.362275079783117
KNN,Train,0.5910646070264992,0.5910646070264992
KNN,Train,-0.3091286307053941,-0.3091286307053941
KNN,Train,1.346198830409355,1.346198830409355
KNN,Train,-0.1321607680099658,-0.1321607680099658
KNN,Train,-1.885678391959799,-1.885678391959799
KNN,Train,-0.2165366614664583,-0.06427457098283977
KNN,Train,0.7297801442202818,0.7297801442202818
KNN,Train,0.02005766926485197,0.02005766926485197
KNN,Train,0.7672413793103442,0.7672413793103442
KNN,Train,0.1760912590556784,0.1760912590556784
KNN,Train,-1.071860922666721,-1.071860922666721
KNN,Train,0.09022556390977356,0.09022556390977356
KNN,Train,0.5046261715629264,0.5046261715629264
KNN,Train,-0.07996729962314643,-0.07996729962314643
KNN,Train,0.4390446521287634,0.4390446521287634
KNN,Train,1.253437245309724,1.253437245309724
KNN,Train,0.5209109372834104,0.5209109372834104
KNN,Train,-0.8232758620689672,-0.8232758620689672
KNN,Train,0.5910646070264992,0.5910646070264992
KNN,Train,1.146941207143456,1.146941207143456
KNN,Train,-0.7452111206482993,-0.7452111206482993
KNN,Train,1.030489322147899,1.030489322147899
KNN,Train,-0.11903795188283,-0.11903795188283
KNN,Train,-1.49248120300752,-1.49248120300752
KNN,Train,0.6364937630495308,0.6364937630495308
KNN,Train,0.6553852426545229,0.9523041764655824
KNN,Train,0.6151940149681981,0.6151940149681981
KNN,Train,0.5910646070264992,0.7658705698889521
KNN,Train,0.3636119798921443,0.3636119798921443
KNN,Train,0.6373245098685487,0.6373245098685487
KNN,Train,0.3856062735983122,0.3856062735983122
KNN,Train,-0.2340726776061404,-0.2340726776061404
KNN,Train,-1.096910013008056,-1.096910013008056
KNN,Train,0.3318965517241376,0.3318965517241376
KNN,Train,0.735555471593347,0.735555471593347
KNN,Train,0.082934622503059,0.082934622503059
KNN,Train,0.2186959627617429,0.2186959627617429
KNN,Train,0.8965262174895553,0.8965262174895553
KNN,Train,0.135537190082656,0.135537190082656
KNN,Train,0.9883040935672512,0.9883040935672512
KNN,Train,0.1079563182527277,0.019344773790950662
KNN,Train,-0.07996729962314643,-0.07996729962314643
KNN,Train,-0.1767241379310328,-0.1767241379310328
KNN,Train,0.3892141639057259,0.34276860034268325
KNN,Train,-0.3098039199714863,-0.4855714633732069
KNN,Train,0.3470521755509489,0.3470521755509489
KNN,Train,2.036619573798714,2.036619573798714
KNN,Train,0.7965743332104297,0.7481645263457367
KNN,Train,-0.7884826218653814,-0.7884826218653814
KNN,Train,0.272337896627725,0.272337896627725
KNN,Train,0.6173305771416362,0.7481645263457367
KNN,Train,0.02419338211248408,0.02419338211248408
KNN,Train,-0.1767337807606265,-0.1767337807606265
KNN,Train,-0.5534883720930238,-0.5534883720930238
KNN,Train,0.9409251269338039,1.0609958977825567
KNN,Train,0.9041684928630465,0.9041684928630465
KNN,Train,-0.6344628557513522,-0.6344628557513522
KNN,Train,0.2017575408454702,0.2017575408454702
KNN,Train,1.50559284116331,1.50559284116331
KNN,Train,-1.535796071516882,-1.535796071516882
KNN,Train,0.6242820958356683,0.6116602724950324
KNN,Train,-1.196026900731575,-1.196026900731575
KNN,Train,-1.114147993293855,-1.114147993293855
KNN,Train,0.4509957088161992,0.4509957088161992
KNN,Train,-0.5938066216438812,-0.5938066216438812
KNN,Train,0.5539402549876365,0.557399939428406
KNN,Train,0.6211762817750351,0.6116602724950324
KNN,Train,-0.6971816306033263,-0.6971816306033263
KNN,Train,-1.06390977443609,-1.06390977443609
KNN,Train,-0.1858879153069338,-0.1858879153069338
KNN,Train,0.3463529744506387,0.49128217306914035
KNN,Train,-0.04375512696868296,-0.04375512696868296
KNN,Train,1.076276352144377,1.076276352144377
KNN,Train,0.03342375548694973,0.03342375548694973
KNN,Train,0.1525940779274698,0.1525940779274698
KNN,Train,0.4283919597989941,0.4283919597989941
KNN,Train,-0.7458094490628238,-0.7458094490628238
KNN,Train,0.8800879713874663,0.8800879713874663
KNN,Train,-1.603456897447042,-1.603456897447042
KNN,Train,-0.06963592814139488,-0.06963592814139488
KNN,Train,-0.6932160417255555,-0.6932160417255555
KNN,Train,0.6989700043360189,0.6989700043360189
KNN,Train,0.9612068965517243,0.9612068965517243
KNN,Train,1.100763643371112,0.9523041764655824
KNN,Train,0.7357274662281335,0.7357274662281335
KNN,Train,-0.638272163982407,-0.4855714633732069
KNN,Train,1.21937321937322,1.21937321937322
KNN,Train,-0.8947368421052645,-0.8947368421052645
KNN,Train,-0.6942651060983038,-0.6942651060983038
KNN,Train,1.483396136807168,1.483396136807168
KNN,Train,0.6901960800285137,0.6901960800285137
KNN,Train,-0.9937759336099588,-0.9937759336099588
KNN,Train,0.8292314636701619,0.8292314636701619
KNN,Train,0.1166176813015091,0.1166176813015091
KNN,Train,0.6842105263157892,0.6842105263157892
KNN,Train,1.80846742823059,1.80846742823059
KNN,Train,-2.05603448275861,-2.05603448275861
KNN,Train,-1.487912814690911,-1.487912814690911
KNN,Train,1.900826446281001,1.900826446281001
KNN,Train,-0.4724680904466963,-0.4724680904466963
KNN,Train,-0.6731240825341952,-0.6731240825341952
KNN,Train,0.8965262174895553,0.8965262174895553
KNN,Train,-0.3189655172413801,-0.3189655172413801
KNN,Train,-0.2770508826583594,-0.2770508826583594
KNN,Train,0.1132746924643504,0.1132746924643504
KNN,Train,0.11978513052201398,0.11978513052201398
KNN,Train,0.4487063199050799,0.4487063199050799
KNN,Train,0.6756055617195716,0.6756055617195716
KNN,Train,0.2550304776875136,0.2550304776875136
KNN,Train,-0.02672178766989199,-0.02672178766989199
KNN,Train,-0.5385287031854444,-0.5385287031854444
KNN,Train,0.5797835966168101,0.5797835966168101
KNN,Train,0.534026106056135,0.5395162546926076
KNN,Train,-1.234704354653622,-1.234704354653622
KNN,Train,0.4913616938342727,0.4913616938342727
KNN,Train,0.4275633669545613,0.4275633669545613
KNN,Train,-1.577881593704157,-1.577881593704157
KNN,Train,0.7671558660821804,0.7671558660821804
KNN,Train,1.100763643371112,0.9523041764655824
KNN,Train,-0.04170093891793042,-0.04170093891793042
KNN,Train,0.1173491877479526,0.1173491877479526
KNN,Train,0.9931205342354806,0.862609028915209
KNN,Train,0.4329710789008698,0.4329710789008698
KNN,Train,-1.763274336283189,-1.763274336283189
KNN,Train,0.7146198830409358,0.7146198830409358
KNN,Train,0.2145178764897056,0.2145178764897056
KNN,Train,0.3970273286679523,0.3970273286679523
KNN,Train,1.559045226130653,1.559045226130653
KNN,Train,-0.4168875174404437,-0.4168875174404437
KNN,Train,-0.2770149382233361,-0.2770149382233361
KNN,Train,-0.6,-0.6
KNN,Train,-2.705549293202082,-2.705549293202082
KNN,Train,0.1721105527638171,0.1721105527638171
KNN,Train,0.03448275862068784,0.03448275862068784
KNN,Train,0.2259691527869807,0.2259691527869807
KNN,Train,0.0,0.0
KNN,Train,1.522361359570662,1.522361359570662
KNN,Train,0.6387979239767979,0.6387979239767979
KNN,Train,0.8072619934565568,0.8072619934565568
KNN,Train,0.3010299956639812,0.3010299956639812
KNN,Train,-1.439549404036478,-1.439549404036478
KNN,Train,-0.05978886246861603,-0.05978886246861603
KNN,Train,-0.03476210625921197,-0.03476210625921197
KNN,Train,-0.2446720795208597,-0.2446720795208597
KNN,Train,0.4082399653118496,0.520989390917335
KNN,Train,-0.767123174186889,-0.767123174186889
KNN,Train,0.5118833609788743,0.8965262174895553
KNN,Train,-0.3189655172413801,-0.3189655172413801
KNN,Train,0.04260470370605519,0.04260470370605519
KNN,Train,-0.1464838638239616,-0.1464838638239616
KNN,Train,0.1128752143459643,0.1128752143459643
KNN,Train,0.8670923337204245,0.8670923337204245
KNN,Train,-0.05632686832306318,-0.05632686832306318
KNN,Train,0.535215663796611,0.535215663796611
KNN,Train,1.205965557619709,1.205965557619709
KNN,Train,0.03261876085071993,0.03233293315201254
KNN,Train,-0.4353448275862056,-0.4353448275862056
KNN,Train,0.8305886686851442,0.7481645263457367
KNN,Train,1.656589559399379,1.656589559399379
KNN,Train,0.4126109061603624,0.4126109061603624
KNN,Train,-0.004333694474538976,-0.004333694474538976
KNN,Train,0.2637409109445279,0.2637409109445279
KNN,Train,0.414973347970818,0.414973347970818
KNN,Train,-0.2340726776061404,-0.2340726776061404
KNN,Train,0.5860497157265141,0.5860497157265141
KNN,Train,1.181843587944773,1.1956445673278322
KNN,Train,0.9404117009750815,0.9404117009750815
KNN,Train,0.6729746935258656,0.6729746935258656
KNN,Train,-0.07719576496805934,-0.07719576496805934
KNN,Train,0.5265032835812309,0.5265032835812309
KNN,Train,0.3031960574204888,0.3343707271093714
KNN,Train,1.087550726310677,1.087550726310677
KNN,Train,-0.4975728800155673,-0.4975728800155673
KNN,Train,-0.14066513997672,-0.14066513997672
KNN,Train,0.6526722071108372,0.6526722071108372
KNN,Train,1.146941207143456,1.146941207143456
KNN,Train,0.05113650594874027,0.05113650594874027
KNN,Train,1.050866019970613,1.050866019970613
KNN,Train,0.5763413502057929,0.6116602724950324
KNN,Train,0.62463078972132,0.62463078972132
KNN,Train,0.5586226439045551,0.5586226439045551
KNN,Train,0.6242820958356683,0.6116602724950324
KNN,Train,-0.01749782701560991,-0.01749782701560991
KNN,Train,0.5265032835812309,0.5265032835812309
KNN,Train,-0.6426046233183135,-0.6426046233183135
KNN,Train,0.7237976748508552,0.7237976748508551
KNN,Train,0.6627578316815741,0.6627578316815741
KNN,Train,0.7910868478099096,0.7910868478099096
KNN,Train,0.686155075454263,0.686155075454263
KNN,Train,0.7114680014156944,0.7114680014156944
KNN,Train,0.2050678430236896,0.2050678430236896
KNN,Train,-0.9653698872018781,-0.9653698872018781
KNN,Train,0.07918124604762482,0.07918124604762482
KNN,Train,-0.7756344514157028,-0.7756344514157028
KNN,Train,-0.01844926170390164,-0.01844926170390164
KNN,Train,-0.4626847268879903,-0.4626847268879903
KNN,Train,0.139109451707618,0.139109451707618
KNN,Train,0.7672413793103442,0.7672413793103442
KNN,Train,0.8035528064607984,0.8035528064607984
KNN,Train,0.1532051216061021,0.1532051216061021
KNN,Train,0.895422546039408,0.895422546039408
KNN,Train,-0.4170444674351315,-0.4170444674351315
KNN,Train,-0.2266600537219346,-0.2266600537219346
KNN,Train,-0.03068512285530053,-0.03068512285530053
KNN,Train,-1.511278195488722,-1.511278195488722
KNN,Train,-1.0333531830102,-1.0333531830102
KNN,Train,1.021189299069938,1.0609958977825567
KNN,Train,-1.32437478025317,-1.32437478025317
KNN,Train,0.03448275862068784,0.03448275862068784
KNN,Train,0.3483048630481607,0.3483048630481607
KNN,Train,0.9881114906350605,0.9881114906350605
KNN,Train,-2.0,-2.0
KNN,Train,0.009925308530127852,0.009925308530127852
KNN,Train,-1.572614107883811,-1.572614107883811
KNN,Train,0.3233082706766902,0.3233082706766902
KNN,Train,0.9881114906350605,0.9881114906350605
KNN,Train,0.8444444444444436,0.8444444444444436
KNN,Train,-1.105948718925517,-1.105948718925517
KNN,Train,0.180451127819548,0.180451127819548
KNN,Train,-0.03943375318603481,-0.03943375318603481
KNN,Train,0.7204210054216508,0.7204210054216508
KNN,Train,0.5797835966168101,0.5797835966168101
KNN,Train,0.5185139398778874,0.5185139398778874
KNN,Train,0.04139268515822508,-0.06015202148604377
KNN,Train,0.9347805899613781,0.9347805899613781
KNN,Train,0.3617278360175928,0.3617278360175928
KNN,Train,-0.1762586357436119,-0.1762586357436119
KNN,Train,-0.08633414873527591,-0.08633414873527591
KNN,Train,-0.01844926170390164,-0.01844926170390164
KNN,Train,0.07554696139253074,0.07554696139253074
KNN,Train,0.02005766926485197,0.02005766926485197
KNN,Train,0.7671729371896298,0.7671729371896298
KNN,Train,0.3918367346938768,0.3918367346938768
KNN,Train,0.422413793103446,0.422413793103446
KNN,Train,0.04139268515822508,0.22629413822357858
KNN,Train,-2.142667503568731,-2.142667503568731
KNN,Train,-0.5742492738010503,-0.5742492738010503
KNN,Train,-0.1251546956789144,-0.1251546956789144
KNN,Train,0.6977248104008661,0.6977248104008661
KNN,Train,0.7505083948513462,0.8965262174895553
KNN,Train,0.4679182470163208,0.4679182470163208
KNN,Train,1.02530586526477,0.7658705698889521
KNN,Train,1.608501118568232,1.608501118568232
KNN,Train,0.2880888597640699,0.2880888597640699
KNN,Train,0.5250677226597732,0.5250677226597732
KNN,Train,-0.129219291822582,-0.129219291822582
KNN,Train,-0.5338345864661662,-0.5338345864661662
KNN,Train,-0.5408689174769996,-0.5408689174769996
KNN,Train,-0.04983748645720439,-0.04983748645720439
KNN,Train,0.2050678430236896,0.2050678430236896
KNN,Train,0.8463370005539435,0.8502737435943284
KNN,Train,-0.1964576461828072,-0.1964576461828072
KNN,Train,0.3596766725050837,0.3596766725050837
KNN,Train,0.006663850117991262,0.006663850117991262
KNN,Train,1.014680535148689,1.014680535148689
KNN,Train,-2.05603448275861,-2.05603448275861
KNN,Train,0.1166176813015091,0.1166176813015091
KNN,Train,0.7971694225490045,0.7971694225490045
KNN,Train,0.929444837036069,0.929444837036069
KNN,Train,0.648364110491845,0.6116602724950324
KNN,Train,0.3778487999011506,0.3778487999011506
KNN,Train,0.5062846335392319,0.5062846335392319
KNN,Train,0.6306396086247502,0.6306396086247502
KNN,Train,-2.203831209357573,-2.203831209357573
KNN,Train,-1.118826698593236,-1.118826698593236
KNN,Train,0.4913616938342727,0.22629413822357858
KNN,Train,0.2163162610163941,0.2163162610163941
KNN,Train,-0.4353448275862056,-0.4353448275862056
KNN,Train,-0.06251993703895245,-0.06251993703895245
KNN,Train,-0.1804891463142153,-0.1804891463142153
KNN,Train,0.8976270912904415,0.7658705698889521
KNN,Train,0.7160033436347992,0.7160033436347992
KNN,Train,0.5669144981412634,0.5669144981412634
KNN,Train,-0.1464838638239616,-0.1464838638239616
KNN,Train,1.060697840353612,1.1956445673278322
KNN,Train,0.5387931034482746,0.5387931034482746
KNN,Train,-0.2372093023255822,-0.2372093023255822
KNN,Train,0.6335218433719506,0.6335218433719506
KNN,Train,0.6532125137753437,0.6532125137753437
KNN,Train,-0.157894736842105,-0.157894736842105
KNN,Train,0.6020599913279624,0.6020599913279624
KNN,Train,0.1367761095528764,0.1367761095528764
KNN,Train,1.522388149816989,1.522388149816989
KNN,Train,0.5205895119541644,0.5205895119541644
KNN,Train,-0.5072750233349814,-0.5072750233349814
KNN,Train,-0.365959583733208,-0.365959583733208
KNN,Train,0.3767593954048798,0.3767593954048798
KNN,Train,-0.5534883720930238,-0.5534883720930238
KNN,Train,-0.1141965678627143,0.019344773790950662
KNN,Train,0.6211762817750351,0.6116602724950324
KNN,Train,-1.781954887218045,-1.781954887218045
KNN,Train,-1.42021640338319,-1.42021640338319
KNN,Train,0.6106601630898799,0.6116602724950324
KNN,Train,0.4232458739368078,0.4232458739368078
KNN,Train,0.4128854232684702,0.4128854232684702
KNN,Train,0.082934622503059,0.082934622503059
KNN,Train,0.6901960800285137,0.6901960800285137
KNN,Train,0.6231704616375756,0.6231704616375756
KNN,Train,0.9469432706978255,0.9469432706978255
KNN,Train,-1.97095435684647,-1.97095435684647
KNN,Train,0.6107382550335557,0.6107382550335557
KNN,Train,0.5972924522285327,0.5972924522285327
KNN,Train,0.8777912162775305,0.8502737435943284
KNN,Train,0.5427268765011117,0.5427268765011117
KNN,Train,-1.005264266019541,-1.005264266019541
KNN,Train,0.6127838567197355,0.6127838567197355
KNN,Train,0.62463078972132,0.62463078972132
KNN,Train,-0.7628438624246476,-0.7628438624246477
KNN,Train,0.6020599913279624,0.6020599913279624
KNN,Train,0.5135427952329354,0.5135427952329354
KNN,Train,-0.8232758620689672,-0.8232758620689672
KNN,Train,-1.567441860465111,-1.567441860465111
KNN,Train,0.2211785219297459,0.2211785219297459
KNN,Train,1.294736842105262,1.294736842105262
KNN,Train,-0.4170444674351315,-0.4170444674351315
KNN,Train,-1.135338345864661,-1.135338345864661
KNN,Train,0.1266770670826814,-0.06427457098283977
KNN,Train,-0.08633414873527538,-0.08633414873527538
KNN,Train,1.209515014542631,1.0609958977825567
KNN,Train,-0.8313241449568525,-0.8313241449568525
KNN,Train,0.4615384615384614,0.45434824644034033
KNN,Train,0.08880429497466488,0.08880429497466488
KNN,Train,-0.03943375318603481,-0.03943375318603481
KNN,Train,-1.092883061327005,-1.092883061327005
KNN,Train,-0.460121203408758,-0.460121203408758
KNN,Train,0.6456180461285638,0.6456180461285638
KNN,Train,0.7993405494535817,0.7658705698889521
KNN,Train,1.85436677804087,1.85436677804087
KNN,Train,-0.03760465762697581,-0.03760465762697581
KNN,Train,0.5670263661590603,0.5670263661590603
KNN,Train,-0.07719576496805934,-0.07719576496805934
KNN,Train,0.2246783559484863,0.18990467019240378
KNN,Train,0.1882609887630737,0.1882609887630737
KNN,Train,-0.11903795188283,-0.11903795188283
KNN,Train,0.6031443726201823,0.6116602724950324
KNN,Train,-0.02672178766989199,-0.02672178766989199
KNN,Train,-0.7628438624246476,-0.7628438624246477
KNN,Train,0.2186959627617429,0.2186959627617429
KNN,Train,0.1904538485873565,0.1904538485873565
KNN,Train,0.3617278360175928,0.3617278360175928
KNN,Train,0.2187134502923974,0.2187134502923974
KNN,Train,-1.777415033082565,-1.777415033082565
KNN,Train,-0.1277985983463365,-0.1277985983463365
KNN,Train,-0.7451810935152875,-0.7451810935152875
KNN,Train,0.8296511438534148,0.8296511438534148
KNN,Train,0.1744584367708963,0.1744584367708963
KNN,Train,-0.4563268683230601,-0.4563268683230601
KNN,Train,0.1437655938677714,0.1437655938677714
KNN,Train,-0.005465586003222508,-0.005465586003222508
KNN,Train,-2.334481075108565,-2.334481075108565
KNN,Train,0.6901960800285137,0.6901960800285137
KNN,Train,1.00893042575285,1.00893042575285
KNN,Train,0.8910996649845989,0.8502737435943284
KNN,Train,0.806230529595015,0.806230529595015
KNN,Train,0.365862215402555,0.365862215402555
KNN,Train,-0.04261660721896531,-0.04261660721896531
KNN,Train,0.1117004680187195,0.03348933957358161
KNN,Train,0.06345484267917818,0.06345484267917818
KNN,Train,0.07980012213427638,0.07980012213427638
KNN,Train,-0.5864661654135337,-0.5864661654135337
KNN,Train,-0.8232758620689614,-0.8232758620689614
KNN,Train,0.6015860182746656,0.862609028915209
KNN,Train,0.4040158561440467,0.4040158561440467
KNN,Train,-0.8232758620689614,-0.8232758620689614
KNN,Train,0.3119932648840557,0.3119932648840557
KNN,Train,0.03448275862068784,0.03448275862068784
KNN,Train,1.047514794837365,1.047514794837365
KNN,Train,0.4471580313422192,0.49128217306914035
KNN,Train,0.2304489213782739,0.2304489213782739
KNN,Train,0.1173491877479526,0.1173491877479526
KNN,Train,0.8122446968003693,0.8965262174895553
KNN,Train,1.308724832214764,1.308724832214764
KNN,Train,0.5525490843095185,0.5525490843095185
KNN,Train,0.0,0.0
KNN,Train,-0.619788758288394,-0.619788758288394
KNN,Train,-0.9200292374440189,-0.9200292374440189
KNN,Train,-2.535140249212473,-2.535140249212473
KNN,Train,0.7672413793103442,0.7672413793103442
KNN,Train,0.2637409109445279,0.2637409109445279
KNN,Train,-0.6140350877192979,-0.6140350877192979
KNN,Train,0.1705521196219227,0.1705521196219227
KNN,Train,-0.00620308796527328,-0.00620308796527328
KNN,Train,0.2182287808022119,0.2182287808022119
KNN,Train,-0.1251546956789149,-0.1251546956789149
KNN,Train,0.7417816961431667,0.7417816961431667
KNN,Train,0.6218068535825538,0.6218068535825538
KNN,Train,0.3318002991095532,0.3318002991095532
KNN,Train,1.060697840353612,0.8502737435943284
KNN,Train,-0.1449235972700369,-0.1449235972700369
KNN,Train,0.1319863281682527,0.1319863281682527
KNN,Train,0.4313637641589874,0.4313637641589874
KNN,Train,-0.162941534687887,-0.162941534687887
KNN,Train,-0.1767337807606265,-0.1767337807606265
KNN,Train,0.5805468137587255,0.5805468137587255
KNN,Train,0.5450543344028723,0.5450543344028723
KNN,Train,0.2944963655243999,0.2944963655243999
KNN,Train,0.6308908570191394,0.6308908570191394
KNN,Train,0.5391498881431767,0.5391498881431767
KNN,Train,1.456366033129043,1.456366033129043
KNN,Train,0.06345484267917818,0.06345484267917818
KNN,Train,1.07700432679335,1.07700432679335
KNN,Train,-0.4607016882522424,-0.4607016882522424
KNN,Train,-1.441695135640719,-1.441695135640719
KNN,Train,0.4806145740944546,0.4806145740944546
KNN,Train,-0.6946486305533762,-0.6946486305533762
KNN,Train,0.3318965517241376,0.3318965517241376
KNN,Train,-1.629310344827578,-1.629310344827578
KNN,Train,0.7932016100908708,0.7932016100908708
KNN,Train,-0.1986570869544228,-0.1986570869544228
KNN,Train,0.5000216558101156,0.5000216558101156
KNN,Train,0.7160033436347992,0.7160033436347992
KNN,Train,-1.547440503436895,-1.547440503436895
KNN,Train,0.1657598875739492,0.1657598875739492
KNN,Train,-0.08798751950078033,0.03348933957358161
KNN,Train,0.2880888597640699,0.2880888597640699
KNN,Train,0.6354495299314225,0.6354495299314225
KNN,Train,0.5763413502057929,0.6116602724950324
KNN,Train,-0.4658517416748432,-0.4658517416748432
KNN,Train,0.6231884057971003,0.6231884057971003
KNN,Train,1.363935283358457,1.363935283358457
KNN,Train,0.7505083948513462,0.8965262174895553
KNN,Train,0.7168825761045695,0.7168825761045695
KNN,Train,0.1569739382239341,0.1569739382239341
KNN,Train,0.6760563380281691,0.6760563380281691
KNN,Train,-0.3668744088311774,-0.3668744088311774
KNN,Train,-0.1059519103518204,-0.1059519103518204
KNN,Train,-0.612646032378238,-0.612646032378238
KNN,Train,-0.7628438624246476,-0.7628438624246476
KNN,Train,-0.08092190762392612,-0.08092190762392612
KNN,Train,0.4489574959155591,0.4489574959155591
KNN,Train,-2.705549293202082,-2.705549293202082
KNN,Train,0.8792796600840976,0.8792796600840976
KNN,Train,0.9612068965517243,0.9612068965517243
KNN,Train,0.9708116108725178,0.9708116108725178
KNN,Train,-0.2099009373137068,-0.2099009373137068
KNN,Train,0.8178119194823461,0.8178119194823461
KNN,Train,0.3559122080332726,0.3559122080332726
KNN,Train,-0.2678362573099414,-0.2678362573099414
KNN,Train,0.8796692056320535,0.8502737435943284
KNN,Train,1.308724832214764,1.308724832214764
KNN,Train,0.0594209901149536,0.0594209901149536
KNN,Train,-0.2340726776061404,-0.2340726776061404
KNN,Train,-0.3031709948236987,-0.3031709948236987
KNN,Train,0.4342288918608878,0.4342288918608878
KNN,Train,-0.1762586357436119,-0.1762586357436119
KNN,Train,-0.00877392430750515,-0.00877392430750515
KNN,Train,-0.2225132903568139,-0.2225132903568139
KNN,Train,0.18155415475718,0.18155415475718
KNN,Train,0.5267037346185933,0.5267037346185933
KNN,Train,0.3856062735983122,0.3856062735983122
KNN,Train,1.126315789473682,1.126315789473682
KNN,Train,0.686155075454263,0.686155075454263
KNN,Train,0.9365132613368841,0.9365132613368841
KNN,Train,0.4487098600393338,0.4487098600393338
KNN,Train,0.4509957088161992,0.4509957088161992
KNN,Train,0.7403626894942439,0.7403626894942439
KNN,Train,-0.1172728120892211,0.18990467019240378
KNN,Train,0.2907935616990988,0.557399939428406
KNN,Train,-0.05787918913275993,-0.05787918913275993
KNN,Train,-0.7628438624246476,-0.7628438624246477
KNN,Train,0.7237976748508552,0.7237976748508551
KNN,Train,-0.7827067862373733,-0.7827067862373733
KNN,Train,1.130976691605617,1.130976691605617
KNN,Train,0.1066751967046165,0.1066751967046165
KNN,Train,0.3254607304414622,0.3254607304414622
KNN,Train,-0.2469177919249304,-0.2469177919249304
KNN,Train,0.03730594077925276,0.03730594077925276
KNN,Train,-1.563758389261749,-1.563758389261749
KNN,Train,1.004815141474574,1.0609958977825567
KNN,Train,0.8067164667100035,0.8067164667100035
KNN,Train,0.9881114906350605,0.9881114906350605
KNN,Train,0.6479448198198187,0.6479448198198187
KNN,Train,0.02081696013925367,0.02081696013925367
KNN,Train,0.2647773159802437,0.2647773159802437
KNN,Train,-0.4315653747438915,-0.4315653747438915
KNN,Train,0.1366562824506729,0.1366562824506729
KNN,Train,0.1647522604652088,0.1647522604652088
KNN,Train,1.082621082621084,1.082621082621084
KNN,Train,0.06037703633173449,0.06037703633173449
KNN,Train,-0.006203087965272839,-0.006203087965272839
KNN,Train,0.7237976748508552,0.7237976748508551
KNN,Train,1.100763643371112,0.9523041764655824
KNN,Train,-0.1762586357436113,-0.1762586357436113
KNN,Train,-0.8301121378671653,-0.8301121378671653
KNN,Train,0.8035528064607984,0.8035528064607984
KNN,Train,1.283198266190026,1.283198266190026
KNN,Train,1.150595882990248,1.150595882990248
KNN,Train,-0.01733477789815788,-0.01733477789815788
KNN,Train,-1.516444298028881,-1.516444298028881
KNN,Train,0.8020207517719758,0.8020207517719758
KNN,Train,-0.9827586206896575,-0.9827586206896575
KNN,Train,0.173186268412274,0.173186268412274
KNN,Train,0.4034029043735392,0.4034029043735392
KNN,Train,1.398347107438026,1.398347107438026
KNN,Train,-0.4724680904466963,-0.4724680904466963
KNN,Train,-1.20966708761141,-1.20966708761141
KNN,Train,-2.323341080224196,-2.323341080224196
KNN,Train,0.5459451160618883,0.5459451160618883
KNN,Train,-2.334481075108565,-2.334481075108565
KNN,Train,0.1206896551724121,0.1206896551724121
KNN,Train,-0.05978886246861603,-0.05978886246861603
KNN,Train,-2.052455067076556,-2.052455067076556
KNN,Train,0.2775007758356284,0.2775007758356284
KNN,Train,0.6621085853152393,0.6621085853152393
KNN,Train,0.422413793103446,0.422413793103446
KNN,Train,-0.9145720716388055,-0.9145720716388055
KNN,Train,0.6410063608375752,0.6410063608375752
KNN,Train,-2.323341080224196,-2.323341080224196
KNN,Train,0.380211241711606,0.380211241711606
KNN,Train,0.359835482339888,0.3609820696495815
KNN,Train,-1.364902075136013,-1.364902075136013
KNN,Train,0.2880888597640699,0.2880888597640699
KNN,Train,0.1657598875739492,0.1657598875739492
KNN,Train,0.3459994779145614,0.3459994779145614
KNN,Train,-2.203831209357573,-2.203831209357573
KNN,Train,-0.1953198127925111,0.03348933957358161
KNN,Train,0.4679182470163208,0.4679182470163208
KNN,Train,0.7762863534675611,0.7762863534675611
KNN,Train,0.686155075454263,0.686155075454263
KNN,Train,-0.4836373832160348,-0.4836373832160348
KNN,Train,1.395341273599259,1.395341273599259
KNN,Train,0.6483600109809317,0.5395162546926076
KNN,Train,-0.04375512696868296,-0.04375512696868296
KNN,Train,0.148594545749752,0.148594545749752
KNN,Train,0.2304489213782739,0.2304489213782739
KNN,Train,0.06427457098283858,0.019344773790950662
KNN,Train,0.05803546917037159,0.05803546917037159
KNN,Train,-0.4089353929735008,-0.4855714633732069
KNN,Train,1.187969924812029,1.187969924812029
KNN,Train,0.1647522604652088,0.1647522604652088
KNN,Train,-0.110008534838633,-0.110008534838633
KNN,Train,-0.51427857351842,-0.51427857351842
KNN,Train,0.4126109061603624,0.4126109061603624
KNN,Train,-0.1760912590556817,-0.1760912590556817
KNN,Train,0.2807537335508451,0.2807537335508451
KNN,Train,2.388059618193226,2.388059618193226
KNN,Train,0.541283490742574,0.541283490742574
KNN,Train,-2.718967130186474,-2.718967130186474
KNN,Train,0.3432623561190514,0.3432623561190514
KNN,Train,1.080536912751675,1.080536912751675
KNN,Train,0.5546959574620433,0.5546959574620433
KNN,Train,0.2962164173101657,0.2962164173101657
KNN,Train,0.0,-0.06015202148604377
KNN,Train,0.08054025763564433,0.08054025763564433
KNN,Train,0.2126080928814434,0.2126080928814434
KNN,Train,0.6779252076177129,0.6779252076177129
KNN,Train,1.278753600952829,1.278753600952829
KNN,Train,-0.004364805402450088,-0.004364805402450088
KNN,Train,0.6526722071108372,0.6526722071108372
KNN,Train,0.6982266185371769,0.6982266185371769
KNN,Train,1.076276352144377,1.076276352144377
KNN,Train,-0.0893755951107988,-0.0893755951107988
KNN,Train,-0.7907934207082596,-0.7907934207082596
KNN,Train,-1.278559880703671,-1.278559880703671
KNN,Train,-0.7718752999018175,-0.7718752999018175
KNN,Train,0.5546959574620433,0.5546959574620433
KNN,Train,0.04614998447069624,0.04614998447069624
KNN,Train,0.4655717305742211,0.4655717305742211
KNN,Train,1.201397124320452,1.1956445673278322
KNN,Train,1.02938377768521,1.02938377768521
KNN,Train,0.380211241711606,0.22629413822357858
KNN,Train,0.1166176813015091,0.1166176813015091
KNN,Train,0.6335218433719506,0.6335218433719506
KNN,Train,0.1872386198314787,0.1880227788853145
KNN,Train,0.3468309859154933,0.3468309859154933
KNN,Train,0.6052964725395565,0.6052964725395565
KNN,Train,0.4034029043735392,0.4034029043735392
KNN,Train,0.04260470370605519,0.04260470370605519
KNN,Train,-2.634968218916374,-2.634968218916374
KNN,Train,-0.9651162790697718,-0.9651162790697718
KNN,Train,-0.3135371308479524,-0.3135371308479524
KNN,Train,-0.2525162145712102,-0.25251582689467234
KNN,Train,0.6018447179733589,0.6018447179733589
KNN,Train,-1.102338512076255,-1.102338512076255
KNN,Train,0.01703333929878037,0.01703333929878037
KNN,Train,0.1256895334971941,0.1256895334971941
KNN,Train,-0.8232758620689614,-0.8232758620689614
KNN,Train,-0.08471373464762134,-0.08471373464762134
KNN,Train,0.1883035851650658,0.1883035851650658
KNN,Train,-0.168693863576964,-0.168693863576964
KNN,Train,0.5118833609788743,0.8965262174895553
KNN,Train,0.4471580313422192,0.49128217306914035
KNN,Train,-2.144640275261264,-2.144640275261264
KNN,Train,0.5754147908402901,0.5754147908402901
KNN,Train,-0.1563012307056405,-0.1563012307056405
KNN,Train,0.5185139398778874,0.5185139398778874
KNN,Train,-0.2500000000000024,-0.2500000000000024
KNN,Train,-0.9021734110319146,-0.9021734110319146
KNN,Train,-0.1029641185647424,-0.06427457098283977
KNN,Train,0.2424445151694238,0.2424445151694238
KNN,Train,0.06787330316741842,-0.06015202148604377
KNN,Train,0.6901960800285137,0.6901960800285137
KNN,Train,0.9612068965517243,0.9612068965517243
KNN,Train,0.5862831858407086,0.5862831858407086
KNN,Train,0.146128035678238,-0.06015202148604377
KNN,Train,0.5805468137587243,0.5805468137587243
KNN,Train,0.1639004149377578,0.1639004149377578
KNN,Train,0.436162647040756,0.5395162546926076
KNN,Train,0.6627578316815741,0.6627578316815741
KNN,Train,1.143014800254095,1.143014800254095
KNN,Train,0.8389261744966443,0.8389261744966443
KNN,Train,0.2964118564742571,0.019344773790950662
KNN,Train,0.001069865533045818,0.001069865533045818
KNN,Train,0.380211241711606,0.380211241711606
KNN,Train,0.8650442477876106,0.8650442477876106
KNN,Train,-0.3091286307053941,-0.3091286307053941
KNN,Train,-0.004364805402450088,-0.004364805402450088
KNN,Train,0.5570638505655185,0.5570638505655185
KNN,Train,0.03710686132560858,0.03710686132560858
KNN,Train,-0.2218487496163564,-0.2218487496163564
KNN,Train,-0.00620308796527328,-0.00620308796527328
KNN,Train,-0.4396694214875904,-0.4396694214875904
KNN,Train,0.5814674032073606,0.5814674032073606
KNN,Train,0.4040313015268496,0.4040313015268496
KNN,Train,-1.114147993293855,-1.114147993293855
KNN,Train,-1.615697591672981,-1.615697591672981
KNN,Train,-0.01749782701560991,-0.01749782701560991
KNN,Train,0.3483048630481607,0.3483048630481607
KNN,Train,0.6299402678187999,0.6339746587962782
KNN,Train,0.7618945674400744,0.7618945674400744
KNN,Train,0.290034611362518,0.3343707271093714
KNN,Train,-0.02664130105864902,-0.02664130105864902
KNN,Train,0.1765990639625574,0.019344773790950662
KNN,Train,0.4741255587590221,0.4741255587590221
KNN,Train,0.04532297878665748,0.04532297878665748
KNN,Train,-1.851851851851851,-1.851851851851851
KNN,Train,1.036353115842418,1.036353115842418
KNN,Train,0.7388055682705498,0.7388055682705498
KNN,Train,0.5742145178764892,0.5742145178764892
KNN,Train,-0.055377791833341,-0.055377791833341
KNN,Train,1.608501118568232,1.608501118568232
KNN,Train,-0.4780893042575287,-0.4780893042575287
KNN,Train,-0.3093052782018357,-0.3093052782018357
KNN,Train,0.6002076843198328,0.6002076843198328
KNN,Train,1.03342375548695,0.8502737435943284
KNN,Train,0.5587085705331657,0.49128217306914035
KNN,Train,0.6558037511164472,0.6558037511164472
KNN,Train,1.094342640722355,1.094342640722355
KNN,Train,0.6137179964990436,0.6137179964990436
KNN,Train,-0.1033429559749049,-0.1033429559749049
KNN,Train,-1.163675884293248,-1.163675884293248
KNN,Train,-0.4416951356407078,-0.4416951356407078
KNN,Train,0.2166847237269759,0.2166847237269759
KNN,Train,-1.397940008672037,-1.397940008672037
KNN,Train,-0.8340240248307097,-0.8340240248307097
KNN,Train,0.9711055276381912,0.9711055276381912
KNN,Train,0.06037703633173826,0.06037703633173826
KNN,Train,0.7239819004524883,0.7239819004524883
KNN,Train,-0.9827586206896575,-0.9827586206896575
KNN,Train,0.1639004149377578,0.1639004149377578
KNN,Train,0.6283889300503115,0.520989390917335
KNN,Train,0.07879884639939841,0.07879884639939841
KNN,Train,1.146941207143456,1.146941207143456
KNN,Train,0.3074960379132129,0.520989390917335
KNN,Train,0.7189234367587567,0.7189234367587567
KNN,Train,0.3801976569746794,0.3801976569746794
KNN,Train,-0.3061000384340861,-0.3061000384340861
KNN,Train,-1.221064605101569,-1.221064605101569
KNN,Train,0.8426092396105621,0.8426092396105621
KNN,Train,0.4638929889859073,0.4638929889859073
KNN,Train,-0.05698339270242879,-0.05698339270242879
KNN,Train,-0.7458094490628238,-0.7458094490628238
KNN,Train,0.5383765017273076,0.5383765017273076
KNN,Train,0.3304137733491909,0.3609820696495815
KNN,Train,1.382743362831857,1.382743362831857
KNN,Train,0.6373245098685487,0.6373245098685487
KNN,Train,0.3318965517241376,0.3318965517241376
KNN,Train,-1.300144134463074,-1.300144134463074
KNN,Train,0.000184675759379702,0.000184675759379702
KNN,Train,-0.2365720064370627,-0.2365720064370627
KNN,Train,0.6532125137753437,0.6532125137753437
KNN,Train,0.3029055729718366,0.3029055729718366
KNN,Train,-0.2218487496163564,-0.06015202148604377
KNN,Train,0.9495487209058864,0.9495487209058864
KNN,Train,0.2600216684723708,0.2600216684723708
KNN,Train,-0.01635820640686767,0.557399939428406
KNN,Train,-0.2881198278471295,-0.2881198278471295
KNN,Train,0.8142475957319202,0.7481645263457367
KNN,Train,1.050866019970613,1.050866019970613
KNN,Train,0.5118833609788743,0.8965262174895553
KNN,Train,-0.3720391624218937,-0.3720391624218937
KNN,Train,0.5265032835812309,0.5265032835812309
KNN,Train,-0.0767550702028087,-0.06427457098283977
KNN,Train,0.6211762817750351,0.6116602724950324
KNN,Train,-2.777665566310111,-2.777665566310111
KNN,Train,0.3502480183341629,0.3343707271093714
KNN,Train,0.9365132613368845,0.9365132613368845
KNN,Train,0.5049560752439612,0.5049560752439612
KNN,Train,-0.5742492738010503,-0.5742492738010503
KNN,Train,0.07980012213427638,0.07980012213427638
KNN,Train,-1.629310344827578,-1.629310344827578
KNN,Train,0.1888069379391503,0.1880227788853145
KNN,Train,0.6365584913426995,0.6365584913426995
KNN,Train,0.04550379198266516,0.04550379198266516
KNN,Train,-1.972093023255811,-1.972093023255811
KNN,Train,-1.278559880703671,-1.278559880703671
KNN,Train,0.6421052631578948,0.6421052631578948
KNN,Train,-2.522878745280337,-2.522878745280337
KNN,Train,-0.3113613671456985,-0.3113613671456985
KNN,Train,-0.129219291822582,-0.129219291822582
KNN,Train,-1.516444298028881,-1.516444298028881
KNN,Train,-0.9651162790697718,-0.9651162790697718
KNN,Train,-0.1135092748275181,-0.0748607237409814
KNN,Train,0.3549473425726017,0.3549473425726017
KNN,Train,0.8636528625639327,0.8636528625639327
KNN,Train,-0.9145720716388055,-0.9145720716388055
KNN,Train,-0.8086184995011162,-0.8086184995011162
KNN,Train,-1.351639989019068,-1.351639989019068
KNN,Train,0.4065401804339551,0.4065401804339551
KNN,Train,0.2647773159802437,0.2647773159802437
KNN,Train,0.7194451609763224,0.7194451609763224
KNN,Train,0.7114680014156944,0.7114680014156944
KNN,Train,0.08563466276372743,0.08563466276372743
KNN,Train,-0.985231158620319,-0.985231158620319
KNN,Train,0.3747483460101039,0.3343707271093714
KNN,Train,-0.08471373464762134,-0.08471373464762134
KNN,Train,0.3222192947339193,0.3222192947339193
KNN,Train,-1.785155875122728,-1.785155875122728
KNN,Train,0.1208778733641796,0.1208778733641796
KNN,Train,0.290034611362518,0.3343707271093714
KNN,Train,-0.2372093023255822,-0.2372093023255822
KNN,Train,-1.568636235841013,-1.568636235841013
KNN,Train,0.5250677226597732,0.5250677226597732
KNN,Train,1.305958561063182,1.305958561063182
KNN,Train,-0.1321607680099658,-0.1321607680099658
KNN,Train,-0.3841226480657678,-0.3841226480657678
KNN,Train,-2.144640275261264,-2.144640275261264
KNN,Train,-0.168693863576964,-0.168693863576964
KNN,Train,0.3926969532596657,0.3609820696495815
KNN,Train,0.082934622503059,0.082934622503059
KNN,Train,-0.3954987090480164,-0.3954987090480164
KNN,Train,-2.698970004336019,-2.698970004336019
KNN,Train,0.7386467155148417,0.7386467155148417
KNN,Train,0.5344053974388362,0.5344053974388362
KNN,Train,1.133825549864817,1.133825549864817
KNN,Train,-0.9827586206896575,-0.9827586206896575
KNN,Train,0.4070585517469932,0.4070585517469932
KNN,Train,-0.3188767550702024,-0.06427457098283977
KNN,Train,0.03204710545330516,0.03233293315201254
KNN,Train,0.4313637641589874,0.4313637641589874
KNN,Train,0.1206896551724121,0.1206896551724121
KNN,Train,-1.014876033057834,-1.014876033057834
KNN,Train,1.02530586526477,0.8502737435943284
KNN,Train,0.4603305929511411,0.4603305929511411
KNN,Train,-0.7884826218653814,-0.7884826218653814
KNN,Train,0.6387979239767979,0.6387979239767979
KNN,Train,0.1967213902982204,0.1967213902982204
KNN,Train,-1.572614107883811,-1.572614107883811
KNN,Train,-0.225488800760079,-0.225488800760079
KNN,Train,-0.528820300569675,-0.528820300569675
KNN,Train,-0.02672178766989199,-0.02672178766989199
KNN,Train,0.3029055729718366,0.3029055729718366
KNN,Train,-2.323341080224196,-2.323341080224196
KNN,Train,0.2485127322208998,0.2485127322208998
KNN,Train,0.06666840180628056,-0.06015202148604377
KNN,Train,0.08040478333155002,0.08040478333155002
KNN,Train,0.449180152337384,0.449180152337384
KNN,Train,0.5387931034482746,0.5387931034482746
KNN,Train,0.8234019501625136,0.8234019501625136
KNN,Train,-0.05787918913275993,-0.05787918913275993
KNN,Train,0.9436090225563907,0.9436090225563907
KNN,Train,-0.3154362416107405,-0.3154362416107405
KNN,Train,0.06392869562034259,0.06392869562034259
KNN,Train,0.7375901662857216,0.7375901662857216
KNN,Train,0.6052964725395565,0.6052964725395565
KNN,Train,0.4349897524434111,0.4349897524434111
KNN,Train,0.6988119920145542,0.6988119920145542
KNN,Train,-0.03621217265444471,-0.0748607237409814
KNN,Train,0.6532125137753437,0.6532125137753437
KNN,Train,-2.090225563909775,-2.090225563909775
KNN,Train,1.001698847035765,1.001698847035765
KNN,Train,-0.162941534687887,-0.162941534687887
KNN,Train,-0.3113613671456985,-0.3113613671456985
KNN,Train,0.6106601630898799,0.6116602724950324
KNN,Train,-0.3189655172413801,-0.3189655172413801
KNN,Train,0.6211762817750351,0.6116602724950324
KNN,Train,1.133825549864817,1.133825549864817
KNN,Train,-1.290730039024169,-1.290730039024169
KNN,Train,-0.3665158371040725,-0.3655972337791876
KNN,Train,0.8122446968003693,0.8965262174895553
KNN,Train,0.729439713313603,0.729439713313603
KNN,Train,-2.270100502512563,-2.270100502512563
KNN,Train,0.8061799739838872,0.8061799739838872
KNN,Train,-1.364902075136013,-1.364902075136013
KNN,Train,0.3997834418988355,0.3997834418988355
KNN,Train,1.344392273685111,1.1956445673278322
KNN,Train,0.7795964912578245,0.7795964912578245
KNN,Train,0.7160033436347992,0.7160033436347992
KNN,Train,-0.3279021420642826,-0.3279021420642826
KNN,Train,0.7744360902255635,0.7744360902255635
KNN,Train,0.4432770075955701,0.4432770075955701
KNN,Train,-0.00877392430750515,-0.00877392430750515
KNN,Train,-0.3154362416107405,-0.3154362416107405
KNN,Train,-0.02672178766989199,-0.02672178766989199
KNN,Train,0.6306396086247502,0.6306396086247502
KNN,Train,0.9572567783094088,0.9572567783094088
KNN,Train,0.07358456455093211,0.07358456455093211
KNN,Train,0.5279857113140554,0.5279857113140554
KNN,Train,0.8248316567500222,0.672714866357671
KNN,Train,0.6724323295111406,0.6724323295111406
KNN,Train,0.146128035678238,0.146128035678238
KNN,Train,0.06392869562034259,0.06392869562034259
KNN,Train,-0.2383566602316601,-0.2383566602316601
KNN,Train,0.6149590534401633,0.6149590534401633
KNN,Train,0.3463529744506387,0.49128217306914035
KNN,Train,0.0243369734789374,-0.06427457098283977
KNN,Train,-0.7152802629955829,-0.7152802629955829
KNN,Train,0.9425041061680807,0.9425041061680807
KNN,Train,0.4471580313422192,0.45434824644034033
KNN,Train,0.210118641008524,0.672714866357671
KNN,Train,-2.323341080224196,-2.323341080224196
KNN,Train,-1.199748743718593,-1.199748743718593
KNN,Train,-1.441695135640719,-1.441695135640719
KNN,Train,1.093599819380088,1.093599819380088
KNN,Train,0.9091346748392991,0.9091346748392991
KNN,Train,0.6754239863370415,0.6754239863370415
KNN,Train,-0.9126967386229311,-0.9126967386229311
KNN,Train,0.4070585517469932,0.4070585517469932
KNN,Train,0.5014171282441098,0.5014171282441098
KNN,Train,0.6720978579357175,0.6720978579357175
KNN,Train,0.8577031944274324,0.8577031944274324
KNN,Train,0.7107438016529042,0.7107438016529042
KNN,Train,0.8723520098382468,0.8502737435943284
KNN,Train,0.5734581149493531,0.5734581149493531
KNN,Train,0.7971694225490045,0.7971694225490045
KNN,Train,-1.221064605101569,-1.221064605101569
KNN,Train,0.2600713879850748,0.2600713879850748
KNN,Train,0.7302275189599128,0.7302275189599128
KNN,Train,0.6373245098685487,0.6373245098685487
KNN,Train,1.394451680826216,1.1956445673278322
KNN,Train,0.9163342758539162,0.9163342758539162
KNN,Train,0.02214307063863684,0.02214307063863684
KNN,Train,0.5496719218682735,0.5496719218682735
KNN,Train,-0.7933871979013215,-0.7933871979013215
KNN,Train,-0.07051482059282402,0.03348933957358161
KNN,Train,-1.517084431448743,-1.517084431448743
KNN,Train,0.2477360902479951,0.2477360902479951
KNN,Train,1.031407035175877,1.031407035175877
KNN,Train,-1.863570317441311,-1.863570317441311
KNN,Train,1.080536912751675,1.080536912751675
KNN,Train,0.3534526924483971,0.3534526924483971
KNN,Train,-1.112831858407081,-1.112831858407081
KNN,Train,0.249877473216598,0.34276860034268325
KNN,Train,-0.1763846362985451,-0.1763846362985451
KNN,Train,0.4653828514484183,0.4653828514484183
KNN,Train,0.3971129200300176,0.3971129200300176
KNN,Train,0.648364110491845,0.6116602724950324
KNN,Train,1.174641192660449,1.174641192660449
KNN,Train,0.5587284924162972,0.5587284924162972
KNN,Train,-0.2770149382233361,-0.2770149382233361
KNN,Train,0.1789541471922132,0.1789541471922132
KNN,Train,-0.8196731304698925,-0.8196731304698925
KNN,Train,-0.6073030467403343,-0.6073030467403343
KNN,Train,1.142241379310341,1.142241379310341
KNN,Train,-1.214824120603015,-1.214824120603015
KNN,Test,0.3324384599156053,0.5395162546926076
KNN,Test,3.164179103238849,1.84289065757668
KNN,Test,0.5014171282441098,0.5014171282441098
KNN,Test,-0.3061000384340861,-0.3061000384340861
KNN,Test,0.5209109372834104,0.5209109372834104
KNN,Test,0.2184674937789584,0.13024161630054842
KNN,Test,-0.6189591078066927,-0.619788758288394
KNN,Test,-0.08633414873527591,-0.08633414873527591
KNN,Test,1.094342640722355,1.094342640722355
KNN,Test,0.9931205342354806,0.862609028915209
KNN,Test,-0.8313241449568525,-0.8313241449568525
KNN,Test,-0.5408689174769996,-0.5408689174769996
KNN,Test,0.0649854939798157,-0.13557875340384057
KNN,Test,-0.9633176592446268,-1.1968581512120826
KNN,Test,-0.8239087409443188,-1.096910013008056
KNN,Test,-0.2992233682875201,-0.963994148443526
KNN,Test,0.4271453189369645,0.06581461897448268
KNN,Test,0.4415191304571257,0.4415191304571257
KNN,Test,0.8292314636701624,0.862609028915209
KNN,Test,0.290034611362518,0.3343707271093714
KNN,Test,-0.6595299383442075,-0.4117288635166156
KNN,Test,1.283198266190026,1.283198266190026
KNN,Test,0.4275633669545613,0.4275633669545613
KNN,Test,-1.071860922666721,-1.071860922666721
KNN,Test,0.07018822533816348,0.0
KNN,Test,-0.03068512285530053,0.42547561360064556
KNN,Test,0.3344537511509309,0.3343707271093714
KNN,Test,0.04614998447069624,0.04614998447069624
KNN,Test,-0.2924298239020636,-0.0748607237409814
KNN,Test,0.414973347970818,0.414973347970818
KNN,Test,0.6548599518166115,0.38887693752999936
KNN,Test,0.761745810919945,0.7109493663647855
KNN,Test,0.6315789473684207,-0.3717859710120521
KNN,Test,1.01169221234297,1.0609958977825567
KNN,Test,-1.452991452991453,-1.6616927335772993
KNN,Test,-0.7611389642143674,-1.0759344810920544
KNN,Test,0.1145400335558539,0.028769168162630816
KNN,Test,1.253437245309724,1.253437245309724
KNN,Test,-0.5938066216438812,-0.5938066216438812
KNN,Test,-1.719591275179851,-1.2202488724892417
KNN,Test,0.3031960574204888,0.3343707271093714
KNN,Test,-0.1767241379310328,-0.1767241379310328
KNN,Test,-3.084170854271357,-0.6659827551621318
KNN,Test,0.5881912753291252,0.5794725835541336
KNN,Test,0.8292314636701619,0.8292314636701619
KNN,Test,0.568201724066995,0.5669144981412634
KNN,Test,0.3119932648840557,0.3119932648840557
KNN,Test,0.3426900584795311,0.096521946329686
KNN,Test,-1.05000038465533,-1.0258669858233949
KNN,Test,0.6242820958356683,0.6116602724950324
KNN,Test,-0.3841226480657678,-0.3841226480657678
KNN,Test,-0.7628438624246476,-0.7628438624246476
KNN,Test,-1.517084431448743,-1.517084431448743
KNN,Test,0.7294593264839196,0.3609820696495815
KNN,Test,0.8965262174895553,0.8965262174895553
KNN,Test,-1.448275862068967,-1.448275862068967
KNN,Test,0.6052964725395565,0.2470733080404518
KNN,Test,0.6020599913279624,0.28989452249889996
KNN,Test,-0.3841226480657678,-0.3841226480657678
KNN,Test,0.4248088801709484,0.49128217306914035
KNN,Test,-0.01106194690265572,0.01670268322546839
KNN,Test,0.7618945674400744,0.7618945674400744
KNN,Test,0.03779758291381349,0.5409904101800829
KNN,Test,-0.07719576496805934,0.2753995113316782
KNN,Test,-1.105822721176797,-0.6524314030809447
KNN,Test,-0.2500000000000024,-0.2500000000000024
KNN,Test,-0.3824561403508766,-0.0023657384803057978
KNN,Test,2.086283185840707,1.2291429818260005
KNN,Test,0.3982725127375335,0.35712036560666427
KNN,Test,0.5587085705331657,0.49128217306914035
KNN,Test,0.3596766725050837,0.3596766725050837
KNN,Test,0.3010299956639812,0.22629413822357858
KNN,Test,-0.163262387944784,0.17357819317141374
KNN,Test,-0.1364894692937454,0.01806703412504766
KNN,Test,0.4754464211067237,0.5130540183302211
KNN,Test,-0.1364894692937454,0.01806703412504766
KNN,Test,0.5185139398778874,0.46787236024375417
KNN,Test,0.5433383280405261,0.019344773790950648
KNN,Test,0.05803546917037159,0.05803546917037159
KNN,Test,-0.744727494896694,-0.6351283141894909
KNN,Test,-0.5631007681788924,0.09555232825504603
KNN,Test,1.133825549864817,1.133825549864817
KNN,Test,0.4776604850213967,0.46006220117269603
KNN,Test,-0.09691001300805639,-0.06015202148604377
KNN,Test,1.50559284116331,1.50559284116331
KNN,Test,1.076276352144377,1.076276352144377
KNN,Test,0.436162647040756,0.3343707271093713
KNN,Test,-0.1986570869544228,-0.1986570869544228
KNN,Test,0.3463529744506387,0.3343707271093714
KNN,Test,-0.02059282371294896,0.019344773790950662
KNN,Test,0.583638190231899,0.34368307041421287
KNN,Test,0.5484338463910386,0.5484338463910386
KNN,Test,0.7971694225490045,0.7971694225490045
KNN,Test,-0.9285714285714313,-0.7063440680157458
KNN,Test,-1.599246231155778,-2.0304815143100394
KNN,Test,0.6354837468149122,0.6391184109572534
KNN,Test,0.7932016100908708,0.7932016100908708
KNN,Test,0.5670263661590603,0.5670263661590603
KNN,Test,0.4393326938302626,0.36098206964958146
KNN,Test,0.4158977539238713,0.7114680014156944
KNN,Test,-0.4090614296906621,-0.5704315288291631
KNN,Test,0.5014171282441111,0.8996371964508721
KNN,Test,-0.5144205230153214,-1.0697883002993833
KNN,Test,-0.001233048413828201,0.0808165410112775
KNN,Test,1.107438016528938,0.493320302400016
KNN,Test,0.6211762817750351,0.6116602724950324
KNN,Test,0.1003705451175629,-0.0748607237409814
KNN,Test,-0.5829875518672214,-0.2336285460554736
KNN,Test,0.05690485133647256,0.05690485133647256
KNN,Test,0.2182287808022119,0.2182287808022119
KNN,Test,-1.97095435684647,-1.97095435684647
KNN,Test,0.6621085853152393,0.6621085853152393
KNN,Test,-0.624161073825504,-1.0091800741007675
KNN,Test,1.094342640722355,1.094342640722355
KNN,Test,-1.337242168318426,-1.369694221298111
KNN,Test,-0.4168875174404437,-0.4168875174404437
KNN,Test,0.3521825181113625,0.36265263248606694
KNN,Test,-0.7907934207082596,-0.7907934207082596
KNN,Test,0.6031443726201823,0.6116602724950324
KNN,Test,-2.300251256281407,-1.2825273635064527
KNN,Test,0.6096866096866093,-0.06192653667308388
KNN,Test,0.3222192947339193,-0.06015202148604377
KNN,Test,1.103190095954383,0.3955060701678716
KNN,Test,-0.2881198278471295,-0.2881198278471295
KNN,Test,0.4703209205104826,0.01934477379095066
KNN,Test,0.5796458917139012,0.520989390917335
KNN,Test,0.5443965170527658,0.5209893909173351
KNN,Test,1.027249205777354,0.8114070070164996
KNN,Test,0.06037703633173449,0.06037703633173449
KNN,Test,0.6107382550335557,0.6107382550335557
KNN,Test,0.3778487999011506,0.3778487999011506
KNN,Test,0.5380082475606797,0.4657994909353847
KNN,Test,-0.6989700043360187,-0.6932160417255555
KNN,Test,0.6197183098591552,0.584948372615722
KNN,Test,-1.196026900731575,-1.196026900731575
KNN,Test,-0.624161073825504,-1.0091800741007675
KNN,Test,0.9163342758539162,0.9163342758539162
KNN,Test,0.0992694619521627,0.03348933957358161
KNN,Test,0.2550304776875136,0.2550304776875136
KNN,Test,0.7023705927993015,1.146941207143456
KNN,Test,0.07018822533816348,0.0
KNN,Test,0.3480198017392754,0.3029055729718366
KNN,Test,-2.301029995663981,-1.2267284220660244
KNN,Test,1.39496674100774,1.0574019077999974
KNN,Test,1.142241379310341,1.142241379310341
KNN,Test,-0.4101744650890502,-0.037696131613731004
KNN,Test,0.5805468137587243,0.5805468137587243
KNN,Test,0.359835482339888,0.3609820696495815
KNN,Test,1.070422535211266,1.055749889482387
KNN,Test,-1.407996505383249,-1.407996505383249
KNN,Test,0.9296083526018456,1.0609958977825567
KNN,Test,0.6434526764861874,0.6338388850763959
KNN,Test,1.142241379310341,1.142241379310341
KNN,Test,-1.535796071516882,-1.535796071516882
KNN,Test,0.724275869600789,0.6686604256732458
KNN,Test,-0.5742492738010503,-0.5742492738010503
KNN,Test,-1.105822721176797,-0.8698981805261118
KNN,Test,0.6532125137753437,0.6532125137753437
KNN,Test,0.5775344108563207,0.5395162546926076
KNN,Test,0.8389261744966443,0.8389261744966443
KNN,Test,1.050866019970613,1.050866019970613
KNN,Test,-2.221848749616356,-2.367795363361716
KNN,Test,-0.326729107509616,-0.3914152701049474
KNN,Test,0.5763413502057929,0.6116602724950324
KNN,Test,0.4913616938342727,0.4272171652560162
KNN,Test,-0.4266006465360775,-0.6127195153583114
KNN,Test,0.7717853376544959,0.18990467019240378
KNN,Test,0.9049868953301389,0.5767325861498054
KNN,Test,0.3586960995738104,0.44995307882970137
KNN,Test,0.000184675759379702,0.000184675759379702
KNN,Test,0.9041684928630465,0.9041684928630465
KNN,Test,0.7957746478873244,1.0238821312852229
KNN,Test,0.249877473216598,-0.05717285605308354
KNN,Test,0.2003166498975227,0.672714866357671
KNN,Test,-0.09151498112135022,0.42124563781154617
KNN,Test,-0.6344221105527648,-0.619788758288394
KNN,Test,0.6532125137753437,0.862609028915209
KNN,Test,0.7784019021736095,0.3504546339401414
KNN,Test,0.3344537511509309,0.3343707271093714
KNN,Test,-0.3967891925154016,-0.7740880730306253
KNN,Test,0.8970760233918128,0.8947602857776149
KNN,Test,-0.2399638415280812,-0.22325497782275502
KNN,Test,-1.39907759602161,-1.1206968883723485
KNN,Test,0.5546959574620433,0.5546959574620433
KNN,Test,0.03061224489796073,0.04008705050514335
KNN,Test,0.3344537511509309,0.3343707271093714
KNN,Test,-0.5685840707964614,-0.9735676516607116
KNN,Test,0.0380313199105153,0.0380313199105153
KNN,Test,0.5185139398778874,0.5185139398778874
KNN,Test,-0.1053444761515942,-0.40104903767623407
KNN,Test,-0.275724130399211,-1.096910013008056
KNN,Test,1.133538908370217,1.1956445673278322
KNN,Test,-1.613074447739991,-1.2929655310964374
KNN,Test,0.568201724066995,0.22629413822357858
KNN,Test,0.5368701749797076,0.5342265710576769
KNN,Test,-0.9145720716388055,-0.9145720716388055
KNN,Test,0.7150879065106778,0.7239819004524883
KNN,Test,-1.972093023255811,-1.972093023255811
KNN,Test,-0.4165682858734546,-0.5184054908845466
KNN,Test,-0.2857142857142859,-0.3382667785358068
KNN,Test,0.000184675759379702,0.000184675759379702
KNN,Test,-0.8232758620689672,-0.8232758620689672
KNN,Test,0.1641903726520483,0.1641903726520483
KNN,Test,0.5551647741760672,0.2529525270654667
KNN,Test,-1.20966708761141,-1.20966708761141
KNN,Test,0.0649854939798157,-0.13557875340384057
KNN,Test,0.5250677226597745,0.45056891591839343
KNN,Test,0.07918124604762482,0.07918124604762482
KNN,Test,-0.428990367220233,-0.7040348735992621
KNN,Test,1.012034255098913,1.014680535148689
KNN,Test,0.7923916894982539,0.7658705698889521
KNN,Test,0.8441444706166565,0.5852467462779939
KNN,Test,-0.03068512285530053,-0.03068512285530053
KNN,Test,-0.1308971686110271,-0.3050208440656952
KNN,Test,0.422413793103446,0.422413793103446
KNN,Test,-1.117647058823529,-1.118826698593236
KNN,Test,0.6850556999575159,0.6399350232648847
KNN,Test,0.7114680014156944,0.7114680014156944
KNN,Test,0.7189234367587567,0.7189234367587567
KNN,Test,0.07554696139253074,0.07554696139253074
KNN,Test,-0.5829875518672214,-0.2336285460554736
KNN,Test,-0.1962946451439691,-1.0900392500574965
KNN,Test,0.4691793022254807,0.37594098453921165
KNN,Test,0.9259716473223176,0.7198388992110931
KNN,Test,0.1760912590556812,0.07980012213427637
KNN,Test,-0.03205202065153314,0.13388400837069153
KNN,Test,-0.01916049952100591,-0.23427999974831906
KNN,Test,-0.03205202065153314,0.13388400837069153
KNN,Test,0.6231704616375756,0.6231704616375756
KNN,Test,0.5185139398778874,0.5814728403016088
KNN,Test,-0.1087719298245615,0.2270302553395257
KNN,Test,0.6071342742642603,0.4912821730691404
KNN,Test,0.403033586132178,0.11288493370980224
KNN,Test,1.200118221872587,0.672714866357671
KNN,Test,0.4559035956430633,0.45434824644034033
KNN,Test,0.2533637564272291,0.3134843535320599
KNN,Test,0.2845428661815921,0.01934477379095065
KNN,Test,0.284243604897899,0.2171459789209554
KNN,Test,0.1485380116959049,0.3924508865163169
KNN,Test,-0.9021734110319146,-0.9021734110319146
KNN,Test,0.3726162606770048,-0.06427457098283977
KNN,Test,-0.5686362358410126,-1.096910013008056
KNN,Test,0.2304489213782739,0.2836702033013339
KNN,Test,1.266940635346726,1.266940635346726
KNN,Test,-0.1425476623911539,0.47599068526436733
KNN,Test,0.8197624407474513,0.8197624407474513
KNN,Test,0.7505083948513462,0.8965262174895553
KNN,Test,1.266940635346726,1.266940635346726
KNN,Test,0.5391498881431767,0.5391498881431767
KNN,Test,0.6627578316815741,0.6627578316815741
KNN,Test,0.4456042032735976,0.4553069895134675
KNN,Test,-2.323341080224196,-2.323341080224196
KNN,Test,-0.6666723925349947,-0.78376923751796
KNN,Test,0.8441444706166565,0.5852467462779939
KNN,Test,0.6803355134145632,0.49128217306914035
KNN,Test,0.6157487820036969,1.094342640722355
KNN,Test,0.5563025007672873,0.6241446206414595
KNN,Test,1.653277152283784,0.8236674057701231
KNN,Test,0.5797835966168101,0.5797835966168101
KNN,Test,0.648364110491845,0.6116602724950324
KNN,Test,0.8897968700686152,0.8897968700686152
KNN,Test,-2.634968218916374,-2.634968218916374
KNN,Test,-0.1308971686110271,-0.3050208440656952
KNN,Test,0.3502480183341629,0.3343707271093714
KNN,Test,-0.1568423903044668,0.2630454388476379
KNN,Test,0.4232458739368078,0.4232458739368078
KNN,Test,0.3502480183341629,0.3343707271093714
KNN,Test,0.8122446968003693,0.8965262174895553
KNN,Test,0.9270401707559837,0.7648007293287844
RandomForest,Train,0.4683473304121573,0.46388865434291293
RandomForest,Train,0.146128035678238,0.26756018760159395
RandomForest,Train,0.3617278360175928,0.36710954266963464
RandomForest,Train,0.05690485133647256,0.049028879166932764
RandomForest,Train,0.3483048630481607,0.35889149442185503
RandomForest,Train,0.01703333929878037,0.01606827898851245
RandomForest,Train,0.3463529744506387,0.3330301481280393
RandomForest,Train,-0.492397660818713,-0.4513417631646799
RandomForest,Train,-0.3135371308479524,-0.26914845581016655
RandomForest,Train,1.002759171414269,1.0701880522934593
RandomForest,Train,-0.9021734110319146,-0.9294420965848822
RandomForest,Train,-0.9653698872018781,-0.8051885837694684
RandomForest,Train,-0.07265302803383195,-0.10921861015579677
RandomForest,Train,-0.05698339270242879,-0.0678919021489887
RandomForest,Train,-0.4930892744484819,-0.614902939840593
RandomForest,Train,-2.000011146780801,-1.4549388660212856
RandomForest,Train,0.3014609394254348,0.33943786903795087
RandomForest,Train,-0.220163883572486,-0.11170444993855796
RandomForest,Train,-0.4135338345864666,-0.5662348975654234
RandomForest,Train,-0.01503759398496262,-0.0552273183837905
RandomForest,Train,-0.7827067862373733,-0.8173949008803841
RandomForest,Train,0.2889866653481595,0.33062276529886836
RandomForest,Train,-0.1568423903044674,-0.13661555953870136
RandomForest,Train,0.07918124604762482,0.10367739452376767
RandomForest,Train,0.009925308530127852,0.037218857061689585
RandomForest,Train,0.6244897959183671,0.44955250278390946
RandomForest,Train,1.04442036836403,1.0008313452117392
RandomForest,Train,-0.1611509092627447,-0.4402327051043468
RandomForest,Train,0.9365132613368841,0.8818127572300241
RandomForest,Train,0.3283796034387377,0.3330301481280393
RandomForest,Train,0.729439713313603,0.723564092746334
RandomForest,Train,0.5484338463910386,0.568488906573042
RandomForest,Train,0.6387979239767979,0.6558788515524745
RandomForest,Train,0.8274660015984828,0.3986971345949517
RandomForest,Train,0.3029055729718366,0.2679636892059155
RandomForest,Train,0.4415191304571257,0.4039894547543122
RandomForest,Train,0.07980012213427638,0.08055302936103502
RandomForest,Train,-1.567441860465111,-1.5526938832126027
RandomForest,Train,0.3283796034387377,0.3330301481280393
RandomForest,Train,0.8197624407474513,0.7052942223206105
RandomForest,Train,0.04561403508771715,-0.06812665251834163
RandomForest,Train,0.6211762817750351,0.6149203000267357
RandomForest,Train,0.8805963907349271,0.6673520607074124
RandomForest,Train,0.18155415475718,0.18042107814642222
RandomForest,Train,0.5439699507256512,0.5941895641034861
RandomForest,Train,-0.02664840017615605,-0.019439102794080676
RandomForest,Train,-0.9510050251256278,-1.083449530224084
RandomForest,Train,0.6380090497737567,0.6416252888664629
RandomForest,Train,0.7096881214587651,0.7483650650070668
RandomForest,Train,0.9931205342354806,0.8592740319613007
RandomForest,Train,0.4070585517469932,0.41835583854058234
RandomForest,Train,0.8965262174895553,0.7303829718299466
RandomForest,Train,0.4456042032735976,0.46098745415852027
RandomForest,Train,-0.1568423903044674,-0.13661555953870136
RandomForest,Train,0.2627398291759235,0.2289125194502985
RandomForest,Train,-1.319015722105611,-1.1870571333901299
RandomForest,Train,1.266940635346726,1.2625752073015493
RandomForest,Train,-0.3646786304543028,-0.3696988974738367
RandomForest,Train,0.3283796034387377,0.3330301481280393
RandomForest,Train,0.9386591389737827,0.907978788949757
RandomForest,Train,0.07554696139253074,0.07013751479268832
RandomForest,Train,0.7075701760979364,0.6629803952544833
RandomForest,Train,0.981279216850904,0.9602672897984883
RandomForest,Train,0.2183393686410296,0.30815828734085193
RandomForest,Train,0.3747483460101039,0.3330301481280393
RandomForest,Train,1.205965557619709,1.2060116725310726
RandomForest,Train,0.6242823997773247,0.5984634034521094
RandomForest,Train,-1.448275862068967,-1.437901755474175
RandomForest,Train,-0.1767241379310328,-0.15412972259083962
RandomForest,Train,0.8949079089924165,0.8876444978415753
RandomForest,Train,0.02005766926485197,0.23007368209663365
RandomForest,Train,0.0594209901149536,0.043421467355096055
RandomForest,Train,1.01703333929878,1.0082520249520428
RandomForest,Train,-0.4416951356407078,-0.44959148537168414
RandomForest,Train,-0.2041199826559248,-0.4910743465595934
RandomForest,Train,0.9453191100762133,0.9988565129277551
RandomForest,Train,1.336639818641689,0.9840018928717098
RandomForest,Train,0.7505083948513462,0.7328612451081473
RandomForest,Train,0.3254607304414622,0.28624466375642316
RandomForest,Train,0.1206896551724121,0.1012914528710009
RandomForest,Train,0.255030477687516,0.2746525686123389
RandomForest,Train,0.5308775731310934,0.553457939495311
RandomForest,Train,0.6812412373755872,0.6069851752464388
RandomForest,Train,0.6211762817750351,0.6498233698245568
RandomForest,Train,0.2430380486862944,0.27200609425998773
RandomForest,Train,0.6812412373755872,0.7948371562072429
RandomForest,Train,-2.634968218916374,-2.5275470492751433
RandomForest,Train,0.7204210054216508,0.7266998003348827
RandomForest,Train,0.6435536294691222,0.6690523125148495
RandomForest,Train,-0.01749782701560991,-0.008223358623883684
RandomForest,Train,0.9444679049496479,0.9226492723558839
RandomForest,Train,-0.1220556745182012,-0.10205347831006663
RandomForest,Train,-1.508793969849246,-1.341218830697141
RandomForest,Train,1.053316562126286,1.0621172798462732
RandomForest,Train,0.1319863281682527,0.0926920567822619
RandomForest,Train,0.380211241711606,0.38809668195593733
RandomForest,Train,-0.14066513997672,-0.15366374643946748
RandomForest,Train,0.5975482649800063,0.5868628480265246
RandomForest,Train,0.3892141639057259,0.33145911838581604
RandomForest,Train,0.6123933697586622,0.6039879846259175
RandomForest,Train,1.03342375548695,1.0082520249520428
RandomForest,Train,-0.1449235972700369,-0.15208608276581378
RandomForest,Train,-0.04488919723294831,-0.07373341520212703
RandomForest,Train,0.3020134228187899,0.298765833429812
RandomForest,Train,0.0380313199105153,0.1051718954764183
RandomForest,Train,0.8650979287404373,0.921100154133231
RandomForest,Train,0.9956351945975499,0.8963282191792417
RandomForest,Train,0.3020134228187899,0.298765833429812
RandomForest,Train,-1.629310344827578,-1.5985470319854325
RandomForest,Train,0.1437655938677714,0.13058773820834904
RandomForest,Train,1.179291901828044,1.1613294792198097
RandomForest,Train,0.4653828514484183,0.4650343319812505
RandomForest,Train,0.6587215601300098,0.5844942431501695
RandomForest,Train,-0.2525154392181344,-0.3935095104851135
RandomForest,Train,0.249877473216598,0.31019072717473173
RandomForest,Train,1.173186268412274,1.0701880522934593
RandomForest,Train,-0.1220556745182012,-0.10205347831006663
RandomForest,Train,0.9886636158427594,0.5223099302427044
RandomForest,Train,0.1307061523494404,0.1413432933459913
RandomForest,Train,0.05335735049852605,-0.1449873733314182
RandomForest,Train,1.053324533905294,1.0189801682361255
RandomForest,Train,-0.051282051282051,-0.5480902368651752
RandomForest,Train,0.9629629629629627,0.428608785118249
RandomForest,Train,-0.110008534838633,-0.09769620617634801
RandomForest,Train,1.170774647887323,1.1377121453094994
RandomForest,Train,-0.1858879153069338,-0.22641491026787244
RandomForest,Train,0.7075701760979364,0.532239224136797
RandomForest,Train,0.5670263661590603,0.5559960543662951
RandomForest,Train,0.5910646070264992,0.6072883162902304
RandomForest,Train,1.007042253521127,1.0701880522934593
RandomForest,Train,-0.2500000000000024,-0.3001223653053937
RandomForest,Train,0.5185139398778874,0.5172049386725092
RandomForest,Train,1.411695906432748,1.3041982111932826
RandomForest,Train,0.3031960574204888,0.3330301481280393
RandomForest,Train,0.2017575408454702,0.19049859092397967
RandomForest,Train,1.253437245309724,1.2582920846093566
RandomForest,Train,-0.7718752999018175,-0.7293401858515484
RandomForest,Train,0.2280938887519323,0.3113108872167914
RandomForest,Train,0.4679182470163208,0.4700427836288419
RandomForest,Train,-1.642975206611555,-1.2813089539199476
RandomForest,Train,-0.1251546956789149,-0.11798490104154105
RandomForest,Train,-1.563758389261749,-1.539226857717381
RandomForest,Train,-1.148741651280925,-0.8494775317520937
RandomForest,Train,-0.06251993703895245,-0.06249111596154995
RandomForest,Train,-0.3071596757466341,-0.2526936130516603
RandomForest,Train,0.526339277389844,0.46140101762310287
RandomForest,Train,0.3813651137594792,0.2372111171756629
RandomForest,Train,0.8039521828148732,0.8157057400826921
RandomForest,Train,0.7762863534675611,0.7108232009778956
RandomForest,Train,0.3979400086720376,0.49145924225794413
RandomForest,Train,-0.053666651000876,0.09312706378083281
RandomForest,Train,0.8393863014886044,0.921100154133231
RandomForest,Train,0.9771853913912649,0.9215047566939853
RandomForest,Train,-1.517084431448743,-1.4635084481571847
RandomForest,Train,0.8035528064607984,0.7614066021465394
RandomForest,Train,-0.619788758288394,-0.6425136490796217
RandomForest,Train,-2.05603448275861,-1.9829852766207599
RandomForest,Train,0.2657130090914611,0.31850969634433524
RandomForest,Train,0.7958333900509484,0.7232701587177125
RandomForest,Train,-1.234704354653622,-1.1479363430926401
RandomForest,Train,0.639911259500979,0.6155765263990365
RandomForest,Train,-1.785155875122728,-1.652493436360044
RandomForest,Train,1.205965557619709,1.2060116725310726
RandomForest,Train,1.180116959064325,1.171795860516574
RandomForest,Train,-0.5086383061657274,-0.4693061723696673
RandomForest,Train,-2.705549293202082,-2.6701971148178454
RandomForest,Train,0.2182287808022146,0.20054145512330918
RandomForest,Train,0.4913616938342727,0.48916246893821824
RandomForest,Train,1.310541310541309,1.157717725324035
RandomForest,Train,0.1647522604652088,0.13351326031320632
RandomForest,Train,0.6127838567197355,0.5397635744501404
RandomForest,Train,-1.965416298346072,-1.5662863246530458
RandomForest,Train,-0.01503759398496262,0.04406564905102443
RandomForest,Train,0.2046493264802312,0.5223099302427044
RandomForest,Train,0.2627398291759235,0.2289125194502985
RandomForest,Train,-1.23858934503561,-1.1783011728781558
RandomForest,Train,-0.7628438624246476,-0.884502570304961
RandomForest,Train,1.283198266190026,1.272001047505063
RandomForest,Train,0.1950162513542781,0.1957185440589225
RandomForest,Train,0.2163162610163941,0.21160529241696677
RandomForest,Train,0.2557547866430442,0.0925966963189761
RandomForest,Train,1.021189299069938,1.0082520249520428
RandomForest,Train,0.889796870068615,0.8321969239033211
RandomForest,Train,0.5387931034482746,0.5243444244445822
RandomForest,Train,0.4913616938342727,0.4936156984410229
RandomForest,Train,-0.2688453122925803,-0.1410663692374718
RandomForest,Train,1.463157894736841,1.3746586453391938
RandomForest,Train,0.380211241711606,0.3155499240281901
RandomForest,Train,0.2430380486862944,0.27200609425998773
RandomForest,Train,-0.4353448275862056,-0.4311965323100949
RandomForest,Train,-2.535140249212473,-2.3130550377998333
RandomForest,Train,-0.619788758288394,-0.6425136490796217
RandomForest,Train,-0.04261660721896531,-0.009467705740946904
RandomForest,Train,0.8897968700686152,0.8064454275356036
RandomForest,Train,0.8577031944274324,0.8379140969679375
RandomForest,Train,-1.407996505383249,-1.5276901293137952
RandomForest,Train,0.6031443726201823,0.6149203000267357
RandomForest,Train,0.6106601630898799,0.6149203000267357
RandomForest,Train,0.6989700043360189,0.6464332773805287
RandomForest,Train,0.3747483460101039,0.3330301481280393
RandomForest,Train,1.204119982655925,1.0701880522934593
RandomForest,Train,-1.448275862068967,-1.437901755474175
RandomForest,Train,-0.5393360442731673,-0.5366761830356633
RandomForest,Train,0.07675507020280567,-0.040159210840750706
RandomForest,Train,0.6023835319609966,0.5626397231555689
RandomForest,Train,0.1641903726520483,0.26788721601728543
RandomForest,Train,1.093599819380088,1.117417818513184
RandomForest,Train,0.5888613512538016,0.594389595631643
RandomForest,Train,-2.323341080224196,-2.2605510529135153
RandomForest,Train,-0.5072750233349814,-0.48645380426635154
RandomForest,Train,0.04532297878665748,0.04588229985896003
RandomForest,Train,0.5647935551309269,0.5030559577053237
RandomForest,Train,0.6803355134145632,0.4731123825184094
RandomForest,Train,0.4623084667179462,0.15982704112667429
RandomForest,Train,0.3463529744506387,0.3330301481280393
RandomForest,Train,-0.8301121378671653,-0.8160347446838555
RandomForest,Train,-0.9937759336099588,-0.9461054838231444
RandomForest,Train,0.5185139398778874,0.5172049386725092
RandomForest,Train,1.362275079783117,1.3313192053123353
RandomForest,Train,0.5910646070264992,0.6214704342947294
RandomForest,Train,-0.3091286307053941,-0.2727175525904846
RandomForest,Train,1.346198830409355,1.3125492383625221
RandomForest,Train,-0.1321607680099658,-0.13850328794782626
RandomForest,Train,-1.885678391959799,-1.5302518840477124
RandomForest,Train,-0.2165366614664583,-0.10054693061362076
RandomForest,Train,0.7297801442202818,0.5220059526688603
RandomForest,Train,0.02005766926485197,0.046883306205980455
RandomForest,Train,0.7672413793103442,0.7537878429957046
RandomForest,Train,0.1760912590556784,0.11673315310542588
RandomForest,Train,-1.071860922666721,-1.3318745368582607
RandomForest,Train,0.09022556390977356,0.02391707307940007
RandomForest,Train,0.5046261715629264,0.5072508724051416
RandomForest,Train,-0.07996729962314643,-0.0544880911857323
RandomForest,Train,0.4390446521287634,0.48477399261266463
RandomForest,Train,1.253437245309724,1.2582920846093566
RandomForest,Train,0.5209109372834104,0.5455964072173527
RandomForest,Train,-0.8232758620689672,-0.7710115552626162
RandomForest,Train,0.5910646070264992,0.6072883162902304
RandomForest,Train,1.146941207143456,1.1371444705836309
RandomForest,Train,-0.7452111206482993,-0.8337521463966311
RandomForest,Train,1.030489322147899,0.9529340790455928
RandomForest,Train,-0.11903795188283,-0.12806550755336946
RandomForest,Train,-1.49248120300752,-1.202307815263611
RandomForest,Train,0.6364937630495308,0.5521838258504561
RandomForest,Train,0.6553852426545229,0.9921691055049747
RandomForest,Train,0.6151940149681981,0.5992315698197435
RandomForest,Train,0.5910646070264992,0.7948371562072429
RandomForest,Train,0.3636119798921443,0.3949369166878869
RandomForest,Train,0.6373245098685487,0.6421369260410624
RandomForest,Train,0.3856062735983122,0.3838425925212381
RandomForest,Train,-0.2340726776061404,-0.25924708386607337
RandomForest,Train,-1.096910013008056,-0.8139486372223329
RandomForest,Train,0.3318965517241376,0.30756424037100744
RandomForest,Train,0.735555471593347,0.5813724594643326
RandomForest,Train,0.082934622503059,0.06820003900567202
RandomForest,Train,0.2186959627617429,0.20884121590071444
RandomForest,Train,0.8965262174895553,0.7303829718299466
RandomForest,Train,0.135537190082656,-0.03860902105221735
RandomForest,Train,0.9883040935672512,0.8289746761740716
RandomForest,Train,0.1079563182527277,0.10862576488025233
RandomForest,Train,-0.07996729962314643,-0.0544880911857323
RandomForest,Train,-0.1767241379310328,-0.15412972259083962
RandomForest,Train,0.3892141639057259,0.33145911838581604
RandomForest,Train,-0.3098039199714863,-0.4693061723696673
RandomForest,Train,0.3470521755509489,0.34080328153234757
RandomForest,Train,2.036619573798714,1.6472790836532833
RandomForest,Train,0.7965743332104297,0.7653569278453205
RandomForest,Train,-0.7884826218653814,-0.7787083336554893
RandomForest,Train,0.272337896627725,0.27367968858282904
RandomForest,Train,0.6173305771416362,0.7653569278453205
RandomForest,Train,0.02419338211248408,0.11173621899886986
RandomForest,Train,-0.1767337807606265,-0.195544233925009
RandomForest,Train,-0.5534883720930238,-0.48467082941089135
RandomForest,Train,0.9409251269338039,1.0701880522934593
RandomForest,Train,0.9041684928630465,0.8445468293015255
RandomForest,Train,-0.6344628557513522,-0.5656183797146042
RandomForest,Train,0.2017575408454702,0.19049859092397967
RandomForest,Train,1.50559284116331,1.5076540900061748
RandomForest,Train,-1.535796071516882,-1.4326409423390474
RandomForest,Train,0.6242820958356683,0.6149203000267357
RandomForest,Train,-1.196026900731575,-1.2100635641653923
RandomForest,Train,-1.114147993293855,-0.9804972042590859
RandomForest,Train,0.4509957088161992,0.4220967868907411
RandomForest,Train,-0.5938066216438812,-0.5086942865812962
RandomForest,Train,0.5539402549876365,0.3986971345949517
RandomForest,Train,0.6211762817750351,0.6149203000267357
RandomForest,Train,-0.6971816306033263,-0.6505830002236155
RandomForest,Train,-1.06390977443609,-1.1745549869114784
RandomForest,Train,-0.1858879153069338,-0.22641491026787244
RandomForest,Train,0.3463529744506387,0.4731123825184094
RandomForest,Train,-0.04375512696868296,-0.01969207706546346
RandomForest,Train,1.076276352144377,1.0808759120680183
RandomForest,Train,0.03342375548694973,0.13906349200045182
RandomForest,Train,0.1525940779274698,-0.24214601360896126
RandomForest,Train,0.4283919597989941,0.5018421262544066
RandomForest,Train,-0.7458094490628238,-0.7253056970236184
RandomForest,Train,0.8800879713874663,0.7934904466249445
RandomForest,Train,-1.603456897447042,-1.3328059986964989
RandomForest,Train,-0.06963592814139488,-0.018982491939197807
RandomForest,Train,-0.6932160417255555,-0.5777343325910477
RandomForest,Train,0.6989700043360189,0.5197656387782796
RandomForest,Train,0.9612068965517243,0.9589119893764644
RandomForest,Train,1.100763643371112,0.9921691055049747
RandomForest,Train,0.7357274662281335,0.703235437557627
RandomForest,Train,-0.638272163982407,-0.4693061723696673
RandomForest,Train,1.21937321937322,1.1305319268298257
RandomForest,Train,-0.8947368421052645,-0.8782779519686783
RandomForest,Train,-0.6942651060983038,-0.5310037363687679
RandomForest,Train,1.483396136807168,1.3946432177324888
RandomForest,Train,0.6901960800285137,0.7223086550228943
RandomForest,Train,-0.9937759336099588,-0.9461054838231444
RandomForest,Train,0.8292314636701619,0.6255977896246496
RandomForest,Train,0.1166176813015091,0.1955697625034387
RandomForest,Train,0.6842105263157892,0.7435337321118155
RandomForest,Train,1.80846742823059,1.309831334449532
RandomForest,Train,-2.05603448275861,-1.9829852766207599
RandomForest,Train,-1.487912814690911,-1.2229618334756347
RandomForest,Train,1.900826446281001,1.5206624283923194
RandomForest,Train,-0.4724680904466963,-0.4812620615303222
RandomForest,Train,-0.6731240825341952,-0.5250365992781278
RandomForest,Train,0.8965262174895553,0.7303829718299466
RandomForest,Train,-0.3189655172413801,-0.3273971359271303
RandomForest,Train,-0.2770508826583594,-0.2713537294400748
RandomForest,Train,0.1132746924643504,-0.08690537418315794
RandomForest,Train,0.11978513052201398,-0.24884850651767101
RandomForest,Train,0.4487063199050799,0.5734040023250176
RandomForest,Train,0.6756055617195716,0.6224681338155633
RandomForest,Train,0.2550304776875136,0.28469001782778663
RandomForest,Train,-0.02672178766989199,-0.028050847268410888
RandomForest,Train,-0.5385287031854444,-0.5109312814897862
RandomForest,Train,0.5797835966168101,0.575581431611098
RandomForest,Train,0.534026106056135,0.5354636962997419
RandomForest,Train,-1.234704354653622,-1.1479363430926401
RandomForest,Train,0.4913616938342727,0.4936156984410229
RandomForest,Train,0.4275633669545613,0.4894160727165622
RandomForest,Train,-1.577881593704157,-1.3150701094095598
RandomForest,Train,0.7671558660821804,0.7270182147275643
RandomForest,Train,1.100763643371112,0.9921691055049747
RandomForest,Train,-0.04170093891793042,-0.19514745105439063
RandomForest,Train,0.1173491877479526,0.05272926497285745
RandomForest,Train,0.9931205342354806,0.8592740319613007
RandomForest,Train,0.4329710789008698,0.08068489851969243
RandomForest,Train,-1.763274336283189,-1.5383756397750934
RandomForest,Train,0.7146198830409358,0.6763759368284825
RandomForest,Train,0.2145178764897056,0.19808166404843972
RandomForest,Train,0.3970273286679523,0.3658597882885028
RandomForest,Train,1.559045226130653,1.2972133231185072
RandomForest,Train,-0.4168875174404437,-0.6908043218939519
RandomForest,Train,-0.2770149382233361,-0.25380304163181205
RandomForest,Train,-0.6,-0.5987530158625681
RandomForest,Train,-2.705549293202082,-2.6701971148178454
RandomForest,Train,0.1721105527638171,0.3372635106998859
RandomForest,Train,0.03448275862068784,0.027251301537461654
RandomForest,Train,0.2259691527869807,0.2732175453473724
RandomForest,Train,0.0,-0.0025577772584324076
RandomForest,Train,1.522361359570662,1.2472017987383812
RandomForest,Train,0.6387979239767979,0.6558788515524745
RandomForest,Train,0.8072619934565568,0.784612308755894
RandomForest,Train,0.3010299956639812,0.3125243755979179
RandomForest,Train,-1.439549404036478,-1.2506681755219253
RandomForest,Train,-0.05978886246861603,-0.06806331819207534
RandomForest,Train,-0.03476210625921197,0.019890127872017348
RandomForest,Train,-0.2446720795208597,-0.21332572934019492
RandomForest,Train,0.4082399653118496,0.46140101762310287
RandomForest,Train,-0.767123174186889,-0.796949095202642
RandomForest,Train,0.5118833609788743,0.7303829718299466
RandomForest,Train,-0.3189655172413801,-0.3273971359271303
RandomForest,Train,0.04260470370605519,0.04391053306313885
RandomForest,Train,-0.1464838638239616,-0.08606110019799433
RandomForest,Train,0.1128752143459643,0.22227158577282294
RandomForest,Train,0.8670923337204245,0.9160681332674022
RandomForest,Train,-0.05632686832306318,-0.12406618932475522
RandomForest,Train,0.535215663796611,0.8561382378399975
RandomForest,Train,1.205965557619709,1.2060116725310726
RandomForest,Train,0.03261876085071993,0.04974067671101019
RandomForest,Train,-0.4353448275862056,-0.4311965323100949
RandomForest,Train,0.8305886686851442,0.7653569278453205
RandomForest,Train,1.656589559399379,1.2757845736897098
RandomForest,Train,0.4126109061603624,0.40800467898837767
RandomForest,Train,-0.004333694474538976,0.04879010303911406
RandomForest,Train,0.2637409109445279,0.23645203331301332
RandomForest,Train,0.414973347970818,0.3853431028121853
RandomForest,Train,-0.2340726776061404,-0.25924708386607337
RandomForest,Train,0.5860497157265141,0.5429362202310452
RandomForest,Train,1.181843587944773,1.2397024309328295
RandomForest,Train,0.9404117009750815,0.877617004405114
RandomForest,Train,0.6729746935258656,0.6468034548421449
RandomForest,Train,-0.07719576496805934,-0.06417788886942263
RandomForest,Train,0.5265032835812309,0.6608756245561654
RandomForest,Train,0.3031960574204888,0.3330301481280393
RandomForest,Train,1.087550726310677,1.038578422759824
RandomForest,Train,-0.4975728800155673,-0.5162757811761716
RandomForest,Train,-0.14066513997672,-0.15366374643946748
RandomForest,Train,0.6526722071108372,0.6018312928459334
RandomForest,Train,1.146941207143456,1.1371444705836309
RandomForest,Train,0.05113650594874027,0.1268657926649847
RandomForest,Train,1.050866019970613,1.0524002143325024
RandomForest,Train,0.5763413502057929,0.6149203000267357
RandomForest,Train,0.62463078972132,0.6028564502728875
RandomForest,Train,0.5586226439045551,0.551225567276799
RandomForest,Train,0.6242820958356683,0.6149203000267357
RandomForest,Train,-0.01749782701560991,-0.008223358623883684
RandomForest,Train,0.5265032835812309,0.5400232228917986
RandomForest,Train,-0.6426046233183135,-0.5699236626968505
RandomForest,Train,0.7237976748508552,0.7187392430573049
RandomForest,Train,0.6627578316815741,0.6551221058467497
RandomForest,Train,0.7910868478099096,0.6130878707310915
RandomForest,Train,0.686155075454263,0.6525299553017039
RandomForest,Train,0.7114680014156944,0.7063126785829154
RandomForest,Train,0.2050678430236896,0.17143363370240455
RandomForest,Train,-0.9653698872018781,-0.780965926882165
RandomForest,Train,0.07918124604762482,0.1348097679089841
RandomForest,Train,-0.7756344514157028,-0.547125045908265
RandomForest,Train,-0.01844926170390164,-0.01986895462559656
RandomForest,Train,-0.4626847268879903,-0.30856694616691965
RandomForest,Train,0.139109451707618,0.21709658122471454
RandomForest,Train,0.7672413793103442,0.7537878429957046
RandomForest,Train,0.8035528064607984,0.7614066021465394
RandomForest,Train,0.1532051216061021,0.18908355079132053
RandomForest,Train,0.895422546039408,0.8000373134921932
RandomForest,Train,-0.4170444674351315,-0.3959888614262795
RandomForest,Train,-0.2266600537219346,-0.24824589210782425
RandomForest,Train,-0.03068512285530053,0.029493653064582234
RandomForest,Train,-1.511278195488722,-1.5378826718720502
RandomForest,Train,-1.0333531830102,-1.0370365376666697
RandomForest,Train,1.021189299069938,1.0701880522934593
RandomForest,Train,-1.32437478025317,-1.3685329129680104
RandomForest,Train,0.03448275862068784,0.027251301537461654
RandomForest,Train,0.3483048630481607,0.35889149442185503
RandomForest,Train,0.9881114906350605,0.9910672195637188
RandomForest,Train,-2.0,-1.722269707838319
RandomForest,Train,0.009925308530127852,0.037218857061689585
RandomForest,Train,-1.572614107883811,-1.6055518900149608
RandomForest,Train,0.3233082706766902,0.4281535446366525
RandomForest,Train,0.9881114906350605,0.9910672195637188
RandomForest,Train,0.8444444444444436,0.8714477825457557
RandomForest,Train,-1.105948718925517,-1.151028899737587
RandomForest,Train,0.180451127819548,0.059223629014201515
RandomForest,Train,-0.03943375318603481,-0.04008685761375417
RandomForest,Train,0.7204210054216508,0.7266998003348827
RandomForest,Train,0.5797835966168101,0.575581431611098
RandomForest,Train,0.5185139398778874,0.5257292170963875
RandomForest,Train,0.04139268515822508,0.019245794915455475
RandomForest,Train,0.9347805899613781,0.6125378855682507
RandomForest,Train,0.3617278360175928,0.33743210301087834
RandomForest,Train,-0.1762586357436119,-0.16273117655791233
RandomForest,Train,-0.08633414873527591,-0.11882640650826752
RandomForest,Train,-0.01844926170390164,-0.01986895462559656
RandomForest,Train,0.07554696139253074,0.07013751479268832
RandomForest,Train,0.02005766926485197,0.046883306205980455
RandomForest,Train,0.7671729371896298,0.7483621247568163
RandomForest,Train,0.3918367346938768,0.3370686551818545
RandomForest,Train,0.422413793103446,0.34749692929130105
RandomForest,Train,0.04139268515822508,0.26756018760159395
RandomForest,Train,-2.142667503568731,-1.7940113037813024
RandomForest,Train,-0.5742492738010503,-0.570560809007561
RandomForest,Train,-0.1251546956789144,-0.05746303110222054
RandomForest,Train,0.6977248104008661,0.6531375847264745
RandomForest,Train,0.7505083948513462,0.7303829718299466
RandomForest,Train,0.4679182470163208,0.4700427836288419
RandomForest,Train,1.02530586526477,0.7948371562072429
RandomForest,Train,1.608501118568232,1.5718871632283562
RandomForest,Train,0.2880888597640699,0.270002326626546
RandomForest,Train,0.5250677226597732,0.5246527141567878
RandomForest,Train,-0.129219291822582,-0.1342061556423794
RandomForest,Train,-0.5338345864661662,-0.6856401021890988
RandomForest,Train,-0.5408689174769996,-0.5270471581271617
RandomForest,Train,-0.04983748645720439,0.015269481589495421
RandomForest,Train,0.2050678430236896,0.17143363370240455
RandomForest,Train,0.8463370005539435,0.921100154133231
RandomForest,Train,-0.1964576461828072,-0.15139528409406086
RandomForest,Train,0.3596766725050837,0.39917893869937554
RandomForest,Train,0.006663850117991262,0.06648048861542818
RandomForest,Train,1.014680535148689,1.0372745651211208
RandomForest,Train,-2.05603448275861,-1.9829852766207599
RandomForest,Train,0.1166176813015091,0.14747227923103504
RandomForest,Train,0.7971694225490045,0.7995169760386304
RandomForest,Train,0.929444837036069,0.8844727383488563
RandomForest,Train,0.648364110491845,0.6149203000267357
RandomForest,Train,0.3778487999011506,0.38204021852626585
RandomForest,Train,0.5062846335392319,0.5102171118893226
RandomForest,Train,0.6306396086247502,0.6401625112709997
RandomForest,Train,-2.203831209357573,-2.0519641191843143
RandomForest,Train,-1.118826698593236,-0.9880723876135235
RandomForest,Train,0.4913616938342727,0.26756018760159395
RandomForest,Train,0.2163162610163941,0.21160529241696677
RandomForest,Train,-0.4353448275862056,-0.4311965323100949
RandomForest,Train,-0.06251993703895245,-0.06249111596154995
RandomForest,Train,-0.1804891463142153,0.0006470491397073919
RandomForest,Train,0.8976270912904415,0.7948371562072429
RandomForest,Train,0.7160033436347992,0.7117704788247461
RandomForest,Train,0.5669144981412634,0.5387590048530405
RandomForest,Train,-0.1464838638239616,-0.08606110019799433
RandomForest,Train,1.060697840353612,1.2397024309328295
RandomForest,Train,0.5387931034482746,0.5243444244445822
RandomForest,Train,-0.2372093023255822,-0.07488136479131882
RandomForest,Train,0.6335218433719506,0.6093199791572833
RandomForest,Train,0.6532125137753437,0.6041272904966621
RandomForest,Train,-0.157894736842105,-0.25922078613004873
RandomForest,Train,0.6020599913279624,0.6047634968690813
RandomForest,Train,0.1367761095528764,0.17905315021986218
RandomForest,Train,1.522388149816989,1.0840521769021474
RandomForest,Train,0.5205895119541644,0.3919700349280364
RandomForest,Train,-0.5072750233349814,-0.48645380426635154
RandomForest,Train,-0.365959583733208,-0.2801084138775709
RandomForest,Train,0.3767593954048798,0.44319496853757895
RandomForest,Train,-0.5534883720930238,-0.48467082941089135
RandomForest,Train,-0.1141965678627143,0.10862576488025233
RandomForest,Train,0.6211762817750351,0.6149203000267357
RandomForest,Train,-1.781954887218045,-1.6065927363075194
RandomForest,Train,-1.42021640338319,-1.473238650316531
RandomForest,Train,0.6106601630898799,0.6149203000267357
RandomForest,Train,0.4232458739368078,0.4364191116982285
RandomForest,Train,0.4128854232684702,0.39726432116630545
RandomForest,Train,0.082934622503059,0.06820003900567202
RandomForest,Train,0.6901960800285137,0.7223086550228943
RandomForest,Train,0.6231704616375756,0.5972192320571854
RandomForest,Train,0.9469432706978255,0.8513623902914995
RandomForest,Train,-1.97095435684647,-1.8341626760588126
RandomForest,Train,0.6107382550335557,0.6479447901158699
RandomForest,Train,0.5972924522285327,0.6016902410668005
RandomForest,Train,0.8777912162775305,0.921100154133231
RandomForest,Train,0.5427268765011117,0.5554757332197154
RandomForest,Train,-1.005264266019541,-0.6889969665225919
RandomForest,Train,0.6127838567197355,0.6568185755717603
RandomForest,Train,0.62463078972132,0.6028564502728875
RandomForest,Train,-0.7628438624246476,-0.8156070582262982
RandomForest,Train,0.6020599913279624,0.5285465828467912
RandomForest,Train,0.5135427952329354,0.5755550765961399
RandomForest,Train,-0.8232758620689672,-0.7710115552626162
RandomForest,Train,-1.567441860465111,-1.5526938832126027
RandomForest,Train,0.2211785219297459,0.25513250963751405
RandomForest,Train,1.294736842105262,1.2520591889993151
RandomForest,Train,-0.4170444674351315,-0.3959888614262795
RandomForest,Train,-1.135338345864661,-0.9486551505819799
RandomForest,Train,0.1266770670826814,-0.10054693061362076
RandomForest,Train,-0.08633414873527538,-0.04424059544659393
RandomForest,Train,1.209515014542631,1.0701880522934593
RandomForest,Train,-0.8313241449568525,-1.0192913952612102
RandomForest,Train,0.4615384615384614,0.4677828938875501
RandomForest,Train,0.08880429497466488,0.006402682272190978
RandomForest,Train,-0.03943375318603481,-0.04008685761375417
RandomForest,Train,-1.092883061327005,-0.757953218299759
RandomForest,Train,-0.460121203408758,-0.484233735641549
RandomForest,Train,0.6456180461285638,0.610708856771449
RandomForest,Train,0.7993405494535817,0.7948371562072429
RandomForest,Train,1.85436677804087,1.4667900452466824
RandomForest,Train,-0.03760465762697581,-0.2719251646926855
RandomForest,Train,0.5670263661590603,0.5559960543662951
RandomForest,Train,-0.07719576496805934,-0.06417788886942263
RandomForest,Train,0.2246783559484863,0.15982704112667429
RandomForest,Train,0.1882609887630737,0.2307988914151911
RandomForest,Train,-0.11903795188283,-0.12806550755336946
RandomForest,Train,0.6031443726201823,0.6149203000267357
RandomForest,Train,-0.02672178766989199,-0.028050847268410888
RandomForest,Train,-0.7628438624246476,-0.8156070582262982
RandomForest,Train,0.2186959627617429,0.20884121590071444
RandomForest,Train,0.1904538485873565,0.1547449165559496
RandomForest,Train,0.3617278360175928,0.33743210301087834
RandomForest,Train,0.2187134502923974,0.026448188927810902
RandomForest,Train,-1.777415033082565,-1.3257584260160724
RandomForest,Train,-0.1277985983463365,-0.07252847573140954
RandomForest,Train,-0.7451810935152875,-0.7355011718432392
RandomForest,Train,0.8296511438534148,0.8127072295145844
RandomForest,Train,0.1744584367708963,0.23706954154971732
RandomForest,Train,-0.4563268683230601,-0.4714513130021826
RandomForest,Train,0.1437655938677714,0.13058773820834904
RandomForest,Train,-0.005465586003222508,0.018412952532754396
RandomForest,Train,-2.334481075108565,-2.1384375543554595
RandomForest,Train,0.6901960800285137,0.6891918905838361
RandomForest,Train,1.00893042575285,1.02115902043697
RandomForest,Train,0.8910996649845989,0.921100154133231
RandomForest,Train,0.806230529595015,0.6995019120921057
RandomForest,Train,0.365862215402555,0.43993919181297086
RandomForest,Train,-0.04261660721896531,-0.009467705740946904
RandomForest,Train,0.1117004680187195,-0.040159210840750706
RandomForest,Train,0.06345484267917818,0.05086991764584413
RandomForest,Train,0.07980012213427638,0.08055302936103502
RandomForest,Train,-0.5864661654135337,-0.45462662840351215
RandomForest,Train,-0.8232758620689614,-0.7987261555801434
RandomForest,Train,0.6015860182746656,0.8592740319613007
RandomForest,Train,0.4040158561440467,0.4465696228045659
RandomForest,Train,-0.8232758620689614,-0.7987261555801434
RandomForest,Train,0.3119932648840557,0.2705917832654491
RandomForest,Train,0.03448275862068784,0.027251301537461654
RandomForest,Train,1.047514794837365,1.0258128911160018
RandomForest,Train,0.4471580313422192,0.4731123825184094
RandomForest,Train,0.2304489213782739,0.2353300211233631
RandomForest,Train,0.1173491877479526,0.05272926497285745
RandomForest,Train,0.8122446968003693,0.7303829718299466
RandomForest,Train,1.308724832214764,1.3044221635656716
RandomForest,Train,0.5525490843095185,0.49859747792062764
RandomForest,Train,0.0,0.043194932631168546
RandomForest,Train,-0.619788758288394,-0.6425136490796217
RandomForest,Train,-0.9200292374440189,-0.6963589114324147
RandomForest,Train,-2.535140249212473,-2.3130550377998333
RandomForest,Train,0.7672413793103442,0.7537878429957046
RandomForest,Train,0.2637409109445279,0.23645203331301332
RandomForest,Train,-0.6140350877192979,-0.621508430543147
RandomForest,Train,0.1705521196219227,0.1957675994646262
RandomForest,Train,-0.00620308796527328,-0.031091988771291486
RandomForest,Train,0.2182287808022119,0.14566789529679386
RandomForest,Train,-0.1251546956789149,-0.11798490104154105
RandomForest,Train,0.7417816961431667,0.5350187483529752
RandomForest,Train,0.6218068535825538,0.6416152536945378
RandomForest,Train,0.3318002991095532,0.3841002791320185
RandomForest,Train,1.060697840353612,0.921100154133231
RandomForest,Train,-0.1449235972700369,-0.15208608276581378
RandomForest,Train,0.1319863281682527,0.0926920567822619
RandomForest,Train,0.4313637641589874,0.4502087193192643
RandomForest,Train,-0.162941534687887,-0.16943440388605052
RandomForest,Train,-0.1767337807606265,-0.195544233925009
RandomForest,Train,0.5805468137587255,0.5809462539767409
RandomForest,Train,0.5450543344028723,0.5213275051880804
RandomForest,Train,0.2944963655243999,0.2683248945418723
RandomForest,Train,0.6308908570191394,0.5778453393574349
RandomForest,Train,0.5391498881431767,0.6373608056323393
RandomForest,Train,1.456366033129043,1.3236944206534442
RandomForest,Train,0.06345484267917818,0.05086991764584413
RandomForest,Train,1.07700432679335,0.9873383053878216
RandomForest,Train,-0.4607016882522424,-0.5051356882413278
RandomForest,Train,-1.441695135640719,-1.410388796265411
RandomForest,Train,0.4806145740944546,0.3946078799646267
RandomForest,Train,-0.6946486305533762,-0.7886938056654472
RandomForest,Train,0.3318965517241376,0.30756424037100744
RandomForest,Train,-1.629310344827578,-1.5985470319854325
RandomForest,Train,0.7932016100908708,0.7239206169986718
RandomForest,Train,-0.1986570869544228,-0.1756524271030598
RandomForest,Train,0.5000216558101156,0.5462551676791829
RandomForest,Train,0.7160033436347992,0.7117704788247461
RandomForest,Train,-1.547440503436895,-1.3261715094935982
RandomForest,Train,0.1657598875739492,0.16252914827576026
RandomForest,Train,-0.08798751950078033,-0.040159210840750706
RandomForest,Train,0.2880888597640699,0.270002326626546
RandomForest,Train,0.6354495299314225,0.5879833663248024
RandomForest,Train,0.5763413502057929,0.6149203000267357
RandomForest,Train,-0.4658517416748432,-0.3977546739053552
RandomForest,Train,0.6231884057971003,0.5019893783605904
RandomForest,Train,1.363935283358457,1.306841398102726
RandomForest,Train,0.7505083948513462,0.7303829718299466
RandomForest,Train,0.7168825761045695,0.6940899685151568
RandomForest,Train,0.1569739382239341,0.13640057471074737
RandomForest,Train,0.6760563380281691,0.7397847067197973
RandomForest,Train,-0.3668744088311774,-0.5441244844449272
RandomForest,Train,-0.1059519103518204,-0.07367627524383945
RandomForest,Train,-0.612646032378238,-0.5580008227370075
RandomForest,Train,-0.7628438624246476,-0.884502570304961
RandomForest,Train,-0.08092190762392612,-0.31904712672150337
RandomForest,Train,0.4489574959155591,0.05122655684450953
RandomForest,Train,-2.705549293202082,-2.6701971148178454
RandomForest,Train,0.8792796600840976,0.9004254053507877
RandomForest,Train,0.9612068965517243,0.9589119893764644
RandomForest,Train,0.9708116108725178,0.8889259533687465
RandomForest,Train,-0.2099009373137068,-0.09041979582854745
RandomForest,Train,0.8178119194823461,0.7671862458507882
RandomForest,Train,0.3559122080332726,0.34676557930036794
RandomForest,Train,-0.2678362573099414,-0.4253218915893898
RandomForest,Train,0.8796692056320535,0.921100154133231
RandomForest,Train,1.308724832214764,1.3044221635656716
RandomForest,Train,0.0594209901149536,0.043421467355096055
RandomForest,Train,-0.2340726776061404,-0.25924708386607337
RandomForest,Train,-0.3031709948236987,-0.16454841215890761
RandomForest,Train,0.4342288918608878,0.4762106459801446
RandomForest,Train,-0.1762586357436119,-0.16273117655791233
RandomForest,Train,-0.00877392430750515,-0.004492420530869065
RandomForest,Train,-0.2225132903568139,-0.1647154303613953
RandomForest,Train,0.18155415475718,0.18042107814642222
RandomForest,Train,0.5267037346185933,0.4582087990773526
RandomForest,Train,0.3856062735983122,0.3838425925212381
RandomForest,Train,1.126315789473682,1.097072353119157
RandomForest,Train,0.686155075454263,0.651273067378712
RandomForest,Train,0.9365132613368841,0.8818127572300241
RandomForest,Train,0.4487098600393338,0.4633763513480446
RandomForest,Train,0.4509957088161992,0.4220967868907411
RandomForest,Train,0.7403626894942439,0.6088155502142183
RandomForest,Train,-0.1172728120892211,0.15982704112667429
RandomForest,Train,0.2907935616990988,0.3986971345949517
RandomForest,Train,-0.05787918913275993,-0.05592555750856617
RandomForest,Train,-0.7628438624246476,-0.8156070582262982
RandomForest,Train,0.7237976748508552,0.7187392430573049
RandomForest,Train,-0.7827067862373733,-0.8173949008803841
RandomForest,Train,1.130976691605617,0.9735189043713869
RandomForest,Train,0.1066751967046165,0.09715884094697383
RandomForest,Train,0.3254607304414622,0.28624466375642316
RandomForest,Train,-0.2469177919249304,-0.17140984935070502
RandomForest,Train,0.03730594077925276,-0.00883405951436214
RandomForest,Train,-1.563758389261749,-1.539226857717381
RandomForest,Train,1.004815141474574,1.0701880522934593
RandomForest,Train,0.8067164667100035,0.7592832717664613
RandomForest,Train,0.9881114906350605,0.9910672195637188
RandomForest,Train,0.6479448198198187,0.6638866242721035
RandomForest,Train,0.02081696013925367,-0.03648855802133705
RandomForest,Train,0.2647773159802437,0.15392037904316208
RandomForest,Train,-0.4315653747438915,-0.37953828049462573
RandomForest,Train,0.1366562824506729,0.20837574270717243
RandomForest,Train,0.1647522604652088,0.13351326031320632
RandomForest,Train,1.082621082621084,0.9951868128951995
RandomForest,Train,0.06037703633173449,0.10999591615862954
RandomForest,Train,-0.006203087965272839,-0.012232223533162799
RandomForest,Train,0.7237976748508552,0.7187392430573049
RandomForest,Train,1.100763643371112,0.9921691055049747
RandomForest,Train,-0.1762586357436113,0.13284395289122017
RandomForest,Train,-0.8301121378671653,-0.8160347446838555
RandomForest,Train,0.8035528064607984,0.7614066021465394
RandomForest,Train,1.283198266190026,1.272001047505063
RandomForest,Train,1.150595882990248,1.0675993178617724
RandomForest,Train,-0.01733477789815788,0.010835207002090487
RandomForest,Train,-1.516444298028881,-1.4775704116049302
RandomForest,Train,0.8020207517719758,0.48009913207087634
RandomForest,Train,-0.9827586206896575,-1.0115071077001063
RandomForest,Train,0.173186268412274,0.23570663735456593
RandomForest,Train,0.4034029043735392,0.4098428506919929
RandomForest,Train,1.398347107438026,1.3402214792295208
RandomForest,Train,-0.4724680904466963,-0.4812620615303222
RandomForest,Train,-1.20966708761141,-1.1133762553846605
RandomForest,Train,-2.323341080224196,-2.195639853234208
RandomForest,Train,0.5459451160618883,0.5673109082258697
RandomForest,Train,-2.334481075108565,-2.1384375543554595
RandomForest,Train,0.1206896551724121,0.1012914528710009
RandomForest,Train,-0.05978886246861603,-0.06806331819207534
RandomForest,Train,-2.052455067076556,-1.506770646165498
RandomForest,Train,0.2775007758356284,0.2850581112619861
RandomForest,Train,0.6621085853152393,0.6469165556544345
RandomForest,Train,0.422413793103446,0.34749692929130105
RandomForest,Train,-0.9145720716388055,-0.8637598207258957
RandomForest,Train,0.6410063608375752,0.6131022983459316
RandomForest,Train,-2.323341080224196,-2.195639853234208
RandomForest,Train,0.380211241711606,0.38809668195593733
RandomForest,Train,0.359835482339888,0.3679465424550097
RandomForest,Train,-1.364902075136013,-1.2501635286315447
RandomForest,Train,0.2880888597640699,0.26980862198248223
RandomForest,Train,0.1657598875739492,0.16252914827576026
RandomForest,Train,0.3459994779145614,0.2650294018453765
RandomForest,Train,-2.203831209357573,-2.0519641191843143
RandomForest,Train,-0.1953198127925111,-0.040159210840750706
RandomForest,Train,0.4679182470163208,0.4700427836288419
RandomForest,Train,0.7762863534675611,0.7108232009778956
RandomForest,Train,0.686155075454263,0.6525299553017039
RandomForest,Train,-0.4836373832160348,-0.36350745172437543
RandomForest,Train,1.395341273599259,0.9677303946028079
RandomForest,Train,0.6483600109809317,0.5354636962997419
RandomForest,Train,-0.04375512696868296,-0.01969207706546346
RandomForest,Train,0.148594545749752,0.25870984250487944
RandomForest,Train,0.2304489213782739,0.2353300211233631
RandomForest,Train,0.06427457098283858,0.10862576488025233
RandomForest,Train,0.05803546917037159,-0.06266819769773575
RandomForest,Train,-0.4089353929735008,-0.4693061723696673
RandomForest,Train,1.187969924812029,1.0801636835454616
RandomForest,Train,0.1647522604652088,0.12044131063682827
RandomForest,Train,-0.110008534838633,-0.09769620617634801
RandomForest,Train,-0.51427857351842,-0.6243233757721501
RandomForest,Train,0.4126109061603624,0.40800467898837767
RandomForest,Train,-0.1760912590556817,-0.0545040922660067
RandomForest,Train,0.2807537335508451,0.19292507409896167
RandomForest,Train,2.388059618193226,1.5818482132648277
RandomForest,Train,0.541283490742574,0.53383873034683
RandomForest,Train,-2.718967130186474,-2.287393483983415
RandomForest,Train,0.3432623561190514,0.3635552204698805
RandomForest,Train,1.080536912751675,1.098305183329635
RandomForest,Train,0.5546959574620433,0.5384895954715615
RandomForest,Train,0.2962164173101657,0.27275515024555264
RandomForest,Train,0.0,0.019245794915455475
RandomForest,Train,0.08054025763564433,0.1850470813945594
RandomForest,Train,0.2126080928814434,0.27761264314782164
RandomForest,Train,0.6779252076177129,0.7339220016827048
RandomForest,Train,1.278753600952829,1.272230782598262
RandomForest,Train,-0.004364805402450088,-0.04040481782132411
RandomForest,Train,0.6526722071108372,0.6018312928459334
RandomForest,Train,0.6982266185371769,0.6403651576268564
RandomForest,Train,1.076276352144377,1.0808759120680183
RandomForest,Train,-0.0893755951107988,-0.47199132228276647
RandomForest,Train,-0.7907934207082596,-0.6720877573669737
RandomForest,Train,-1.278559880703671,-1.2774566698533818
RandomForest,Train,-0.7718752999018175,-0.7293401858515484
RandomForest,Train,0.5546959574620433,0.5384895954715615
RandomForest,Train,0.04614998447069624,0.04848951592841653
RandomForest,Train,0.4655717305742211,0.5028173625151457
RandomForest,Train,1.201397124320452,1.2397024309328295
RandomForest,Train,1.02938377768521,1.0152191195447868
RandomForest,Train,0.380211241711606,0.26756018760159395
RandomForest,Train,0.1166176813015091,0.14747227923103504
RandomForest,Train,0.6335218433719506,0.6093199791572833
RandomForest,Train,0.1872386198314787,0.1774460485767246
RandomForest,Train,0.3468309859154933,0.3190017795989713
RandomForest,Train,0.6052964725395565,0.6238031832299422
RandomForest,Train,0.4034029043735392,0.4098428506919929
RandomForest,Train,0.04260470370605519,0.04391053306313885
RandomForest,Train,-2.634968218916374,-2.5275470492751433
RandomForest,Train,-0.9651162790697718,-0.8950845545620385
RandomForest,Train,-0.3135371308479524,-0.26914845581016655
RandomForest,Train,-0.2525162145712102,-0.3935095104851135
RandomForest,Train,0.6018447179733589,0.5897961797352331
RandomForest,Train,-1.102338512076255,-1.1142971587738364
RandomForest,Train,0.01703333929878037,0.01606827898851245
RandomForest,Train,0.1256895334971941,0.05113894599701374
RandomForest,Train,-0.8232758620689614,-0.7987261555801434
RandomForest,Train,-0.08471373464762134,-0.045136240491165505
RandomForest,Train,0.1883035851650658,0.17620252221657534
RandomForest,Train,-0.168693863576964,-0.18051867560379706
RandomForest,Train,0.5118833609788743,0.7303829718299466
RandomForest,Train,0.4471580313422192,0.4731123825184094
RandomForest,Train,-2.144640275261264,-2.0204106573628713
RandomForest,Train,0.5754147908402901,0.5248849298753002
RandomForest,Train,-0.1563012307056405,-0.04100547403555495
RandomForest,Train,0.5185139398778874,0.5257292170963875
RandomForest,Train,-0.2500000000000024,-0.3001223653053937
RandomForest,Train,-0.9021734110319146,-0.9294420965848822
RandomForest,Train,-0.1029641185647424,-0.10054693061362076
RandomForest,Train,0.2424445151694238,0.2777873773609807
RandomForest,Train,0.06787330316741842,0.019245794915455475
RandomForest,Train,0.6901960800285137,0.7808043207359938
RandomForest,Train,0.9612068965517243,0.9589119893764644
RandomForest,Train,0.5862831858407086,0.4963983479717833
RandomForest,Train,0.146128035678238,0.019245794915455475
RandomForest,Train,0.5805468137587243,0.5436301643393845
RandomForest,Train,0.1639004149377578,0.07318657662162005
RandomForest,Train,0.436162647040756,0.5354636962997419
RandomForest,Train,0.6627578316815741,0.6551221058467497
RandomForest,Train,1.143014800254095,1.0806633756064739
RandomForest,Train,0.8389261744966443,0.8185167731249644
RandomForest,Train,0.2964118564742571,0.10862576488025233
RandomForest,Train,0.001069865533045818,-0.01627663520999396
RandomForest,Train,0.380211241711606,0.38809668195593733
RandomForest,Train,0.8650442477876106,0.6830820352035114
RandomForest,Train,-0.3091286307053941,-0.2727175525904846
RandomForest,Train,-0.004364805402450088,-0.04040481782132411
RandomForest,Train,0.5570638505655185,0.5304015481098561
RandomForest,Train,0.03710686132560858,0.07417923879945962
RandomForest,Train,-0.2218487496163564,0.0772759738612861
RandomForest,Train,-0.00620308796527328,-0.031091988771291486
RandomForest,Train,-0.4396694214875904,-0.6809287104343743
RandomForest,Train,0.5814674032073606,0.5133504428662923
RandomForest,Train,0.4040313015268496,0.4416017869577593
RandomForest,Train,-1.114147993293855,-1.0158504241644462
RandomForest,Train,-1.615697591672981,-1.4107146674930755
RandomForest,Train,-0.01749782701560991,-0.008223358623883684
RandomForest,Train,0.3483048630481607,0.35889149442185503
RandomForest,Train,0.6299402678187999,0.6416252888664629
RandomForest,Train,0.7618945674400744,0.4476248978163767
RandomForest,Train,0.290034611362518,0.3330301481280393
RandomForest,Train,-0.02664130105864902,0.05217378028903363
RandomForest,Train,0.1765990639625574,0.10862576488025233
RandomForest,Train,0.4741255587590221,0.47490052369914026
RandomForest,Train,0.04532297878665748,0.04588229985896003
RandomForest,Train,-1.851851851851851,-1.3029482453137076
RandomForest,Train,1.036353115842418,0.602244741688346
RandomForest,Train,0.7388055682705498,0.6961608296564052
RandomForest,Train,0.5742145178764892,0.5608468971397326
RandomForest,Train,-0.055377791833341,0.05351182251984558
RandomForest,Train,1.608501118568232,1.5718871632283562
RandomForest,Train,-0.4780893042575287,-0.31544311620118654
RandomForest,Train,-0.3093052782018357,-0.24990390724958275
RandomForest,Train,0.6002076843198328,0.5802101449721796
RandomForest,Train,1.03342375548695,0.921100154133231
RandomForest,Train,0.5587085705331657,0.4731123825184094
RandomForest,Train,0.6558037511164472,0.6098824816808915
RandomForest,Train,1.094342640722355,1.0763630085410425
RandomForest,Train,0.6137179964990436,0.5412883156398811
RandomForest,Train,-0.1033429559749049,0.04129169274822353
RandomForest,Train,-1.163675884293248,-0.8406366821481072
RandomForest,Train,-0.4416951356407078,-0.44959148537168414
RandomForest,Train,0.2166847237269759,0.20243667334321847
RandomForest,Train,-1.397940008672037,-1.456290160934108
RandomForest,Train,-0.8340240248307097,-0.7268881885016254
RandomForest,Train,0.9711055276381912,1.0830484293075897
RandomForest,Train,0.06037703633173826,0.28702136144229284
RandomForest,Train,0.7239819004524883,0.6915877519961241
RandomForest,Train,-0.9827586206896575,-1.0115071077001063
RandomForest,Train,0.1639004149377578,0.07318657662162005
RandomForest,Train,0.6283889300503115,0.46140101762310287
RandomForest,Train,0.07879884639939841,0.1355917745978583
RandomForest,Train,1.146941207143456,1.1371444705836309
RandomForest,Train,0.3074960379132129,0.46140101762310287
RandomForest,Train,0.7189234367587567,0.7242820320615101
RandomForest,Train,0.3801976569746794,0.2730807750755405
RandomForest,Train,-0.3061000384340861,-0.3096536211371118
RandomForest,Train,-1.221064605101569,-1.203165580939651
RandomForest,Train,0.8426092396105621,0.8621096047865145
RandomForest,Train,0.4638929889859073,0.5418645735943546
RandomForest,Train,-0.05698339270242879,-0.0678919021489887
RandomForest,Train,-0.7458094490628238,-0.7098901982251001
RandomForest,Train,0.5383765017273076,0.47251119503578887
RandomForest,Train,0.3304137733491909,0.3679465424550097
RandomForest,Train,1.382743362831857,1.2468588403852368
RandomForest,Train,0.6373245098685487,0.6421369260410624
RandomForest,Train,0.3318965517241376,0.30756424037100744
RandomForest,Train,-1.300144134463074,-1.1864739443689787
RandomForest,Train,0.000184675759379702,-0.09622295573008062
RandomForest,Train,-0.2365720064370627,-0.21368154988956986
RandomForest,Train,0.6532125137753437,0.5819527414845571
RandomForest,Train,0.3029055729718366,0.2679636892059155
RandomForest,Train,-0.2218487496163564,0.019245794915455475
RandomForest,Train,0.9495487209058864,0.9172052183661258
RandomForest,Train,0.2600216684723708,0.20725324988887525
RandomForest,Train,-0.01635820640686767,0.3986971345949517
RandomForest,Train,-0.2881198278471295,-0.3232947401920503
RandomForest,Train,0.8142475957319202,0.7653569278453205
RandomForest,Train,1.050866019970613,1.0524002143325024
RandomForest,Train,0.5118833609788743,0.7303829718299466
RandomForest,Train,-0.3720391624218937,-0.3808371732105324
RandomForest,Train,0.5265032835812309,0.5400232228917986
RandomForest,Train,-0.0767550702028087,-0.10054693061362076
RandomForest,Train,0.6211762817750351,0.6149203000267357
RandomForest,Train,-2.777665566310111,-2.336682880933089
RandomForest,Train,0.3502480183341629,0.3330301481280393
RandomForest,Train,0.9365132613368845,0.8449348103824296
RandomForest,Train,0.5049560752439612,0.45959583637188905
RandomForest,Train,-0.5742492738010503,-0.570560809007561
RandomForest,Train,0.07980012213427638,0.08055302936103502
RandomForest,Train,-1.629310344827578,-1.5985470319854325
RandomForest,Train,0.1888069379391503,0.1774460485767246
RandomForest,Train,0.6365584913426995,0.6268202919106315
RandomForest,Train,0.04550379198266516,0.05112778183342742
RandomForest,Train,-1.972093023255811,-1.817789073625109
RandomForest,Train,-1.278559880703671,-1.2774566698533818
RandomForest,Train,0.6421052631578948,0.6609601967974278
RandomForest,Train,-2.522878745280337,-1.949026222447198
RandomForest,Train,-0.3113613671456985,-0.30687278939185836
RandomForest,Train,-0.129219291822582,-0.1342061556423794
RandomForest,Train,-1.516444298028881,-1.4775704116049302
RandomForest,Train,-0.9651162790697718,-0.8950845545620385
RandomForest,Train,-0.1135092748275181,-0.05076984443059063
RandomForest,Train,0.3549473425726017,0.4621755742226417
RandomForest,Train,0.8636528625639327,0.843072554161292
RandomForest,Train,-0.9145720716388055,-0.8637598207258957
RandomForest,Train,-0.8086184995011162,-0.6541052352757549
RandomForest,Train,-1.351639989019068,-0.9850289244680479
RandomForest,Train,0.4065401804339551,0.43525530942492546
RandomForest,Train,0.2647773159802437,0.15392037904316208
RandomForest,Train,0.7194451609763224,0.5937827802709502
RandomForest,Train,0.7114680014156944,0.7063126785829154
RandomForest,Train,0.08563466276372743,0.087841329302031
RandomForest,Train,-0.985231158620319,-0.8366740194888943
RandomForest,Train,0.3747483460101039,0.3330301481280393
RandomForest,Train,-0.08471373464762134,-0.045136240491165505
RandomForest,Train,0.3222192947339193,0.2902697696528389
RandomForest,Train,-1.785155875122728,-1.652493436360044
RandomForest,Train,0.1208778733641796,0.06685048773640367
RandomForest,Train,0.290034611362518,0.3330301481280393
RandomForest,Train,-0.2372093023255822,-0.07488136479131882
RandomForest,Train,-1.568636235841013,-1.461820789388769
RandomForest,Train,0.5250677226597732,0.5246527141567878
RandomForest,Train,1.305958561063182,1.2013484722071834
RandomForest,Train,-0.1321607680099658,-0.13850328794782626
RandomForest,Train,-0.3841226480657678,-0.3482722521437043
RandomForest,Train,-2.144640275261264,-2.0204106573628713
RandomForest,Train,-0.168693863576964,-0.18051867560379706
RandomForest,Train,0.3926969532596657,0.3679465424550097
RandomForest,Train,0.082934622503059,0.10516036779406947
RandomForest,Train,-0.3954987090480164,0.020978468655555072
RandomForest,Train,-2.698970004336019,-1.7241649117917175
RandomForest,Train,0.7386467155148417,0.7092504911597701
RandomForest,Train,0.5344053974388362,0.35772643917538816
RandomForest,Train,1.133825549864817,1.1097501268367718
RandomForest,Train,-0.9827586206896575,-1.0115071077001063
RandomForest,Train,0.4070585517469932,0.4040590575263497
RandomForest,Train,-0.3188767550702024,-0.10054693061362076
RandomForest,Train,0.03204710545330516,0.04974067671101019
RandomForest,Train,0.4313637641589874,0.4502087193192643
RandomForest,Train,0.1206896551724121,0.1012914528710009
RandomForest,Train,-1.014876033057834,-1.0713913757949778
RandomForest,Train,1.02530586526477,0.921100154133231
RandomForest,Train,0.4603305929511411,0.45049465572340697
RandomForest,Train,-0.7884826218653814,-0.7787083336554893
RandomForest,Train,0.6387979239767979,0.4207424519027772
RandomForest,Train,0.1967213902982204,0.03711348342968685
RandomForest,Train,-1.572614107883811,-1.6055518900149608
RandomForest,Train,-0.225488800760079,-0.25194913324371226
RandomForest,Train,-0.528820300569675,-0.6211529854247824
RandomForest,Train,-0.02672178766989199,-0.025698103255854338
RandomForest,Train,0.3029055729718366,0.2679636892059155
RandomForest,Train,-2.323341080224196,-2.2605510529135153
RandomForest,Train,0.2485127322208998,0.1199999076257813
RandomForest,Train,0.06666840180628056,0.019245794915455475
RandomForest,Train,0.08040478333155002,0.17788403298365962
RandomForest,Train,0.449180152337384,0.4480551001155325
RandomForest,Train,0.5387931034482746,0.5243444244445822
RandomForest,Train,0.8234019501625136,0.747467999048356
RandomForest,Train,-0.05787918913275993,-0.05592555750856617
RandomForest,Train,0.9436090225563907,0.8822036689661286
RandomForest,Train,-0.3154362416107405,-0.31558163593497646
RandomForest,Train,0.06392869562034259,0.041723909460355556
RandomForest,Train,0.7375901662857216,0.6297971191460515
RandomForest,Train,0.6052964725395565,0.6238031832299422
RandomForest,Train,0.4349897524434111,0.3941180114340042
RandomForest,Train,0.6988119920145542,0.7087138727024223
RandomForest,Train,-0.03621217265444471,-0.05076984443059063
RandomForest,Train,0.6532125137753437,0.6065026889926137
RandomForest,Train,-2.090225563909775,-1.7940482838199105
RandomForest,Train,1.001698847035765,0.8345279753673849
RandomForest,Train,-0.162941534687887,-0.16943440388605052
RandomForest,Train,-0.3113613671456985,-0.30687278939185836
RandomForest,Train,0.6106601630898799,0.6149203000267357
RandomForest,Train,-0.3189655172413801,-0.3273971359271303
RandomForest,Train,0.6211762817750351,0.6149203000267357
RandomForest,Train,1.133825549864817,1.1097501268367718
RandomForest,Train,-1.290730039024169,-1.2556647652444206
RandomForest,Train,-0.3665158371040725,-0.3696988974738367
RandomForest,Train,0.8122446968003693,0.7303829718299466
RandomForest,Train,0.729439713313603,0.723564092746334
RandomForest,Train,-2.270100502512563,-2.1224741724660428
RandomForest,Train,0.8061799739838872,0.8349713377598416
RandomForest,Train,-1.364902075136013,-1.2501635286315447
RandomForest,Train,0.3997834418988355,0.45084762066145945
RandomForest,Train,1.344392273685111,1.2397024309328295
RandomForest,Train,0.7795964912578245,0.76608391219913
RandomForest,Train,0.7160033436347992,0.7703895971843271
RandomForest,Train,-0.3279021420642826,-0.7038249385358875
RandomForest,Train,0.7744360902255635,0.7937567649385431
RandomForest,Train,0.4432770075955701,0.25866204885063493
RandomForest,Train,-0.00877392430750515,-0.004492420530869065
RandomForest,Train,-0.3154362416107405,-0.31558163593497646
RandomForest,Train,-0.02672178766989199,-0.025698103255854338
RandomForest,Train,0.6306396086247502,0.6401625112709997
RandomForest,Train,0.9572567783094088,0.9531659913543092
RandomForest,Train,0.07358456455093211,0.017008807365020594
RandomForest,Train,0.5279857113140554,0.5024650883406537
RandomForest,Train,0.8248316567500222,0.5223099302427044
RandomForest,Train,0.6724323295111406,0.6890541044048017
RandomForest,Train,0.146128035678238,0.2564369793423682
RandomForest,Train,0.06392869562034259,0.041723909460355556
RandomForest,Train,-0.2383566602316601,-0.2036164222216136
RandomForest,Train,0.6149590534401633,0.6193127984471818
RandomForest,Train,0.3463529744506387,0.4731123825184094
RandomForest,Train,0.0243369734789374,-0.10054693061362076
RandomForest,Train,-0.7152802629955829,-0.5500853535311155
RandomForest,Train,0.9425041061680807,0.9787855530162759
RandomForest,Train,0.4471580313422192,0.4677828938875501
RandomForest,Train,0.210118641008524,0.5223099302427044
RandomForest,Train,-2.323341080224196,-2.2605510529135153
RandomForest,Train,-1.199748743718593,-1.2682503963079017
RandomForest,Train,-1.441695135640719,-1.410388796265411
RandomForest,Train,1.093599819380088,1.117417818513184
RandomForest,Train,0.9091346748392991,0.8882532318678554
RandomForest,Train,0.6754239863370415,0.6473160891452796
RandomForest,Train,-0.9126967386229311,-0.7806195628758995
RandomForest,Train,0.4070585517469932,0.41835583854058234
RandomForest,Train,0.5014171282441098,0.5200623147005092
RandomForest,Train,0.6720978579357175,0.5821354592965696
RandomForest,Train,0.8577031944274324,0.8379140969679375
RandomForest,Train,0.7107438016529042,0.594131323288128
RandomForest,Train,0.8723520098382468,0.921100154133231
RandomForest,Train,0.5734581149493531,0.6036765423321256
RandomForest,Train,0.7971694225490045,0.7995169760386304
RandomForest,Train,-1.221064605101569,-1.203165580939651
RandomForest,Train,0.2600713879850748,0.39583621501165606
RandomForest,Train,0.7302275189599128,0.6617887982360962
RandomForest,Train,0.6373245098685487,0.6421369260410624
RandomForest,Train,1.394451680826216,1.2397024309328295
RandomForest,Train,0.9163342758539162,1.0239191712698317
RandomForest,Train,0.02214307063863684,-0.034064266248715544
RandomForest,Train,0.5496719218682735,0.5230491761599879
RandomForest,Train,-0.7933871979013215,-0.7638991446362404
RandomForest,Train,-0.07051482059282402,-0.040159210840750706
RandomForest,Train,-1.517084431448743,-1.4635084481571847
RandomForest,Train,0.2477360902479951,0.2649995153515384
RandomForest,Train,1.031407035175877,1.1166259099889408
RandomForest,Train,-1.863570317441311,-1.507069597998487
RandomForest,Train,1.080536912751675,1.098305183329635
RandomForest,Train,0.3534526924483971,0.2744677010376882
RandomForest,Train,-1.112831858407081,-1.4103697997061209
RandomForest,Train,0.249877473216598,0.33145911838581604
RandomForest,Train,-0.1763846362985451,-0.23483961907220927
RandomForest,Train,0.4653828514484183,0.4650343319812505
RandomForest,Train,0.3971129200300176,0.4112412732973565
RandomForest,Train,0.648364110491845,0.6149203000267357
RandomForest,Train,1.174641192660449,1.1343341260359563
RandomForest,Train,0.5587284924162972,0.5250135309101802
RandomForest,Train,-0.2770149382233361,-0.25380304163181205
RandomForest,Train,0.1789541471922132,0.22698835930585695
RandomForest,Train,-0.8196731304698925,-0.8938978673009358
RandomForest,Train,-0.6073030467403343,-0.7857278434462721
RandomForest,Train,1.142241379310341,1.0504570934455213
RandomForest,Train,-1.214824120603015,-1.068133707003678
RandomForest,Test,0.3324384599156053,0.535463696299742
RandomForest,Test,3.164179103238849,0.855242377096973
RandomForest,Test,0.5014171282441098,0.5200623147005091
RandomForest,Test,-0.3061000384340861,-0.30965362113711187
RandomForest,Test,0.5209109372834104,0.5455964072173527
RandomForest,Test,0.2184674937789584,0.21881448621826785
RandomForest,Test,-0.6189591078066927,-0.7312273733443737
RandomForest,Test,-0.08633414873527591,-0.11882640650826755
RandomForest,Test,1.094342640722355,1.0763630085410423
RandomForest,Test,0.9931205342354806,0.8592740319613007
RandomForest,Test,-0.8313241449568525,-1.0192913952612104
RandomForest,Test,-0.5408689174769996,-0.5270471581271617
RandomForest,Test,0.0649854939798157,-0.10749393197936366
RandomForest,Test,-0.9633176592446268,-0.6179894049505635
RandomForest,Test,-0.8239087409443188,-0.813948637222333
RandomForest,Test,-0.2992233682875201,-0.6811827419518565
RandomForest,Test,0.4271453189369645,0.3044035856967384
RandomForest,Test,0.4415191304571257,0.4039894547543122
RandomForest,Test,0.8292314636701624,0.8592740319613007
RandomForest,Test,0.290034611362518,0.33303014812803927
RandomForest,Test,-0.6595299383442075,-0.699514948701496
RandomForest,Test,1.283198266190026,1.272001047505063
RandomForest,Test,0.4275633669545613,0.48941607271656207
RandomForest,Test,-1.071860922666721,-1.331874536858261
RandomForest,Test,0.07018822533816348,-0.002557777258432407
RandomForest,Test,-0.03068512285530053,0.2541022800399857
RandomForest,Test,0.3344537511509309,0.33303014812803927
RandomForest,Test,0.04614998447069624,0.04848951592841653
RandomForest,Test,-0.2924298239020636,-0.05076984443059063
RandomForest,Test,0.414973347970818,0.38534310281218537
RandomForest,Test,0.6548599518166115,0.5159891827238617
RandomForest,Test,0.761745810919945,0.6915658527537623
RandomForest,Test,0.6315789473684207,0.3070904150632349
RandomForest,Test,1.01169221234297,1.0701880522934593
RandomForest,Test,-1.452991452991453,-1.0908003269009072
RandomForest,Test,-0.7611389642143674,-0.5279864261803555
RandomForest,Test,0.1145400335558539,0.22673589611560369
RandomForest,Test,1.253437245309724,1.2582920846093568
RandomForest,Test,-0.5938066216438812,-0.5086942865812962
RandomForest,Test,-1.719591275179851,-1.3724396050761953
RandomForest,Test,0.3031960574204888,0.33303014812803927
RandomForest,Test,-0.1767241379310328,-0.15412972259083962
RandomForest,Test,-3.084170854271357,-1.7410431040739955
RandomForest,Test,0.5881912753291252,0.5655884828185241
RandomForest,Test,0.8292314636701619,0.62559778962465
RandomForest,Test,0.568201724066995,0.5387590048530405
RandomForest,Test,0.3119932648840557,0.270591783265449
RandomForest,Test,0.3426900584795311,0.14578004533215502
RandomForest,Test,-1.05000038465533,-0.983619815008336
RandomForest,Test,0.6242820958356683,0.6149203000267357
RandomForest,Test,-0.3841226480657678,-0.34827225214370433
RandomForest,Test,-0.7628438624246476,-0.8845025703049609
RandomForest,Test,-1.517084431448743,-1.4635084481571847
RandomForest,Test,0.7294593264839196,0.5852014471574855
RandomForest,Test,0.8965262174895553,0.7303829718299465
RandomForest,Test,-1.448275862068967,-1.437901755474175
RandomForest,Test,0.6052964725395565,0.43813662679596843
RandomForest,Test,0.6020599913279624,0.35458780957435393
RandomForest,Test,-0.3841226480657678,-0.34827225214370433
RandomForest,Test,0.4248088801709484,0.5140226249321361
RandomForest,Test,-0.01106194690265572,0.04389784579981216
RandomForest,Test,0.7618945674400744,0.4476248978163767
RandomForest,Test,0.03779758291381349,0.5089476194164075
RandomForest,Test,-0.07719576496805934,0.20758400931280213
RandomForest,Test,-1.105822721176797,-0.7496852392536945
RandomForest,Test,-0.2500000000000024,-0.3001223653053937
RandomForest,Test,-0.3824561403508766,-0.5932895347497779
RandomForest,Test,2.086283185840707,1.2128404787289586
RandomForest,Test,0.3982725127375335,0.35109398937125796
RandomForest,Test,0.5587085705331657,0.4731123825184094
RandomForest,Test,0.3596766725050837,0.39917893869937554
RandomForest,Test,0.3010299956639812,0.26756018760159395
RandomForest,Test,-0.163262387944784,-0.15938017724224085
RandomForest,Test,-0.1364894692937454,-0.33175911193848967
RandomForest,Test,0.4754464211067237,0.5007879323083179
RandomForest,Test,-0.1364894692937454,-0.33175911193848967
RandomForest,Test,0.5185139398778874,0.4101367157553053
RandomForest,Test,0.5433383280405261,0.3384613565696129
RandomForest,Test,0.05803546917037159,-0.06266819769773574
RandomForest,Test,-0.744727494896694,-0.5911394269167861
RandomForest,Test,-0.5631007681788924,-0.3504564666401538
RandomForest,Test,1.133825549864817,1.1097501268367718
RandomForest,Test,0.4776604850213967,0.4734865626819956
RandomForest,Test,-0.09691001300805639,0.019245794915455475
RandomForest,Test,1.50559284116331,1.5076540900061748
RandomForest,Test,1.076276352144377,1.080875912068018
RandomForest,Test,0.436162647040756,0.4464501872283704
RandomForest,Test,-0.1986570869544228,-0.17565242710305978
RandomForest,Test,0.3463529744506387,0.33303014812803927
RandomForest,Test,-0.02059282371294896,0.10862576488025233
RandomForest,Test,0.583638190231899,0.35157652601194883
RandomForest,Test,0.5484338463910386,0.5684889065730421
RandomForest,Test,0.7971694225490045,0.7995169760386304
RandomForest,Test,-0.9285714285714313,-0.953109195918318
RandomForest,Test,-1.599246231155778,-1.65980353003732
RandomForest,Test,0.6354837468149122,0.6716539691852467
RandomForest,Test,0.7932016100908708,0.7239206169986719
RandomForest,Test,0.5670263661590603,0.5559960543662951
RandomForest,Test,0.4393326938302626,-0.0092647691975316
RandomForest,Test,0.4158977539238713,0.7063126785829155
RandomForest,Test,-0.4090614296906621,-0.3112296583941031
RandomForest,Test,0.5014171282441111,0.881812757230024
RandomForest,Test,-0.5144205230153214,-0.9297372738578291
RandomForest,Test,-0.001233048413828201,0.0698497391754885
RandomForest,Test,1.107438016528938,0.6585458094338356
RandomForest,Test,0.6211762817750351,0.6149203000267357
RandomForest,Test,0.1003705451175629,-0.05076984443059063
RandomForest,Test,-0.5829875518672214,-0.3746123804253562
RandomForest,Test,0.05690485133647256,0.049028879166932764
RandomForest,Test,0.2182287808022119,0.14566789529679383
RandomForest,Test,-1.97095435684647,-1.8341626760588121
RandomForest,Test,0.6621085853152393,0.6469165556544344
RandomForest,Test,-0.624161073825504,-0.5157092242951554
RandomForest,Test,1.094342640722355,1.0763630085410423
RandomForest,Test,-1.337242168318426,-1.2080458369788503
RandomForest,Test,-0.4168875174404437,-0.690804321893952
RandomForest,Test,0.3521825181113625,0.3950277158400314
RandomForest,Test,-0.7907934207082596,-0.6720877573669738
RandomForest,Test,0.6031443726201823,0.6149203000267357
RandomForest,Test,-2.300251256281407,-1.6765216462682984
RandomForest,Test,0.6096866096866093,-0.5204365822644128
RandomForest,Test,0.3222192947339193,0.019245794915455475
RandomForest,Test,1.103190095954383,0.494529415945774
RandomForest,Test,-0.2881198278471295,-0.3232947401920503
RandomForest,Test,0.4703209205104826,0.29102876129610494
RandomForest,Test,0.5796458917139012,0.5068663885588996
RandomForest,Test,0.5443965170527658,0.4635200443283665
RandomForest,Test,1.027249205777354,0.9594084168501591
RandomForest,Test,0.06037703633173449,0.10999591615862951
RandomForest,Test,0.6107382550335557,0.64794479011587
RandomForest,Test,0.3778487999011506,0.38204021852626585
RandomForest,Test,0.5380082475606797,0.3835777891305953
RandomForest,Test,-0.6989700043360187,-0.5777343325910477
RandomForest,Test,0.6197183098591552,0.6667414959547259
RandomForest,Test,-1.196026900731575,-1.210063564165392
RandomForest,Test,-0.624161073825504,-0.5157092242951554
RandomForest,Test,0.9163342758539162,1.023919171269832
RandomForest,Test,0.0992694619521627,-0.029357604839457346
RandomForest,Test,0.2550304776875136,0.28469001782778663
RandomForest,Test,0.7023705927993015,1.1371444705836307
RandomForest,Test,0.07018822533816348,-0.002557777258432407
RandomForest,Test,0.3480198017392754,0.2679636892059155
RandomForest,Test,-2.301029995663981,-1.7114784805710157
RandomForest,Test,1.39496674100774,0.8847576742173565
RandomForest,Test,1.142241379310341,1.0504570934455215
RandomForest,Test,-0.4101744650890502,-0.12784498346141696
RandomForest,Test,0.5805468137587243,0.5436301643393845
RandomForest,Test,0.359835482339888,0.36794654245500974
RandomForest,Test,1.070422535211266,1.0731792129449669
RandomForest,Test,-1.407996505383249,-1.5276901293137952
RandomForest,Test,0.9296083526018456,1.0701880522934593
RandomForest,Test,0.6434526764861874,0.6511393318624484
RandomForest,Test,1.142241379310341,1.0504570934455215
RandomForest,Test,-1.535796071516882,-1.4326409423390476
RandomForest,Test,0.724275869600789,0.5361870332973934
RandomForest,Test,-0.5742492738010503,-0.570560809007561
RandomForest,Test,-1.105822721176797,-0.8495184388584308
RandomForest,Test,0.6532125137753437,0.6041272904966623
RandomForest,Test,0.5775344108563207,0.552568549820304
RandomForest,Test,0.8389261744966443,0.8185167731249645
RandomForest,Test,1.050866019970613,1.0524002143325026
RandomForest,Test,-2.221848749616356,-1.6862197319270233
RandomForest,Test,-0.326729107509616,-0.0221627385088408
RandomForest,Test,0.5763413502057929,0.6149203000267357
RandomForest,Test,0.4913616938342727,0.40405905752634974
RandomForest,Test,-0.4266006465360775,-0.7897788074301743
RandomForest,Test,0.7717853376544959,0.15982704112667423
RandomForest,Test,0.9049868953301389,0.8782211728160255
RandomForest,Test,0.3586960995738104,0.47426407957163647
RandomForest,Test,0.000184675759379702,-0.09622295573008063
RandomForest,Test,0.9041684928630465,0.8445468293015255
RandomForest,Test,0.7957746478873244,1.0082520249520428
RandomForest,Test,0.249877473216598,0.2824893727723201
RandomForest,Test,0.2003166498975227,0.5223099302427044
RandomForest,Test,-0.09151498112135022,-0.6332074983594478
RandomForest,Test,-0.6344221105527648,-0.7514771606419131
RandomForest,Test,0.6532125137753437,0.8592740319613007
RandomForest,Test,0.7784019021736095,0.3044125954142284
RandomForest,Test,0.3344537511509309,0.33303014812803927
RandomForest,Test,-0.3967891925154016,-0.5206089527479453
RandomForest,Test,0.8970760233918128,0.7949711888325901
RandomForest,Test,-0.2399638415280812,0.12748305912013855
RandomForest,Test,-1.39907759602161,-0.9716345074396163
RandomForest,Test,0.5546959574620433,0.5384895954715616
RandomForest,Test,0.03061224489796073,-0.6067603619916772
RandomForest,Test,0.3344537511509309,0.33303014812803927
RandomForest,Test,-0.5685840707964614,-0.9760499053860916
RandomForest,Test,0.0380313199105153,0.10517189547641831
RandomForest,Test,0.5185139398778874,0.5257292170963875
RandomForest,Test,-0.1053444761515942,-0.2653366844680613
RandomForest,Test,-0.275724130399211,-0.813948637222333
RandomForest,Test,1.133538908370217,1.2397024309328295
RandomForest,Test,-1.613074447739991,-1.2647230350669434
RandomForest,Test,0.568201724066995,0.26756018760159395
RandomForest,Test,0.5368701749797076,0.5640736872175892
RandomForest,Test,-0.9145720716388055,-0.8637598207258957
RandomForest,Test,0.7150879065106778,0.691587751996124
RandomForest,Test,-1.972093023255811,-1.817789073625109
RandomForest,Test,-0.4165682858734546,-0.34668184710303174
RandomForest,Test,-0.2857142857142859,-0.4783439555256464
RandomForest,Test,0.000184675759379702,-0.09622295573008063
RandomForest,Test,-0.8232758620689672,-0.7710115552626162
RandomForest,Test,0.1641903726520483,0.26788721601728543
RandomForest,Test,0.5551647741760672,0.3719186054834272
RandomForest,Test,-1.20966708761141,-1.1133762553846605
RandomForest,Test,0.0649854939798157,-0.10749393197936366
RandomForest,Test,0.5250677226597745,0.4460230989817388
RandomForest,Test,0.07918124604762482,0.10367739452376767
RandomForest,Test,-0.428990367220233,-0.28192801283104246
RandomForest,Test,1.012034255098913,1.0372745651211213
RandomForest,Test,0.7923916894982539,0.7948371562072428
RandomForest,Test,0.8441444706166565,0.7417907405759533
RandomForest,Test,-0.03068512285530053,0.029493653064582234
RandomForest,Test,-0.1308971686110271,0.40736022391191473
RandomForest,Test,0.422413793103446,0.34749692929130105
RandomForest,Test,-1.117647058823529,-0.9880723876135233
RandomForest,Test,0.6850556999575159,0.6799645759560564
RandomForest,Test,0.7114680014156944,0.7063126785829155
RandomForest,Test,0.7189234367587567,0.7242820320615102
RandomForest,Test,0.07554696139253074,0.0701375147926883
RandomForest,Test,-0.5829875518672214,-0.3746123804253562
RandomForest,Test,-0.1962946451439691,-0.43092543394797617
RandomForest,Test,0.4691793022254807,0.4534161645200545
RandomForest,Test,0.9259716473223176,0.659958014058768
RandomForest,Test,0.1760912590556812,0.2265995261186081
RandomForest,Test,-0.03205202065153314,0.17606441191285926
RandomForest,Test,-0.01916049952100591,-0.037720133301342385
RandomForest,Test,-0.03205202065153314,0.17606441191285926
RandomForest,Test,0.6231704616375756,0.5972192320571856
RandomForest,Test,0.5185139398778874,0.5809462539767409
RandomForest,Test,-0.1087719298245615,-0.1462490851845375
RandomForest,Test,0.6071342742642603,0.5511953534381484
RandomForest,Test,0.403033586132178,0.2729641378033204
RandomForest,Test,1.200118221872587,0.5223099302427044
RandomForest,Test,0.4559035956430633,0.4677828938875504
RandomForest,Test,0.2533637564272291,0.34629836837722694
RandomForest,Test,0.2845428661815921,0.3156324615765362
RandomForest,Test,0.284243604897899,0.46061153444958974
RandomForest,Test,0.1485380116959049,-0.09616797937705877
RandomForest,Test,-0.9021734110319146,-0.9294420965848822
RandomForest,Test,0.3726162606770048,0.27736682605902974
RandomForest,Test,-0.5686362358410126,-0.813948637222333
RandomForest,Test,0.2304489213782739,0.252120236980416
RandomForest,Test,1.266940635346726,1.2625752073015493
RandomForest,Test,-0.1425476623911539,0.3661418907875088
RandomForest,Test,0.8197624407474513,0.7052942223206103
RandomForest,Test,0.7505083948513462,0.7303829718299465
RandomForest,Test,1.266940635346726,1.2625752073015493
RandomForest,Test,0.5391498881431767,0.6373608056323393
RandomForest,Test,0.6627578316815741,0.6551221058467497
RandomForest,Test,0.4456042032735976,0.49077684261871907
RandomForest,Test,-2.323341080224196,-2.195639853234208
RandomForest,Test,-0.6666723925349947,-0.4618822635824138
RandomForest,Test,0.8441444706166565,0.7417907405759533
RandomForest,Test,0.6803355134145632,0.4731123825184094
RandomForest,Test,0.6157487820036969,1.0763630085410423
RandomForest,Test,0.5563025007672873,0.6571559967637648
RandomForest,Test,1.653277152283784,1.386166867667515
RandomForest,Test,0.5797835966168101,0.5755814316110979
RandomForest,Test,0.648364110491845,0.6149203000267357
RandomForest,Test,0.8897968700686152,0.8064454275356036
RandomForest,Test,-2.634968218916374,-2.5275470492751433
RandomForest,Test,-0.1308971686110271,0.40736022391191473
RandomForest,Test,0.3502480183341629,0.33303014812803927
RandomForest,Test,-0.1568423903044668,0.1697009968880726
RandomForest,Test,0.4232458739368078,0.43641911169822856
RandomForest,Test,0.3502480183341629,0.33303014812803927
RandomForest,Test,0.8122446968003693,0.7303829718299465
RandomForest,Test,0.9270401707559837,0.9099288575426888
ExtraTrees,Train,0.4683473304121573,0.468347330412149
ExtraTrees,Train,0.146128035678238,0.2898771760740842
ExtraTrees,Train,0.3617278360175928,0.40953546826414805
ExtraTrees,Train,0.05690485133647256,0.05242121215566387
ExtraTrees,Train,0.3483048630481607,0.3462289673422595
ExtraTrees,Train,0.01703333929878037,0.013149805033040973
ExtraTrees,Train,0.3463529744506387,0.3267511122335614
ExtraTrees,Train,-0.492397660818713,-0.4919800395844169
ExtraTrees,Train,-0.3135371308479524,-0.29094143186488897
ExtraTrees,Train,1.002759171414269,1.0703974998088928
ExtraTrees,Train,-0.9021734110319146,-0.8788028235411671
ExtraTrees,Train,-0.9653698872018781,-0.9721163756479466
ExtraTrees,Train,-0.07265302803383195,-0.07075893723991239
ExtraTrees,Train,-0.05698339270242879,-0.05868331893366763
ExtraTrees,Train,-0.4930892744484819,-0.49305368437866376
ExtraTrees,Train,-2.000011146780801,-1.9931834963565345
ExtraTrees,Train,0.3014609394254348,0.30759285201528125
ExtraTrees,Train,-0.220163883572486,-0.12193570912302899
ExtraTrees,Train,-0.4135338345864666,-0.46766308198214956
ExtraTrees,Train,-0.01503759398496262,-0.03027185413389527
ExtraTrees,Train,-0.7827067862373733,-0.7834666088936649
ExtraTrees,Train,0.2889866653481595,0.3044312185024099
ExtraTrees,Train,-0.1568423903044674,-0.15592892049726986
ExtraTrees,Train,0.07918124604762482,0.08096176370694787
ExtraTrees,Train,0.009925308530127852,0.011496434732335695
ExtraTrees,Train,0.6244897959183671,0.6234286675955382
ExtraTrees,Train,1.04442036836403,1.0367173918131116
ExtraTrees,Train,-0.1611509092627447,-0.16115090926274436
ExtraTrees,Train,0.9365132613368841,0.8086425695185193
ExtraTrees,Train,0.3283796034387377,0.3267511122335614
ExtraTrees,Train,0.729439713313603,0.723228788613326
ExtraTrees,Train,0.5484338463910386,0.561088354342886
ExtraTrees,Train,0.6387979239767979,0.6480720394672851
ExtraTrees,Train,0.8274660015984828,0.41386750122444693
ExtraTrees,Train,0.3029055729718366,0.30334159528877536
ExtraTrees,Train,0.4415191304571257,0.4414478229816727
ExtraTrees,Train,0.07980012213427638,0.09302643353230666
ExtraTrees,Train,-1.567441860465111,-1.5625293098203574
ExtraTrees,Train,0.3283796034387377,0.3267511122335614
ExtraTrees,Train,0.8197624407474513,0.819377439934048
ExtraTrees,Train,0.04561403508771715,0.045168682609580915
ExtraTrees,Train,0.6211762817750351,0.6191233388807804
ExtraTrees,Train,0.8805963907349271,0.880596390734923
ExtraTrees,Train,0.18155415475718,0.18155415475717976
ExtraTrees,Train,0.5439699507256512,0.5555640288473594
ExtraTrees,Train,-0.02664840017615605,-0.018496948066813724
ExtraTrees,Train,-0.9510050251256278,-0.9476552759847657
ExtraTrees,Train,0.6380090497737567,0.64529914362284
ExtraTrees,Train,0.7096881214587651,0.7132505556704091
ExtraTrees,Train,0.9931205342354806,0.6990004899376582
ExtraTrees,Train,0.4070585517469932,0.4130489266542007
ExtraTrees,Train,0.8965262174895553,0.7345224051889897
ExtraTrees,Train,0.4456042032735976,0.46023265360096016
ExtraTrees,Train,-0.1568423903044674,-0.15592892049726986
ExtraTrees,Train,0.2627398291759235,0.2561095983462942
ExtraTrees,Train,-1.319015722105611,-1.3152690737765054
ExtraTrees,Train,1.266940635346726,1.2669406353467159
ExtraTrees,Train,-0.3646786304543028,-0.3186990396447084
ExtraTrees,Train,0.3283796034387377,0.3267511122335614
ExtraTrees,Train,0.9386591389737827,0.9375366286462652
ExtraTrees,Train,0.07554696139253074,0.0308851972591389
ExtraTrees,Train,0.7075701760979364,0.7038109035601727
ExtraTrees,Train,0.981279216850904,0.9819986912761086
ExtraTrees,Train,0.2183393686410296,0.22489029732541013
ExtraTrees,Train,0.3747483460101039,0.3267511122335614
ExtraTrees,Train,1.205965557619709,1.205965557619718
ExtraTrees,Train,0.6242823997773247,0.6195323310601762
ExtraTrees,Train,-1.448275862068967,-1.4478870479301709
ExtraTrees,Train,-0.1767241379310328,-0.17409272834314746
ExtraTrees,Train,0.8949079089924165,0.8972416209706385
ExtraTrees,Train,0.02005766926485197,0.2677258827480575
ExtraTrees,Train,0.0594209901149536,0.05923004891244115
ExtraTrees,Train,1.01703333929878,1.023882131285215
ExtraTrees,Train,-0.4416951356407078,-0.4411339862828886
ExtraTrees,Train,-0.2041199826559248,-0.20741548987123387
ExtraTrees,Train,0.9453191100762133,0.9542581444794657
ExtraTrees,Train,1.336639818641689,1.3366398186417117
ExtraTrees,Train,0.7505083948513462,0.7545806279079873
ExtraTrees,Train,0.3254607304414622,0.3227283243063107
ExtraTrees,Train,0.1206896551724121,0.12060342049552247
ExtraTrees,Train,0.255030477687516,0.3392618155560712
ExtraTrees,Train,0.5308775731310934,0.5308775731310935
ExtraTrees,Train,0.6812412373755872,0.6723677278607104
ExtraTrees,Train,0.6211762817750351,0.6258223849285224
ExtraTrees,Train,0.2430380486862944,0.2444868957876143
ExtraTrees,Train,0.6812412373755872,0.7908797069152946
ExtraTrees,Train,-2.634968218916374,-2.623751711110304
ExtraTrees,Train,0.7204210054216508,0.7201116659416199
ExtraTrees,Train,0.6435536294691222,0.641776025767147
ExtraTrees,Train,-0.01749782701560991,-0.04535594269912843
ExtraTrees,Train,0.9444679049496479,0.9375359554725426
ExtraTrees,Train,-0.1220556745182012,-0.12524688161617023
ExtraTrees,Train,-1.508793969849246,-1.4722832802784978
ExtraTrees,Train,1.053316562126286,1.0549188642068552
ExtraTrees,Train,0.1319863281682527,0.11899404278337063
ExtraTrees,Train,0.380211241711606,0.38677614656746895
ExtraTrees,Train,-0.14066513997672,-0.14066513997671876
ExtraTrees,Train,0.5975482649800063,0.5956350404512558
ExtraTrees,Train,0.3892141639057259,0.3445901649590068
ExtraTrees,Train,0.6123933697586622,0.6128038032502944
ExtraTrees,Train,1.03342375548695,1.023882131285215
ExtraTrees,Train,-0.1449235972700369,-0.1449470035421536
ExtraTrees,Train,-0.04488919723294831,-0.045027388277946966
ExtraTrees,Train,0.3020134228187899,0.29990487188911585
ExtraTrees,Train,0.0380313199105153,0.020824962549544024
ExtraTrees,Train,0.8650979287404373,0.9153711831393047
ExtraTrees,Train,0.9956351945975499,0.9956351945975356
ExtraTrees,Train,0.3020134228187899,0.29990487188911585
ExtraTrees,Train,-1.629310344827578,-1.627474155464873
ExtraTrees,Train,0.1437655938677714,0.1437381399385107
ExtraTrees,Train,1.179291901828044,1.1576539183128882
ExtraTrees,Train,0.4653828514484183,0.46444206584688597
ExtraTrees,Train,0.6587215601300098,0.6587215601300055
ExtraTrees,Train,-0.2525154392181344,-0.3049398512195537
ExtraTrees,Train,0.249877473216598,0.2752713085694435
ExtraTrees,Train,1.173186268412274,1.0703974998088928
ExtraTrees,Train,-0.1220556745182012,-0.12524688161617023
ExtraTrees,Train,0.9886636158427594,0.5570531492689783
ExtraTrees,Train,0.1307061523494404,0.1286461288338653
ExtraTrees,Train,0.05335735049852605,0.0527285699779038
ExtraTrees,Train,1.053324533905294,1.0505981785132288
ExtraTrees,Train,-0.051282051282051,-0.05578425190381764
ExtraTrees,Train,0.9629629629629627,0.962962962962966
ExtraTrees,Train,-0.110008534838633,-0.07639144464356197
ExtraTrees,Train,1.170774647887323,1.169975104874974
ExtraTrees,Train,-0.1858879153069338,-0.1904385651930962
ExtraTrees,Train,0.7075701760979364,0.6991144052790697
ExtraTrees,Train,0.5670263661590603,0.5663678061737405
ExtraTrees,Train,0.5910646070264992,0.5570460565870831
ExtraTrees,Train,1.007042253521127,1.0703974998088928
ExtraTrees,Train,-0.2500000000000024,-0.25000000000000056
ExtraTrees,Train,0.5185139398778874,0.5164224084723241
ExtraTrees,Train,1.411695906432748,1.4076006380869674
ExtraTrees,Train,0.3031960574204888,0.3267511122335614
ExtraTrees,Train,0.2017575408454702,0.21095412596444077
ExtraTrees,Train,1.253437245309724,1.2534372453097022
ExtraTrees,Train,-0.7718752999018175,-0.7696124512032875
ExtraTrees,Train,0.2280938887519323,0.2353939198655946
ExtraTrees,Train,0.4679182470163208,0.49462334409970865
ExtraTrees,Train,-1.642975206611555,-1.6422816535979878
ExtraTrees,Train,-0.1251546956789149,-0.12517280634553998
ExtraTrees,Train,-1.563758389261749,-1.560224018730212
ExtraTrees,Train,-1.148741651280925,-1.1487416512809359
ExtraTrees,Train,-0.06251993703895245,-0.05518456119983035
ExtraTrees,Train,-0.3071596757466341,-0.30677794844695266
ExtraTrees,Train,0.526339277389844,0.47556438362691383
ExtraTrees,Train,0.3813651137594792,0.3761636068848701
ExtraTrees,Train,0.8039521828148732,0.8050131664461565
ExtraTrees,Train,0.7762863534675611,0.7762075210397413
ExtraTrees,Train,0.3979400086720376,0.4003854798085646
ExtraTrees,Train,-0.053666651000876,-0.05028917049961501
ExtraTrees,Train,0.8393863014886044,0.9153711831393047
ExtraTrees,Train,0.9771853913912649,0.9634994967578729
ExtraTrees,Train,-1.517084431448743,-1.5154773446888743
ExtraTrees,Train,0.8035528064607984,0.803552806460795
ExtraTrees,Train,-0.619788758288394,-0.6225621114260292
ExtraTrees,Train,-2.05603448275861,-2.0558078637330452
ExtraTrees,Train,0.2657130090914611,0.27134514551862016
ExtraTrees,Train,0.7958333900509484,0.7687011501581138
ExtraTrees,Train,-1.234704354653622,-1.2347043546536394
ExtraTrees,Train,0.639911259500979,0.6333820793259485
ExtraTrees,Train,-1.785155875122728,-1.7579844152963067
ExtraTrees,Train,1.205965557619709,1.205965557619718
ExtraTrees,Train,1.180116959064325,1.1764137789121496
ExtraTrees,Train,-0.5086383061657274,-0.45867342263429917
ExtraTrees,Train,-2.705549293202082,-2.704016704444815
ExtraTrees,Train,0.2182287808022146,0.3174542809243701
ExtraTrees,Train,0.4913616938342727,0.4964334815601356
ExtraTrees,Train,1.310541310541309,1.310541310541315
ExtraTrees,Train,0.1647522604652088,0.16311163427066205
ExtraTrees,Train,0.6127838567197355,0.608550364680609
ExtraTrees,Train,-1.965416298346072,-1.9654162983460937
ExtraTrees,Train,-0.01503759398496262,-0.0007001475695878539
ExtraTrees,Train,0.2046493264802312,0.5570531492689783
ExtraTrees,Train,0.2627398291759235,0.2561095983462942
ExtraTrees,Train,-1.23858934503561,-1.2356647912540208
ExtraTrees,Train,-0.7628438624246476,-0.7697212731082074
ExtraTrees,Train,1.283198266190026,1.2831982661900025
ExtraTrees,Train,0.1950162513542781,0.19570945165462855
ExtraTrees,Train,0.2163162610163941,0.21747722238611714
ExtraTrees,Train,0.2557547866430442,0.25692645612929493
ExtraTrees,Train,1.021189299069938,1.023882131285215
ExtraTrees,Train,0.889796870068615,0.7121037364367101
ExtraTrees,Train,0.5387931034482746,0.5328989223942784
ExtraTrees,Train,0.4913616938342727,0.4910059890522412
ExtraTrees,Train,-0.2688453122925803,-0.26284049709620394
ExtraTrees,Train,1.463157894736841,1.462857120429699
ExtraTrees,Train,0.380211241711606,0.36928213400269644
ExtraTrees,Train,0.2430380486862944,0.2444868957876143
ExtraTrees,Train,-0.4353448275862056,-0.4332628608494677
ExtraTrees,Train,-2.535140249212473,-2.513360151897021
ExtraTrees,Train,-0.619788758288394,-0.6225621114260292
ExtraTrees,Train,-0.04261660721896531,-0.023077500742829247
ExtraTrees,Train,0.8897968700686152,0.7790235038334354
ExtraTrees,Train,0.8577031944274324,0.8495265473735834
ExtraTrees,Train,-1.407996505383249,-1.409136380182166
ExtraTrees,Train,0.6031443726201823,0.6191233388807804
ExtraTrees,Train,0.6106601630898799,0.6191233388807804
ExtraTrees,Train,0.6989700043360189,0.699065266081774
ExtraTrees,Train,0.3747483460101039,0.3267511122335614
ExtraTrees,Train,1.204119982655925,1.0703974998088928
ExtraTrees,Train,-1.448275862068967,-1.4478870479301709
ExtraTrees,Train,-0.5393360442731673,-0.5389126918483332
ExtraTrees,Train,0.07675507020280567,-0.0332335997837399
ExtraTrees,Train,0.6023835319609966,0.6023835319609945
ExtraTrees,Train,0.1641903726520483,0.17999183841359082
ExtraTrees,Train,1.093599819380088,1.1065480926316904
ExtraTrees,Train,0.5888613512538016,0.5884538445068701
ExtraTrees,Train,-2.323341080224196,-2.320419028479236
ExtraTrees,Train,-0.5072750233349814,-0.5119447772327197
ExtraTrees,Train,0.04532297878665748,0.040487157636755464
ExtraTrees,Train,0.5647935551309269,0.5623799155022683
ExtraTrees,Train,0.6803355134145632,0.48476553775410164
ExtraTrees,Train,0.4623084667179462,0.18890740188106975
ExtraTrees,Train,0.3463529744506387,0.3267511122335614
ExtraTrees,Train,-0.8301121378671653,-0.830028315408091
ExtraTrees,Train,-0.9937759336099588,-0.9915310969789536
ExtraTrees,Train,0.5185139398778874,0.5164224084723241
ExtraTrees,Train,1.362275079783117,1.3621496110045141
ExtraTrees,Train,0.5910646070264992,0.5648337189923839
ExtraTrees,Train,-0.3091286307053941,-0.2621278881822869
ExtraTrees,Train,1.346198830409355,1.345650210088914
ExtraTrees,Train,-0.1321607680099658,-0.11956611561488174
ExtraTrees,Train,-1.885678391959799,-1.8374780357748552
ExtraTrees,Train,-0.2165366614664583,-0.09333243345230137
ExtraTrees,Train,0.7297801442202818,0.7271292949322221
ExtraTrees,Train,0.02005766926485197,0.020939880746504973
ExtraTrees,Train,0.7672413793103442,0.767241379310348
ExtraTrees,Train,0.1760912590556784,0.17627845279813095
ExtraTrees,Train,-1.071860922666721,-1.112367852473991
ExtraTrees,Train,0.09022556390977356,0.05550316850337497
ExtraTrees,Train,0.5046261715629264,0.5093002685895157
ExtraTrees,Train,-0.07996729962314643,-0.07993834708997802
ExtraTrees,Train,0.4390446521287634,0.4527379398967106
ExtraTrees,Train,1.253437245309724,1.2534372453097022
ExtraTrees,Train,0.5209109372834104,0.5047738239498654
ExtraTrees,Train,-0.8232758620689672,-0.821787180919859
ExtraTrees,Train,0.5910646070264992,0.5570460565870831
ExtraTrees,Train,1.146941207143456,1.144384019208972
ExtraTrees,Train,-0.7452111206482993,-0.7452111206483069
ExtraTrees,Train,1.030489322147899,1.0304893221479003
ExtraTrees,Train,-0.11903795188283,-0.1267433577448285
ExtraTrees,Train,-1.49248120300752,-1.3740412979352377
ExtraTrees,Train,0.6364937630495308,0.6156859118811341
ExtraTrees,Train,0.6553852426545229,0.9916051648387325
ExtraTrees,Train,0.6151940149681981,0.614331266004643
ExtraTrees,Train,0.5910646070264992,0.7908797069152946
ExtraTrees,Train,0.3636119798921443,0.363351262258606
ExtraTrees,Train,0.6373245098685487,0.6536579627025679
ExtraTrees,Train,0.3856062735983122,0.38580138720795837
ExtraTrees,Train,-0.2340726776061404,-0.2373930463752798
ExtraTrees,Train,-1.096910013008056,-1.0900988275342836
ExtraTrees,Train,0.3318965517241376,0.33084218544709343
ExtraTrees,Train,0.735555471593347,0.731117693759799
ExtraTrees,Train,0.082934622503059,0.08253624510712197
ExtraTrees,Train,0.2186959627617429,0.21812140528261958
ExtraTrees,Train,0.8965262174895553,0.7345224051889897
ExtraTrees,Train,0.135537190082656,0.13553719008265736
ExtraTrees,Train,0.9883040935672512,0.983510075878731
ExtraTrees,Train,0.1079563182527277,0.10637252944345052
ExtraTrees,Train,-0.07996729962314643,-0.07993834708997802
ExtraTrees,Train,-0.1767241379310328,-0.17409272834314746
ExtraTrees,Train,0.3892141639057259,0.3445901649590068
ExtraTrees,Train,-0.3098039199714863,-0.45867342263429917
ExtraTrees,Train,0.3470521755509489,0.3471595819003132
ExtraTrees,Train,2.036619573798714,2.036619573798736
ExtraTrees,Train,0.7965743332104297,0.765010666619917
ExtraTrees,Train,-0.7884826218653814,-0.788630251034823
ExtraTrees,Train,0.272337896627725,0.24197961377826605
ExtraTrees,Train,0.6173305771416362,0.765010666619917
ExtraTrees,Train,0.02419338211248408,0.02400011147744239
ExtraTrees,Train,-0.1767337807606265,-0.1775418597107736
ExtraTrees,Train,-0.5534883720930238,-0.5318655356251197
ExtraTrees,Train,0.9409251269338039,1.0703974998088928
ExtraTrees,Train,0.9041684928630465,0.8941341110265792
ExtraTrees,Train,-0.6344628557513522,-0.615851114624646
ExtraTrees,Train,0.2017575408454702,0.21095412596444077
ExtraTrees,Train,1.50559284116331,1.5031705522409844
ExtraTrees,Train,-1.535796071516882,-1.5268671563961604
ExtraTrees,Train,0.6242820958356683,0.6191233388807804
ExtraTrees,Train,-1.196026900731575,-1.1870418860840997
ExtraTrees,Train,-1.114147993293855,-1.1138848943336783
ExtraTrees,Train,0.4509957088161992,0.44245126402259644
ExtraTrees,Train,-0.5938066216438812,-0.5926758841626082
ExtraTrees,Train,0.5539402549876365,0.41386750122444693
ExtraTrees,Train,0.6211762817750351,0.6191233388807804
ExtraTrees,Train,-0.6971816306033263,-0.6640689158092965
ExtraTrees,Train,-1.06390977443609,-1.035119721030238
ExtraTrees,Train,-0.1858879153069338,-0.1904385651930962
ExtraTrees,Train,0.3463529744506387,0.48476553775410164
ExtraTrees,Train,-0.04375512696868296,-0.04369344137534427
ExtraTrees,Train,1.076276352144377,1.0677128008360766
ExtraTrees,Train,0.03342375548694973,0.03206717064936236
ExtraTrees,Train,0.1525940779274698,0.1396580166901468
ExtraTrees,Train,0.4283919597989941,0.373144700230217
ExtraTrees,Train,-0.7458094490628238,-0.7454597166395682
ExtraTrees,Train,0.8800879713874663,0.8617838470510909
ExtraTrees,Train,-1.603456897447042,-1.598989140589445
ExtraTrees,Train,-0.06963592814139488,-0.06693429623318693
ExtraTrees,Train,-0.6932160417255555,-0.6736470888140788
ExtraTrees,Train,0.6989700043360189,0.6989573409310605
ExtraTrees,Train,0.9612068965517243,0.961206896551735
ExtraTrees,Train,1.100763643371112,0.9916051648387325
ExtraTrees,Train,0.7357274662281335,0.7255257108683478
ExtraTrees,Train,-0.638272163982407,-0.45867342263429917
ExtraTrees,Train,1.21937321937322,1.219373219373212
ExtraTrees,Train,-0.8947368421052645,-0.885602636175297
ExtraTrees,Train,-0.6942651060983038,-0.6942651060983138
ExtraTrees,Train,1.483396136807168,1.4833512653549918
ExtraTrees,Train,0.6901960800285137,0.6777586748252071
ExtraTrees,Train,-0.9937759336099588,-0.9915310969789536
ExtraTrees,Train,0.8292314636701619,0.6196186059770998
ExtraTrees,Train,0.1166176813015091,0.24314593172754922
ExtraTrees,Train,0.6842105263157892,0.6942210913142256
ExtraTrees,Train,1.80846742823059,1.7467636220592113
ExtraTrees,Train,-2.05603448275861,-2.0558078637330452
ExtraTrees,Train,-1.487912814690911,-1.4902285522128347
ExtraTrees,Train,1.900826446281001,1.894754757133795
ExtraTrees,Train,-0.4724680904466963,-0.4798634610704721
ExtraTrees,Train,-0.6731240825341952,-0.6655812593336156
ExtraTrees,Train,0.8965262174895553,0.7345224051889897
ExtraTrees,Train,-0.3189655172413801,-0.31948657167700395
ExtraTrees,Train,-0.2770508826583594,-0.27719448153092896
ExtraTrees,Train,0.1132746924643504,0.11247649861736805
ExtraTrees,Train,0.11978513052201398,0.11568520581031858
ExtraTrees,Train,0.4487063199050799,0.45019057793320233
ExtraTrees,Train,0.6756055617195716,0.6744072994905005
ExtraTrees,Train,0.2550304776875136,0.2617676180707687
ExtraTrees,Train,-0.02672178766989199,-0.027214525605797436
ExtraTrees,Train,-0.5385287031854444,-0.5385287031854388
ExtraTrees,Train,0.5797835966168101,0.5950327716281905
ExtraTrees,Train,0.534026106056135,0.5304902460468875
ExtraTrees,Train,-1.234704354653622,-1.2347043546536394
ExtraTrees,Train,0.4913616938342727,0.4910059890522412
ExtraTrees,Train,0.4275633669545613,0.45233331560702555
ExtraTrees,Train,-1.577881593704157,-1.5571714921986244
ExtraTrees,Train,0.7671558660821804,0.7670671350704973
ExtraTrees,Train,1.100763643371112,0.9916051648387325
ExtraTrees,Train,-0.04170093891793042,-0.0437785316659244
ExtraTrees,Train,0.1173491877479526,0.09991013880929285
ExtraTrees,Train,0.9931205342354806,0.6990004899376582
ExtraTrees,Train,0.4329710789008698,0.27355968487703375
ExtraTrees,Train,-1.763274336283189,-1.7266340849989275
ExtraTrees,Train,0.7146198830409358,0.7152612937350323
ExtraTrees,Train,0.2145178764897056,0.21456823975470582
ExtraTrees,Train,0.3970273286679523,0.39715567818918046
ExtraTrees,Train,1.559045226130653,1.4927160113154558
ExtraTrees,Train,-0.4168875174404437,-0.42768190318971344
ExtraTrees,Train,-0.2770149382233361,-0.27811928403756153
ExtraTrees,Train,-0.6,-0.5966906235827075
ExtraTrees,Train,-2.705549293202082,-2.704016704444815
ExtraTrees,Train,0.1721105527638171,0.1693805100980595
ExtraTrees,Train,0.03448275862068784,0.03750867199427676
ExtraTrees,Train,0.2259691527869807,0.24405054752226435
ExtraTrees,Train,0.0,0.0036050399425491004
ExtraTrees,Train,1.522361359570662,1.4138435346858105
ExtraTrees,Train,0.6387979239767979,0.6480720394672851
ExtraTrees,Train,0.8072619934565568,0.8010489560348041
ExtraTrees,Train,0.3010299956639812,0.30747226160915325
ExtraTrees,Train,-1.439549404036478,-1.4214395260311898
ExtraTrees,Train,-0.05978886246861603,-0.06524406170304914
ExtraTrees,Train,-0.03476210625921197,0.0038429733957169422
ExtraTrees,Train,-0.2446720795208597,-0.2680187105777314
ExtraTrees,Train,0.4082399653118496,0.47556438362691383
ExtraTrees,Train,-0.767123174186889,-0.773423948715796
ExtraTrees,Train,0.5118833609788743,0.7345224051889897
ExtraTrees,Train,-0.3189655172413801,-0.31948657167700395
ExtraTrees,Train,0.04260470370605519,0.04254301811271581
ExtraTrees,Train,-0.1464838638239616,-0.14510001006174203
ExtraTrees,Train,0.1128752143459643,0.11503695741908812
ExtraTrees,Train,0.8670923337204245,0.8670923337204293
ExtraTrees,Train,-0.05632686832306318,-0.05578301045798461
ExtraTrees,Train,0.535215663796611,0.5402203488060303
ExtraTrees,Train,1.205965557619709,1.205965557619718
ExtraTrees,Train,0.03261876085071993,0.031993457401228186
ExtraTrees,Train,-0.4353448275862056,-0.4332628608494677
ExtraTrees,Train,0.8305886686851442,0.765010666619917
ExtraTrees,Train,1.656589559399379,1.628117125766232
ExtraTrees,Train,0.4126109061603624,0.4130577192277659
ExtraTrees,Train,-0.004333694474538976,-0.004173760511788143
ExtraTrees,Train,0.2637409109445279,0.26260134550838343
ExtraTrees,Train,0.414973347970818,0.41432443904426414
ExtraTrees,Train,-0.2340726776061404,-0.2373930463752798
ExtraTrees,Train,0.5860497157265141,0.5801103039247832
ExtraTrees,Train,1.181843587944773,1.2365565014260134
ExtraTrees,Train,0.9404117009750815,0.9397329230039458
ExtraTrees,Train,0.6729746935258656,0.6592717479753469
ExtraTrees,Train,-0.07719576496805934,-0.07658429055158997
ExtraTrees,Train,0.5265032835812309,0.5689587066213148
ExtraTrees,Train,0.3031960574204888,0.3267511122335614
ExtraTrees,Train,1.087550726310677,1.0875507263106876
ExtraTrees,Train,-0.4975728800155673,-0.49547422852061485
ExtraTrees,Train,-0.14066513997672,-0.14066513997671876
ExtraTrees,Train,0.6526722071108372,0.6480179720894854
ExtraTrees,Train,1.146941207143456,1.144384019208972
ExtraTrees,Train,0.05113650594874027,0.0510110333003728
ExtraTrees,Train,1.050866019970613,1.0422469485826866
ExtraTrees,Train,0.5763413502057929,0.6191233388807804
ExtraTrees,Train,0.62463078972132,0.5926844495981215
ExtraTrees,Train,0.5586226439045551,0.5593284071413382
ExtraTrees,Train,0.6242820958356683,0.6191233388807804
ExtraTrees,Train,-0.01749782701560991,-0.04535594269912843
ExtraTrees,Train,0.5265032835812309,0.4968450986360087
ExtraTrees,Train,-0.6426046233183135,-0.6426399904511388
ExtraTrees,Train,0.7237976748508552,0.7192749806227055
ExtraTrees,Train,0.6627578316815741,0.6586569478199665
ExtraTrees,Train,0.7910868478099096,0.7910868478099188
ExtraTrees,Train,0.686155075454263,0.572634526156435
ExtraTrees,Train,0.7114680014156944,0.7068660627090567
ExtraTrees,Train,0.2050678430236896,0.07179871828988914
ExtraTrees,Train,-0.9653698872018781,-0.9681925737045918
ExtraTrees,Train,0.07918124604762482,0.28702424471077576
ExtraTrees,Train,-0.7756344514157028,-0.7756580114500603
ExtraTrees,Train,-0.01844926170390164,-0.020672598295084617
ExtraTrees,Train,-0.4626847268879903,-0.4626847268879894
ExtraTrees,Train,0.139109451707618,0.1446660562833782
ExtraTrees,Train,0.7672413793103442,0.767241379310348
ExtraTrees,Train,0.8035528064607984,0.803552806460795
ExtraTrees,Train,0.1532051216061021,0.15316067355072335
ExtraTrees,Train,0.895422546039408,0.8854055617114635
ExtraTrees,Train,-0.4170444674351315,-0.41783705138486565
ExtraTrees,Train,-0.2266600537219346,-0.21932364126806436
ExtraTrees,Train,-0.03068512285530053,-0.028357149524752694
ExtraTrees,Train,-1.511278195488722,-1.5051213346452428
ExtraTrees,Train,-1.0333531830102,-1.0429779796067427
ExtraTrees,Train,1.021189299069938,1.0703974998088928
ExtraTrees,Train,-1.32437478025317,-1.324374780253158
ExtraTrees,Train,0.03448275862068784,0.03750867199427676
ExtraTrees,Train,0.3483048630481607,0.3462289673422595
ExtraTrees,Train,0.9881114906350605,0.9800868485452466
ExtraTrees,Train,-2.0,-1.9959988237906652
ExtraTrees,Train,0.009925308530127852,0.011496434732335695
ExtraTrees,Train,-1.572614107883811,-1.5714547389133802
ExtraTrees,Train,0.3233082706766902,0.33545284412503906
ExtraTrees,Train,0.9881114906350605,0.9800868485452466
ExtraTrees,Train,0.8444444444444436,0.8442622870699918
ExtraTrees,Train,-1.105948718925517,-1.1091815031254875
ExtraTrees,Train,0.180451127819548,0.06789936192137948
ExtraTrees,Train,-0.03943375318603481,-0.03856255359363746
ExtraTrees,Train,0.7204210054216508,0.7201116659416199
ExtraTrees,Train,0.5797835966168101,0.5950327716281905
ExtraTrees,Train,0.5185139398778874,0.534201599079638
ExtraTrees,Train,0.04139268515822508,0.04633389915880049
ExtraTrees,Train,0.9347805899613781,0.9289795763509421
ExtraTrees,Train,0.3617278360175928,0.3599948612966952
ExtraTrees,Train,-0.1762586357436119,-0.17603848952073467
ExtraTrees,Train,-0.08633414873527591,-0.08675632027674483
ExtraTrees,Train,-0.01844926170390164,-0.020672598295084617
ExtraTrees,Train,0.07554696139253074,0.0308851972591389
ExtraTrees,Train,0.02005766926485197,0.020939880746504973
ExtraTrees,Train,0.7671729371896298,0.7657286587742056
ExtraTrees,Train,0.3918367346938768,0.39131932043291473
ExtraTrees,Train,0.422413793103446,0.4224137931034492
ExtraTrees,Train,0.04139268515822508,0.2898771760740842
ExtraTrees,Train,-2.142667503568731,-2.140084368778023
ExtraTrees,Train,-0.5742492738010503,-0.5701994059290557
ExtraTrees,Train,-0.1251546956789144,0.11404856082806185
ExtraTrees,Train,0.6977248104008661,0.6977480266212693
ExtraTrees,Train,0.7505083948513462,0.7345224051889897
ExtraTrees,Train,0.4679182470163208,0.49462334409970865
ExtraTrees,Train,1.02530586526477,0.7908797069152946
ExtraTrees,Train,1.608501118568232,1.608253561356268
ExtraTrees,Train,0.2880888597640699,0.2851220458153639
ExtraTrees,Train,0.5250677226597732,0.5202111920828704
ExtraTrees,Train,-0.129219291822582,-0.10359083779320767
ExtraTrees,Train,-0.5338345864661662,-0.5693673604352175
ExtraTrees,Train,-0.5408689174769996,-0.5511724399726292
ExtraTrees,Train,-0.04983748645720439,-0.0485125352935064
ExtraTrees,Train,0.2050678430236896,0.07179871828988914
ExtraTrees,Train,0.8463370005539435,0.9153711831393047
ExtraTrees,Train,-0.1964576461828072,-0.20127284780232704
ExtraTrees,Train,0.3596766725050837,0.3629851029472507
ExtraTrees,Train,0.006663850117991262,-0.0022120687033868255
ExtraTrees,Train,1.014680535148689,1.0068474095567002
ExtraTrees,Train,-2.05603448275861,-2.0558078637330452
ExtraTrees,Train,0.1166176813015091,0.12040826258970319
ExtraTrees,Train,0.7971694225490045,0.7894639738446952
ExtraTrees,Train,0.929444837036069,0.9200547836413365
ExtraTrees,Train,0.648364110491845,0.6191233388807804
ExtraTrees,Train,0.3778487999011506,0.3822135626807099
ExtraTrees,Train,0.5062846335392319,0.506802700469597
ExtraTrees,Train,0.6306396086247502,0.6301970779503222
ExtraTrees,Train,-2.203831209357573,-2.20202127374517
ExtraTrees,Train,-1.118826698593236,-1.0353253545789383
ExtraTrees,Train,0.4913616938342727,0.2898771760740842
ExtraTrees,Train,0.2163162610163941,0.21747722238611714
ExtraTrees,Train,-0.4353448275862056,-0.4332628608494677
ExtraTrees,Train,-0.06251993703895245,-0.05518456119983035
ExtraTrees,Train,-0.1804891463142153,-0.1804891463142155
ExtraTrees,Train,0.8976270912904415,0.7908797069152946
ExtraTrees,Train,0.7160033436347992,0.6801123660845889
ExtraTrees,Train,0.5669144981412634,0.5640496999055545
ExtraTrees,Train,-0.1464838638239616,-0.14510001006174203
ExtraTrees,Train,1.060697840353612,1.2365565014260134
ExtraTrees,Train,0.5387931034482746,0.5328989223942784
ExtraTrees,Train,-0.2372093023255822,-0.168099978198896
ExtraTrees,Train,0.6335218433719506,0.6326997129750938
ExtraTrees,Train,0.6532125137753437,0.547396098875155
ExtraTrees,Train,-0.157894736842105,-0.19204131300763821
ExtraTrees,Train,0.6020599913279624,0.6048329881783172
ExtraTrees,Train,0.1367761095528764,0.13474302724996487
ExtraTrees,Train,1.522388149816989,1.5223881498169742
ExtraTrees,Train,0.5205895119541644,0.5119501089277472
ExtraTrees,Train,-0.5072750233349814,-0.5119447772327197
ExtraTrees,Train,-0.365959583733208,-0.3599350683311717
ExtraTrees,Train,0.3767593954048798,0.4143296057264286
ExtraTrees,Train,-0.5534883720930238,-0.5318655356251197
ExtraTrees,Train,-0.1141965678627143,0.10637252944345052
ExtraTrees,Train,0.6211762817750351,0.6191233388807804
ExtraTrees,Train,-1.781954887218045,-1.7580800490881832
ExtraTrees,Train,-1.42021640338319,-1.4208528987546962
ExtraTrees,Train,0.6106601630898799,0.6191233388807804
ExtraTrees,Train,0.4232458739368078,0.42494754763610126
ExtraTrees,Train,0.4128854232684702,0.4038202059585538
ExtraTrees,Train,0.082934622503059,0.08253624510712197
ExtraTrees,Train,0.6901960800285137,0.6777586748252071
ExtraTrees,Train,0.6231704616375756,0.6224637505670977
ExtraTrees,Train,0.9469432706978255,0.8813556118206918
ExtraTrees,Train,-1.97095435684647,-1.968728866446508
ExtraTrees,Train,0.6107382550335557,0.6108095250553844
ExtraTrees,Train,0.5972924522285327,0.5977837413652753
ExtraTrees,Train,0.8777912162775305,0.9153711831393047
ExtraTrees,Train,0.5427268765011117,0.5487334048148365
ExtraTrees,Train,-1.005264266019541,-1.0050252845571044
ExtraTrees,Train,0.6127838567197355,0.6122329700036755
ExtraTrees,Train,0.62463078972132,0.5926844495981215
ExtraTrees,Train,-0.7628438624246476,-0.781913483515493
ExtraTrees,Train,0.6020599913279624,0.5830224957900023
ExtraTrees,Train,0.5135427952329354,0.5139118237693449
ExtraTrees,Train,-0.8232758620689672,-0.821787180919859
ExtraTrees,Train,-1.567441860465111,-1.5625293098203574
ExtraTrees,Train,0.2211785219297459,0.22126737566393886
ExtraTrees,Train,1.294736842105262,1.2895482250240238
ExtraTrees,Train,-0.4170444674351315,-0.41783705138486565
ExtraTrees,Train,-1.135338345864661,-1.1318317316848048
ExtraTrees,Train,0.1266770670826814,-0.09333243345230137
ExtraTrees,Train,-0.08633414873527538,0.1420601579624802
ExtraTrees,Train,1.209515014542631,1.0703974998088928
ExtraTrees,Train,-0.8313241449568525,-0.8413487310343836
ExtraTrees,Train,0.4615384615384614,0.47748662363108985
ExtraTrees,Train,0.08880429497466488,0.08944949795718062
ExtraTrees,Train,-0.03943375318603481,-0.03856255359363746
ExtraTrees,Train,-1.092883061327005,-1.0928830613270202
ExtraTrees,Train,-0.460121203408758,-0.47952506152527624
ExtraTrees,Train,0.6456180461285638,0.6431520825535544
ExtraTrees,Train,0.7993405494535817,0.7908797069152946
ExtraTrees,Train,1.85436677804087,1.8543667780408941
ExtraTrees,Train,-0.03760465762697581,-0.038550463607500814
ExtraTrees,Train,0.5670263661590603,0.5663678061737405
ExtraTrees,Train,-0.07719576496805934,-0.07658429055158997
ExtraTrees,Train,0.2246783559484863,0.18890740188106975
ExtraTrees,Train,0.1882609887630737,0.20801561012647998
ExtraTrees,Train,-0.11903795188283,-0.1267433577448285
ExtraTrees,Train,0.6031443726201823,0.6191233388807804
ExtraTrees,Train,-0.02672178766989199,-0.027214525605797436
ExtraTrees,Train,-0.7628438624246476,-0.781913483515493
ExtraTrees,Train,0.2186959627617429,0.21812140528261958
ExtraTrees,Train,0.1904538485873565,0.18928139592964827
ExtraTrees,Train,0.3617278360175928,0.3599948612966952
ExtraTrees,Train,0.2187134502923974,0.21835447656003246
ExtraTrees,Train,-1.777415033082565,-1.7727291969874077
ExtraTrees,Train,-0.1277985983463365,-0.12397331909368318
ExtraTrees,Train,-0.7451810935152875,-0.7255917152544722
ExtraTrees,Train,0.8296511438534148,0.8322398696051231
ExtraTrees,Train,0.1744584367708963,0.22385652393559488
ExtraTrees,Train,-0.4563268683230601,-0.4563268683230603
ExtraTrees,Train,0.1437655938677714,0.1437381399385107
ExtraTrees,Train,-0.005465586003222508,-0.005305458120154167
ExtraTrees,Train,-2.334481075108565,-2.325841283738068
ExtraTrees,Train,0.6901960800285137,0.690238640046538
ExtraTrees,Train,1.00893042575285,1.0088269842492872
ExtraTrees,Train,0.8910996649845989,0.9153711831393047
ExtraTrees,Train,0.806230529595015,0.7966480117164424
ExtraTrees,Train,0.365862215402555,0.39711145273778614
ExtraTrees,Train,-0.04261660721896531,-0.023077500742829247
ExtraTrees,Train,0.1117004680187195,-0.0332335997837399
ExtraTrees,Train,0.06345484267917818,0.06338464781721392
ExtraTrees,Train,0.07980012213427638,0.09302643353230666
ExtraTrees,Train,-0.5864661654135337,-0.5647375215639269
ExtraTrees,Train,-0.8232758620689614,-0.8232758620689562
ExtraTrees,Train,0.6015860182746656,0.6990004899376582
ExtraTrees,Train,0.4040158561440467,0.4168812926385999
ExtraTrees,Train,-0.8232758620689614,-0.8232758620689562
ExtraTrees,Train,0.3119932648840557,0.24251837442499496
ExtraTrees,Train,0.03448275862068784,0.03750867199427676
ExtraTrees,Train,1.047514794837365,1.0456511486825029
ExtraTrees,Train,0.4471580313422192,0.48476553775410164
ExtraTrees,Train,0.2304489213782739,0.23072370581984444
ExtraTrees,Train,0.1173491877479526,0.09991013880929285
ExtraTrees,Train,0.8122446968003693,0.7345224051889897
ExtraTrees,Train,1.308724832214764,1.304076824773373
ExtraTrees,Train,0.5525490843095185,0.552729227593884
ExtraTrees,Train,0.0,0.0038799834126553596
ExtraTrees,Train,-0.619788758288394,-0.6225621114260292
ExtraTrees,Train,-0.9200292374440189,-0.8894458009876615
ExtraTrees,Train,-2.535140249212473,-2.513360151897021
ExtraTrees,Train,0.7672413793103442,0.767241379310348
ExtraTrees,Train,0.2637409109445279,0.26260134550838343
ExtraTrees,Train,-0.6140350877192979,-0.5864012349223517
ExtraTrees,Train,0.1705521196219227,0.17095133714650315
ExtraTrees,Train,-0.00620308796527328,-0.0069992571238340585
ExtraTrees,Train,0.2182287808022119,0.21504331507743968
ExtraTrees,Train,-0.1251546956789149,-0.12517280634553998
ExtraTrees,Train,0.7417816961431667,0.7385458822993287
ExtraTrees,Train,0.6218068535825538,0.6205305276889357
ExtraTrees,Train,0.3318002991095532,0.33625391886561923
ExtraTrees,Train,1.060697840353612,0.9153711831393047
ExtraTrees,Train,-0.1449235972700369,-0.1449470035421536
ExtraTrees,Train,0.1319863281682527,0.11899404278337063
ExtraTrees,Train,0.4313637641589874,0.431906068865826
ExtraTrees,Train,-0.162941534687887,-0.1597793854362117
ExtraTrees,Train,-0.1767337807606265,-0.1775418597107736
ExtraTrees,Train,0.5805468137587255,0.5318612469821338
ExtraTrees,Train,0.5450543344028723,0.546354044381804
ExtraTrees,Train,0.2944963655243999,0.29464589823467746
ExtraTrees,Train,0.6308908570191394,0.5951258285776715
ExtraTrees,Train,0.5391498881431767,0.5456671966760748
ExtraTrees,Train,1.456366033129043,1.4563660331290311
ExtraTrees,Train,0.06345484267917818,0.06338464781721392
ExtraTrees,Train,1.07700432679335,1.065152899755605
ExtraTrees,Train,-0.4607016882522424,-0.46239309926091754
ExtraTrees,Train,-1.441695135640719,-1.4444080228135738
ExtraTrees,Train,0.4806145740944546,0.48067949377711233
ExtraTrees,Train,-0.6946486305533762,-0.6932313208672295
ExtraTrees,Train,0.3318965517241376,0.33084218544709343
ExtraTrees,Train,-1.629310344827578,-1.627474155464873
ExtraTrees,Train,0.7932016100908708,0.7785779989441545
ExtraTrees,Train,-0.1986570869544228,-0.19367699628068638
ExtraTrees,Train,0.5000216558101156,0.5010023006697801
ExtraTrees,Train,0.7160033436347992,0.6801123660845889
ExtraTrees,Train,-1.547440503436895,-1.5468482688050609
ExtraTrees,Train,0.1657598875739492,0.16575988757395146
ExtraTrees,Train,-0.08798751950078033,-0.0332335997837399
ExtraTrees,Train,0.2880888597640699,0.2851220458153639
ExtraTrees,Train,0.6354495299314225,0.6340813748345475
ExtraTrees,Train,0.5763413502057929,0.6191233388807804
ExtraTrees,Train,-0.4658517416748432,-0.4658517416748406
ExtraTrees,Train,0.6231884057971003,0.5735070901941876
ExtraTrees,Train,1.363935283358457,1.362772246720009
ExtraTrees,Train,0.7505083948513462,0.7345224051889897
ExtraTrees,Train,0.7168825761045695,0.7076688127221965
ExtraTrees,Train,0.1569739382239341,0.15682788449059726
ExtraTrees,Train,0.6760563380281691,0.676190834983767
ExtraTrees,Train,-0.3668744088311774,-0.3668744088311722
ExtraTrees,Train,-0.1059519103518204,-0.10888447110643747
ExtraTrees,Train,-0.612646032378238,-0.6004420068509003
ExtraTrees,Train,-0.7628438624246476,-0.7697212731082074
ExtraTrees,Train,-0.08092190762392612,-0.08103308626593436
ExtraTrees,Train,0.4489574959155591,0.4489574959155601
ExtraTrees,Train,-2.705549293202082,-2.704016704444815
ExtraTrees,Train,0.8792796600840976,0.8835737679936455
ExtraTrees,Train,0.9612068965517243,0.961206896551735
ExtraTrees,Train,0.9708116108725178,0.9593966596673196
ExtraTrees,Train,-0.2099009373137068,-0.19799773390635425
ExtraTrees,Train,0.8178119194823461,0.8012320436191243
ExtraTrees,Train,0.3559122080332726,0.35856163522097767
ExtraTrees,Train,-0.2678362573099414,-0.2788632264091104
ExtraTrees,Train,0.8796692056320535,0.9153711831393047
ExtraTrees,Train,1.308724832214764,1.304076824773373
ExtraTrees,Train,0.0594209901149536,0.05923004891244115
ExtraTrees,Train,-0.2340726776061404,-0.2373930463752798
ExtraTrees,Train,-0.3031709948236987,-0.2955083975898579
ExtraTrees,Train,0.4342288918608878,0.43929840021978456
ExtraTrees,Train,-0.1762586357436119,-0.17603848952073467
ExtraTrees,Train,-0.00877392430750515,-0.009747387519155963
ExtraTrees,Train,-0.2225132903568139,-0.12393604820598769
ExtraTrees,Train,0.18155415475718,0.18155415475717976
ExtraTrees,Train,0.5267037346185933,0.5278799740140417
ExtraTrees,Train,0.3856062735983122,0.38580138720795837
ExtraTrees,Train,1.126315789473682,1.1235783054815716
ExtraTrees,Train,0.686155075454263,0.5935796167529808
ExtraTrees,Train,0.9365132613368841,0.8086425695185193
ExtraTrees,Train,0.4487098600393338,0.4651507166375196
ExtraTrees,Train,0.4509957088161992,0.44245126402259644
ExtraTrees,Train,0.7403626894942439,0.7354208615532122
ExtraTrees,Train,-0.1172728120892211,0.18890740188106975
ExtraTrees,Train,0.2907935616990988,0.41386750122444693
ExtraTrees,Train,-0.05787918913275993,-0.04482918164788212
ExtraTrees,Train,-0.7628438624246476,-0.781913483515493
ExtraTrees,Train,0.7237976748508552,0.7192749806227055
ExtraTrees,Train,-0.7827067862373733,-0.7834666088936649
ExtraTrees,Train,1.130976691605617,1.126106235109032
ExtraTrees,Train,0.1066751967046165,0.11202515723911663
ExtraTrees,Train,0.3254607304414622,0.3227283243063107
ExtraTrees,Train,-0.2469177919249304,-0.24691779192493288
ExtraTrees,Train,0.03730594077925276,0.03433971160381058
ExtraTrees,Train,-1.563758389261749,-1.560224018730212
ExtraTrees,Train,1.004815141474574,1.0703974998088928
ExtraTrees,Train,0.8067164667100035,0.8025397002294226
ExtraTrees,Train,0.9881114906350605,0.9800868485452466
ExtraTrees,Train,0.6479448198198187,0.6529372588237551
ExtraTrees,Train,0.02081696013925367,0.02077871616978855
ExtraTrees,Train,0.2647773159802437,0.24673290985517143
ExtraTrees,Train,-0.4315653747438915,-0.4129287786105167
ExtraTrees,Train,0.1366562824506729,0.13772959626998454
ExtraTrees,Train,0.1647522604652088,0.16311163427066205
ExtraTrees,Train,1.082621082621084,1.0826210826210945
ExtraTrees,Train,0.06037703633173449,0.0623806429753094
ExtraTrees,Train,-0.006203087965272839,0.18683086730436174
ExtraTrees,Train,0.7237976748508552,0.7192749806227055
ExtraTrees,Train,1.100763643371112,0.9916051648387325
ExtraTrees,Train,-0.1762586357436113,0.17847031921992756
ExtraTrees,Train,-0.8301121378671653,-0.830028315408091
ExtraTrees,Train,0.8035528064607984,0.803552806460795
ExtraTrees,Train,1.283198266190026,1.2831982661900025
ExtraTrees,Train,1.150595882990248,1.141763997443537
ExtraTrees,Train,-0.01733477789815788,-0.01751159750003644
ExtraTrees,Train,-1.516444298028881,-1.5122893594039968
ExtraTrees,Train,0.8020207517719758,0.800452392146708
ExtraTrees,Train,-0.9827586206896575,-0.984472181757619
ExtraTrees,Train,0.173186268412274,0.17337555149519665
ExtraTrees,Train,0.4034029043735392,0.40415537752105984
ExtraTrees,Train,1.398347107438026,1.3850308815225556
ExtraTrees,Train,-0.4724680904466963,-0.4798634610704721
ExtraTrees,Train,-1.20966708761141,-1.2163333221924988
ExtraTrees,Train,-2.323341080224196,-2.2930854606439293
ExtraTrees,Train,0.5459451160618883,0.5464681938991086
ExtraTrees,Train,-2.334481075108565,-2.325841283738068
ExtraTrees,Train,0.1206896551724121,0.12060342049552247
ExtraTrees,Train,-0.05978886246861603,-0.06524406170304914
ExtraTrees,Train,-2.052455067076556,-2.0524550670765875
ExtraTrees,Train,0.2775007758356284,0.28025791495755953
ExtraTrees,Train,0.6621085853152393,0.6603225630626167
ExtraTrees,Train,0.422413793103446,0.4224137931034492
ExtraTrees,Train,-0.9145720716388055,-0.9133680723909091
ExtraTrees,Train,0.6410063608375752,0.6327015202666789
ExtraTrees,Train,-2.323341080224196,-2.2930854606439293
ExtraTrees,Train,0.380211241711606,0.38677614656746895
ExtraTrees,Train,0.359835482339888,0.3618093922508101
ExtraTrees,Train,-1.364902075136013,-1.3431280623548245
ExtraTrees,Train,0.2880888597640699,0.3607287226351924
ExtraTrees,Train,0.1657598875739492,0.16575988757395146
ExtraTrees,Train,0.3459994779145614,0.3323286501466261
ExtraTrees,Train,-2.203831209357573,-2.20202127374517
ExtraTrees,Train,-0.1953198127925111,-0.0332335997837399
ExtraTrees,Train,0.4679182470163208,0.49462334409970865
ExtraTrees,Train,0.7762863534675611,0.7762075210397413
ExtraTrees,Train,0.686155075454263,0.572634526156435
ExtraTrees,Train,-0.4836373832160348,-0.44579382271815277
ExtraTrees,Train,1.395341273599259,1.3880113161445045
ExtraTrees,Train,0.6483600109809317,0.5304902460468875
ExtraTrees,Train,-0.04375512696868296,-0.04369344137534427
ExtraTrees,Train,0.148594545749752,0.15821655221179726
ExtraTrees,Train,0.2304489213782739,0.23072370581984444
ExtraTrees,Train,0.06427457098283858,0.10637252944345052
ExtraTrees,Train,0.05803546917037159,0.02461699911790568
ExtraTrees,Train,-0.4089353929735008,-0.45867342263429917
ExtraTrees,Train,1.187969924812029,1.1531194864399381
ExtraTrees,Train,0.1647522604652088,0.27880054916036445
ExtraTrees,Train,-0.110008534838633,-0.07639144464356197
ExtraTrees,Train,-0.51427857351842,-0.5142634383048024
ExtraTrees,Train,0.4126109061603624,0.4130577192277659
ExtraTrees,Train,-0.1760912590556817,-0.14347908407974455
ExtraTrees,Train,0.2807537335508451,0.2812365020410665
ExtraTrees,Train,2.388059618193226,2.388059618193214
ExtraTrees,Train,0.541283490742574,0.5404821036570454
ExtraTrees,Train,-2.718967130186474,-2.718651006658493
ExtraTrees,Train,0.3432623561190514,0.34375506018098945
ExtraTrees,Train,1.080536912751675,1.0900891964861943
ExtraTrees,Train,0.5546959574620433,0.5317244850609599
ExtraTrees,Train,0.2962164173101657,0.29971283169513646
ExtraTrees,Train,0.0,0.04633389915880049
ExtraTrees,Train,0.08054025763564433,0.08140472420863766
ExtraTrees,Train,0.2126080928814434,0.225697600034691
ExtraTrees,Train,0.6779252076177129,0.6818016103910853
ExtraTrees,Train,1.278753600952829,1.27875360095285
ExtraTrees,Train,-0.004364805402450088,-0.007307264060274442
ExtraTrees,Train,0.6526722071108372,0.6480179720894854
ExtraTrees,Train,0.6982266185371769,0.6961380785308248
ExtraTrees,Train,1.076276352144377,1.0677128008360766
ExtraTrees,Train,-0.0893755951107988,-0.1067713155108572
ExtraTrees,Train,-0.7907934207082596,-0.7906555702431352
ExtraTrees,Train,-1.278559880703671,-1.260713514003025
ExtraTrees,Train,-0.7718752999018175,-0.7696124512032875
ExtraTrees,Train,0.5546959574620433,0.5317244850609599
ExtraTrees,Train,0.04614998447069624,0.047311324190268594
ExtraTrees,Train,0.4655717305742211,0.4672683308042851
ExtraTrees,Train,1.201397124320452,1.2365565014260134
ExtraTrees,Train,1.02938377768521,1.0298193784134435
ExtraTrees,Train,0.380211241711606,0.2898771760740842
ExtraTrees,Train,0.1166176813015091,0.12040826258970319
ExtraTrees,Train,0.6335218433719506,0.6326997129750938
ExtraTrees,Train,0.1872386198314787,0.18635583239653805
ExtraTrees,Train,0.3468309859154933,0.3464809672511147
ExtraTrees,Train,0.6052964725395565,0.615763943366446
ExtraTrees,Train,0.4034029043735392,0.40415537752105984
ExtraTrees,Train,0.04260470370605519,0.04254301811271581
ExtraTrees,Train,-2.634968218916374,-2.623751711110304
ExtraTrees,Train,-0.9651162790697718,-0.960705415698333
ExtraTrees,Train,-0.3135371308479524,-0.29094143186488897
ExtraTrees,Train,-0.2525162145712102,-0.3049398512195537
ExtraTrees,Train,0.6018447179733589,0.6023850114256186
ExtraTrees,Train,-1.102338512076255,-1.1009412630516155
ExtraTrees,Train,0.01703333929878037,0.013149805033040973
ExtraTrees,Train,0.1256895334971941,0.12224808805226339
ExtraTrees,Train,-0.8232758620689614,-0.8232758620689562
ExtraTrees,Train,-0.08471373464762134,-0.08230828877307812
ExtraTrees,Train,0.1883035851650658,0.1288052868337259
ExtraTrees,Train,-0.168693863576964,-0.16916557519876943
ExtraTrees,Train,0.5118833609788743,0.7345224051889897
ExtraTrees,Train,0.4471580313422192,0.48476553775410164
ExtraTrees,Train,-2.144640275261264,-2.143422248989863
ExtraTrees,Train,0.5754147908402901,0.574898444343819
ExtraTrees,Train,-0.1563012307056405,-0.15630123070563998
ExtraTrees,Train,0.5185139398778874,0.534201599079638
ExtraTrees,Train,-0.2500000000000024,-0.25000000000000056
ExtraTrees,Train,-0.9021734110319146,-0.8788028235411671
ExtraTrees,Train,-0.1029641185647424,-0.09333243345230137
ExtraTrees,Train,0.2424445151694238,0.24546543469894172
ExtraTrees,Train,0.06787330316741842,0.04633389915880049
ExtraTrees,Train,0.6901960800285137,0.6699955487927555
ExtraTrees,Train,0.9612068965517243,0.961206896551735
ExtraTrees,Train,0.5862831858407086,0.5415969853699306
ExtraTrees,Train,0.146128035678238,0.04633389915880049
ExtraTrees,Train,0.5805468137587243,0.5564877220614399
ExtraTrees,Train,0.1639004149377578,0.09754951096630318
ExtraTrees,Train,0.436162647040756,0.5304902460468875
ExtraTrees,Train,0.6627578316815741,0.6586569478199665
ExtraTrees,Train,1.143014800254095,1.1269568819453177
ExtraTrees,Train,0.8389261744966443,0.8382830830348692
ExtraTrees,Train,0.2964118564742571,0.10637252944345052
ExtraTrees,Train,0.001069865533045818,-0.018039643481476592
ExtraTrees,Train,0.380211241711606,0.38677614656746895
ExtraTrees,Train,0.8650442477876106,0.8666977661018899
ExtraTrees,Train,-0.3091286307053941,-0.2621278881822869
ExtraTrees,Train,-0.004364805402450088,-0.007307264060274442
ExtraTrees,Train,0.5570638505655185,0.5468014417131568
ExtraTrees,Train,0.03710686132560858,0.038757954170497676
ExtraTrees,Train,-0.2218487496163564,-0.193118609535228
ExtraTrees,Train,-0.00620308796527328,-0.0069992571238340585
ExtraTrees,Train,-0.4396694214875904,-0.4430236688872799
ExtraTrees,Train,0.5814674032073606,0.5845115573151706
ExtraTrees,Train,0.4040313015268496,0.4130240244586804
ExtraTrees,Train,-1.114147993293855,-1.1138848943336783
ExtraTrees,Train,-1.615697591672981,-1.6148824391165102
ExtraTrees,Train,-0.01749782701560991,-0.04535594269912843
ExtraTrees,Train,0.3483048630481607,0.3462289673422595
ExtraTrees,Train,0.6299402678187999,0.64529914362284
ExtraTrees,Train,0.7618945674400744,0.7528442366648577
ExtraTrees,Train,0.290034611362518,0.3267511122335614
ExtraTrees,Train,-0.02664130105864902,-0.03361054857734294
ExtraTrees,Train,0.1765990639625574,0.10637252944345052
ExtraTrees,Train,0.4741255587590221,0.47684063911650015
ExtraTrees,Train,0.04532297878665748,0.040487157636755464
ExtraTrees,Train,-1.851851851851851,-1.8533774809901575
ExtraTrees,Train,1.036353115842418,1.0355607386651018
ExtraTrees,Train,0.7388055682705498,0.7371581655597166
ExtraTrees,Train,0.5742145178764892,0.5742145178764949
ExtraTrees,Train,-0.055377791833341,-0.04377635549159015
ExtraTrees,Train,1.608501118568232,1.608253561356268
ExtraTrees,Train,-0.4780893042575287,-0.47794570538496217
ExtraTrees,Train,-0.3093052782018357,-0.3088658828999115
ExtraTrees,Train,0.6002076843198328,0.5996440464285908
ExtraTrees,Train,1.03342375548695,0.9153711831393047
ExtraTrees,Train,0.5587085705331657,0.48476553775410164
ExtraTrees,Train,0.6558037511164472,0.6444174648049048
ExtraTrees,Train,1.094342640722355,1.088792955850092
ExtraTrees,Train,0.6137179964990436,0.5804259401669163
ExtraTrees,Train,-0.1033429559749049,-0.05962625091010082
ExtraTrees,Train,-1.163675884293248,-1.1631968938576591
ExtraTrees,Train,-0.4416951356407078,-0.4411339862828886
ExtraTrees,Train,0.2166847237269759,0.21661347306959938
ExtraTrees,Train,-1.397940008672037,-1.3982790578422999
ExtraTrees,Train,-0.8340240248307097,-0.8364906726044163
ExtraTrees,Train,0.9711055276381912,0.9213617624903587
ExtraTrees,Train,0.06037703633173826,0.2467533067945703
ExtraTrees,Train,0.7239819004524883,0.719288856068152
ExtraTrees,Train,-0.9827586206896575,-0.984472181757619
ExtraTrees,Train,0.1639004149377578,0.09754951096630318
ExtraTrees,Train,0.6283889300503115,0.47556438362691383
ExtraTrees,Train,0.07879884639939841,0.0790903463823336
ExtraTrees,Train,1.146941207143456,1.144384019208972
ExtraTrees,Train,0.3074960379132129,0.47556438362691383
ExtraTrees,Train,0.7189234367587567,0.7188286565861934
ExtraTrees,Train,0.3801976569746794,0.3473644286913031
ExtraTrees,Train,-0.3061000384340861,-0.30294821994945903
ExtraTrees,Train,-1.221064605101569,-1.223102874242002
ExtraTrees,Train,0.8426092396105621,0.846647292317019
ExtraTrees,Train,0.4638929889859073,0.46512965570769926
ExtraTrees,Train,-0.05698339270242879,-0.05868331893366763
ExtraTrees,Train,-0.7458094490628238,-0.7454597166395682
ExtraTrees,Train,0.5383765017273076,0.5346146539659616
ExtraTrees,Train,0.3304137733491909,0.3618093922508101
ExtraTrees,Train,1.382743362831857,1.3248725864504856
ExtraTrees,Train,0.6373245098685487,0.6536579627025679
ExtraTrees,Train,0.3318965517241376,0.33084218544709343
ExtraTrees,Train,-1.300144134463074,-1.2930559879377548
ExtraTrees,Train,0.000184675759379702,-0.009186242648607509
ExtraTrees,Train,-0.2365720064370627,-0.2364608277950506
ExtraTrees,Train,0.6532125137753437,0.6460584690193194
ExtraTrees,Train,0.3029055729718366,0.30334159528877536
ExtraTrees,Train,-0.2218487496163564,0.04633389915880049
ExtraTrees,Train,0.9495487209058864,0.9478577650938993
ExtraTrees,Train,0.2600216684723708,0.2577412351113199
ExtraTrees,Train,-0.01635820640686767,0.41386750122444693
ExtraTrees,Train,-0.2881198278471295,-0.3028338321297057
ExtraTrees,Train,0.8142475957319202,0.765010666619917
ExtraTrees,Train,1.050866019970613,1.0422469485826866
ExtraTrees,Train,0.5118833609788743,0.7345224051889897
ExtraTrees,Train,-0.3720391624218937,-0.3720620238737598
ExtraTrees,Train,0.5265032835812309,0.4968450986360087
ExtraTrees,Train,-0.0767550702028087,-0.09333243345230137
ExtraTrees,Train,0.6211762817750351,0.6191233388807804
ExtraTrees,Train,-2.777665566310111,-2.774591831505857
ExtraTrees,Train,0.3502480183341629,0.3267511122335614
ExtraTrees,Train,0.9365132613368845,0.7127464379423275
ExtraTrees,Train,0.5049560752439612,0.5058611617346981
ExtraTrees,Train,-0.5742492738010503,-0.5701994059290557
ExtraTrees,Train,0.07980012213427638,0.09302643353230666
ExtraTrees,Train,-1.629310344827578,-1.627474155464873
ExtraTrees,Train,0.1888069379391503,0.18635583239653805
ExtraTrees,Train,0.6365584913426995,0.63340385323965
ExtraTrees,Train,0.04550379198266516,0.045112211731929454
ExtraTrees,Train,-1.972093023255811,-1.9698392416483947
ExtraTrees,Train,-1.278559880703671,-1.260713514003025
ExtraTrees,Train,0.6421052631578948,0.640010112562922
ExtraTrees,Train,-2.522878745280337,-2.5126095761383467
ExtraTrees,Train,-0.3113613671456985,-0.31213919173184673
ExtraTrees,Train,-0.129219291822582,-0.10359083779320767
ExtraTrees,Train,-1.516444298028881,-1.5122893594039968
ExtraTrees,Train,-0.9651162790697718,-0.960705415698333
ExtraTrees,Train,-0.1135092748275181,-0.08183328754496504
ExtraTrees,Train,0.3549473425726017,0.37394451986976124
ExtraTrees,Train,0.8636528625639327,0.8633258982696873
ExtraTrees,Train,-0.9145720716388055,-0.9133680723909091
ExtraTrees,Train,-0.8086184995011162,-0.8085949394667639
ExtraTrees,Train,-1.351639989019068,-1.3523456805134446
ExtraTrees,Train,0.4065401804339551,0.40754701999259163
ExtraTrees,Train,0.2647773159802437,0.24673290985517143
ExtraTrees,Train,0.7194451609763224,0.7148667429175104
ExtraTrees,Train,0.7114680014156944,0.7068660627090567
ExtraTrees,Train,0.08563466276372743,0.09088097056360896
ExtraTrees,Train,-0.985231158620319,-0.9933413689267842
ExtraTrees,Train,0.3747483460101039,0.3267511122335614
ExtraTrees,Train,-0.08471373464762134,-0.08230828877307812
ExtraTrees,Train,0.3222192947339193,0.3225013173255337
ExtraTrees,Train,-1.785155875122728,-1.7579844152963067
ExtraTrees,Train,0.1208778733641796,0.1242195491971729
ExtraTrees,Train,0.290034611362518,0.3267511122335614
ExtraTrees,Train,-0.2372093023255822,-0.168099978198896
ExtraTrees,Train,-1.568636235841013,-1.5615020012355518
ExtraTrees,Train,0.5250677226597732,0.5202111920828704
ExtraTrees,Train,1.305958561063182,1.251649658711256
ExtraTrees,Train,-0.1321607680099658,-0.11956611561488174
ExtraTrees,Train,-0.3841226480657678,-0.32881544287686315
ExtraTrees,Train,-2.144640275261264,-2.143422248989863
ExtraTrees,Train,-0.168693863576964,-0.16916557519876943
ExtraTrees,Train,0.3926969532596657,0.3618093922508101
ExtraTrees,Train,0.082934622503059,0.23408717862462775
ExtraTrees,Train,-0.3954987090480164,-0.3882334463727842
ExtraTrees,Train,-2.698970004336019,-2.698970004335991
ExtraTrees,Train,0.7386467155148417,0.7306269891949351
ExtraTrees,Train,0.5344053974388362,0.5340431744268281
ExtraTrees,Train,1.133825549864817,1.1338255498648113
ExtraTrees,Train,-0.9827586206896575,-0.984472181757619
ExtraTrees,Train,0.4070585517469932,0.4387332953263481
ExtraTrees,Train,-0.3188767550702024,-0.09333243345230137
ExtraTrees,Train,0.03204710545330516,0.031993457401228186
ExtraTrees,Train,0.4313637641589874,0.431906068865826
ExtraTrees,Train,0.1206896551724121,0.12060342049552247
ExtraTrees,Train,-1.014876033057834,-1.015045417008588
ExtraTrees,Train,1.02530586526477,0.9153711831393047
ExtraTrees,Train,0.4603305929511411,0.4786768167360842
ExtraTrees,Train,-0.7884826218653814,-0.788630251034823
ExtraTrees,Train,0.6387979239767979,0.6074834492069736
ExtraTrees,Train,0.1967213902982204,0.1987369116751977
ExtraTrees,Train,-1.572614107883811,-1.5714547389133802
ExtraTrees,Train,-0.225488800760079,-0.24140348513204507
ExtraTrees,Train,-0.528820300569675,-0.5293763231016605
ExtraTrees,Train,-0.02672178766989199,-0.027184155296295965
ExtraTrees,Train,0.3029055729718366,0.30334159528877536
ExtraTrees,Train,-2.323341080224196,-2.320419028479236
ExtraTrees,Train,0.2485127322208998,0.2492642894524017
ExtraTrees,Train,0.06666840180628056,0.04633389915880049
ExtraTrees,Train,0.08040478333155002,0.0859477302221023
ExtraTrees,Train,0.449180152337384,0.4530567037970031
ExtraTrees,Train,0.5387931034482746,0.5328989223942784
ExtraTrees,Train,0.8234019501625136,0.816909646543651
ExtraTrees,Train,-0.05787918913275993,-0.04482918164788212
ExtraTrees,Train,0.9436090225563907,0.8907754622322072
ExtraTrees,Train,-0.3154362416107405,-0.3111568425254324
ExtraTrees,Train,0.06392869562034259,0.06331932206234643
ExtraTrees,Train,0.7375901662857216,0.7360049343253212
ExtraTrees,Train,0.6052964725395565,0.615763943366446
ExtraTrees,Train,0.4349897524434111,0.4230473366110105
ExtraTrees,Train,0.6988119920145542,0.6996428686572911
ExtraTrees,Train,-0.03621217265444471,-0.08183328754496504
ExtraTrees,Train,0.6532125137753437,0.6443336913139822
ExtraTrees,Train,-2.090225563909775,-2.0366459755242667
ExtraTrees,Train,1.001698847035765,0.9330383550518923
ExtraTrees,Train,-0.162941534687887,-0.1597793854362117
ExtraTrees,Train,-0.3113613671456985,-0.31213919173184673
ExtraTrees,Train,0.6106601630898799,0.6191233388807804
ExtraTrees,Train,-0.3189655172413801,-0.31948657167700395
ExtraTrees,Train,0.6211762817750351,0.6191233388807804
ExtraTrees,Train,1.133825549864817,1.1338255498648113
ExtraTrees,Train,-1.290730039024169,-1.289145837111925
ExtraTrees,Train,-0.3665158371040725,-0.3186990396447084
ExtraTrees,Train,0.8122446968003693,0.7345224051889897
ExtraTrees,Train,0.729439713313603,0.723228788613326
ExtraTrees,Train,-2.270100502512563,-2.2733759431587615
ExtraTrees,Train,0.8061799739838872,0.8061799739838822
ExtraTrees,Train,-1.364902075136013,-1.3431280623548245
ExtraTrees,Train,0.3997834418988355,0.4027278999491916
ExtraTrees,Train,1.344392273685111,1.2365565014260134
ExtraTrees,Train,0.7795964912578245,0.7789437939992081
ExtraTrees,Train,0.7160033436347992,0.6719387698244627
ExtraTrees,Train,-0.3279021420642826,-0.33952360870417886
ExtraTrees,Train,0.7744360902255635,0.7809921209284704
ExtraTrees,Train,0.4432770075955701,0.3860353425222346
ExtraTrees,Train,-0.00877392430750515,-0.009747387519155963
ExtraTrees,Train,-0.3154362416107405,-0.3111568425254324
ExtraTrees,Train,-0.02672178766989199,-0.027184155296295965
ExtraTrees,Train,0.6306396086247502,0.6301970779503222
ExtraTrees,Train,0.9572567783094088,0.958575754525336
ExtraTrees,Train,0.07358456455093211,0.07513475536930214
ExtraTrees,Train,0.5279857113140554,0.5194363015563951
ExtraTrees,Train,0.8248316567500222,0.5570531492689783
ExtraTrees,Train,0.6724323295111406,0.6728184338914407
ExtraTrees,Train,0.146128035678238,0.17488907383892757
ExtraTrees,Train,0.06392869562034259,0.06331932206234643
ExtraTrees,Train,-0.2383566602316601,-0.23740442843529147
ExtraTrees,Train,0.6149590534401633,0.615570170535665
ExtraTrees,Train,0.3463529744506387,0.48476553775410164
ExtraTrees,Train,0.0243369734789374,-0.09333243345230137
ExtraTrees,Train,-0.7152802629955829,-0.715588600966347
ExtraTrees,Train,0.9425041061680807,0.9434337158915834
ExtraTrees,Train,0.4471580313422192,0.47748662363108985
ExtraTrees,Train,0.210118641008524,0.5570531492689783
ExtraTrees,Train,-2.323341080224196,-2.320419028479236
ExtraTrees,Train,-1.199748743718593,-1.2021026323803743
ExtraTrees,Train,-1.441695135640719,-1.4444080228135738
ExtraTrees,Train,1.093599819380088,1.1065480926316904
ExtraTrees,Train,0.9091346748392991,0.9085108827138819
ExtraTrees,Train,0.6754239863370415,0.6589114829657007
ExtraTrees,Train,-0.9126967386229311,-0.9113181064314981
ExtraTrees,Train,0.4070585517469932,0.4130489266542007
ExtraTrees,Train,0.5014171282441098,0.5084655262032044
ExtraTrees,Train,0.6720978579357175,0.6562276773889552
ExtraTrees,Train,0.8577031944274324,0.8495265473735834
ExtraTrees,Train,0.7107438016529042,0.7073918634788469
ExtraTrees,Train,0.8723520098382468,0.9153711831393047
ExtraTrees,Train,0.5734581149493531,0.5850746042802951
ExtraTrees,Train,0.7971694225490045,0.7894639738446952
ExtraTrees,Train,-1.221064605101569,-1.223102874242002
ExtraTrees,Train,0.2600713879850748,0.28624682968649545
ExtraTrees,Train,0.7302275189599128,0.7302043027395088
ExtraTrees,Train,0.6373245098685487,0.6536579627025679
ExtraTrees,Train,1.394451680826216,1.2365565014260134
ExtraTrees,Train,0.9163342758539162,0.9471191948708322
ExtraTrees,Train,0.02214307063863684,-0.003551718994711842
ExtraTrees,Train,0.5496719218682735,0.5384671990997218
ExtraTrees,Train,-0.7933871979013215,-0.7919625328588886
ExtraTrees,Train,-0.07051482059282402,-0.0332335997837399
ExtraTrees,Train,-1.517084431448743,-1.5154773446888743
ExtraTrees,Train,0.2477360902479951,0.25178351439886515
ExtraTrees,Train,1.031407035175877,0.9715766834526185
ExtraTrees,Train,-1.863570317441311,-1.8613818068660903
ExtraTrees,Train,1.080536912751675,1.0900891964861943
ExtraTrees,Train,0.3534526924483971,0.3556861987794847
ExtraTrees,Train,-1.112831858407081,-1.1535749746375108
ExtraTrees,Train,0.249877473216598,0.3445901649590068
ExtraTrees,Train,-0.1763846362985451,-0.1758579165529341
ExtraTrees,Train,0.4653828514484183,0.46444206584688597
ExtraTrees,Train,0.3971129200300176,0.40853856848113407
ExtraTrees,Train,0.648364110491845,0.6191233388807804
ExtraTrees,Train,1.174641192660449,1.1743501317129037
ExtraTrees,Train,0.5587284924162972,0.5470447423553602
ExtraTrees,Train,-0.2770149382233361,-0.27811928403756153
ExtraTrees,Train,0.1789541471922132,0.1789650660570645
ExtraTrees,Train,-0.8196731304698925,-0.8244463384080093
ExtraTrees,Train,-0.6073030467403343,-0.6079408795799668
ExtraTrees,Train,1.142241379310341,1.142241379310347
ExtraTrees,Train,-1.214824120603015,-1.114812524876991
ExtraTrees,Test,0.3324384599156053,0.5304902460468875
ExtraTrees,Test,3.164179103238849,1.2029266777974021
ExtraTrees,Test,0.5014171282441098,0.5084655262032045
ExtraTrees,Test,-0.3061000384340861,-0.3029482199494591
ExtraTrees,Test,0.5209109372834104,0.5047738239498655
ExtraTrees,Test,0.2184674937789584,0.2848097918339979
ExtraTrees,Test,-0.6189591078066927,-0.682121370796662
ExtraTrees,Test,-0.08633414873527591,-0.08675632027674483
ExtraTrees,Test,1.094342640722355,1.0887929558500917
ExtraTrees,Test,0.9931205342354806,0.6990004899376581
ExtraTrees,Test,-0.8313241449568525,-0.8413487310343836
ExtraTrees,Test,-0.5408689174769996,-0.551172439972629
ExtraTrees,Test,0.0649854939798157,-0.07076389642761115
ExtraTrees,Test,-0.9633176592446268,-0.8285069383176715
ExtraTrees,Test,-0.8239087409443188,-1.0900988275342836
ExtraTrees,Test,-0.2992233682875201,-0.9537890495091175
ExtraTrees,Test,0.4271453189369645,0.5048097418152759
ExtraTrees,Test,0.4415191304571257,0.4414478229816728
ExtraTrees,Test,0.8292314636701624,0.650448983512841
ExtraTrees,Test,0.290034611362518,0.3267511122335614
ExtraTrees,Test,-0.6595299383442075,-0.9543277925608098
ExtraTrees,Test,1.283198266190026,1.2831982661900025
ExtraTrees,Test,0.4275633669545613,0.4523333156070256
ExtraTrees,Test,-1.071860922666721,-1.112367852473991
ExtraTrees,Test,0.07018822533816348,0.0036050399425491004
ExtraTrees,Test,-0.03068512285530053,0.2593685359479386
ExtraTrees,Test,0.3344537511509309,0.3267511122335614
ExtraTrees,Test,0.04614998447069624,0.04731132419026859
ExtraTrees,Test,-0.2924298239020636,-0.08183328754496502
ExtraTrees,Test,0.414973347970818,0.41432443904426425
ExtraTrees,Test,0.6548599518166115,0.6230399141534103
ExtraTrees,Test,0.761745810919945,0.7318580270297785
ExtraTrees,Test,0.6315789473684207,0.023285949925190758
ExtraTrees,Test,1.01169221234297,1.0703974998088928
ExtraTrees,Test,-1.452991452991453,-1.4659142680072046
ExtraTrees,Test,-0.7611389642143674,-0.9008080117252947
ExtraTrees,Test,0.1145400335558539,0.3704764127372669
ExtraTrees,Test,1.253437245309724,1.2534372453097022
ExtraTrees,Test,-0.5938066216438812,-0.5926758841626082
ExtraTrees,Test,-1.719591275179851,-1.4917776394129347
ExtraTrees,Test,0.3031960574204888,0.3267511122335614
ExtraTrees,Test,-0.1767241379310328,-0.17409272834314746
ExtraTrees,Test,-3.084170854271357,-1.641446787431821
ExtraTrees,Test,0.5881912753291252,0.5792958292970865
ExtraTrees,Test,0.8292314636701619,0.6196186059770997
ExtraTrees,Test,0.568201724066995,0.5640496999055545
ExtraTrees,Test,0.3119932648840557,0.24251837442499496
ExtraTrees,Test,0.3426900584795311,0.25084462261575796
ExtraTrees,Test,-1.05000038465533,-1.0553647295092785
ExtraTrees,Test,0.6242820958356683,0.6191233388807804
ExtraTrees,Test,-0.3841226480657678,-0.3288154428768631
ExtraTrees,Test,-0.7628438624246476,-0.7697212731082074
ExtraTrees,Test,-1.517084431448743,-1.5154773446888743
ExtraTrees,Test,0.7294593264839196,0.548108793088238
ExtraTrees,Test,0.8965262174895553,0.7345224051889897
ExtraTrees,Test,-1.448275862068967,-1.4478870479301709
ExtraTrees,Test,0.6052964725395565,0.6227423312683366
ExtraTrees,Test,0.6020599913279624,0.3696507295968088
ExtraTrees,Test,-0.3841226480657678,-0.3288154428768631
ExtraTrees,Test,0.4248088801709484,0.8675505403608313
ExtraTrees,Test,-0.01106194690265572,-0.004845073227105047
ExtraTrees,Test,0.7618945674400744,0.7528442366648577
ExtraTrees,Test,0.03779758291381349,0.5442041893176285
ExtraTrees,Test,-0.07719576496805934,0.23320376589651265
ExtraTrees,Test,-1.105822721176797,-1.0550856372682007
ExtraTrees,Test,-0.2500000000000024,-0.25000000000000056
ExtraTrees,Test,-0.3824561403508766,-0.7041557974040117
ExtraTrees,Test,2.086283185840707,1.2265928642486208
ExtraTrees,Test,0.3982725127375335,0.348765988897773
ExtraTrees,Test,0.5587085705331657,0.48476553775410164
ExtraTrees,Test,0.3596766725050837,0.3629851029472507
ExtraTrees,Test,0.3010299956639812,0.28987717607408425
ExtraTrees,Test,-0.163262387944784,-0.22564134234116154
ExtraTrees,Test,-0.1364894692937454,-0.09003249200207528
ExtraTrees,Test,0.4754464211067237,0.5481565264882006
ExtraTrees,Test,-0.1364894692937454,-0.09003249200207528
ExtraTrees,Test,0.5185139398778874,0.4075182421184638
ExtraTrees,Test,0.5433383280405261,0.41900882310567017
ExtraTrees,Test,0.05803546917037159,0.02461699911790569
ExtraTrees,Test,-0.744727494896694,-0.5160458036954769
ExtraTrees,Test,-0.5631007681788924,-0.6068004415122271
ExtraTrees,Test,1.133825549864817,1.1338255498648113
ExtraTrees,Test,0.4776604850213967,0.4793509983290683
ExtraTrees,Test,-0.09691001300805639,0.04633389915880049
ExtraTrees,Test,1.50559284116331,1.5031705522409844
ExtraTrees,Test,1.076276352144377,1.0677128008360766
ExtraTrees,Test,0.436162647040756,0.33023356063377185
ExtraTrees,Test,-0.1986570869544228,-0.19367699628068638
ExtraTrees,Test,0.3463529744506387,0.3267511122335614
ExtraTrees,Test,-0.02059282371294896,0.10637252944345052
ExtraTrees,Test,0.583638190231899,0.34569121430793714
ExtraTrees,Test,0.5484338463910386,0.561088354342886
ExtraTrees,Test,0.7971694225490045,0.7894639738446951
ExtraTrees,Test,-0.9285714285714313,-0.9100288066300085
ExtraTrees,Test,-1.599246231155778,-1.7180649659636202
ExtraTrees,Test,0.6354837468149122,0.633121503771005
ExtraTrees,Test,0.7932016100908708,0.7785779989441542
ExtraTrees,Test,0.5670263661590603,0.5663678061737405
ExtraTrees,Test,0.4393326938302626,0.06652781399534187
ExtraTrees,Test,0.4158977539238713,0.7068660627090567
ExtraTrees,Test,-0.4090614296906621,-0.6273086381645856
ExtraTrees,Test,0.5014171282441111,0.7954504323222233
ExtraTrees,Test,-0.5144205230153214,-1.2792332224038294
ExtraTrees,Test,-0.001233048413828201,0.040288868662604574
ExtraTrees,Test,1.107438016528938,0.6169906783574557
ExtraTrees,Test,0.6211762817750351,0.6191233388807804
ExtraTrees,Test,0.1003705451175629,-0.08183328754496502
ExtraTrees,Test,-0.5829875518672214,-0.4714551786415751
ExtraTrees,Test,0.05690485133647256,0.05242121215566387
ExtraTrees,Test,0.2182287808022119,0.21504331507743968
ExtraTrees,Test,-1.97095435684647,-1.968728866446508
ExtraTrees,Test,0.6621085853152393,0.6603225630626167
ExtraTrees,Test,-0.624161073825504,-0.8660795009075014
ExtraTrees,Test,1.094342640722355,1.0887929558500917
ExtraTrees,Test,-1.337242168318426,-1.5424728099464742
ExtraTrees,Test,-0.4168875174404437,-0.42768190318971344
ExtraTrees,Test,0.3521825181113625,0.3441567755536437
ExtraTrees,Test,-0.7907934207082596,-0.7906555702431352
ExtraTrees,Test,0.6031443726201823,0.6191233388807804
ExtraTrees,Test,-2.300251256281407,-1.5895117322885601
ExtraTrees,Test,0.6096866096866093,-0.4276034711963504
ExtraTrees,Test,0.3222192947339193,0.04633389915880049
ExtraTrees,Test,1.103190095954383,0.7306143457714214
ExtraTrees,Test,-0.2881198278471295,-0.3028338321297057
ExtraTrees,Test,0.4703209205104826,0.39427620701215776
ExtraTrees,Test,0.5796458917139012,0.5618544098021122
ExtraTrees,Test,0.5443965170527658,0.5296340545104149
ExtraTrees,Test,1.027249205777354,1.0109658519183298
ExtraTrees,Test,0.06037703633173449,0.0623806429753094
ExtraTrees,Test,0.6107382550335557,0.6108095250553844
ExtraTrees,Test,0.3778487999011506,0.3822135626807097
ExtraTrees,Test,0.5380082475606797,0.39904612508121157
ExtraTrees,Test,-0.6989700043360187,-0.6736470888140788
ExtraTrees,Test,0.6197183098591552,0.6936235960780779
ExtraTrees,Test,-1.196026900731575,-1.1870418860840999
ExtraTrees,Test,-0.624161073825504,-0.8660795009075014
ExtraTrees,Test,0.9163342758539162,0.9471191948708322
ExtraTrees,Test,0.0992694619521627,-0.03315803891496897
ExtraTrees,Test,0.2550304776875136,0.2617676180707687
ExtraTrees,Test,0.7023705927993015,1.144384019208972
ExtraTrees,Test,0.07018822533816348,0.0036050399425491004
ExtraTrees,Test,0.3480198017392754,0.30334159528877536
ExtraTrees,Test,-2.301029995663981,-2.0164118952320904
ExtraTrees,Test,1.39496674100774,0.6753407968977335
ExtraTrees,Test,1.142241379310341,1.142241379310347
ExtraTrees,Test,-0.4101744650890502,-0.15255972592224779
ExtraTrees,Test,0.5805468137587243,0.5564877220614398
ExtraTrees,Test,0.359835482339888,0.3618093922508101
ExtraTrees,Test,1.070422535211266,1.0717232763820366
ExtraTrees,Test,-1.407996505383249,-1.409136380182166
ExtraTrees,Test,0.9296083526018456,1.0703974998088928
ExtraTrees,Test,0.6434526764861874,0.6339681297087618
ExtraTrees,Test,1.142241379310341,1.142241379310347
ExtraTrees,Test,-1.535796071516882,-1.5268671563961607
ExtraTrees,Test,0.724275869600789,0.398170465173864
ExtraTrees,Test,-0.5742492738010503,-0.5701994059290557
ExtraTrees,Test,-1.105822721176797,-1.0764955353435488
ExtraTrees,Test,0.6532125137753437,0.547396098875155
ExtraTrees,Test,0.5775344108563207,0.6016415238289987
ExtraTrees,Test,0.8389261744966443,0.8382830830348692
ExtraTrees,Test,1.050866019970613,1.0422469485826866
ExtraTrees,Test,-2.221848749616356,-2.4402761950727383
ExtraTrees,Test,-0.326729107509616,-0.17550653433542512
ExtraTrees,Test,0.5763413502057929,0.6191233388807804
ExtraTrees,Test,0.4913616938342727,0.45968090176017185
ExtraTrees,Test,-0.4266006465360775,-0.3638794170603323
ExtraTrees,Test,0.7717853376544959,0.18890740188106975
ExtraTrees,Test,0.9049868953301389,0.8019112313241042
ExtraTrees,Test,0.3586960995738104,0.42325756741783616
ExtraTrees,Test,0.000184675759379702,-0.009186242648607509
ExtraTrees,Test,0.9041684928630465,0.8941341110265792
ExtraTrees,Test,0.7957746478873244,1.023882131285215
ExtraTrees,Test,0.249877473216598,0.07667450989075711
ExtraTrees,Test,0.2003166498975227,0.5570372625633233
ExtraTrees,Test,-0.09151498112135022,-0.16121226690409873
ExtraTrees,Test,-0.6344221105527648,-0.6177810223658168
ExtraTrees,Test,0.6532125137753437,0.6473062492071554
ExtraTrees,Test,0.7784019021736095,0.043476611616673606
ExtraTrees,Test,0.3344537511509309,0.3267511122335614
ExtraTrees,Test,-0.3967891925154016,-0.7064056585146329
ExtraTrees,Test,0.8970760233918128,0.8109222291541339
ExtraTrees,Test,-0.2399638415280812,-0.16752862686263967
ExtraTrees,Test,-1.39907759602161,-1.5410838841447139
ExtraTrees,Test,0.5546959574620433,0.5317244850609599
ExtraTrees,Test,0.03061224489796073,-0.24962156220395842
ExtraTrees,Test,0.3344537511509309,0.3267511122335614
ExtraTrees,Test,-0.5685840707964614,-0.9428386703855207
ExtraTrees,Test,0.0380313199105153,0.020824962549544024
ExtraTrees,Test,0.5185139398778874,0.5342015990796382
ExtraTrees,Test,-0.1053444761515942,-0.4581781970369366
ExtraTrees,Test,-0.275724130399211,-1.0900988275342836
ExtraTrees,Test,1.133538908370217,1.2365565014260134
ExtraTrees,Test,-1.613074447739991,-1.6978741553349705
ExtraTrees,Test,0.568201724066995,0.28987717607408425
ExtraTrees,Test,0.5368701749797076,0.43273109469917015
ExtraTrees,Test,-0.9145720716388055,-0.9133680723909091
ExtraTrees,Test,0.7150879065106778,0.719288856068152
ExtraTrees,Test,-1.972093023255811,-1.9698392416483947
ExtraTrees,Test,-0.4165682858734546,-0.3685349572247862
ExtraTrees,Test,-0.2857142857142859,-0.43027191190642733
ExtraTrees,Test,0.000184675759379702,-0.009186242648607509
ExtraTrees,Test,-0.8232758620689672,-0.8217871809198593
ExtraTrees,Test,0.1641903726520483,0.17999183841359084
ExtraTrees,Test,0.5551647741760672,0.45331378663723315
ExtraTrees,Test,-1.20966708761141,-1.2163333221924988
ExtraTrees,Test,0.0649854939798157,-0.07076389642761115
ExtraTrees,Test,0.5250677226597745,0.47887237963115603
ExtraTrees,Test,0.07918124604762482,0.08096176370694787
ExtraTrees,Test,-0.428990367220233,-0.4759504376411679
ExtraTrees,Test,1.012034255098913,1.0068474095567002
ExtraTrees,Test,0.7923916894982539,0.7908797069152946
ExtraTrees,Test,0.8441444706166565,0.7928756746182479
ExtraTrees,Test,-0.03068512285530053,-0.028357149524752694
ExtraTrees,Test,-0.1308971686110271,0.1837322705855858
ExtraTrees,Test,0.422413793103446,0.4224137931034492
ExtraTrees,Test,-1.117647058823529,-1.0353253545789383
ExtraTrees,Test,0.6850556999575159,0.7070618571272884
ExtraTrees,Test,0.7114680014156944,0.7068660627090567
ExtraTrees,Test,0.7189234367587567,0.7188286565861934
ExtraTrees,Test,0.07554696139253074,0.0308851972591389
ExtraTrees,Test,-0.5829875518672214,-0.4714551786415751
ExtraTrees,Test,-0.1962946451439691,-0.1106501196098263
ExtraTrees,Test,0.4691793022254807,0.4304851873059598
ExtraTrees,Test,0.9259716473223176,0.587037012835313
ExtraTrees,Test,0.1760912590556812,0.11582035576341418
ExtraTrees,Test,-0.03205202065153314,0.030444329030980946
ExtraTrees,Test,-0.01916049952100591,0.019315446861137037
ExtraTrees,Test,-0.03205202065153314,0.030444329030980946
ExtraTrees,Test,0.6231704616375756,0.6224637505670977
ExtraTrees,Test,0.5185139398778874,0.5313655662335289
ExtraTrees,Test,-0.1087719298245615,0.13082565679766445
ExtraTrees,Test,0.6071342742642603,0.8890732871786976
ExtraTrees,Test,0.403033586132178,0.12935466232173728
ExtraTrees,Test,1.200118221872587,0.5570531492689783
ExtraTrees,Test,0.4559035956430633,0.47748662363108996
ExtraTrees,Test,0.2533637564272291,0.28532805036660913
ExtraTrees,Test,0.2845428661815921,0.3941242650628842
ExtraTrees,Test,0.284243604897899,0.1956214292552189
ExtraTrees,Test,0.1485380116959049,0.35646926205756213
ExtraTrees,Test,-0.9021734110319146,-0.8788028235411671
ExtraTrees,Test,0.3726162606770048,0.27877796817591005
ExtraTrees,Test,-0.5686362358410126,-1.0900988275342836
ExtraTrees,Test,0.2304489213782739,0.36013088284861805
ExtraTrees,Test,1.266940635346726,1.2669406353467159
ExtraTrees,Test,-0.1425476623911539,0.33236481796630923
ExtraTrees,Test,0.8197624407474513,0.819377439934048
ExtraTrees,Test,0.7505083948513462,0.7345224051889897
ExtraTrees,Test,1.266940635346726,1.2669406353467159
ExtraTrees,Test,0.5391498881431767,0.5456671966760748
ExtraTrees,Test,0.6627578316815741,0.6586569478199666
ExtraTrees,Test,0.4456042032735976,0.4888728541311041
ExtraTrees,Test,-2.323341080224196,-2.2930854606439293
ExtraTrees,Test,-0.6666723925349947,-0.7830778603319313
ExtraTrees,Test,0.8441444706166565,0.7928756746182479
ExtraTrees,Test,0.6803355134145632,0.48476553775410164
ExtraTrees,Test,0.6157487820036969,1.0887929558500917
ExtraTrees,Test,0.5563025007672873,0.6788147989493247
ExtraTrees,Test,1.653277152283784,1.4427646822884053
ExtraTrees,Test,0.5797835966168101,0.5950327716281905
ExtraTrees,Test,0.648364110491845,0.6191233388807804
ExtraTrees,Test,0.8897968700686152,0.7790235038334355
ExtraTrees,Test,-2.634968218916374,-2.623751711110304
ExtraTrees,Test,-0.1308971686110271,0.1837322705855858
ExtraTrees,Test,0.3502480183341629,0.3267511122335614
ExtraTrees,Test,-0.1568423903044668,0.21656550146451078
ExtraTrees,Test,0.4232458739368078,0.42494754763610126
ExtraTrees,Test,0.3502480183341629,0.3267511122335614
ExtraTrees,Test,0.8122446968003693,0.7345224051889897
ExtraTrees,Test,0.9270401707559837,0.8841391414721121
GradientBoosting,Train,0.4683473304121573,0.48293538473461844
GradientBoosting,Train,0.146128035678238,0.25431000739987153
GradientBoosting,Train,0.3617278360175928,0.34756994364989197
GradientBoosting,Train,0.05690485133647256,0.0495341668383173
GradientBoosting,Train,0.3483048630481607,0.35163002144533584
GradientBoosting,Train,0.01703333929878037,-0.00028344006296543314
GradientBoosting,Train,0.3463529744506387,0.3320453885623346
GradientBoosting,Train,-0.492397660818713,-0.49548186476188355
GradientBoosting,Train,-0.3135371308479524,-0.283574380137475
GradientBoosting,Train,1.002759171414269,1.073812027899503
GradientBoosting,Train,-0.9021734110319146,-0.9681638550510278
GradientBoosting,Train,-0.9653698872018781,-0.9633077777040064
GradientBoosting,Train,-0.07265302803383195,-0.065260896619522
GradientBoosting,Train,-0.05698339270242879,-0.056204359721240015
GradientBoosting,Train,-0.4930892744484819,-0.4801478702698503
GradientBoosting,Train,-2.000011146780801,-1.9798053927916446
GradientBoosting,Train,0.3014609394254348,0.30554720738945507
GradientBoosting,Train,-0.220163883572486,-0.23009406255391593
GradientBoosting,Train,-0.4135338345864666,-0.4205559411158871
GradientBoosting,Train,-0.01503759398496262,0.015404294677822155
GradientBoosting,Train,-0.7827067862373733,-0.7914545820189453
GradientBoosting,Train,0.2889866653481595,0.3336127648181843
GradientBoosting,Train,-0.1568423903044674,-0.14221649053811
GradientBoosting,Train,0.07918124604762482,0.10219586355510328
GradientBoosting,Train,0.009925308530127852,0.037946379967571754
GradientBoosting,Train,0.6244897959183671,0.6113576086453257
GradientBoosting,Train,1.04442036836403,1.0506491104071132
GradientBoosting,Train,-0.1611509092627447,-0.1677478263617245
GradientBoosting,Train,0.9365132613368841,0.8950086116188102
GradientBoosting,Train,0.3283796034387377,0.3320453885623346
GradientBoosting,Train,0.729439713313603,0.7177528253152508
GradientBoosting,Train,0.5484338463910386,0.5827516623627307
GradientBoosting,Train,0.6387979239767979,0.655680632536879
GradientBoosting,Train,0.8274660015984828,0.38755845527289173
GradientBoosting,Train,0.3029055729718366,0.2970236084581853
GradientBoosting,Train,0.4415191304571257,0.4162934276455862
GradientBoosting,Train,0.07980012213427638,0.09670595776978973
GradientBoosting,Train,-1.567441860465111,-1.5456417513553953
GradientBoosting,Train,0.3283796034387377,0.3320453885623346
GradientBoosting,Train,0.8197624407474513,0.8096901925485726
GradientBoosting,Train,0.04561403508771715,0.07340030445820332
GradientBoosting,Train,0.6211762817750351,0.6203475967134108
GradientBoosting,Train,0.8805963907349271,0.860533421329004
GradientBoosting,Train,0.18155415475718,0.19424529245332642
GradientBoosting,Train,0.5439699507256512,0.5614124883474894
GradientBoosting,Train,-0.02664840017615605,-0.0008121501642656799
GradientBoosting,Train,-0.9510050251256278,-0.989157819869373
GradientBoosting,Train,0.6380090497737567,0.6403595043192968
GradientBoosting,Train,0.7096881214587651,0.7242377164407598
GradientBoosting,Train,0.9931205342354806,0.8394002477970707
GradientBoosting,Train,0.4070585517469932,0.3741122402207748
GradientBoosting,Train,0.8965262174895553,0.7356064952371164
GradientBoosting,Train,0.4456042032735976,0.47431619806751074
GradientBoosting,Train,-0.1568423903044674,-0.14221649053811
GradientBoosting,Train,0.2627398291759235,0.287292313369985
GradientBoosting,Train,-1.319015722105611,-1.3194173324932135
GradientBoosting,Train,1.266940635346726,1.2874708084402424
GradientBoosting,Train,-0.3646786304543028,-0.37573489787985004
GradientBoosting,Train,0.3283796034387377,0.3320453885623346
GradientBoosting,Train,0.9386591389737827,0.9295623248903429
GradientBoosting,Train,0.07554696139253074,0.03843120042377361
GradientBoosting,Train,0.7075701760979364,0.6857357293244427
GradientBoosting,Train,0.981279216850904,0.9813133451910228
GradientBoosting,Train,0.2183393686410296,0.21816517191048376
GradientBoosting,Train,0.3747483460101039,0.3320453885623346
GradientBoosting,Train,1.205965557619709,1.2104942745586857
GradientBoosting,Train,0.6242823997773247,0.6288048842033716
GradientBoosting,Train,-1.448275862068967,-1.4729756825340456
GradientBoosting,Train,-0.1767241379310328,-0.14144449224275843
GradientBoosting,Train,0.8949079089924165,0.9227247363938338
GradientBoosting,Train,0.02005766926485197,0.08053919259882107
GradientBoosting,Train,0.0594209901149536,0.044534221890728226
GradientBoosting,Train,1.01703333929878,1.0224597737699292
GradientBoosting,Train,-0.4416951356407078,-0.4461906401411108
GradientBoosting,Train,-0.2041199826559248,-0.20435411490250352
GradientBoosting,Train,0.9453191100762133,0.9639361079825556
GradientBoosting,Train,1.336639818641689,1.3124494182899755
GradientBoosting,Train,0.7505083948513462,0.7423880272326419
GradientBoosting,Train,0.3254607304414622,0.305208014116014
GradientBoosting,Train,0.1206896551724121,0.09860741999833338
GradientBoosting,Train,0.255030477687516,0.3227815538460612
GradientBoosting,Train,0.5308775731310934,0.5225634461536879
GradientBoosting,Train,0.6812412373755872,0.7073559677109892
GradientBoosting,Train,0.6211762817750351,0.6179436889094543
GradientBoosting,Train,0.2430380486862944,0.25908794052830947
GradientBoosting,Train,0.6812412373755872,0.7952646283723975
GradientBoosting,Train,-2.634968218916374,-2.5653363804791565
GradientBoosting,Train,0.7204210054216508,0.7085267550258058
GradientBoosting,Train,0.6435536294691222,0.6518168132559409
GradientBoosting,Train,-0.01749782701560991,0.024852751101950347
GradientBoosting,Train,0.9444679049496479,0.941344857963697
GradientBoosting,Train,-0.1220556745182012,-0.1148802341866831
GradientBoosting,Train,-1.508793969849246,-1.4672898383683541
GradientBoosting,Train,1.053316562126286,1.0289471601009301
GradientBoosting,Train,0.1319863281682527,0.1381482252329245
GradientBoosting,Train,0.380211241711606,0.37212854800771067
GradientBoosting,Train,-0.14066513997672,-0.1512971346636687
GradientBoosting,Train,0.5975482649800063,0.6167157279442402
GradientBoosting,Train,0.3892141639057259,0.34326388542840136
GradientBoosting,Train,0.6123933697586622,0.6378190629746118
GradientBoosting,Train,1.03342375548695,1.0224597737699292
GradientBoosting,Train,-0.1449235972700369,-0.151418195934796
GradientBoosting,Train,-0.04488919723294831,-0.022760576867773132
GradientBoosting,Train,0.3020134228187899,0.3243843944956809
GradientBoosting,Train,0.0380313199105153,0.09235367808374034
GradientBoosting,Train,0.8650979287404373,0.917256540937599
GradientBoosting,Train,0.9956351945975499,0.9767089078319132
GradientBoosting,Train,0.3020134228187899,0.3243843944956809
GradientBoosting,Train,-1.629310344827578,-1.6298941206464903
GradientBoosting,Train,0.1437655938677714,0.1498202347823266
GradientBoosting,Train,1.179291901828044,1.1374159463272424
GradientBoosting,Train,0.4653828514484183,0.4615302076778002
GradientBoosting,Train,0.6587215601300098,0.6351390025311585
GradientBoosting,Train,-0.2525154392181344,-0.26568070268183547
GradientBoosting,Train,0.249877473216598,0.3312451509190921
GradientBoosting,Train,1.173186268412274,1.073812027899503
GradientBoosting,Train,-0.1220556745182012,-0.1148802341866831
GradientBoosting,Train,0.9886636158427594,0.5658061603550875
GradientBoosting,Train,0.1307061523494404,0.13384062931375956
GradientBoosting,Train,0.05335735049852605,0.0519561640464342
GradientBoosting,Train,1.053324533905294,1.0508982303026064
GradientBoosting,Train,-0.051282051282051,-0.08296581743718098
GradientBoosting,Train,0.9629629629629627,0.9323886657098266
GradientBoosting,Train,-0.110008534838633,-0.10831612180578364
GradientBoosting,Train,1.170774647887323,1.164880929537237
GradientBoosting,Train,-0.1858879153069338,-0.21975387486686102
GradientBoosting,Train,0.7075701760979364,0.6724319501822462
GradientBoosting,Train,0.5670263661590603,0.553918375699543
GradientBoosting,Train,0.5910646070264992,0.5914951039937408
GradientBoosting,Train,1.007042253521127,1.073812027899503
GradientBoosting,Train,-0.2500000000000024,-0.25503843244018226
GradientBoosting,Train,0.5185139398778874,0.5223422305930306
GradientBoosting,Train,1.411695906432748,1.419923996603076
GradientBoosting,Train,0.3031960574204888,0.3320453885623346
GradientBoosting,Train,0.2017575408454702,0.20720244914218458
GradientBoosting,Train,1.253437245309724,1.25057774194705
GradientBoosting,Train,-0.7718752999018175,-0.782646029263155
GradientBoosting,Train,0.2280938887519323,0.2511025705188133
GradientBoosting,Train,0.4679182470163208,0.46962809138199013
GradientBoosting,Train,-1.642975206611555,-1.6225188613539892
GradientBoosting,Train,-0.1251546956789149,-0.12239908871073339
GradientBoosting,Train,-1.563758389261749,-1.5940231470589985
GradientBoosting,Train,-1.148741651280925,-1.1606657360713641
GradientBoosting,Train,-0.06251993703895245,-0.05536126293890646
GradientBoosting,Train,-0.3071596757466341,-0.3081072961426833
GradientBoosting,Train,0.526339277389844,0.4625859323752502
GradientBoosting,Train,0.3813651137594792,0.35653378235548105
GradientBoosting,Train,0.8039521828148732,0.8059701454827405
GradientBoosting,Train,0.7762863534675611,0.7667962595061757
GradientBoosting,Train,0.3979400086720376,0.4990828749888779
GradientBoosting,Train,-0.053666651000876,-0.06158366617226318
GradientBoosting,Train,0.8393863014886044,0.917256540937599
GradientBoosting,Train,0.9771853913912649,0.9404027558168135
GradientBoosting,Train,-1.517084431448743,-1.5013786081891072
GradientBoosting,Train,0.8035528064607984,0.7857893598114456
GradientBoosting,Train,-0.619788758288394,-0.6352208422461345
GradientBoosting,Train,-2.05603448275861,-2.04743631386373
GradientBoosting,Train,0.2657130090914611,0.2703409268958036
GradientBoosting,Train,0.7958333900509484,0.7617188518041601
GradientBoosting,Train,-1.234704354653622,-1.2243305404365472
GradientBoosting,Train,0.639911259500979,0.6419705170980093
GradientBoosting,Train,-1.785155875122728,-1.770456328038849
GradientBoosting,Train,1.205965557619709,1.2104942745586857
GradientBoosting,Train,1.180116959064325,1.163671810482103
GradientBoosting,Train,-0.5086383061657274,-0.46730338897457324
GradientBoosting,Train,-2.705549293202082,-2.7178785314906997
GradientBoosting,Train,0.2182287808022146,0.2042211606187275
GradientBoosting,Train,0.4913616938342727,0.4697141811302017
GradientBoosting,Train,1.310541310541309,1.294297457593812
GradientBoosting,Train,0.1647522604652088,0.13734791878761307
GradientBoosting,Train,0.6127838567197355,0.5881069077690124
GradientBoosting,Train,-1.965416298346072,-1.9513745496028656
GradientBoosting,Train,-0.01503759398496262,0.0017014669930138112
GradientBoosting,Train,0.2046493264802312,0.5658061603550875
GradientBoosting,Train,0.2627398291759235,0.287292313369985
GradientBoosting,Train,-1.23858934503561,-1.3319260136897029
GradientBoosting,Train,-0.7628438624246476,-0.7280113399854038
GradientBoosting,Train,1.283198266190026,1.2672917094867675
GradientBoosting,Train,0.1950162513542781,0.19500830540407882
GradientBoosting,Train,0.2163162610163941,0.2080910028330688
GradientBoosting,Train,0.2557547866430442,0.2509509191571114
GradientBoosting,Train,1.021189299069938,1.0224597737699292
GradientBoosting,Train,0.889796870068615,0.8753536492095996
GradientBoosting,Train,0.5387931034482746,0.5280399703821137
GradientBoosting,Train,0.4913616938342727,0.49884742311482844
GradientBoosting,Train,-0.2688453122925803,-0.28099197587597197
GradientBoosting,Train,1.463157894736841,1.4827563067031162
GradientBoosting,Train,0.380211241711606,0.3640858209025071
GradientBoosting,Train,0.2430380486862944,0.25908794052830947
GradientBoosting,Train,-0.4353448275862056,-0.44947961320320956
GradientBoosting,Train,-2.535140249212473,-2.5267759652217316
GradientBoosting,Train,-0.619788758288394,-0.6352208422461345
GradientBoosting,Train,-0.04261660721896531,-0.0474805476948564
GradientBoosting,Train,0.8897968700686152,0.8180877273065931
GradientBoosting,Train,0.8577031944274324,0.861045643968331
GradientBoosting,Train,-1.407996505383249,-1.4588592644053158
GradientBoosting,Train,0.6031443726201823,0.6203475967134108
GradientBoosting,Train,0.6106601630898799,0.6203475967134108
GradientBoosting,Train,0.6989700043360189,0.7179497646965145
GradientBoosting,Train,0.3747483460101039,0.3320453885623346
GradientBoosting,Train,1.204119982655925,1.073812027899503
GradientBoosting,Train,-1.448275862068967,-1.4729756825340456
GradientBoosting,Train,-0.5393360442731673,-0.5517765362020884
GradientBoosting,Train,0.07675507020280567,-0.03798847932558236
GradientBoosting,Train,0.6023835319609966,0.5994649164604859
GradientBoosting,Train,0.1641903726520483,0.1858860982257358
GradientBoosting,Train,1.093599819380088,1.1300693932267598
GradientBoosting,Train,0.5888613512538016,0.607506574083605
GradientBoosting,Train,-2.323341080224196,-2.3332563576433207
GradientBoosting,Train,-0.5072750233349814,-0.5039685734613587
GradientBoosting,Train,0.04532297878665748,0.049054284197787935
GradientBoosting,Train,0.5647935551309269,0.494726467351843
GradientBoosting,Train,0.6803355134145632,0.491205451857165
GradientBoosting,Train,0.4623084667179462,0.18597776330099178
GradientBoosting,Train,0.3463529744506387,0.3320453885623346
GradientBoosting,Train,-0.8301121378671653,-0.8366021086230815
GradientBoosting,Train,-0.9937759336099588,-1.0151809433424728
GradientBoosting,Train,0.5185139398778874,0.5223422305930306
GradientBoosting,Train,1.362275079783117,1.3635312524029635
GradientBoosting,Train,0.5910646070264992,0.5945895812688659
GradientBoosting,Train,-0.3091286307053941,-0.28434823561600675
GradientBoosting,Train,1.346198830409355,1.3389820651542583
GradientBoosting,Train,-0.1321607680099658,-0.1527764006074786
GradientBoosting,Train,-1.885678391959799,-1.8804939186827658
GradientBoosting,Train,-0.2165366614664583,-0.09467986862895414
GradientBoosting,Train,0.7297801442202818,0.6798409115418204
GradientBoosting,Train,0.02005766926485197,0.052001328528428585
GradientBoosting,Train,0.7672413793103442,0.7659346009160315
GradientBoosting,Train,0.1760912590556784,0.1884689713436006
GradientBoosting,Train,-1.071860922666721,-1.1192045432014437
GradientBoosting,Train,0.09022556390977356,0.11518602715184595
GradientBoosting,Train,0.5046261715629264,0.5454328087320778
GradientBoosting,Train,-0.07996729962314643,-0.06348959585048981
GradientBoosting,Train,0.4390446521287634,0.4448686627056771
GradientBoosting,Train,1.253437245309724,1.25057774194705
GradientBoosting,Train,0.5209109372834104,0.5183348989790751
GradientBoosting,Train,-0.8232758620689672,-0.8279314568681531
GradientBoosting,Train,0.5910646070264992,0.5914951039937408
GradientBoosting,Train,1.146941207143456,1.1325753432916719
GradientBoosting,Train,-0.7452111206482993,-0.7420029126555231
GradientBoosting,Train,1.030489322147899,1.0173302227997771
GradientBoosting,Train,-0.11903795188283,-0.09652974166243608
GradientBoosting,Train,-1.49248120300752,-1.4640301806060163
GradientBoosting,Train,0.6364937630495308,0.5661686129033034
GradientBoosting,Train,0.6553852426545229,1.010640576776759
GradientBoosting,Train,0.6151940149681981,0.6068321142262051
GradientBoosting,Train,0.5910646070264992,0.7952646283723975
GradientBoosting,Train,0.3636119798921443,0.3582857415922506
GradientBoosting,Train,0.6373245098685487,0.651552691904581
GradientBoosting,Train,0.3856062735983122,0.3777840720517151
GradientBoosting,Train,-0.2340726776061404,-0.24014144268453755
GradientBoosting,Train,-1.096910013008056,-1.0654242185509128
GradientBoosting,Train,0.3318965517241376,0.3374803882726777
GradientBoosting,Train,0.735555471593347,0.7279920160432539
GradientBoosting,Train,0.082934622503059,0.07787125998538189
GradientBoosting,Train,0.2186959627617429,0.1917401823877043
GradientBoosting,Train,0.8965262174895553,0.7356064952371164
GradientBoosting,Train,0.135537190082656,0.13722793568918285
GradientBoosting,Train,0.9883040935672512,0.9543218136463171
GradientBoosting,Train,0.1079563182527277,0.09020812891024664
GradientBoosting,Train,-0.07996729962314643,-0.06348959585048981
GradientBoosting,Train,-0.1767241379310328,-0.14144449224275843
GradientBoosting,Train,0.3892141639057259,0.34326388542840136
GradientBoosting,Train,-0.3098039199714863,-0.46730338897457324
GradientBoosting,Train,0.3470521755509489,0.3138744599787863
GradientBoosting,Train,2.036619573798714,2.0293994331809673
GradientBoosting,Train,0.7965743332104297,0.7714858518374746
GradientBoosting,Train,-0.7884826218653814,-0.7894484061999167
GradientBoosting,Train,0.272337896627725,0.2364543313407643
GradientBoosting,Train,0.6173305771416362,0.7714858518374746
GradientBoosting,Train,0.02419338211248408,0.025064426692133383
GradientBoosting,Train,-0.1767337807606265,-0.18910972685143
GradientBoosting,Train,-0.5534883720930238,-0.5201079864160302
GradientBoosting,Train,0.9409251269338039,1.073812027899503
GradientBoosting,Train,0.9041684928630465,0.8739416144126543
GradientBoosting,Train,-0.6344628557513522,-0.6057389602712532
GradientBoosting,Train,0.2017575408454702,0.20720244914218458
GradientBoosting,Train,1.50559284116331,1.516411888383556
GradientBoosting,Train,-1.535796071516882,-1.5267138039763286
GradientBoosting,Train,0.6242820958356683,0.6203475967134108
GradientBoosting,Train,-1.196026900731575,-1.197635528096661
GradientBoosting,Train,-1.114147993293855,-1.125772724648257
GradientBoosting,Train,0.4509957088161992,0.43711548963565167
GradientBoosting,Train,-0.5938066216438812,-0.5806424562559628
GradientBoosting,Train,0.5539402549876365,0.38755845527289173
GradientBoosting,Train,0.6211762817750351,0.6203475967134108
GradientBoosting,Train,-0.6971816306033263,-0.6993781230810668
GradientBoosting,Train,-1.06390977443609,-1.03303459207505
GradientBoosting,Train,-0.1858879153069338,-0.21975387486686102
GradientBoosting,Train,0.3463529744506387,0.491205451857165
GradientBoosting,Train,-0.04375512696868296,-0.026895450843109493
GradientBoosting,Train,1.076276352144377,1.0802584026572575
GradientBoosting,Train,0.03342375548694973,0.03234567985881043
GradientBoosting,Train,0.1525940779274698,0.1142198390898158
GradientBoosting,Train,0.4283919597989941,0.46075378732006655
GradientBoosting,Train,-0.7458094490628238,-0.7516530437699063
GradientBoosting,Train,0.8800879713874663,0.8867935384865016
GradientBoosting,Train,-1.603456897447042,-1.5821653424795494
GradientBoosting,Train,-0.06963592814139488,-0.08195056281605655
GradientBoosting,Train,-0.6932160417255555,-0.6794400473624553
GradientBoosting,Train,0.6989700043360189,0.6826061782663507
GradientBoosting,Train,0.9612068965517243,0.9761978795197088
GradientBoosting,Train,1.100763643371112,1.010640576776759
GradientBoosting,Train,0.7357274662281335,0.745074404356038
GradientBoosting,Train,-0.638272163982407,-0.46730338897457324
GradientBoosting,Train,1.21937321937322,1.231690584034098
GradientBoosting,Train,-0.8947368421052645,-0.9119600340051354
GradientBoosting,Train,-0.6942651060983038,-0.6737491027457336
GradientBoosting,Train,1.483396136807168,1.4770641074752577
GradientBoosting,Train,0.6901960800285137,0.7014434205728736
GradientBoosting,Train,-0.9937759336099588,-1.0151809433424728
GradientBoosting,Train,0.8292314636701619,0.799228764137256
GradientBoosting,Train,0.1166176813015091,0.11462541660808717
GradientBoosting,Train,0.6842105263157892,0.6523166844544122
GradientBoosting,Train,1.80846742823059,1.7792093027817368
GradientBoosting,Train,-2.05603448275861,-2.04743631386373
GradientBoosting,Train,-1.487912814690911,-1.4684644847731023
GradientBoosting,Train,1.900826446281001,1.876084125163725
GradientBoosting,Train,-0.4724680904466963,-0.48144496195108594
GradientBoosting,Train,-0.6731240825341952,-0.7170313365421133
GradientBoosting,Train,0.8965262174895553,0.7356064952371164
GradientBoosting,Train,-0.3189655172413801,-0.3029930862558232
GradientBoosting,Train,-0.2770508826583594,-0.2874928511977053
GradientBoosting,Train,0.1132746924643504,0.11641630292241827
GradientBoosting,Train,0.11978513052201398,0.12029183257861849
GradientBoosting,Train,0.4487063199050799,0.4365671065028856
GradientBoosting,Train,0.6756055617195716,0.6625744323430647
GradientBoosting,Train,0.2550304776875136,0.2564410475281874
GradientBoosting,Train,-0.02672178766989199,-0.05235060223145544
GradientBoosting,Train,-0.5385287031854444,-0.5458366679371592
GradientBoosting,Train,0.5797835966168101,0.5861502724571312
GradientBoosting,Train,0.534026106056135,0.53497499788762
GradientBoosting,Train,-1.234704354653622,-1.2243305404365472
GradientBoosting,Train,0.4913616938342727,0.49884742311482844
GradientBoosting,Train,0.4275633669545613,0.47170308014884715
GradientBoosting,Train,-1.577881593704157,-1.5553872642631383
GradientBoosting,Train,0.7671558660821804,0.7546619081205446
GradientBoosting,Train,1.100763643371112,1.010640576776759
GradientBoosting,Train,-0.04170093891793042,-0.03939656795737291
GradientBoosting,Train,0.1173491877479526,0.11035051149869575
GradientBoosting,Train,0.9931205342354806,0.8394002477970707
GradientBoosting,Train,0.4329710789008698,0.26929514169564345
GradientBoosting,Train,-1.763274336283189,-1.6945400359953908
GradientBoosting,Train,0.7146198830409358,0.6912130046205416
GradientBoosting,Train,0.2145178764897056,0.2071003662427204
GradientBoosting,Train,0.3970273286679523,0.4078064156151378
GradientBoosting,Train,1.559045226130653,1.5293247068314435
GradientBoosting,Train,-0.4168875174404437,-0.4334809759781004
GradientBoosting,Train,-0.2770149382233361,-0.2699309054503463
GradientBoosting,Train,-0.6,-0.5829862594460303
GradientBoosting,Train,-2.705549293202082,-2.7178785314906997
GradientBoosting,Train,0.1721105527638171,0.18027213852939106
GradientBoosting,Train,0.03448275862068784,0.03141029472382993
GradientBoosting,Train,0.2259691527869807,0.24453807798124472
GradientBoosting,Train,0.0,0.01995119596259406
GradientBoosting,Train,1.522361359570662,1.4942322704804811
GradientBoosting,Train,0.6387979239767979,0.655680632536879
GradientBoosting,Train,0.8072619934565568,0.8259360948360679
GradientBoosting,Train,0.3010299956639812,0.3264257020364845
GradientBoosting,Train,-1.439549404036478,-1.4553224173524695
GradientBoosting,Train,-0.05978886246861603,-0.05059708120166848
GradientBoosting,Train,-0.03476210625921197,-0.05010076639685009
GradientBoosting,Train,-0.2446720795208597,-0.26319807639960924
GradientBoosting,Train,0.4082399653118496,0.4625859323752502
GradientBoosting,Train,-0.767123174186889,-0.7453499083799198
GradientBoosting,Train,0.5118833609788743,0.7356064952371164
GradientBoosting,Train,-0.3189655172413801,-0.3029930862558232
GradientBoosting,Train,0.04260470370605519,0.024679463753439355
GradientBoosting,Train,-0.1464838638239616,-0.14408436616660936
GradientBoosting,Train,0.1128752143459643,0.13008911723077599
GradientBoosting,Train,0.8670923337204245,0.8893401865568348
GradientBoosting,Train,-0.05632686832306318,-0.06843001311624353
GradientBoosting,Train,0.535215663796611,0.5657117314503018
GradientBoosting,Train,1.205965557619709,1.2104942745586857
GradientBoosting,Train,0.03261876085071993,0.014618917210456394
GradientBoosting,Train,-0.4353448275862056,-0.44947961320320956
GradientBoosting,Train,0.8305886686851442,0.7714858518374746
GradientBoosting,Train,1.656589559399379,1.6194688846194076
GradientBoosting,Train,0.4126109061603624,0.41355120863967626
GradientBoosting,Train,-0.004333694474538976,0.012267316839575604
GradientBoosting,Train,0.2637409109445279,0.22521809994924236
GradientBoosting,Train,0.414973347970818,0.38358921800599066
GradientBoosting,Train,-0.2340726776061404,-0.24014144268453755
GradientBoosting,Train,0.5860497157265141,0.5849603939680641
GradientBoosting,Train,1.181843587944773,1.2410138077847
GradientBoosting,Train,0.9404117009750815,0.9262595028478557
GradientBoosting,Train,0.6729746935258656,0.6423829896832254
GradientBoosting,Train,-0.07719576496805934,-0.05442364987303931
GradientBoosting,Train,0.5265032835812309,0.5800275821713108
GradientBoosting,Train,0.3031960574204888,0.3320453885623346
GradientBoosting,Train,1.087550726310677,1.0910561392357125
GradientBoosting,Train,-0.4975728800155673,-0.4399053127302997
GradientBoosting,Train,-0.14066513997672,-0.1512971346636687
GradientBoosting,Train,0.6526722071108372,0.6381846171688825
GradientBoosting,Train,1.146941207143456,1.1325753432916719
GradientBoosting,Train,0.05113650594874027,0.03391381076102156
GradientBoosting,Train,1.050866019970613,1.0390115547783245
GradientBoosting,Train,0.5763413502057929,0.6203475967134108
GradientBoosting,Train,0.62463078972132,0.6057748024437036
GradientBoosting,Train,0.5586226439045551,0.5500561705330133
GradientBoosting,Train,0.6242820958356683,0.6203475967134108
GradientBoosting,Train,-0.01749782701560991,0.024852751101950347
GradientBoosting,Train,0.5265032835812309,0.5314097098834261
GradientBoosting,Train,-0.6426046233183135,-0.6590769990272275
GradientBoosting,Train,0.7237976748508552,0.708202686739795
GradientBoosting,Train,0.6627578316815741,0.6315496161329588
GradientBoosting,Train,0.7910868478099096,0.7658088481015507
GradientBoosting,Train,0.686155075454263,0.6586269194295418
GradientBoosting,Train,0.7114680014156944,0.7306870682187403
GradientBoosting,Train,0.2050678430236896,0.17925178974016173
GradientBoosting,Train,-0.9653698872018781,-0.954925262254284
GradientBoosting,Train,0.07918124604762482,0.11766607664327537
GradientBoosting,Train,-0.7756344514157028,-0.7608735277502038
GradientBoosting,Train,-0.01844926170390164,-0.039107325025182126
GradientBoosting,Train,-0.4626847268879903,-0.4476034637599502
GradientBoosting,Train,0.139109451707618,0.14568341864010442
GradientBoosting,Train,0.7672413793103442,0.7659346009160315
GradientBoosting,Train,0.8035528064607984,0.7857893598114456
GradientBoosting,Train,0.1532051216061021,0.12947330797392476
GradientBoosting,Train,0.895422546039408,0.8573145532398979
GradientBoosting,Train,-0.4170444674351315,-0.42733792101626306
GradientBoosting,Train,-0.2266600537219346,-0.243574931201615
GradientBoosting,Train,-0.03068512285530053,0.0323079120205594
GradientBoosting,Train,-1.511278195488722,-1.5046622254324782
GradientBoosting,Train,-1.0333531830102,-1.0362742922644042
GradientBoosting,Train,1.021189299069938,1.073812027899503
GradientBoosting,Train,-1.32437478025317,-1.3586874741929165
GradientBoosting,Train,0.03448275862068784,0.03141029472382993
GradientBoosting,Train,0.3483048630481607,0.35163002144533584
GradientBoosting,Train,0.9881114906350605,0.9949672461901526
GradientBoosting,Train,-2.0,-1.9935489358305463
GradientBoosting,Train,0.009925308530127852,0.037946379967571754
GradientBoosting,Train,-1.572614107883811,-1.6050811834334162
GradientBoosting,Train,0.3233082706766902,0.3210790526783998
GradientBoosting,Train,0.9881114906350605,0.9949672461901526
GradientBoosting,Train,0.8444444444444436,0.8419421332499006
GradientBoosting,Train,-1.105948718925517,-1.1535645793346068
GradientBoosting,Train,0.180451127819548,0.15335288099812913
GradientBoosting,Train,-0.03943375318603481,-0.059418665075121654
GradientBoosting,Train,0.7204210054216508,0.7085267550258058
GradientBoosting,Train,0.5797835966168101,0.5861502724571312
GradientBoosting,Train,0.5185139398778874,0.5423359226862678
GradientBoosting,Train,0.04139268515822508,0.019113883253845398
GradientBoosting,Train,0.9347805899613781,0.9084569375223668
GradientBoosting,Train,0.3617278360175928,0.33108948210626254
GradientBoosting,Train,-0.1762586357436119,-0.14732164287139365
GradientBoosting,Train,-0.08633414873527591,-0.11331946264642108
GradientBoosting,Train,-0.01844926170390164,-0.039107325025182126
GradientBoosting,Train,0.07554696139253074,0.03843120042377361
GradientBoosting,Train,0.02005766926485197,0.052001328528428585
GradientBoosting,Train,0.7671729371896298,0.7778984515049472
GradientBoosting,Train,0.3918367346938768,0.4052398990851821
GradientBoosting,Train,0.422413793103446,0.41730989897828996
GradientBoosting,Train,0.04139268515822508,0.25431000739987153
GradientBoosting,Train,-2.142667503568731,-2.1458130258253307
GradientBoosting,Train,-0.5742492738010503,-0.5616403038645248
GradientBoosting,Train,-0.1251546956789144,-0.0971211670352911
GradientBoosting,Train,0.6977248104008661,0.685524825094055
GradientBoosting,Train,0.7505083948513462,0.7356064952371164
GradientBoosting,Train,0.4679182470163208,0.46962809138199013
GradientBoosting,Train,1.02530586526477,0.7952646283723975
GradientBoosting,Train,1.608501118568232,1.620395878002298
GradientBoosting,Train,0.2880888597640699,0.2478361481062759
GradientBoosting,Train,0.5250677226597732,0.5208920975461242
GradientBoosting,Train,-0.129219291822582,-0.11800543742922724
GradientBoosting,Train,-0.5338345864661662,-0.5505264386901432
GradientBoosting,Train,-0.5408689174769996,-0.5159614401762406
GradientBoosting,Train,-0.04983748645720439,-0.038560563879672875
GradientBoosting,Train,0.2050678430236896,0.17925178974016173
GradientBoosting,Train,0.8463370005539435,0.917256540937599
GradientBoosting,Train,-0.1964576461828072,-0.18538874330738214
GradientBoosting,Train,0.3596766725050837,0.37061377778838706
GradientBoosting,Train,0.006663850117991262,-0.03276228996235559
GradientBoosting,Train,1.014680535148689,1.0538967195364264
GradientBoosting,Train,-2.05603448275861,-2.04743631386373
GradientBoosting,Train,0.1166176813015091,0.1547630003019795
GradientBoosting,Train,0.7971694225490045,0.8023721715041106
GradientBoosting,Train,0.929444837036069,0.9421475883299351
GradientBoosting,Train,0.648364110491845,0.6203475967134108
GradientBoosting,Train,0.3778487999011506,0.40818049491458436
GradientBoosting,Train,0.5062846335392319,0.508473144435509
GradientBoosting,Train,0.6306396086247502,0.6351761655452537
GradientBoosting,Train,-2.203831209357573,-2.1751831248511477
GradientBoosting,Train,-1.118826698593236,-1.0969717739024545
GradientBoosting,Train,0.4913616938342727,0.25431000739987153
GradientBoosting,Train,0.2163162610163941,0.2080910028330688
GradientBoosting,Train,-0.4353448275862056,-0.44947961320320956
GradientBoosting,Train,-0.06251993703895245,-0.05536126293890646
GradientBoosting,Train,-0.1804891463142153,-0.17803988542173216
GradientBoosting,Train,0.8976270912904415,0.7952646283723975
GradientBoosting,Train,0.7160033436347992,0.7203368678237143
GradientBoosting,Train,0.5669144981412634,0.5365439328890649
GradientBoosting,Train,-0.1464838638239616,-0.14408436616660936
GradientBoosting,Train,1.060697840353612,1.2410138077847
GradientBoosting,Train,0.5387931034482746,0.5280399703821137
GradientBoosting,Train,-0.2372093023255822,-0.1948045802088812
GradientBoosting,Train,0.6335218433719506,0.6364497287104576
GradientBoosting,Train,0.6532125137753437,0.6507675306246969
GradientBoosting,Train,-0.157894736842105,-0.16409226232088817
GradientBoosting,Train,0.6020599913279624,0.6264750781483135
GradientBoosting,Train,0.1367761095528764,0.15495169459816763
GradientBoosting,Train,1.522388149816989,1.5311743130673603
GradientBoosting,Train,0.5205895119541644,0.47261824236210814
GradientBoosting,Train,-0.5072750233349814,-0.5039685734613587
GradientBoosting,Train,-0.365959583733208,-0.3463715156247507
GradientBoosting,Train,0.3767593954048798,0.4233412523275448
GradientBoosting,Train,-0.5534883720930238,-0.5201079864160302
GradientBoosting,Train,-0.1141965678627143,0.09020812891024664
GradientBoosting,Train,0.6211762817750351,0.6203475967134108
GradientBoosting,Train,-1.781954887218045,-1.7886065221688656
GradientBoosting,Train,-1.42021640338319,-1.4240221444928645
GradientBoosting,Train,0.6106601630898799,0.6203475967134108
GradientBoosting,Train,0.4232458739368078,0.4189773883404611
GradientBoosting,Train,0.4128854232684702,0.4193823920120859
GradientBoosting,Train,0.082934622503059,0.07787125998538189
GradientBoosting,Train,0.6901960800285137,0.7014434205728736
GradientBoosting,Train,0.6231704616375756,0.6058493748240359
GradientBoosting,Train,0.9469432706978255,0.9134438295891827
GradientBoosting,Train,-1.97095435684647,-1.983780009419673
GradientBoosting,Train,0.6107382550335557,0.6309380035497425
GradientBoosting,Train,0.5972924522285327,0.6166114764475873
GradientBoosting,Train,0.8777912162775305,0.917256540937599
GradientBoosting,Train,0.5427268765011117,0.5560511891468175
GradientBoosting,Train,-1.005264266019541,-1.033978941911467
GradientBoosting,Train,0.6127838567197355,0.6186086979113133
GradientBoosting,Train,0.62463078972132,0.6057748024437036
GradientBoosting,Train,-0.7628438624246476,-0.803077323118292
GradientBoosting,Train,0.6020599913279624,0.6332747743016212
GradientBoosting,Train,0.5135427952329354,0.5441833255584627
GradientBoosting,Train,-0.8232758620689672,-0.8279314568681531
GradientBoosting,Train,-1.567441860465111,-1.5456417513553953
GradientBoosting,Train,0.2211785219297459,0.26190625200893747
GradientBoosting,Train,1.294736842105262,1.2799766125105443
GradientBoosting,Train,-0.4170444674351315,-0.42733792101626306
GradientBoosting,Train,-1.135338345864661,-1.1244657455946805
GradientBoosting,Train,0.1266770670826814,-0.09467986862895414
GradientBoosting,Train,-0.08633414873527538,-0.05794285360786633
GradientBoosting,Train,1.209515014542631,1.073812027899503
GradientBoosting,Train,-0.8313241449568525,-0.8659949745418355
GradientBoosting,Train,0.4615384615384614,0.4451923010685684
GradientBoosting,Train,0.08880429497466488,0.08205616769600238
GradientBoosting,Train,-0.03943375318603481,-0.059418665075121654
GradientBoosting,Train,-1.092883061327005,-1.0845626623103608
GradientBoosting,Train,-0.460121203408758,-0.4760351753271468
GradientBoosting,Train,0.6456180461285638,0.6557609270880075
GradientBoosting,Train,0.7993405494535817,0.7952646283723975
GradientBoosting,Train,1.85436677804087,1.8283311101878017
GradientBoosting,Train,-0.03760465762697581,-0.05892627125968023
GradientBoosting,Train,0.5670263661590603,0.553918375699543
GradientBoosting,Train,-0.07719576496805934,-0.05442364987303931
GradientBoosting,Train,0.2246783559484863,0.18597776330099178
GradientBoosting,Train,0.1882609887630737,0.17874032272711224
GradientBoosting,Train,-0.11903795188283,-0.09652974166243608
GradientBoosting,Train,0.6031443726201823,0.6203475967134108
GradientBoosting,Train,-0.02672178766989199,-0.05235060223145544
GradientBoosting,Train,-0.7628438624246476,-0.803077323118292
GradientBoosting,Train,0.2186959627617429,0.1917401823877043
GradientBoosting,Train,0.1904538485873565,0.19612636738480632
GradientBoosting,Train,0.3617278360175928,0.33108948210626254
GradientBoosting,Train,0.2187134502923974,0.20967211223954274
GradientBoosting,Train,-1.777415033082565,-1.767070213714539
GradientBoosting,Train,-0.1277985983463365,-0.10245512499836719
GradientBoosting,Train,-0.7451810935152875,-0.7801540569799869
GradientBoosting,Train,0.8296511438534148,0.8508401500517817
GradientBoosting,Train,0.1744584367708963,0.2785198132985804
GradientBoosting,Train,-0.4563268683230601,-0.4572243206040226
GradientBoosting,Train,0.1437655938677714,0.1498202347823266
GradientBoosting,Train,-0.005465586003222508,0.015264447686597515
GradientBoosting,Train,-2.334481075108565,-2.325497245727543
GradientBoosting,Train,0.6901960800285137,0.7008036334931728
GradientBoosting,Train,1.00893042575285,1.0127658157390034
GradientBoosting,Train,0.8910996649845989,0.917256540937599
GradientBoosting,Train,0.806230529595015,0.7873776667280009
GradientBoosting,Train,0.365862215402555,0.3730156222649175
GradientBoosting,Train,-0.04261660721896531,-0.0474805476948564
GradientBoosting,Train,0.1117004680187195,-0.03798847932558236
GradientBoosting,Train,0.06345484267917818,0.0430277286259491
GradientBoosting,Train,0.07980012213427638,0.09670595776978973
GradientBoosting,Train,-0.5864661654135337,-0.567056864924208
GradientBoosting,Train,-0.8232758620689614,-0.8295021527352753
GradientBoosting,Train,0.6015860182746656,0.8394002477970707
GradientBoosting,Train,0.4040158561440467,0.3910232941958083
GradientBoosting,Train,-0.8232758620689614,-0.8295021527352753
GradientBoosting,Train,0.3119932648840557,0.2928545313141433
GradientBoosting,Train,0.03448275862068784,0.03141029472382993
GradientBoosting,Train,1.047514794837365,1.0537901601897657
GradientBoosting,Train,0.4471580313422192,0.491205451857165
GradientBoosting,Train,0.2304489213782739,0.2268995973643624
GradientBoosting,Train,0.1173491877479526,0.11035051149869575
GradientBoosting,Train,0.8122446968003693,0.7356064952371164
GradientBoosting,Train,1.308724832214764,1.3068671830468748
GradientBoosting,Train,0.5525490843095185,0.5578732715234834
GradientBoosting,Train,0.0,-0.010008946108280474
GradientBoosting,Train,-0.619788758288394,-0.6352208422461345
GradientBoosting,Train,-0.9200292374440189,-0.863086122459151
GradientBoosting,Train,-2.535140249212473,-2.5267759652217316
GradientBoosting,Train,0.7672413793103442,0.7659346009160315
GradientBoosting,Train,0.2637409109445279,0.22521809994924236
GradientBoosting,Train,-0.6140350877192979,-0.5892640026016914
GradientBoosting,Train,0.1705521196219227,0.18200168436301448
GradientBoosting,Train,-0.00620308796527328,-0.040629394090053395
GradientBoosting,Train,0.2182287808022119,0.1373972444389954
GradientBoosting,Train,-0.1251546956789149,-0.12239908871073339
GradientBoosting,Train,0.7417816961431667,0.7435638584264738
GradientBoosting,Train,0.6218068535825538,0.6050830779928162
GradientBoosting,Train,0.3318002991095532,0.3896358832853351
GradientBoosting,Train,1.060697840353612,0.917256540937599
GradientBoosting,Train,-0.1449235972700369,-0.151418195934796
GradientBoosting,Train,0.1319863281682527,0.1381482252329245
GradientBoosting,Train,0.4313637641589874,0.4328896192720557
GradientBoosting,Train,-0.162941534687887,-0.12151163196699794
GradientBoosting,Train,-0.1767337807606265,-0.18910972685143
GradientBoosting,Train,0.5805468137587255,0.5598073916002819
GradientBoosting,Train,0.5450543344028723,0.5513778824138704
GradientBoosting,Train,0.2944963655243999,0.31277967472769214
GradientBoosting,Train,0.6308908570191394,0.5917142398251702
GradientBoosting,Train,0.5391498881431767,0.5859080401362388
GradientBoosting,Train,1.456366033129043,1.466295925860038
GradientBoosting,Train,0.06345484267917818,0.0430277286259491
GradientBoosting,Train,1.07700432679335,1.0519502783867645
GradientBoosting,Train,-0.4607016882522424,-0.4607766462930179
GradientBoosting,Train,-1.441695135640719,-1.4581290195519736
GradientBoosting,Train,0.4806145740944546,0.47698303519375285
GradientBoosting,Train,-0.6946486305533762,-0.7140474214419654
GradientBoosting,Train,0.3318965517241376,0.3374803882726777
GradientBoosting,Train,-1.629310344827578,-1.6298941206464903
GradientBoosting,Train,0.7932016100908708,0.7996524311414955
GradientBoosting,Train,-0.1986570869544228,-0.1260812875063751
GradientBoosting,Train,0.5000216558101156,0.5057937877255685
GradientBoosting,Train,0.7160033436347992,0.7203368678237143
GradientBoosting,Train,-1.547440503436895,-1.5590171983281582
GradientBoosting,Train,0.1657598875739492,0.16486960969348377
GradientBoosting,Train,-0.08798751950078033,-0.03798847932558236
GradientBoosting,Train,0.2880888597640699,0.2478361481062759
GradientBoosting,Train,0.6354495299314225,0.6202907748801262
GradientBoosting,Train,0.5763413502057929,0.6203475967134108
GradientBoosting,Train,-0.4658517416748432,-0.488625341851846
GradientBoosting,Train,0.6231884057971003,0.5375941494634026
GradientBoosting,Train,1.363935283358457,1.3840793335877146
GradientBoosting,Train,0.7505083948513462,0.7356064952371164
GradientBoosting,Train,0.7168825761045695,0.6767584396267811
GradientBoosting,Train,0.1569739382239341,0.15831214757856227
GradientBoosting,Train,0.6760563380281691,0.7105338997744689
GradientBoosting,Train,-0.3668744088311774,-0.3554337120173838
GradientBoosting,Train,-0.1059519103518204,-0.10214026644334519
GradientBoosting,Train,-0.612646032378238,-0.6444615847125779
GradientBoosting,Train,-0.7628438624246476,-0.7280113399854038
GradientBoosting,Train,-0.08092190762392612,-0.09661253559920961
GradientBoosting,Train,0.4489574959155591,0.43789128589338966
GradientBoosting,Train,-2.705549293202082,-2.7178785314906997
GradientBoosting,Train,0.8792796600840976,0.9248055514420029
GradientBoosting,Train,0.9612068965517243,0.9761978795197088
GradientBoosting,Train,0.9708116108725178,0.8855905985682276
GradientBoosting,Train,-0.2099009373137068,-0.17738977782213344
GradientBoosting,Train,0.8178119194823461,0.7831383631022045
GradientBoosting,Train,0.3559122080332726,0.3561649233562556
GradientBoosting,Train,-0.2678362573099414,-0.28780342564330075
GradientBoosting,Train,0.8796692056320535,0.917256540937599
GradientBoosting,Train,1.308724832214764,1.3068671830468748
GradientBoosting,Train,0.0594209901149536,0.044534221890728226
GradientBoosting,Train,-0.2340726776061404,-0.24014144268453755
GradientBoosting,Train,-0.3031709948236987,-0.2308449115395777
GradientBoosting,Train,0.4342288918608878,0.4159029442822853
GradientBoosting,Train,-0.1762586357436119,-0.14732164287139365
GradientBoosting,Train,-0.00877392430750515,0.008662794446561565
GradientBoosting,Train,-0.2225132903568139,-0.05196527405320522
GradientBoosting,Train,0.18155415475718,0.19424529245332642
GradientBoosting,Train,0.5267037346185933,0.5163878247098636
GradientBoosting,Train,0.3856062735983122,0.3777840720517151
GradientBoosting,Train,1.126315789473682,1.1269508089404163
GradientBoosting,Train,0.686155075454263,0.678437969757868
GradientBoosting,Train,0.9365132613368841,0.8950086116188102
GradientBoosting,Train,0.4487098600393338,0.45934482570374363
GradientBoosting,Train,0.4509957088161992,0.43711548963565167
GradientBoosting,Train,0.7403626894942439,0.7090740629014785
GradientBoosting,Train,-0.1172728120892211,0.18597776330099178
GradientBoosting,Train,0.2907935616990988,0.38755845527289173
GradientBoosting,Train,-0.05787918913275993,-0.05318430749145081
GradientBoosting,Train,-0.7628438624246476,-0.803077323118292
GradientBoosting,Train,0.7237976748508552,0.708202686739795
GradientBoosting,Train,-0.7827067862373733,-0.7914545820189453
GradientBoosting,Train,1.130976691605617,1.1042460757783368
GradientBoosting,Train,0.1066751967046165,0.1000276148523418
GradientBoosting,Train,0.3254607304414622,0.305208014116014
GradientBoosting,Train,-0.2469177919249304,-0.25111332132716907
GradientBoosting,Train,0.03730594077925276,0.031727191007970945
GradientBoosting,Train,-1.563758389261749,-1.5940231470589985
GradientBoosting,Train,1.004815141474574,1.073812027899503
GradientBoosting,Train,0.8067164667100035,0.7906144627719327
GradientBoosting,Train,0.9881114906350605,0.9949672461901526
GradientBoosting,Train,0.6479448198198187,0.6543007371049534
GradientBoosting,Train,0.02081696013925367,0.021392630781757516
GradientBoosting,Train,0.2647773159802437,0.24509583777416227
GradientBoosting,Train,-0.4315653747438915,-0.436322239910318
GradientBoosting,Train,0.1366562824506729,0.13976895219403224
GradientBoosting,Train,0.1647522604652088,0.13734791878761307
GradientBoosting,Train,1.082621082621084,1.0899771206815878
GradientBoosting,Train,0.06037703633173449,0.10034158177855351
GradientBoosting,Train,-0.006203087965272839,0.037732857833339524
GradientBoosting,Train,0.7237976748508552,0.708202686739795
GradientBoosting,Train,1.100763643371112,1.010640576776759
GradientBoosting,Train,-0.1762586357436113,-0.08999578137993265
GradientBoosting,Train,-0.8301121378671653,-0.8366021086230815
GradientBoosting,Train,0.8035528064607984,0.7857893598114456
GradientBoosting,Train,1.283198266190026,1.2672917094867675
GradientBoosting,Train,1.150595882990248,1.1287388845374329
GradientBoosting,Train,-0.01733477789815788,-0.046440638219717216
GradientBoosting,Train,-1.516444298028881,-1.5032260706286804
GradientBoosting,Train,0.8020207517719758,0.8123456830642496
GradientBoosting,Train,-0.9827586206896575,-0.9885003578729031
GradientBoosting,Train,0.173186268412274,0.1873073148309748
GradientBoosting,Train,0.4034029043735392,0.39550356125978103
GradientBoosting,Train,1.398347107438026,1.4008441629322723
GradientBoosting,Train,-0.4724680904466963,-0.48144496195108594
GradientBoosting,Train,-1.20966708761141,-1.2455890413413302
GradientBoosting,Train,-2.323341080224196,-2.2948051221859043
GradientBoosting,Train,0.5459451160618883,0.5342893917641188
GradientBoosting,Train,-2.334481075108565,-2.325497245727543
GradientBoosting,Train,0.1206896551724121,0.09860741999833338
GradientBoosting,Train,-0.05978886246861603,-0.05059708120166848
GradientBoosting,Train,-2.052455067076556,-2.0528992923193945
GradientBoosting,Train,0.2775007758356284,0.252877509787233
GradientBoosting,Train,0.6621085853152393,0.6734967108324309
GradientBoosting,Train,0.422413793103446,0.41730989897828996
GradientBoosting,Train,-0.9145720716388055,-0.9147295978474291
GradientBoosting,Train,0.6410063608375752,0.6331619617032936
GradientBoosting,Train,-2.323341080224196,-2.2948051221859043
GradientBoosting,Train,0.380211241711606,0.37212854800771067
GradientBoosting,Train,0.359835482339888,0.36652115850771677
GradientBoosting,Train,-1.364902075136013,-1.353285700483743
GradientBoosting,Train,0.2880888597640699,0.2822193748681441
GradientBoosting,Train,0.1657598875739492,0.16486960969348377
GradientBoosting,Train,0.3459994779145614,0.32328079405201116
GradientBoosting,Train,-2.203831209357573,-2.1751831248511477
GradientBoosting,Train,-0.1953198127925111,-0.03798847932558236
GradientBoosting,Train,0.4679182470163208,0.46962809138199013
GradientBoosting,Train,0.7762863534675611,0.7667962595061757
GradientBoosting,Train,0.686155075454263,0.6586269194295418
GradientBoosting,Train,-0.4836373832160348,-0.4020886319211651
GradientBoosting,Train,1.395341273599259,1.3612229257570678
GradientBoosting,Train,0.6483600109809317,0.53497499788762
GradientBoosting,Train,-0.04375512696868296,-0.026895450843109493
GradientBoosting,Train,0.148594545749752,0.15770536487055484
GradientBoosting,Train,0.2304489213782739,0.2268995973643624
GradientBoosting,Train,0.06427457098283858,0.09020812891024664
GradientBoosting,Train,0.05803546917037159,0.06439046827402263
GradientBoosting,Train,-0.4089353929735008,-0.46730338897457324
GradientBoosting,Train,1.187969924812029,1.194359815543547
GradientBoosting,Train,0.1647522604652088,0.12736196289873597
GradientBoosting,Train,-0.110008534838633,-0.10831612180578364
GradientBoosting,Train,-0.51427857351842,-0.5094346217931764
GradientBoosting,Train,0.4126109061603624,0.41355120863967626
GradientBoosting,Train,-0.1760912590556817,-0.19608466670675212
GradientBoosting,Train,0.2807537335508451,0.252395121910219
GradientBoosting,Train,2.388059618193226,2.369206628242448
GradientBoosting,Train,0.541283490742574,0.5147817471899804
GradientBoosting,Train,-2.718967130186474,-2.6875859387495966
GradientBoosting,Train,0.3432623561190514,0.3524272830580238
GradientBoosting,Train,1.080536912751675,1.0936479671957406
GradientBoosting,Train,0.5546959574620433,0.5287220248489151
GradientBoosting,Train,0.2962164173101657,0.2916573491725921
GradientBoosting,Train,0.0,0.019113883253845398
GradientBoosting,Train,0.08054025763564433,0.10247952321448474
GradientBoosting,Train,0.2126080928814434,0.17965690374940607
GradientBoosting,Train,0.6779252076177129,0.7172483592746155
GradientBoosting,Train,1.278753600952829,1.3080564966435122
GradientBoosting,Train,-0.004364805402450088,-0.005253026597864396
GradientBoosting,Train,0.6526722071108372,0.6381846171688825
GradientBoosting,Train,0.6982266185371769,0.6989741892244956
GradientBoosting,Train,1.076276352144377,1.0802584026572575
GradientBoosting,Train,-0.0893755951107988,-0.11586277262525306
GradientBoosting,Train,-0.7907934207082596,-0.8035001114064358
GradientBoosting,Train,-1.278559880703671,-1.2940598912893695
GradientBoosting,Train,-0.7718752999018175,-0.782646029263155
GradientBoosting,Train,0.5546959574620433,0.5287220248489151
GradientBoosting,Train,0.04614998447069624,0.0532055024819203
GradientBoosting,Train,0.4655717305742211,0.46002013850570234
GradientBoosting,Train,1.201397124320452,1.2410138077847
GradientBoosting,Train,1.02938377768521,1.0816776204959602
GradientBoosting,Train,0.380211241711606,0.25431000739987153
GradientBoosting,Train,0.1166176813015091,0.1547630003019795
GradientBoosting,Train,0.6335218433719506,0.6364497287104576
GradientBoosting,Train,0.1872386198314787,0.17997850398000112
GradientBoosting,Train,0.3468309859154933,0.3289361402147392
GradientBoosting,Train,0.6052964725395565,0.6307872614732702
GradientBoosting,Train,0.4034029043735392,0.39550356125978103
GradientBoosting,Train,0.04260470370605519,0.024679463753439355
GradientBoosting,Train,-2.634968218916374,-2.5653363804791565
GradientBoosting,Train,-0.9651162790697718,-0.932171253674786
GradientBoosting,Train,-0.3135371308479524,-0.283574380137475
GradientBoosting,Train,-0.2525162145712102,-0.26568070268183547
GradientBoosting,Train,0.6018447179733589,0.595524769139451
GradientBoosting,Train,-1.102338512076255,-1.1058094784789851
GradientBoosting,Train,0.01703333929878037,-0.00028344006296543314
GradientBoosting,Train,0.1256895334971941,0.11362381390347343
GradientBoosting,Train,-0.8232758620689614,-0.8295021527352753
GradientBoosting,Train,-0.08471373464762134,-0.03268467614235271
GradientBoosting,Train,0.1883035851650658,0.15200734220831424
GradientBoosting,Train,-0.168693863576964,-0.1681093716615983
GradientBoosting,Train,0.5118833609788743,0.7356064952371164
GradientBoosting,Train,0.4471580313422192,0.491205451857165
GradientBoosting,Train,-2.144640275261264,-2.1189308794468595
GradientBoosting,Train,0.5754147908402901,0.5868771164352796
GradientBoosting,Train,-0.1563012307056405,-0.14914297088923986
GradientBoosting,Train,0.5185139398778874,0.5423359226862678
GradientBoosting,Train,-0.2500000000000024,-0.25503843244018226
GradientBoosting,Train,-0.9021734110319146,-0.9681638550510278
GradientBoosting,Train,-0.1029641185647424,-0.09467986862895414
GradientBoosting,Train,0.2424445151694238,0.23725954499923096
GradientBoosting,Train,0.06787330316741842,0.019113883253845398
GradientBoosting,Train,0.6901960800285137,0.7278964333614062
GradientBoosting,Train,0.9612068965517243,0.9761978795197088
GradientBoosting,Train,0.5862831858407086,0.58154124608886
GradientBoosting,Train,0.146128035678238,0.019113883253845398
GradientBoosting,Train,0.5805468137587243,0.5295517134511126
GradientBoosting,Train,0.1639004149377578,0.13241906372665874
GradientBoosting,Train,0.436162647040756,0.53497499788762
GradientBoosting,Train,0.6627578316815741,0.6315496161329588
GradientBoosting,Train,1.143014800254095,1.144734912358008
GradientBoosting,Train,0.8389261744966443,0.8381679010125965
GradientBoosting,Train,0.2964118564742571,0.09020812891024664
GradientBoosting,Train,0.001069865533045818,-0.03767632405788288
GradientBoosting,Train,0.380211241711606,0.37212854800771067
GradientBoosting,Train,0.8650442477876106,0.8427161096996898
GradientBoosting,Train,-0.3091286307053941,-0.28434823561600675
GradientBoosting,Train,-0.004364805402450088,-0.005253026597864396
GradientBoosting,Train,0.5570638505655185,0.5333304906869737
GradientBoosting,Train,0.03710686132560858,0.03560597983249874
GradientBoosting,Train,-0.2218487496163564,-0.17946836242247177
GradientBoosting,Train,-0.00620308796527328,-0.040629394090053395
GradientBoosting,Train,-0.4396694214875904,-0.45730242663184173
GradientBoosting,Train,0.5814674032073606,0.5798097633024389
GradientBoosting,Train,0.4040313015268496,0.4069145266905124
GradientBoosting,Train,-1.114147993293855,-1.1351957846237943
GradientBoosting,Train,-1.615697591672981,-1.61817881211529
GradientBoosting,Train,-0.01749782701560991,0.024852751101950347
GradientBoosting,Train,0.3483048630481607,0.35163002144533584
GradientBoosting,Train,0.6299402678187999,0.6403595043192968
GradientBoosting,Train,0.7618945674400744,0.7139286376422549
GradientBoosting,Train,0.290034611362518,0.3320453885623346
GradientBoosting,Train,-0.02664130105864902,-0.020023520167524917
GradientBoosting,Train,0.1765990639625574,0.09020812891024664
GradientBoosting,Train,0.4741255587590221,0.4913552680084221
GradientBoosting,Train,0.04532297878665748,0.049054284197787935
GradientBoosting,Train,-1.851851851851851,-1.8704527064232161
GradientBoosting,Train,1.036353115842418,1.0162998294810548
GradientBoosting,Train,0.7388055682705498,0.7302475861625881
GradientBoosting,Train,0.5742145178764892,0.5518491474910961
GradientBoosting,Train,-0.055377791833341,-0.045342911216531834
GradientBoosting,Train,1.608501118568232,1.620395878002298
GradientBoosting,Train,-0.4780893042575287,-0.4699565534899287
GradientBoosting,Train,-0.3093052782018357,-0.2975757318251858
GradientBoosting,Train,0.6002076843198328,0.5866959054931097
GradientBoosting,Train,1.03342375548695,0.917256540937599
GradientBoosting,Train,0.5587085705331657,0.491205451857165
GradientBoosting,Train,0.6558037511164472,0.6380276199148754
GradientBoosting,Train,1.094342640722355,1.0729903709059747
GradientBoosting,Train,0.6137179964990436,0.5875582289307526
GradientBoosting,Train,-0.1033429559749049,-0.004104073213831112
GradientBoosting,Train,-1.163675884293248,-1.1564708478271237
GradientBoosting,Train,-0.4416951356407078,-0.4461906401411108
GradientBoosting,Train,0.2166847237269759,0.24830380042101421
GradientBoosting,Train,-1.397940008672037,-1.3964116756886553
GradientBoosting,Train,-0.8340240248307097,-0.7828811764774386
GradientBoosting,Train,0.9711055276381912,0.9579611413752522
GradientBoosting,Train,0.06037703633173826,0.10944344275958974
GradientBoosting,Train,0.7239819004524883,0.7183823460682116
GradientBoosting,Train,-0.9827586206896575,-0.9885003578729031
GradientBoosting,Train,0.1639004149377578,0.13241906372665874
GradientBoosting,Train,0.6283889300503115,0.4625859323752502
GradientBoosting,Train,0.07879884639939841,0.08676930183708337
GradientBoosting,Train,1.146941207143456,1.1325753432916719
GradientBoosting,Train,0.3074960379132129,0.4625859323752502
GradientBoosting,Train,0.7189234367587567,0.7115768642951086
GradientBoosting,Train,0.3801976569746794,0.36260824946896536
GradientBoosting,Train,-0.3061000384340861,-0.32654238308200917
GradientBoosting,Train,-1.221064605101569,-1.2296463294865856
GradientBoosting,Train,0.8426092396105621,0.8706002387369838
GradientBoosting,Train,0.4638929889859073,0.4987024957489276
GradientBoosting,Train,-0.05698339270242879,-0.056204359721240015
GradientBoosting,Train,-0.7458094490628238,-0.7077724365950149
GradientBoosting,Train,0.5383765017273076,0.5286499148421583
GradientBoosting,Train,0.3304137733491909,0.36652115850771677
GradientBoosting,Train,1.382743362831857,1.3548226259339085
GradientBoosting,Train,0.6373245098685487,0.651552691904581
GradientBoosting,Train,0.3318965517241376,0.3374803882726777
GradientBoosting,Train,-1.300144134463074,-1.2207420205553903
GradientBoosting,Train,0.000184675759379702,-0.024639621613879895
GradientBoosting,Train,-0.2365720064370627,-0.18548107370942776
GradientBoosting,Train,0.6532125137753437,0.653607731170373
GradientBoosting,Train,0.3029055729718366,0.2970236084581853
GradientBoosting,Train,-0.2218487496163564,0.019113883253845398
GradientBoosting,Train,0.9495487209058864,0.93345177871875
GradientBoosting,Train,0.2600216684723708,0.2219974228920426
GradientBoosting,Train,-0.01635820640686767,0.38755845527289173
GradientBoosting,Train,-0.2881198278471295,-0.2746861896485524
GradientBoosting,Train,0.8142475957319202,0.7714858518374746
GradientBoosting,Train,1.050866019970613,1.0390115547783245
GradientBoosting,Train,0.5118833609788743,0.7356064952371164
GradientBoosting,Train,-0.3720391624218937,-0.40600861798314136
GradientBoosting,Train,0.5265032835812309,0.5314097098834261
GradientBoosting,Train,-0.0767550702028087,-0.09467986862895414
GradientBoosting,Train,0.6211762817750351,0.6203475967134108
GradientBoosting,Train,-2.777665566310111,-2.8243112034993842
GradientBoosting,Train,0.3502480183341629,0.3320453885623346
GradientBoosting,Train,0.9365132613368845,0.9014468933115634
GradientBoosting,Train,0.5049560752439612,0.504109782973669
GradientBoosting,Train,-0.5742492738010503,-0.5616403038645248
GradientBoosting,Train,0.07980012213427638,0.09670595776978973
GradientBoosting,Train,-1.629310344827578,-1.6298941206464903
GradientBoosting,Train,0.1888069379391503,0.17997850398000112
GradientBoosting,Train,0.6365584913426995,0.6172748252540267
GradientBoosting,Train,0.04550379198266516,0.02540319282999364
GradientBoosting,Train,-1.972093023255811,-1.9726764200404718
GradientBoosting,Train,-1.278559880703671,-1.2940598912893695
GradientBoosting,Train,0.6421052631578948,0.6412273972975447
GradientBoosting,Train,-2.522878745280337,-2.502599235843366
GradientBoosting,Train,-0.3113613671456985,-0.2971253496343754
GradientBoosting,Train,-0.129219291822582,-0.11800543742922724
GradientBoosting,Train,-1.516444298028881,-1.5032260706286804
GradientBoosting,Train,-0.9651162790697718,-0.932171253674786
GradientBoosting,Train,-0.1135092748275181,-0.06513425840446839
GradientBoosting,Train,0.3549473425726017,0.3819821180042901
GradientBoosting,Train,0.8636528625639327,0.8484600453659237
GradientBoosting,Train,-0.9145720716388055,-0.9147295978474291
GradientBoosting,Train,-0.8086184995011162,-0.8217968508832868
GradientBoosting,Train,-1.351639989019068,-1.3519994486882307
GradientBoosting,Train,0.4065401804339551,0.41238706748503967
GradientBoosting,Train,0.2647773159802437,0.24509583777416227
GradientBoosting,Train,0.7194451609763224,0.7077417708580083
GradientBoosting,Train,0.7114680014156944,0.7306870682187403
GradientBoosting,Train,0.08563466276372743,0.09967399691506315
GradientBoosting,Train,-0.985231158620319,-0.9653081095704978
GradientBoosting,Train,0.3747483460101039,0.3320453885623346
GradientBoosting,Train,-0.08471373464762134,-0.03268467614235271
GradientBoosting,Train,0.3222192947339193,0.2886115858138374
GradientBoosting,Train,-1.785155875122728,-1.770456328038849
GradientBoosting,Train,0.1208778733641796,0.15057059920380028
GradientBoosting,Train,0.290034611362518,0.3320453885623346
GradientBoosting,Train,-0.2372093023255822,-0.1948045802088812
GradientBoosting,Train,-1.568636235841013,-1.5979282035445859
GradientBoosting,Train,0.5250677226597732,0.5208920975461242
GradientBoosting,Train,1.305958561063182,1.223026334920675
GradientBoosting,Train,-0.1321607680099658,-0.1527764006074786
GradientBoosting,Train,-0.3841226480657678,-0.3048783758029121
GradientBoosting,Train,-2.144640275261264,-2.1189308794468595
GradientBoosting,Train,-0.168693863576964,-0.1681093716615983
GradientBoosting,Train,0.3926969532596657,0.36652115850771677
GradientBoosting,Train,0.082934622503059,0.0841000925015141
GradientBoosting,Train,-0.3954987090480164,-0.3002455778048736
GradientBoosting,Train,-2.698970004336019,-2.6964181235476388
GradientBoosting,Train,0.7386467155148417,0.7089210361481716
GradientBoosting,Train,0.5344053974388362,0.5448910221364436
GradientBoosting,Train,1.133825549864817,1.1486132620268479
GradientBoosting,Train,-0.9827586206896575,-0.9885003578729031
GradientBoosting,Train,0.4070585517469932,0.40122854849523043
GradientBoosting,Train,-0.3188767550702024,-0.09467986862895414
GradientBoosting,Train,0.03204710545330516,0.014618917210456394
GradientBoosting,Train,0.4313637641589874,0.4328896192720557
GradientBoosting,Train,0.1206896551724121,0.09860741999833338
GradientBoosting,Train,-1.014876033057834,-1.0243219930202396
GradientBoosting,Train,1.02530586526477,0.917256540937599
GradientBoosting,Train,0.4603305929511411,0.4869542020365996
GradientBoosting,Train,-0.7884826218653814,-0.7894484061999167
GradientBoosting,Train,0.6387979239767979,0.6031081228853029
GradientBoosting,Train,0.1967213902982204,0.20253993907110954
GradientBoosting,Train,-1.572614107883811,-1.6050811834334162
GradientBoosting,Train,-0.225488800760079,-0.2290826344061058
GradientBoosting,Train,-0.528820300569675,-0.5414656456312266
GradientBoosting,Train,-0.02672178766989199,-0.025675478186746013
GradientBoosting,Train,0.3029055729718366,0.2970236084581853
GradientBoosting,Train,-2.323341080224196,-2.3332563576433207
GradientBoosting,Train,0.2485127322208998,0.2438967914118108
GradientBoosting,Train,0.06666840180628056,0.019113883253845398
GradientBoosting,Train,0.08040478333155002,0.11056112852497652
GradientBoosting,Train,0.449180152337384,0.4625447174768835
GradientBoosting,Train,0.5387931034482746,0.5280399703821137
GradientBoosting,Train,0.8234019501625136,0.7819374448559974
GradientBoosting,Train,-0.05787918913275993,-0.05318430749145081
GradientBoosting,Train,0.9436090225563907,0.9416032713740335
GradientBoosting,Train,-0.3154362416107405,-0.3167030838106156
GradientBoosting,Train,0.06392869562034259,0.05845711937003196
GradientBoosting,Train,0.7375901662857216,0.7211617126774946
GradientBoosting,Train,0.6052964725395565,0.6307872614732702
GradientBoosting,Train,0.4349897524434111,0.39914867178359903
GradientBoosting,Train,0.6988119920145542,0.6955108691668883
GradientBoosting,Train,-0.03621217265444471,-0.06513425840446839
GradientBoosting,Train,0.6532125137753437,0.658157330087593
GradientBoosting,Train,-2.090225563909775,-2.102520695623048
GradientBoosting,Train,1.001698847035765,0.8227130607668479
GradientBoosting,Train,-0.162941534687887,-0.12151163196699794
GradientBoosting,Train,-0.3113613671456985,-0.2971253496343754
GradientBoosting,Train,0.6106601630898799,0.6203475967134108
GradientBoosting,Train,-0.3189655172413801,-0.3029930862558232
GradientBoosting,Train,0.6211762817750351,0.6203475967134108
GradientBoosting,Train,1.133825549864817,1.1486132620268479
GradientBoosting,Train,-1.290730039024169,-1.2781513451502673
GradientBoosting,Train,-0.3665158371040725,-0.37573489787985004
GradientBoosting,Train,0.8122446968003693,0.7356064952371164
GradientBoosting,Train,0.729439713313603,0.7177528253152508
GradientBoosting,Train,-2.270100502512563,-2.3113663542305702
GradientBoosting,Train,0.8061799739838872,0.8261961113195547
GradientBoosting,Train,-1.364902075136013,-1.353285700483743
GradientBoosting,Train,0.3997834418988355,0.4150083877022162
GradientBoosting,Train,1.344392273685111,1.2410138077847
GradientBoosting,Train,0.7795964912578245,0.7791033530391026
GradientBoosting,Train,0.7160033436347992,0.7385430072303337
GradientBoosting,Train,-0.3279021420642826,-0.3419193573074506
GradientBoosting,Train,0.7744360902255635,0.790308765666068
GradientBoosting,Train,0.4432770075955701,0.4322837844464195
GradientBoosting,Train,-0.00877392430750515,0.008662794446561565
GradientBoosting,Train,-0.3154362416107405,-0.3167030838106156
GradientBoosting,Train,-0.02672178766989199,-0.025675478186746013
GradientBoosting,Train,0.6306396086247502,0.6351761655452537
GradientBoosting,Train,0.9572567783094088,0.9475643325170172
GradientBoosting,Train,0.07358456455093211,0.09190828877213571
GradientBoosting,Train,0.5279857113140554,0.4919089058014546
GradientBoosting,Train,0.8248316567500222,0.5658061603550875
GradientBoosting,Train,0.6724323295111406,0.6850471780772194
GradientBoosting,Train,0.146128035678238,0.11315505156133429
GradientBoosting,Train,0.06392869562034259,0.05845711937003196
GradientBoosting,Train,-0.2383566602316601,-0.26479830127301035
GradientBoosting,Train,0.6149590534401633,0.6068424416002508
GradientBoosting,Train,0.3463529744506387,0.491205451857165
GradientBoosting,Train,0.0243369734789374,-0.09467986862895414
GradientBoosting,Train,-0.7152802629955829,-0.7179808174178536
GradientBoosting,Train,0.9425041061680807,0.9700201636224403
GradientBoosting,Train,0.4471580313422192,0.4451923010685684
GradientBoosting,Train,0.210118641008524,0.5658061603550875
GradientBoosting,Train,-2.323341080224196,-2.3332563576433207
GradientBoosting,Train,-1.199748743718593,-1.1925807911944282
GradientBoosting,Train,-1.441695135640719,-1.4581290195519736
GradientBoosting,Train,1.093599819380088,1.1300693932267598
GradientBoosting,Train,0.9091346748392991,0.9269897042729699
GradientBoosting,Train,0.6754239863370415,0.6763331626834596
GradientBoosting,Train,-0.9126967386229311,-0.9019932375866313
GradientBoosting,Train,0.4070585517469932,0.3741122402207748
GradientBoosting,Train,0.5014171282441098,0.5251803002717429
GradientBoosting,Train,0.6720978579357175,0.662320615736463
GradientBoosting,Train,0.8577031944274324,0.861045643968331
GradientBoosting,Train,0.7107438016529042,0.7076192036411886
GradientBoosting,Train,0.8723520098382468,0.917256540937599
GradientBoosting,Train,0.5734581149493531,0.5972364412303565
GradientBoosting,Train,0.7971694225490045,0.8023721715041106
GradientBoosting,Train,-1.221064605101569,-1.2296463294865856
GradientBoosting,Train,0.2600713879850748,0.29002464531801625
GradientBoosting,Train,0.7302275189599128,0.700099135863794
GradientBoosting,Train,0.6373245098685487,0.651552691904581
GradientBoosting,Train,1.394451680826216,1.2410138077847
GradientBoosting,Train,0.9163342758539162,0.9620934322150124
GradientBoosting,Train,0.02214307063863684,0.015104633528115956
GradientBoosting,Train,0.5496719218682735,0.5459994932150514
GradientBoosting,Train,-0.7933871979013215,-0.782306577285359
GradientBoosting,Train,-0.07051482059282402,-0.03798847932558236
GradientBoosting,Train,-1.517084431448743,-1.5013786081891072
GradientBoosting,Train,0.2477360902479951,0.22183806758138364
GradientBoosting,Train,1.031407035175877,1.0693810220058013
GradientBoosting,Train,-1.863570317441311,-1.8158434357761915
GradientBoosting,Train,1.080536912751675,1.0936479671957406
GradientBoosting,Train,0.3534526924483971,0.35540306353514023
GradientBoosting,Train,-1.112831858407081,-1.1427392268457601
GradientBoosting,Train,0.249877473216598,0.34326388542840136
GradientBoosting,Train,-0.1763846362985451,-0.15910631778699116
GradientBoosting,Train,0.4653828514484183,0.4615302076778002
GradientBoosting,Train,0.3971129200300176,0.42883875102959956
GradientBoosting,Train,0.648364110491845,0.6203475967134108
GradientBoosting,Train,1.174641192660449,1.1529992790264179
GradientBoosting,Train,0.5587284924162972,0.5393228738722231
GradientBoosting,Train,-0.2770149382233361,-0.2699309054503463
GradientBoosting,Train,0.1789541471922132,0.18664750083591358
GradientBoosting,Train,-0.8196731304698925,-0.8339263901059628
GradientBoosting,Train,-0.6073030467403343,-0.606426465041072
GradientBoosting,Train,1.142241379310341,1.109141944359609
GradientBoosting,Train,-1.214824120603015,-1.1902423172103775
GradientBoosting,Test,0.3324384599156053,0.53497499788762
GradientBoosting,Test,3.164179103238849,1.7336720323619397
GradientBoosting,Test,0.5014171282441098,0.5251803002717429
GradientBoosting,Test,-0.3061000384340861,-0.32654238308200917
GradientBoosting,Test,0.5209109372834104,0.5183348989790751
GradientBoosting,Test,0.2184674937789584,0.13126288406931091
GradientBoosting,Test,-0.6189591078066927,-0.835491863518108
GradientBoosting,Test,-0.08633414873527591,-0.11331946264642108
GradientBoosting,Test,1.094342640722355,1.0729903709059747
GradientBoosting,Test,0.9931205342354806,0.8394002477970707
GradientBoosting,Test,-0.8313241449568525,-0.8659949745418355
GradientBoosting,Test,-0.5408689174769996,-0.5159614401762406
GradientBoosting,Test,0.0649854939798157,-0.11958743422375953
GradientBoosting,Test,-0.9633176592446268,-0.7180888577172034
GradientBoosting,Test,-0.8239087409443188,-1.0654242185509128
GradientBoosting,Test,-0.2992233682875201,-0.5758093550791233
GradientBoosting,Test,0.4271453189369645,0.44240641671954856
GradientBoosting,Test,0.4415191304571257,0.4162934276455862
GradientBoosting,Test,0.8292314636701624,0.8394002477970707
GradientBoosting,Test,0.290034611362518,0.3320453885623346
GradientBoosting,Test,-0.6595299383442075,-0.5448761035783584
GradientBoosting,Test,1.283198266190026,1.2672917094867675
GradientBoosting,Test,0.4275633669545613,0.47170308014884715
GradientBoosting,Test,-1.071860922666721,-1.1192045432014437
GradientBoosting,Test,0.07018822533816348,0.01995119596259406
GradientBoosting,Test,-0.03068512285530053,0.5739234674208399
GradientBoosting,Test,0.3344537511509309,0.3320453885623346
GradientBoosting,Test,0.04614998447069624,0.0532055024819203
GradientBoosting,Test,-0.2924298239020636,-0.06513425840446839
GradientBoosting,Test,0.414973347970818,0.38358921800599066
GradientBoosting,Test,0.6548599518166115,0.5892583210635385
GradientBoosting,Test,0.761745810919945,0.6450753682097362
GradientBoosting,Test,0.6315789473684207,0.5530482082992542
GradientBoosting,Test,1.01169221234297,1.073812027899503
GradientBoosting,Test,-1.452991452991453,-1.1374470275934423
GradientBoosting,Test,-0.7611389642143674,-0.6878361340766977
GradientBoosting,Test,0.1145400335558539,0.21550133852771108
GradientBoosting,Test,1.253437245309724,1.25057774194705
GradientBoosting,Test,-0.5938066216438812,-0.5806424562559628
GradientBoosting,Test,-1.719591275179851,-1.646709925273358
GradientBoosting,Test,0.3031960574204888,0.3320453885623346
GradientBoosting,Test,-0.1767241379310328,-0.14144449224275843
GradientBoosting,Test,-3.084170854271357,-2.622201230617477
GradientBoosting,Test,0.5881912753291252,0.6082779921901792
GradientBoosting,Test,0.8292314636701619,0.799228764137256
GradientBoosting,Test,0.568201724066995,0.5365439328890649
GradientBoosting,Test,0.3119932648840557,0.2928545313141433
GradientBoosting,Test,0.3426900584795311,0.23731462335615214
GradientBoosting,Test,-1.05000038465533,-0.9663863778562873
GradientBoosting,Test,0.6242820958356683,0.6203475967134108
GradientBoosting,Test,-0.3841226480657678,-0.3048783758029121
GradientBoosting,Test,-0.7628438624246476,-0.7280113399854038
GradientBoosting,Test,-1.517084431448743,-1.5013786081891072
GradientBoosting,Test,0.7294593264839196,0.5085298681039578
GradientBoosting,Test,0.8965262174895553,0.7356064952371164
GradientBoosting,Test,-1.448275862068967,-1.4729756825340456
GradientBoosting,Test,0.6052964725395565,0.5976828509877417
GradientBoosting,Test,0.6020599913279624,0.3574138460454021
GradientBoosting,Test,-0.3841226480657678,-0.3048783758029121
GradientBoosting,Test,0.4248088801709484,0.5435131989074578
GradientBoosting,Test,-0.01106194690265572,0.082511164282849
GradientBoosting,Test,0.7618945674400744,0.7139286376422549
GradientBoosting,Test,0.03779758291381349,0.5038246005903916
GradientBoosting,Test,-0.07719576496805934,0.4834943507720787
GradientBoosting,Test,-1.105822721176797,-0.6414373669728741
GradientBoosting,Test,-0.2500000000000024,-0.25503843244018226
GradientBoosting,Test,-0.3824561403508766,-0.2929698316895639
GradientBoosting,Test,2.086283185840707,1.2916083978294286
GradientBoosting,Test,0.3982725127375335,0.2713252827574321
GradientBoosting,Test,0.5587085705331657,0.491205451857165
GradientBoosting,Test,0.3596766725050837,0.37061377778838706
GradientBoosting,Test,0.3010299956639812,0.25431000739987153
GradientBoosting,Test,-0.163262387944784,-0.048238400235059466
GradientBoosting,Test,-0.1364894692937454,-0.43216663744713973
GradientBoosting,Test,0.4754464211067237,0.5275577116902673
GradientBoosting,Test,-0.1364894692937454,-0.43216663744713973
GradientBoosting,Test,0.5185139398778874,0.5412604556377117
GradientBoosting,Test,0.5433383280405261,0.46001149067047475
GradientBoosting,Test,0.05803546917037159,0.06439046827402263
GradientBoosting,Test,-0.744727494896694,-0.5725779956786851
GradientBoosting,Test,-0.5631007681788924,-0.4221248095905617
GradientBoosting,Test,1.133825549864817,1.1486132620268479
GradientBoosting,Test,0.4776604850213967,0.5192562906472002
GradientBoosting,Test,-0.09691001300805639,0.019113883253845398
GradientBoosting,Test,1.50559284116331,1.516411888383556
GradientBoosting,Test,1.076276352144377,1.0802584026572575
GradientBoosting,Test,0.436162647040756,0.5011878853555465
GradientBoosting,Test,-0.1986570869544228,-0.1260812875063751
GradientBoosting,Test,0.3463529744506387,0.3320453885623346
GradientBoosting,Test,-0.02059282371294896,0.09020812891024664
GradientBoosting,Test,0.583638190231899,0.4181408641343716
GradientBoosting,Test,0.5484338463910386,0.5827516623627307
GradientBoosting,Test,0.7971694225490045,0.8023721715041106
GradientBoosting,Test,-0.9285714285714313,-0.8352490960610901
GradientBoosting,Test,-1.599246231155778,-1.8853638517484241
GradientBoosting,Test,0.6354837468149122,0.6750711791368563
GradientBoosting,Test,0.7932016100908708,0.7996524311414955
GradientBoosting,Test,0.5670263661590603,0.553918375699543
GradientBoosting,Test,0.4393326938302626,0.08118625350393266
GradientBoosting,Test,0.4158977539238713,0.7306870682187403
GradientBoosting,Test,-0.4090614296906621,-0.1923081313532627
GradientBoosting,Test,0.5014171282441111,0.8950086116188102
GradientBoosting,Test,-0.5144205230153214,-1.3502461859776882
GradientBoosting,Test,-0.001233048413828201,-0.01510503502724686
GradientBoosting,Test,1.107438016528938,0.8025170919113531
GradientBoosting,Test,0.6211762817750351,0.6203475967134108
GradientBoosting,Test,0.1003705451175629,-0.06513425840446839
GradientBoosting,Test,-0.5829875518672214,-0.342263958917975
GradientBoosting,Test,0.05690485133647256,0.0495341668383173
GradientBoosting,Test,0.2182287808022119,0.1373972444389954
GradientBoosting,Test,-1.97095435684647,-1.983780009419673
GradientBoosting,Test,0.6621085853152393,0.6734967108324309
GradientBoosting,Test,-0.624161073825504,-0.5869372297789889
GradientBoosting,Test,1.094342640722355,1.0729903709059747
GradientBoosting,Test,-1.337242168318426,-1.5457682151078533
GradientBoosting,Test,-0.4168875174404437,-0.4334809759781004
GradientBoosting,Test,0.3521825181113625,0.2832892741049047
GradientBoosting,Test,-0.7907934207082596,-0.8035001114064358
GradientBoosting,Test,0.6031443726201823,0.6203475967134108
GradientBoosting,Test,-2.300251256281407,-1.988796029999182
GradientBoosting,Test,0.6096866096866093,-0.2141404976932139
GradientBoosting,Test,0.3222192947339193,0.019113883253845398
GradientBoosting,Test,1.103190095954383,0.7256697423289487
GradientBoosting,Test,-0.2881198278471295,-0.2746861896485524
GradientBoosting,Test,0.4703209205104826,0.3734348947959373
GradientBoosting,Test,0.5796458917139012,0.5327759425258486
GradientBoosting,Test,0.5443965170527658,0.5037177747290112
GradientBoosting,Test,1.027249205777354,0.9983827501982938
GradientBoosting,Test,0.06037703633173449,0.10034158177855351
GradientBoosting,Test,0.6107382550335557,0.6309380035497425
GradientBoosting,Test,0.3778487999011506,0.40818049491458436
GradientBoosting,Test,0.5380082475606797,0.46591899841257417
GradientBoosting,Test,-0.6989700043360187,-0.6794400473624553
GradientBoosting,Test,0.6197183098591552,0.630393466002521
GradientBoosting,Test,-1.196026900731575,-1.197635528096661
GradientBoosting,Test,-0.624161073825504,-0.5869372297789889
GradientBoosting,Test,0.9163342758539162,0.9620934322150124
GradientBoosting,Test,0.0992694619521627,-0.023849313495989167
GradientBoosting,Test,0.2550304776875136,0.2564410475281874
GradientBoosting,Test,0.7023705927993015,1.1325753432916719
GradientBoosting,Test,0.07018822533816348,0.01995119596259406
GradientBoosting,Test,0.3480198017392754,0.2970236084581853
GradientBoosting,Test,-2.301029995663981,-2.2402077154695434
GradientBoosting,Test,1.39496674100774,0.9390175238680204
GradientBoosting,Test,1.142241379310341,1.109141944359609
GradientBoosting,Test,-0.4101744650890502,-0.3929706036766298
GradientBoosting,Test,0.5805468137587243,0.5295517134511126
GradientBoosting,Test,0.359835482339888,0.36652115850771677
GradientBoosting,Test,1.070422535211266,1.1273311655512863
GradientBoosting,Test,-1.407996505383249,-1.4588592644053158
GradientBoosting,Test,0.9296083526018456,1.073812027899503
GradientBoosting,Test,0.6434526764861874,0.6399106195552084
GradientBoosting,Test,1.142241379310341,1.109141944359609
GradientBoosting,Test,-1.535796071516882,-1.5267138039763286
GradientBoosting,Test,0.724275869600789,0.596510627144277
GradientBoosting,Test,-0.5742492738010503,-0.5616403038645248
GradientBoosting,Test,-1.105822721176797,-0.9585461082862139
GradientBoosting,Test,0.6532125137753437,0.6507675306246969
GradientBoosting,Test,0.5775344108563207,0.4968741296798298
GradientBoosting,Test,0.8389261744966443,0.8381679010125965
GradientBoosting,Test,1.050866019970613,1.0390115547783245
GradientBoosting,Test,-2.221848749616356,-2.426808235016916
GradientBoosting,Test,-0.326729107509616,-0.040209105253844815
GradientBoosting,Test,0.5763413502057929,0.6203475967134108
GradientBoosting,Test,0.4913616938342727,0.40122854849523043
GradientBoosting,Test,-0.4266006465360775,-0.7923107254144717
GradientBoosting,Test,0.7717853376544959,0.18597776330099178
GradientBoosting,Test,0.9049868953301389,0.8170802491768142
GradientBoosting,Test,0.3586960995738104,0.41939782041143253
GradientBoosting,Test,0.000184675759379702,-0.024639621613879895
GradientBoosting,Test,0.9041684928630465,0.8739416144126543
GradientBoosting,Test,0.7957746478873244,1.0224597737699292
GradientBoosting,Test,0.249877473216598,0.318227692539386
GradientBoosting,Test,0.2003166498975227,0.5658061603550875
GradientBoosting,Test,-0.09151498112135022,-0.7009118358017942
GradientBoosting,Test,-0.6344221105527648,-0.7239685503372866
GradientBoosting,Test,0.6532125137753437,0.8394002477970707
GradientBoosting,Test,0.7784019021736095,0.45628316796654683
GradientBoosting,Test,0.3344537511509309,0.3320453885623346
GradientBoosting,Test,-0.3967891925154016,-0.658808752249941
GradientBoosting,Test,0.8970760233918128,0.8215720576362078
GradientBoosting,Test,-0.2399638415280812,-0.06846313884898556
GradientBoosting,Test,-1.39907759602161,-1.0865421481923068
GradientBoosting,Test,0.5546959574620433,0.5287220248489151
GradientBoosting,Test,0.03061224489796073,-0.36828295409549033
GradientBoosting,Test,0.3344537511509309,0.3320453885623346
GradientBoosting,Test,-0.5685840707964614,-0.809883134959259
GradientBoosting,Test,0.0380313199105153,0.09235367808374034
GradientBoosting,Test,0.5185139398778874,0.5423359226862678
GradientBoosting,Test,-0.1053444761515942,-0.2227357237637309
GradientBoosting,Test,-0.275724130399211,-1.0654242185509128
GradientBoosting,Test,1.133538908370217,1.2410138077847
GradientBoosting,Test,-1.613074447739991,-1.230276420925144
GradientBoosting,Test,0.568201724066995,0.25431000739987153
GradientBoosting,Test,0.5368701749797076,0.5991046993821726
GradientBoosting,Test,-0.9145720716388055,-0.9147295978474291
GradientBoosting,Test,0.7150879065106778,0.7183823460682116
GradientBoosting,Test,-1.972093023255811,-1.9726764200404718
GradientBoosting,Test,-0.4165682858734546,-0.2917800580644675
GradientBoosting,Test,-0.2857142857142859,-0.30531232081003534
GradientBoosting,Test,0.000184675759379702,-0.024639621613879895
GradientBoosting,Test,-0.8232758620689672,-0.8279314568681531
GradientBoosting,Test,0.1641903726520483,0.1858860982257358
GradientBoosting,Test,0.5551647741760672,0.49578935198662816
GradientBoosting,Test,-1.20966708761141,-1.2455890413413302
GradientBoosting,Test,0.0649854939798157,-0.11958743422375953
GradientBoosting,Test,0.5250677226597745,0.5209927823565627
GradientBoosting,Test,0.07918124604762482,0.10219586355510328
GradientBoosting,Test,-0.428990367220233,-0.13692607747047106
GradientBoosting,Test,1.012034255098913,1.0538967195364264
GradientBoosting,Test,0.7923916894982539,0.7952646283723975
GradientBoosting,Test,0.8441444706166565,0.8004765414543937
GradientBoosting,Test,-0.03068512285530053,0.0323079120205594
GradientBoosting,Test,-0.1308971686110271,0.4144889750239217
GradientBoosting,Test,0.422413793103446,0.41730989897828996
GradientBoosting,Test,-1.117647058823529,-1.0969717739024545
GradientBoosting,Test,0.6850556999575159,0.6554817815677395
GradientBoosting,Test,0.7114680014156944,0.7306870682187403
GradientBoosting,Test,0.7189234367587567,0.7115768642951086
GradientBoosting,Test,0.07554696139253074,0.03843120042377361
GradientBoosting,Test,-0.5829875518672214,-0.342263958917975
GradientBoosting,Test,-0.1962946451439691,-0.031949608688492184
GradientBoosting,Test,0.4691793022254807,0.39918335829037416
GradientBoosting,Test,0.9259716473223176,0.8521102765563199
GradientBoosting,Test,0.1760912590556812,0.16662681415388125
GradientBoosting,Test,-0.03205202065153314,0.029848630253677545
GradientBoosting,Test,-0.01916049952100591,0.029567058125914408
GradientBoosting,Test,-0.03205202065153314,0.029848630253677545
GradientBoosting,Test,0.6231704616375756,0.6058493748240359
GradientBoosting,Test,0.5185139398778874,0.5598073916002819
GradientBoosting,Test,-0.1087719298245615,0.26600233618418345
GradientBoosting,Test,0.6071342742642603,0.6184599320930552
GradientBoosting,Test,0.403033586132178,0.36562170895440105
GradientBoosting,Test,1.200118221872587,0.5658061603550875
GradientBoosting,Test,0.4559035956430633,0.4451923010685684
GradientBoosting,Test,0.2533637564272291,0.3408424214992593
GradientBoosting,Test,0.2845428661815921,0.4424727337711881
GradientBoosting,Test,0.284243604897899,0.3426599898895659
GradientBoosting,Test,0.1485380116959049,0.43683796670669495
GradientBoosting,Test,-0.9021734110319146,-0.9681638550510278
GradientBoosting,Test,0.3726162606770048,0.3782329062978106
GradientBoosting,Test,-0.5686362358410126,-1.0654242185509128
GradientBoosting,Test,0.2304489213782739,0.2635446154863272
GradientBoosting,Test,1.266940635346726,1.2874708084402424
GradientBoosting,Test,-0.1425476623911539,0.31674191898924936
GradientBoosting,Test,0.8197624407474513,0.8096901925485726
GradientBoosting,Test,0.7505083948513462,0.7356064952371164
GradientBoosting,Test,1.266940635346726,1.2874708084402424
GradientBoosting,Test,0.5391498881431767,0.5859080401362388
GradientBoosting,Test,0.6627578316815741,0.6315496161329588
GradientBoosting,Test,0.4456042032735976,0.5911395063289798
GradientBoosting,Test,-2.323341080224196,-2.2948051221859043
GradientBoosting,Test,-0.6666723925349947,-0.49504805305630184
GradientBoosting,Test,0.8441444706166565,0.8004765414543937
GradientBoosting,Test,0.6803355134145632,0.491205451857165
GradientBoosting,Test,0.6157487820036969,1.0729903709059747
GradientBoosting,Test,0.5563025007672873,0.46156266158446646
GradientBoosting,Test,1.653277152283784,1.7529142069738217
GradientBoosting,Test,0.5797835966168101,0.5861502724571312
GradientBoosting,Test,0.648364110491845,0.6203475967134108
GradientBoosting,Test,0.8897968700686152,0.8180877273065931
GradientBoosting,Test,-2.634968218916374,-2.5653363804791565
GradientBoosting,Test,-0.1308971686110271,0.4144889750239217
GradientBoosting,Test,0.3502480183341629,0.3320453885623346
GradientBoosting,Test,-0.1568423903044668,0.4771289714212946
GradientBoosting,Test,0.4232458739368078,0.4189773883404611
GradientBoosting,Test,0.3502480183341629,0.3320453885623346
GradientBoosting,Test,0.8122446968003693,0.7356064952371164
GradientBoosting,Test,0.9270401707559837,0.9205583369985615
AdaBoost,Train,0.4683473304121573,-0.3311491535381829
AdaBoost,Train,0.146128035678238,0.5746956889773873
AdaBoost,Train,0.3617278360175928,0.6185622053386232
AdaBoost,Train,0.05690485133647256,-0.7236411379313993
AdaBoost,Train,0.3483048630481607,0.633259048436214
AdaBoost,Train,0.01703333929878037,-0.7236411379313993
AdaBoost,Train,0.3463529744506387,0.5746956889773873
AdaBoost,Train,-0.492397660818713,-0.5277894867690544
AdaBoost,Train,-0.3135371308479524,0.49897237893002844
AdaBoost,Train,1.002759171414269,0.6185622053386232
AdaBoost,Train,-0.9021734110319146,-0.4289664798600099
AdaBoost,Train,-0.9653698872018781,-0.24188099499887164
AdaBoost,Train,-0.07265302803383195,0.4844953935201011
AdaBoost,Train,-0.05698339270242879,-0.03866522294778783
AdaBoost,Train,-0.4930892744484819,-0.3311491535381829
AdaBoost,Train,-2.000011146780801,-0.9602673462057019
AdaBoost,Train,0.3014609394254348,0.6185622053386232
AdaBoost,Train,-0.220163883572486,0.49897237893002844
AdaBoost,Train,-0.4135338345864666,-1.1029537001608936
AdaBoost,Train,-0.01503759398496262,-0.9595149994345689
AdaBoost,Train,-0.7827067862373733,-0.7189799110464771
AdaBoost,Train,0.2889866653481595,0.5770646009357708
AdaBoost,Train,-0.1568423903044674,0.5746956889773873
AdaBoost,Train,0.07918124604762482,0.5746956889773873
AdaBoost,Train,0.009925308530127852,0.5395186103612613
AdaBoost,Train,0.6244897959183671,-0.43630468631745273
AdaBoost,Train,1.04442036836403,0.6185622053386232
AdaBoost,Train,-0.1611509092627447,-1.008082234888171
AdaBoost,Train,0.9365132613368841,0.6185622053386232
AdaBoost,Train,0.3283796034387377,0.5746956889773873
AdaBoost,Train,0.729439713313603,0.5770646009357708
AdaBoost,Train,0.5484338463910386,0.5770646009357708
AdaBoost,Train,0.6387979239767979,0.6185622053386232
AdaBoost,Train,0.8274660015984828,-0.06907694008895147
AdaBoost,Train,0.3029055729718366,0.012867634011681062
AdaBoost,Train,0.4415191304571257,0.5770646009357708
AdaBoost,Train,0.07980012213427638,0.5746956889773873
AdaBoost,Train,-1.567441860465111,-1.0061133528206188
AdaBoost,Train,0.3283796034387377,0.5746956889773873
AdaBoost,Train,0.8197624407474513,-0.04817390742143409
AdaBoost,Train,0.04561403508771715,0.05726293003488226
AdaBoost,Train,0.6211762817750351,0.5770646009357708
AdaBoost,Train,0.8805963907349271,-0.04817390742143409
AdaBoost,Train,0.18155415475718,0.5650609649853517
AdaBoost,Train,0.5439699507256512,0.5770646009357708
AdaBoost,Train,-0.02664840017615605,0.49897237893002844
AdaBoost,Train,-0.9510050251256278,-1.0282067346012806
AdaBoost,Train,0.6380090497737567,0.5770646009357708
AdaBoost,Train,0.7096881214587651,0.5770646009357708
AdaBoost,Train,0.9931205342354806,0.6185622053386232
AdaBoost,Train,0.4070585517469932,0.5746956889773873
AdaBoost,Train,0.8965262174895553,-0.20324366388837134
AdaBoost,Train,0.4456042032735976,0.5770646009357708
AdaBoost,Train,-0.1568423903044674,0.5746956889773873
AdaBoost,Train,0.2627398291759235,-0.5467033123592352
AdaBoost,Train,-1.319015722105611,-0.3754874388699543
AdaBoost,Train,1.266940635346726,0.6185622053386232
AdaBoost,Train,-0.3646786304543028,0.49897237893002844
AdaBoost,Train,0.3283796034387377,0.5746956889773873
AdaBoost,Train,0.9386591389737827,0.6826207457724037
AdaBoost,Train,0.07554696139253074,0.49897237893002844
AdaBoost,Train,0.7075701760979364,0.5746956889773873
AdaBoost,Train,0.981279216850904,0.6826207457724037
AdaBoost,Train,0.2183393686410296,0.6185622053386232
AdaBoost,Train,0.3747483460101039,0.5746956889773873
AdaBoost,Train,1.205965557619709,0.5770646009357708
AdaBoost,Train,0.6242823997773247,0.5746956889773873
AdaBoost,Train,-1.448275862068967,-0.8600522461540351
AdaBoost,Train,-0.1767241379310328,0.5395186103612613
AdaBoost,Train,0.8949079089924165,0.633259048436214
AdaBoost,Train,0.02005766926485197,0.6185622053386232
AdaBoost,Train,0.0594209901149536,-0.04817390742143409
AdaBoost,Train,1.01703333929878,0.5186928521112876
AdaBoost,Train,-0.4416951356407078,-0.5467033123592352
AdaBoost,Train,-0.2041199826559248,-1.008082234888171
AdaBoost,Train,0.9453191100762133,0.633259048436214
AdaBoost,Train,1.336639818641689,0.3725404184584554
AdaBoost,Train,0.7505083948513462,0.5770646009357708
AdaBoost,Train,0.3254607304414622,0.49897237893002844
AdaBoost,Train,0.1206896551724121,0.012867634011681062
AdaBoost,Train,0.255030477687516,0.6185622053386232
AdaBoost,Train,0.5308775731310934,0.5186928521112876
AdaBoost,Train,0.6812412373755872,0.5770646009357708
AdaBoost,Train,0.6211762817750351,0.5770646009357708
AdaBoost,Train,0.2430380486862944,0.633259048436214
AdaBoost,Train,0.6812412373755872,0.5770646009357708
AdaBoost,Train,-2.634968218916374,-1.5495022402015461
AdaBoost,Train,0.7204210054216508,0.5770646009357708
AdaBoost,Train,0.6435536294691222,0.6185622053386232
AdaBoost,Train,-0.01749782701560991,-0.4289664798600099
AdaBoost,Train,0.9444679049496479,0.5770646009357708
AdaBoost,Train,-0.1220556745182012,-0.04817390742143409
AdaBoost,Train,-1.508793969849246,-0.9595149994345689
AdaBoost,Train,1.053316562126286,0.633259048436214
AdaBoost,Train,0.1319863281682527,-0.5467033123592352
AdaBoost,Train,0.380211241711606,0.5770646009357708
AdaBoost,Train,-0.14066513997672,-0.5467033123592352
AdaBoost,Train,0.5975482649800063,0.5770646009357708
AdaBoost,Train,0.3892141639057259,0.5395186103612613
AdaBoost,Train,0.6123933697586622,0.6185622053386232
AdaBoost,Train,1.03342375548695,0.5186928521112876
AdaBoost,Train,-0.1449235972700369,-0.04817390742143409
AdaBoost,Train,-0.04488919723294831,-0.3311491535381829
AdaBoost,Train,0.3020134228187899,-0.04817390742143409
AdaBoost,Train,0.0380313199105153,-0.04817390742143409
AdaBoost,Train,0.8650979287404373,0.6185622053386232
AdaBoost,Train,0.9956351945975499,0.633259048436214
AdaBoost,Train,0.3020134228187899,-0.04817390742143409
AdaBoost,Train,-1.629310344827578,-1.143241053315963
AdaBoost,Train,0.1437655938677714,0.49897237893002844
AdaBoost,Train,1.179291901828044,0.6185622053386232
AdaBoost,Train,0.4653828514484183,0.5770646009357708
AdaBoost,Train,0.6587215601300098,0.5746956889773873
AdaBoost,Train,-0.2525154392181344,-1.3548700122832826
AdaBoost,Train,0.249877473216598,0.5650609649853517
AdaBoost,Train,1.173186268412274,0.6185622053386232
AdaBoost,Train,-0.1220556745182012,-0.04817390742143409
AdaBoost,Train,0.9886636158427594,0.027137550562442683
AdaBoost,Train,0.1307061523494404,0.5746956889773873
AdaBoost,Train,0.05335735049852605,0.027137550562442683
AdaBoost,Train,1.053324533905294,0.6826207457724037
AdaBoost,Train,-0.051282051282051,-1.0061133528206188
AdaBoost,Train,0.9629629629629627,0.027137550562442683
AdaBoost,Train,-0.110008534838633,0.49897237893002844
AdaBoost,Train,1.170774647887323,0.633259048436214
AdaBoost,Train,-0.1858879153069338,-0.03866522294778783
AdaBoost,Train,0.7075701760979364,0.5746956889773873
AdaBoost,Train,0.5670263661590603,0.5770646009357708
AdaBoost,Train,0.5910646070264992,0.6185622053386232
AdaBoost,Train,1.007042253521127,0.6185622053386232
AdaBoost,Train,-0.2500000000000024,-1.008082234888171
AdaBoost,Train,0.5185139398778874,0.6185622053386232
AdaBoost,Train,1.411695906432748,0.633259048436214
AdaBoost,Train,0.3031960574204888,0.5746956889773873
AdaBoost,Train,0.2017575408454702,0.5395186103612613
AdaBoost,Train,1.253437245309724,0.6185622053386232
AdaBoost,Train,-0.7718752999018175,-0.5467033123592352
AdaBoost,Train,0.2280938887519323,0.5770646009357708
AdaBoost,Train,0.4679182470163208,0.5770646009357708
AdaBoost,Train,-1.642975206611555,-0.7189799110464771
AdaBoost,Train,-0.1251546956789149,0.5746956889773873
AdaBoost,Train,-1.563758389261749,-1.0061133528206188
AdaBoost,Train,-1.148741651280925,-0.3311491535381829
AdaBoost,Train,-0.06251993703895245,0.49897237893002844
AdaBoost,Train,-0.3071596757466341,-0.8264850251252243
AdaBoost,Train,0.526339277389844,0.5746956889773873
AdaBoost,Train,0.3813651137594792,-0.04817390742143409
AdaBoost,Train,0.8039521828148732,0.6826207457724037
AdaBoost,Train,0.7762863534675611,-0.04817390742143409
AdaBoost,Train,0.3979400086720376,0.05726293003488226
AdaBoost,Train,-0.053666651000876,0.5746956889773873
AdaBoost,Train,0.8393863014886044,0.6185622053386232
AdaBoost,Train,0.9771853913912649,0.5770646009357708
AdaBoost,Train,-1.517084431448743,-1.0061133528206188
AdaBoost,Train,0.8035528064607984,-0.04722599363028761
AdaBoost,Train,-0.619788758288394,-0.4289664798600099
AdaBoost,Train,-2.05603448275861,-1.008082234888171
AdaBoost,Train,0.2657130090914611,0.6185622053386232
AdaBoost,Train,0.7958333900509484,0.6185622053386232
AdaBoost,Train,-1.234704354653622,-0.5277894867690544
AdaBoost,Train,0.639911259500979,0.5770646009357708
AdaBoost,Train,-1.785155875122728,-0.5591095689305645
AdaBoost,Train,1.205965557619709,0.5770646009357708
AdaBoost,Train,1.180116959064325,0.6185622053386232
AdaBoost,Train,-0.5086383061657274,0.49897237893002844
AdaBoost,Train,-2.705549293202082,-1.690397385446825
AdaBoost,Train,0.2182287808022146,0.6185622053386232
AdaBoost,Train,0.4913616938342727,0.5746956889773873
AdaBoost,Train,1.310541310541309,0.4035445622800125
AdaBoost,Train,0.1647522604652088,0.5746956889773873
AdaBoost,Train,0.6127838567197355,0.633259048436214
AdaBoost,Train,-1.965416298346072,-1.143241053315963
AdaBoost,Train,-0.01503759398496262,0.5186928521112876
AdaBoost,Train,0.2046493264802312,0.027137550562442683
AdaBoost,Train,0.2627398291759235,-0.5467033123592352
AdaBoost,Train,-1.23858934503561,-0.8264850251252243
AdaBoost,Train,-0.7628438624246476,-1.2250709972815363
AdaBoost,Train,1.283198266190026,0.6185622053386232
AdaBoost,Train,0.1950162513542781,0.012867634011681062
AdaBoost,Train,0.2163162610163941,0.5650609649853517
AdaBoost,Train,0.2557547866430442,-0.3311491535381829
AdaBoost,Train,1.021189299069938,0.5186928521112876
AdaBoost,Train,0.889796870068615,0.6185622053386232
AdaBoost,Train,0.5387931034482746,0.49897237893002844
AdaBoost,Train,0.4913616938342727,0.6185622053386232
AdaBoost,Train,-0.2688453122925803,0.5395186103612613
AdaBoost,Train,1.463157894736841,0.633259048436214
AdaBoost,Train,0.380211241711606,0.633259048436214
AdaBoost,Train,0.2430380486862944,0.633259048436214
AdaBoost,Train,-0.4353448275862056,0.3725404184584554
AdaBoost,Train,-2.535140249212473,-1.2250709972815363
AdaBoost,Train,-0.619788758288394,-0.4289664798600099
AdaBoost,Train,-0.04261660721896531,0.49897237893002844
AdaBoost,Train,0.8897968700686152,0.6185622053386232
AdaBoost,Train,0.8577031944274324,0.5770646009357708
AdaBoost,Train,-1.407996505383249,-1.2250709972815363
AdaBoost,Train,0.6031443726201823,0.5770646009357708
AdaBoost,Train,0.6106601630898799,0.5770646009357708
AdaBoost,Train,0.6989700043360189,0.5770646009357708
AdaBoost,Train,0.3747483460101039,0.5746956889773873
AdaBoost,Train,1.204119982655925,0.6185622053386232
AdaBoost,Train,-1.448275862068967,-0.8600522461540351
AdaBoost,Train,-0.5393360442731673,-0.8569557273164626
AdaBoost,Train,0.07675507020280567,-0.1398216503993103
AdaBoost,Train,0.6023835319609966,0.5746956889773873
AdaBoost,Train,0.1641903726520483,0.5770646009357708
AdaBoost,Train,1.093599819380088,0.6185622053386232
AdaBoost,Train,0.5888613512538016,0.6185622053386232
AdaBoost,Train,-2.323341080224196,-1.3049475188927557
AdaBoost,Train,-0.5072750233349814,-0.4289664798600099
AdaBoost,Train,0.04532297878665748,-0.7236411379313993
AdaBoost,Train,0.5647935551309269,0.5746956889773873
AdaBoost,Train,0.6803355134145632,0.5770646009357708
AdaBoost,Train,0.4623084667179462,-0.4289664798600099
AdaBoost,Train,0.3463529744506387,0.5746956889773873
AdaBoost,Train,-0.8301121378671653,-0.5277894867690544
AdaBoost,Train,-0.9937759336099588,-0.03866522294778783
AdaBoost,Train,0.5185139398778874,0.6185622053386232
AdaBoost,Train,1.362275079783117,0.8516932245739711
AdaBoost,Train,0.5910646070264992,0.6185622053386232
AdaBoost,Train,-0.3091286307053941,0.4844953935201011
AdaBoost,Train,1.346198830409355,0.6185622053386232
AdaBoost,Train,-0.1321607680099658,0.49897237893002844
AdaBoost,Train,-1.885678391959799,-1.3049475188927557
AdaBoost,Train,-0.2165366614664583,-0.1398216503993103
AdaBoost,Train,0.7297801442202818,0.028880897744855624
AdaBoost,Train,0.02005766926485197,0.5746956889773873
AdaBoost,Train,0.7672413793103442,0.027137550562442683
AdaBoost,Train,0.1760912590556784,0.5395186103612613
AdaBoost,Train,-1.071860922666721,-1.1955876977386253
AdaBoost,Train,0.09022556390977356,-0.9595149994345689
AdaBoost,Train,0.5046261715629264,0.5746956889773873
AdaBoost,Train,-0.07996729962314643,0.5650609649853517
AdaBoost,Train,0.4390446521287634,0.5770646009357708
AdaBoost,Train,1.253437245309724,0.6185622053386232
AdaBoost,Train,0.5209109372834104,0.5746956889773873
AdaBoost,Train,-0.8232758620689672,-0.03866522294778783
AdaBoost,Train,0.5910646070264992,0.6185622053386232
AdaBoost,Train,1.146941207143456,0.633259048436214
AdaBoost,Train,-0.7452111206482993,-1.0061133528206188
AdaBoost,Train,1.030489322147899,0.3725404184584554
AdaBoost,Train,-0.11903795188283,-0.5467033123592352
AdaBoost,Train,-1.49248120300752,-1.3548700122832826
AdaBoost,Train,0.6364937630495308,0.5770646009357708
AdaBoost,Train,0.6553852426545229,0.633259048436214
AdaBoost,Train,0.6151940149681981,0.6185622053386232
AdaBoost,Train,0.5910646070264992,0.5770646009357708
AdaBoost,Train,0.3636119798921443,0.5746956889773873
AdaBoost,Train,0.6373245098685487,0.5770646009357708
AdaBoost,Train,0.3856062735983122,0.633259048436214
AdaBoost,Train,-0.2340726776061404,0.4844953935201011
AdaBoost,Train,-1.096910013008056,-1.008082234888171
AdaBoost,Train,0.3318965517241376,0.49897237893002844
AdaBoost,Train,0.735555471593347,0.633259048436214
AdaBoost,Train,0.082934622503059,0.5746956889773873
AdaBoost,Train,0.2186959627617429,0.49897237893002844
AdaBoost,Train,0.8965262174895553,-0.20324366388837134
AdaBoost,Train,0.135537190082656,-0.003908835358717132
AdaBoost,Train,0.9883040935672512,0.5770646009357708
AdaBoost,Train,0.1079563182527277,0.028880897744855624
AdaBoost,Train,-0.07996729962314643,0.5650609649853517
AdaBoost,Train,-0.1767241379310328,0.5395186103612613
AdaBoost,Train,0.3892141639057259,0.5395186103612613
AdaBoost,Train,-0.3098039199714863,0.49897237893002844
AdaBoost,Train,0.3470521755509489,0.26780516953126704
AdaBoost,Train,2.036619573798714,0.7834244880651771
AdaBoost,Train,0.7965743332104297,0.5186928521112876
AdaBoost,Train,-0.7884826218653814,-0.5467033123592352
AdaBoost,Train,0.272337896627725,0.5746956889773873
AdaBoost,Train,0.6173305771416362,0.5186928521112876
AdaBoost,Train,0.02419338211248408,0.5770646009357708
AdaBoost,Train,-0.1767337807606265,0.05726293003488226
AdaBoost,Train,-0.5534883720930238,0.49897237893002844
AdaBoost,Train,0.9409251269338039,0.6185622053386232
AdaBoost,Train,0.9041684928630465,0.5770646009357708
AdaBoost,Train,-0.6344628557513522,0.012867634011681062
AdaBoost,Train,0.2017575408454702,0.5395186103612613
AdaBoost,Train,1.50559284116331,0.633259048436214
AdaBoost,Train,-1.535796071516882,-1.2250709972815363
AdaBoost,Train,0.6242820958356683,0.5770646009357708
AdaBoost,Train,-1.196026900731575,-0.5591095689305645
AdaBoost,Train,-1.114147993293855,-0.5277894867690544
AdaBoost,Train,0.4509957088161992,0.5746956889773873
AdaBoost,Train,-0.5938066216438812,-0.4289664798600099
AdaBoost,Train,0.5539402549876365,-0.06907694008895147
AdaBoost,Train,0.6211762817750351,0.5770646009357708
AdaBoost,Train,-0.6971816306033263,-0.4289664798600099
AdaBoost,Train,-1.06390977443609,-1.3049475188927557
AdaBoost,Train,-0.1858879153069338,-0.03866522294778783
AdaBoost,Train,0.3463529744506387,0.5770646009357708
AdaBoost,Train,-0.04375512696868296,0.5650609649853517
AdaBoost,Train,1.076276352144377,0.6185622053386232
AdaBoost,Train,0.03342375548694973,-0.7804443169287786
AdaBoost,Train,0.1525940779274698,-1.0061133528206188
AdaBoost,Train,0.4283919597989941,0.5746956889773873
AdaBoost,Train,-0.7458094490628238,0.05726293003488226
AdaBoost,Train,0.8800879713874663,0.6185622053386232
AdaBoost,Train,-1.603456897447042,-0.7189799110464771
AdaBoost,Train,-0.06963592814139488,0.5395186103612613
AdaBoost,Train,-0.6932160417255555,0.4844953935201011
AdaBoost,Train,0.6989700043360189,-0.3311491535381829
AdaBoost,Train,0.9612068965517243,0.36699030213474837
AdaBoost,Train,1.100763643371112,0.633259048436214
AdaBoost,Train,0.7357274662281335,0.5770646009357708
AdaBoost,Train,-0.638272163982407,0.49897237893002844
AdaBoost,Train,1.21937321937322,0.4035445622800125
AdaBoost,Train,-0.8947368421052645,-0.4289664798600099
AdaBoost,Train,-0.6942651060983038,-0.3754874388699543
AdaBoost,Train,1.483396136807168,0.8516932245739711
AdaBoost,Train,0.6901960800285137,0.6185622053386232
AdaBoost,Train,-0.9937759336099588,-0.03866522294778783
AdaBoost,Train,0.8292314636701619,0.6185622053386232
AdaBoost,Train,0.1166176813015091,0.6185622053386232
AdaBoost,Train,0.6842105263157892,0.6185622053386232
AdaBoost,Train,1.80846742823059,0.5650609649853517
AdaBoost,Train,-2.05603448275861,-1.008082234888171
AdaBoost,Train,-1.487912814690911,-0.9602673462057019
AdaBoost,Train,1.900826446281001,0.6185622053386232
AdaBoost,Train,-0.4724680904466963,-0.5467033123592352
AdaBoost,Train,-0.6731240825341952,0.028880897744855624
AdaBoost,Train,0.8965262174895553,-0.20324366388837134
AdaBoost,Train,-0.3189655172413801,0.012867634011681062
AdaBoost,Train,-0.2770508826583594,-0.1398216503993103
AdaBoost,Train,0.1132746924643504,-0.1398216503993103
AdaBoost,Train,0.11978513052201398,-0.7236411379313993
AdaBoost,Train,0.4487063199050799,0.5770646009357708
AdaBoost,Train,0.6756055617195716,0.49897237893002844
AdaBoost,Train,0.2550304776875136,0.5746956889773873
AdaBoost,Train,-0.02672178766989199,-0.03866522294778783
AdaBoost,Train,-0.5385287031854444,-1.008082234888171
AdaBoost,Train,0.5797835966168101,0.5770646009357708
AdaBoost,Train,0.534026106056135,0.5770646009357708
AdaBoost,Train,-1.234704354653622,-0.5277894867690544
AdaBoost,Train,0.4913616938342727,0.6185622053386232
AdaBoost,Train,0.4275633669545613,0.5746956889773873
AdaBoost,Train,-1.577881593704157,-0.5467033123592352
AdaBoost,Train,0.7671558660821804,0.26780516953126704
AdaBoost,Train,1.100763643371112,0.633259048436214
AdaBoost,Train,-0.04170093891793042,-0.9821127428995651
AdaBoost,Train,0.1173491877479526,-0.5165279296280548
AdaBoost,Train,0.9931205342354806,0.6185622053386232
AdaBoost,Train,0.4329710789008698,0.49897237893002844
AdaBoost,Train,-1.763274336283189,-1.1955876977386253
AdaBoost,Train,0.7146198830409358,0.5650609649853517
AdaBoost,Train,0.2145178764897056,0.012867634011681062
AdaBoost,Train,0.3970273286679523,0.26780516953126704
AdaBoost,Train,1.559045226130653,0.5770646009357708
AdaBoost,Train,-0.4168875174404437,-0.5591095689305645
AdaBoost,Train,-0.2770149382233361,0.26780516953126704
AdaBoost,Train,-0.6,-0.5467033123592352
AdaBoost,Train,-2.705549293202082,-1.690397385446825
AdaBoost,Train,0.1721105527638171,0.5746956889773873
AdaBoost,Train,0.03448275862068784,0.5395186103612613
AdaBoost,Train,0.2259691527869807,0.5770646009357708
AdaBoost,Train,0.0,0.5395186103612613
AdaBoost,Train,1.522361359570662,0.5770646009357708
AdaBoost,Train,0.6387979239767979,0.6185622053386232
AdaBoost,Train,0.8072619934565568,0.5770646009357708
AdaBoost,Train,0.3010299956639812,0.5395186103612613
AdaBoost,Train,-1.439549404036478,-0.4289664798600099
AdaBoost,Train,-0.05978886246861603,0.49897237893002844
AdaBoost,Train,-0.03476210625921197,0.5395186103612613
AdaBoost,Train,-0.2446720795208597,0.5035611279923333
AdaBoost,Train,0.4082399653118496,0.5746956889773873
AdaBoost,Train,-0.767123174186889,-0.8264850251252243
AdaBoost,Train,0.5118833609788743,-0.20324366388837134
AdaBoost,Train,-0.3189655172413801,0.012867634011681062
AdaBoost,Train,0.04260470370605519,0.5650609649853517
AdaBoost,Train,-0.1464838638239616,0.5746956889773873
AdaBoost,Train,0.1128752143459643,0.012867634011681062
AdaBoost,Train,0.8670923337204245,0.3725404184584554
AdaBoost,Train,-0.05632686832306318,-0.1398216503993103
AdaBoost,Train,0.535215663796611,0.5395186103612613
AdaBoost,Train,1.205965557619709,0.5770646009357708
AdaBoost,Train,0.03261876085071993,0.5746956889773873
AdaBoost,Train,-0.4353448275862056,0.3725404184584554
AdaBoost,Train,0.8305886686851442,0.5186928521112876
AdaBoost,Train,1.656589559399379,0.5650609649853517
AdaBoost,Train,0.4126109061603624,0.5650609649853517
AdaBoost,Train,-0.004333694474538976,-0.04817390742143409
AdaBoost,Train,0.2637409109445279,0.49897237893002844
AdaBoost,Train,0.414973347970818,0.5746956889773873
AdaBoost,Train,-0.2340726776061404,0.4844953935201011
AdaBoost,Train,0.5860497157265141,0.5770646009357708
AdaBoost,Train,1.181843587944773,0.5770646009357708
AdaBoost,Train,0.9404117009750815,0.5186928521112876
AdaBoost,Train,0.6729746935258656,0.5770646009357708
AdaBoost,Train,-0.07719576496805934,0.5746956889773873
AdaBoost,Train,0.5265032835812309,0.6185622053386232
AdaBoost,Train,0.3031960574204888,0.5746956889773873
AdaBoost,Train,1.087550726310677,0.7286622090644544
AdaBoost,Train,-0.4975728800155673,-1.1029537001608936
AdaBoost,Train,-0.14066513997672,-0.5467033123592352
AdaBoost,Train,0.6526722071108372,0.3769919104480072
AdaBoost,Train,1.146941207143456,0.633259048436214
AdaBoost,Train,0.05113650594874027,0.5770646009357708
AdaBoost,Train,1.050866019970613,0.6185622053386232
AdaBoost,Train,0.5763413502057929,0.5770646009357708
AdaBoost,Train,0.62463078972132,0.5746956889773873
AdaBoost,Train,0.5586226439045551,0.5770646009357708
AdaBoost,Train,0.6242820958356683,0.5770646009357708
AdaBoost,Train,-0.01749782701560991,-0.4289664798600099
AdaBoost,Train,0.5265032835812309,0.6185622053386232
AdaBoost,Train,-0.6426046233183135,-0.06907694008895147
AdaBoost,Train,0.7237976748508552,0.5770646009357708
AdaBoost,Train,0.6627578316815741,0.5770646009357708
AdaBoost,Train,0.7910868478099096,0.08706948162836077
AdaBoost,Train,0.686155075454263,0.6185622053386232
AdaBoost,Train,0.7114680014156944,0.5186928521112876
AdaBoost,Train,0.2050678430236896,0.49897237893002844
AdaBoost,Train,-0.9653698872018781,-0.06907694008895147
AdaBoost,Train,0.07918124604762482,0.6185622053386232
AdaBoost,Train,-0.7756344514157028,-0.41542263856397554
AdaBoost,Train,-0.01844926170390164,-0.03866522294778783
AdaBoost,Train,-0.4626847268879903,-0.7189799110464771
AdaBoost,Train,0.139109451707618,0.5746956889773873
AdaBoost,Train,0.7672413793103442,0.027137550562442683
AdaBoost,Train,0.8035528064607984,-0.04722599363028761
AdaBoost,Train,0.1532051216061021,0.6185622053386232
AdaBoost,Train,0.895422546039408,0.6185622053386232
AdaBoost,Train,-0.4170444674351315,0.26780516953126704
AdaBoost,Train,-0.2266600537219346,0.5186928521112876
AdaBoost,Train,-0.03068512285530053,0.5746956889773873
AdaBoost,Train,-1.511278195488722,-1.1029537001608936
AdaBoost,Train,-1.0333531830102,-0.8264850251252243
AdaBoost,Train,1.021189299069938,0.6185622053386232
AdaBoost,Train,-1.32437478025317,-1.143241053315963
AdaBoost,Train,0.03448275862068784,0.5395186103612613
AdaBoost,Train,0.3483048630481607,0.633259048436214
AdaBoost,Train,0.9881114906350605,0.6185622053386232
AdaBoost,Train,-2.0,-1.229091113507669
AdaBoost,Train,0.009925308530127852,0.5395186103612613
AdaBoost,Train,-1.572614107883811,-1.0061133528206188
AdaBoost,Train,0.3233082706766902,0.5770646009357708
AdaBoost,Train,0.9881114906350605,0.6185622053386232
AdaBoost,Train,0.8444444444444436,0.6185622053386232
AdaBoost,Train,-1.105948718925517,-0.7189799110464771
AdaBoost,Train,0.180451127819548,-0.4289664798600099
AdaBoost,Train,-0.03943375318603481,0.5395186103612613
AdaBoost,Train,0.7204210054216508,0.5770646009357708
AdaBoost,Train,0.5797835966168101,0.5770646009357708
AdaBoost,Train,0.5185139398778874,0.5770646009357708
AdaBoost,Train,0.04139268515822508,0.5746956889773873
AdaBoost,Train,0.9347805899613781,0.49897237893002844
AdaBoost,Train,0.3617278360175928,0.5746956889773873
AdaBoost,Train,-0.1762586357436119,0.5746956889773873
AdaBoost,Train,-0.08633414873527591,0.5746956889773873
AdaBoost,Train,-0.01844926170390164,-0.03866522294778783
AdaBoost,Train,0.07554696139253074,0.49897237893002844
AdaBoost,Train,0.02005766926485197,0.5746956889773873
AdaBoost,Train,0.7671729371896298,0.5770646009357708
AdaBoost,Train,0.3918367346938768,-0.43630468631745273
AdaBoost,Train,0.422413793103446,-0.04817390742143409
AdaBoost,Train,0.04139268515822508,0.5746956889773873
AdaBoost,Train,-2.142667503568731,-1.2471470856789646
AdaBoost,Train,-0.5742492738010503,-0.03866522294778783
AdaBoost,Train,-0.1251546956789144,0.6185622053386232
AdaBoost,Train,0.6977248104008661,0.5770646009357708
AdaBoost,Train,0.7505083948513462,-0.20324366388837134
AdaBoost,Train,0.4679182470163208,0.5770646009357708
AdaBoost,Train,1.02530586526477,0.5770646009357708
AdaBoost,Train,1.608501118568232,0.633259048436214
AdaBoost,Train,0.2880888597640699,0.5746956889773873
AdaBoost,Train,0.5250677226597732,0.6185622053386232
AdaBoost,Train,-0.129219291822582,0.49897237893002844
AdaBoost,Train,-0.5338345864661662,-1.3049475188927557
AdaBoost,Train,-0.5408689174769996,-0.04817390742143409
AdaBoost,Train,-0.04983748645720439,-0.04817390742143409
AdaBoost,Train,0.2050678430236896,0.49897237893002844
AdaBoost,Train,0.8463370005539435,0.6185622053386232
AdaBoost,Train,-0.1964576461828072,0.028880897744855624
AdaBoost,Train,0.3596766725050837,0.5770646009357708
AdaBoost,Train,0.006663850117991262,-0.4289664798600099
AdaBoost,Train,1.014680535148689,0.6185622053386232
AdaBoost,Train,-2.05603448275861,-1.008082234888171
AdaBoost,Train,0.1166176813015091,0.5746956889773873
AdaBoost,Train,0.7971694225490045,0.5770646009357708
AdaBoost,Train,0.929444837036069,0.5770646009357708
AdaBoost,Train,0.648364110491845,0.5770646009357708
AdaBoost,Train,0.3778487999011506,0.5650609649853517
AdaBoost,Train,0.5062846335392319,0.6185622053386232
AdaBoost,Train,0.6306396086247502,0.633259048436214
AdaBoost,Train,-2.203831209357573,-1.1352652514254222
AdaBoost,Train,-1.118826698593236,-0.4289664798600099
AdaBoost,Train,0.4913616938342727,0.5746956889773873
AdaBoost,Train,0.2163162610163941,0.5650609649853517
AdaBoost,Train,-0.4353448275862056,0.3725404184584554
AdaBoost,Train,-0.06251993703895245,0.49897237893002844
AdaBoost,Train,-0.1804891463142153,0.012867634011681062
AdaBoost,Train,0.8976270912904415,0.5770646009357708
AdaBoost,Train,0.7160033436347992,0.6185622053386232
AdaBoost,Train,0.5669144981412634,0.5770646009357708
AdaBoost,Train,-0.1464838638239616,0.5746956889773873
AdaBoost,Train,1.060697840353612,0.5770646009357708
AdaBoost,Train,0.5387931034482746,0.49897237893002844
AdaBoost,Train,-0.2372093023255822,0.49897237893002844
AdaBoost,Train,0.6335218433719506,-0.04817390742143409
AdaBoost,Train,0.6532125137753437,0.6185622053386232
AdaBoost,Train,-0.157894736842105,-0.9595149994345689
AdaBoost,Train,0.6020599913279624,0.7566640177610241
AdaBoost,Train,0.1367761095528764,0.012867634011681062
AdaBoost,Train,1.522388149816989,0.08706948162836077
AdaBoost,Train,0.5205895119541644,0.5770646009357708
AdaBoost,Train,-0.5072750233349814,-0.4289664798600099
AdaBoost,Train,-0.365959583733208,0.4844953935201011
AdaBoost,Train,0.3767593954048798,0.5770646009357708
AdaBoost,Train,-0.5534883720930238,0.49897237893002844
AdaBoost,Train,-0.1141965678627143,0.028880897744855624
AdaBoost,Train,0.6211762817750351,0.5770646009357708
AdaBoost,Train,-1.781954887218045,-1.1352652514254222
AdaBoost,Train,-1.42021640338319,-1.229091113507669
AdaBoost,Train,0.6106601630898799,0.5770646009357708
AdaBoost,Train,0.4232458739368078,0.5746956889773873
AdaBoost,Train,0.4128854232684702,0.6185622053386232
AdaBoost,Train,0.082934622503059,0.5746956889773873
AdaBoost,Train,0.6901960800285137,0.6185622053386232
AdaBoost,Train,0.6231704616375756,0.5770646009357708
AdaBoost,Train,0.9469432706978255,0.5770646009357708
AdaBoost,Train,-1.97095435684647,-1.1077329395114968
AdaBoost,Train,0.6107382550335557,-0.04817390742143409
AdaBoost,Train,0.5972924522285327,0.5746956889773873
AdaBoost,Train,0.8777912162775305,0.6185622053386232
AdaBoost,Train,0.5427268765011117,0.6185622053386232
AdaBoost,Train,-1.005264266019541,-0.003908835358717132
AdaBoost,Train,0.6127838567197355,0.7555559341730487
AdaBoost,Train,0.62463078972132,0.5746956889773873
AdaBoost,Train,-0.7628438624246476,-1.3548700122832826
AdaBoost,Train,0.6020599913279624,0.5650609649853517
AdaBoost,Train,0.5135427952329354,0.5186928521112876
AdaBoost,Train,-0.8232758620689672,-0.03866522294778783
AdaBoost,Train,-1.567441860465111,-1.0061133528206188
AdaBoost,Train,0.2211785219297459,0.5770646009357708
AdaBoost,Train,1.294736842105262,0.6185622053386232
AdaBoost,Train,-0.4170444674351315,0.26780516953126704
AdaBoost,Train,-1.135338345864661,-0.4289664798600099
AdaBoost,Train,0.1266770670826814,-0.1398216503993103
AdaBoost,Train,-0.08633414873527538,0.6185622053386232
AdaBoost,Train,1.209515014542631,0.6185622053386232
AdaBoost,Train,-0.8313241449568525,-0.5591095689305645
AdaBoost,Train,0.4615384615384614,0.5770646009357708
AdaBoost,Train,0.08880429497466488,-0.06907694008895147
AdaBoost,Train,-0.03943375318603481,0.5395186103612613
AdaBoost,Train,-1.092883061327005,-0.989587931645934
AdaBoost,Train,-0.460121203408758,-0.003908835358717132
AdaBoost,Train,0.6456180461285638,0.6185622053386232
AdaBoost,Train,0.7993405494535817,0.5770646009357708
AdaBoost,Train,1.85436677804087,0.5746956889773873
AdaBoost,Train,-0.03760465762697581,-1.0282067346012806
AdaBoost,Train,0.5670263661590603,0.5770646009357708
AdaBoost,Train,-0.07719576496805934,0.5746956889773873
AdaBoost,Train,0.2246783559484863,-0.4289664798600099
AdaBoost,Train,0.1882609887630737,0.5770646009357708
AdaBoost,Train,-0.11903795188283,-0.5467033123592352
AdaBoost,Train,0.6031443726201823,0.5770646009357708
AdaBoost,Train,-0.02672178766989199,-0.03866522294778783
AdaBoost,Train,-0.7628438624246476,-1.3548700122832826
AdaBoost,Train,0.2186959627617429,0.49897237893002844
AdaBoost,Train,0.1904538485873565,0.028880897744855624
AdaBoost,Train,0.3617278360175928,0.5746956889773873
AdaBoost,Train,0.2187134502923974,0.05726293003488226
AdaBoost,Train,-1.777415033082565,-0.7189799110464771
AdaBoost,Train,-0.1277985983463365,0.05726293003488226
AdaBoost,Train,-0.7451810935152875,-0.4289664798600099
AdaBoost,Train,0.8296511438534148,0.5770646009357708
AdaBoost,Train,0.1744584367708963,0.5746956889773873
AdaBoost,Train,-0.4563268683230601,-1.008082234888171
AdaBoost,Train,0.1437655938677714,0.49897237893002844
AdaBoost,Train,-0.005465586003222508,0.05726293003488226
AdaBoost,Train,-2.334481075108565,-1.3049475188927557
AdaBoost,Train,0.6901960800285137,0.7555559341730487
AdaBoost,Train,1.00893042575285,0.6185622053386232
AdaBoost,Train,0.8910996649845989,0.6185622053386232
AdaBoost,Train,0.806230529595015,0.5770646009357708
AdaBoost,Train,0.365862215402555,0.5770646009357708
AdaBoost,Train,-0.04261660721896531,0.49897237893002844
AdaBoost,Train,0.1117004680187195,-0.1398216503993103
AdaBoost,Train,0.06345484267917818,0.5650609649853517
AdaBoost,Train,0.07980012213427638,0.5746956889773873
AdaBoost,Train,-0.5864661654135337,-0.003908835358717132
AdaBoost,Train,-0.8232758620689614,-1.1356313210205238
AdaBoost,Train,0.6015860182746656,0.6185622053386232
AdaBoost,Train,0.4040158561440467,0.5395186103612613
AdaBoost,Train,-0.8232758620689614,-1.1356313210205238
AdaBoost,Train,0.3119932648840557,-0.04817390742143409
AdaBoost,Train,0.03448275862068784,0.5395186103612613
AdaBoost,Train,1.047514794837365,0.6185622053386232
AdaBoost,Train,0.4471580313422192,0.5770646009357708
AdaBoost,Train,0.2304489213782739,0.5746956889773873
AdaBoost,Train,0.1173491877479526,-0.5165279296280548
AdaBoost,Train,0.8122446968003693,-0.20324366388837134
AdaBoost,Train,1.308724832214764,0.6185622053386232
AdaBoost,Train,0.5525490843095185,0.5746956889773873
AdaBoost,Train,0.0,0.5650609649853517
AdaBoost,Train,-0.619788758288394,-0.4289664798600099
AdaBoost,Train,-0.9200292374440189,-0.003908835358717132
AdaBoost,Train,-2.535140249212473,-1.2250709972815363
AdaBoost,Train,0.7672413793103442,0.027137550562442683
AdaBoost,Train,0.2637409109445279,0.49897237893002844
AdaBoost,Train,-0.6140350877192979,-0.5165279296280548
AdaBoost,Train,0.1705521196219227,0.05726293003488226
AdaBoost,Train,-0.00620308796527328,0.5746956889773873
AdaBoost,Train,0.2182287808022119,0.5746956889773873
AdaBoost,Train,-0.1251546956789149,0.5746956889773873
AdaBoost,Train,0.7417816961431667,0.028880897744855624
AdaBoost,Train,0.6218068535825538,0.5770646009357708
AdaBoost,Train,0.3318002991095532,0.5770646009357708
AdaBoost,Train,1.060697840353612,0.6185622053386232
AdaBoost,Train,-0.1449235972700369,-0.04817390742143409
AdaBoost,Train,0.1319863281682527,-0.5467033123592352
AdaBoost,Train,0.4313637641589874,0.5746956889773873
AdaBoost,Train,-0.162941534687887,-0.03866522294778783
AdaBoost,Train,-0.1767337807606265,0.05726293003488226
AdaBoost,Train,0.5805468137587255,0.6185622053386232
AdaBoost,Train,0.5450543344028723,0.5746956889773873
AdaBoost,Train,0.2944963655243999,0.05726293003488226
AdaBoost,Train,0.6308908570191394,0.5770646009357708
AdaBoost,Train,0.5391498881431767,0.5770646009357708
AdaBoost,Train,1.456366033129043,0.5395186103612613
AdaBoost,Train,0.06345484267917818,0.5650609649853517
AdaBoost,Train,1.07700432679335,0.6185622053386232
AdaBoost,Train,-0.4607016882522424,-0.4289664798600099
AdaBoost,Train,-1.441695135640719,-1.2250709972815363
AdaBoost,Train,0.4806145740944546,0.26780516953126704
AdaBoost,Train,-0.6946486305533762,-1.2250709972815363
AdaBoost,Train,0.3318965517241376,0.49897237893002844
AdaBoost,Train,-1.629310344827578,-1.143241053315963
AdaBoost,Train,0.7932016100908708,0.5770646009357708
AdaBoost,Train,-0.1986570869544228,-0.04817390742143409
AdaBoost,Train,0.5000216558101156,0.6185622053386232
AdaBoost,Train,0.7160033436347992,0.6185622053386232
AdaBoost,Train,-1.547440503436895,-1.0282067346012806
AdaBoost,Train,0.1657598875739492,0.5650609649853517
AdaBoost,Train,-0.08798751950078033,-0.1398216503993103
AdaBoost,Train,0.2880888597640699,0.5746956889773873
AdaBoost,Train,0.6354495299314225,0.6185622053386232
AdaBoost,Train,0.5763413502057929,0.5770646009357708
AdaBoost,Train,-0.4658517416748432,-0.3311491535381829
AdaBoost,Train,0.6231884057971003,0.5770646009357708
AdaBoost,Train,1.363935283358457,0.6826207457724037
AdaBoost,Train,0.7505083948513462,-0.20324366388837134
AdaBoost,Train,0.7168825761045695,0.6185622053386232
AdaBoost,Train,0.1569739382239341,0.26780516953126704
AdaBoost,Train,0.6760563380281691,0.633259048436214
AdaBoost,Train,-0.3668744088311774,-0.43630468631745273
AdaBoost,Train,-0.1059519103518204,0.3725404184584554
AdaBoost,Train,-0.612646032378238,0.3725404184584554
AdaBoost,Train,-0.7628438624246476,-1.2250709972815363
AdaBoost,Train,-0.08092190762392612,-0.1398216503993103
AdaBoost,Train,0.4489574959155591,-0.9097898352936146
AdaBoost,Train,-2.705549293202082,-1.690397385446825
AdaBoost,Train,0.8792796600840976,0.7286622090644544
AdaBoost,Train,0.9612068965517243,0.36699030213474837
AdaBoost,Train,0.9708116108725178,0.6185622053386232
AdaBoost,Train,-0.2099009373137068,0.5395186103612613
AdaBoost,Train,0.8178119194823461,0.6185622053386232
AdaBoost,Train,0.3559122080332726,0.5746956889773873
AdaBoost,Train,-0.2678362573099414,-0.5165279296280548
AdaBoost,Train,0.8796692056320535,0.6185622053386232
AdaBoost,Train,1.308724832214764,0.6185622053386232
AdaBoost,Train,0.0594209901149536,-0.04817390742143409
AdaBoost,Train,-0.2340726776061404,0.4844953935201011
AdaBoost,Train,-0.3031709948236987,0.5395186103612613
AdaBoost,Train,0.4342288918608878,0.6185622053386232
AdaBoost,Train,-0.1762586357436119,0.5746956889773873
AdaBoost,Train,-0.00877392430750515,-0.7236411379313993
AdaBoost,Train,-0.2225132903568139,0.49897237893002844
AdaBoost,Train,0.18155415475718,0.5650609649853517
AdaBoost,Train,0.5267037346185933,0.5746956889773873
AdaBoost,Train,0.3856062735983122,0.633259048436214
AdaBoost,Train,1.126315789473682,0.6185622053386232
AdaBoost,Train,0.686155075454263,0.6185622053386232
AdaBoost,Train,0.9365132613368841,0.6185622053386232
AdaBoost,Train,0.4487098600393338,0.5746956889773873
AdaBoost,Train,0.4509957088161992,0.5746956889773873
AdaBoost,Train,0.7403626894942439,0.7555559341730487
AdaBoost,Train,-0.1172728120892211,-0.4289664798600099
AdaBoost,Train,0.2907935616990988,-0.06907694008895147
AdaBoost,Train,-0.05787918913275993,0.49897237893002844
AdaBoost,Train,-0.7628438624246476,-1.3548700122832826
AdaBoost,Train,0.7237976748508552,0.5770646009357708
AdaBoost,Train,-0.7827067862373733,-0.7189799110464771
AdaBoost,Train,1.130976691605617,0.5770646009357708
AdaBoost,Train,0.1066751967046165,0.5035611279923333
AdaBoost,Train,0.3254607304414622,0.49897237893002844
AdaBoost,Train,-0.2469177919249304,-0.8264850251252243
AdaBoost,Train,0.03730594077925276,0.5035611279923333
AdaBoost,Train,-1.563758389261749,-1.0061133528206188
AdaBoost,Train,1.004815141474574,0.6185622053386232
AdaBoost,Train,0.8067164667100035,0.5770646009357708
AdaBoost,Train,0.9881114906350605,0.6185622053386232
AdaBoost,Train,0.6479448198198187,0.5770646009357708
AdaBoost,Train,0.02081696013925367,0.26780516953126704
AdaBoost,Train,0.2647773159802437,-0.5467033123592352
AdaBoost,Train,-0.4315653747438915,0.49897237893002844
AdaBoost,Train,0.1366562824506729,0.05726293003488226
AdaBoost,Train,0.1647522604652088,0.5746956889773873
AdaBoost,Train,1.082621082621084,0.4035445622800125
AdaBoost,Train,0.06037703633173449,0.5746956889773873
AdaBoost,Train,-0.006203087965272839,0.6185622053386232
AdaBoost,Train,0.7237976748508552,0.5770646009357708
AdaBoost,Train,1.100763643371112,0.633259048436214
AdaBoost,Train,-0.1762586357436113,0.6185622053386232
AdaBoost,Train,-0.8301121378671653,-0.5277894867690544
AdaBoost,Train,0.8035528064607984,-0.04722599363028761
AdaBoost,Train,1.283198266190026,0.6185622053386232
AdaBoost,Train,1.150595882990248,0.633259048436214
AdaBoost,Train,-0.01733477789815788,-0.04817390742143409
AdaBoost,Train,-1.516444298028881,-1.0061133528206188
AdaBoost,Train,0.8020207517719758,-0.43630468631745273
AdaBoost,Train,-0.9827586206896575,-1.0061133528206188
AdaBoost,Train,0.173186268412274,0.028880897744855624
AdaBoost,Train,0.4034029043735392,0.5650609649853517
AdaBoost,Train,1.398347107438026,0.6185622053386232
AdaBoost,Train,-0.4724680904466963,-0.5467033123592352
AdaBoost,Train,-1.20966708761141,-0.4289664798600099
AdaBoost,Train,-2.323341080224196,-1.4201707731414783
AdaBoost,Train,0.5459451160618883,0.49897237893002844
AdaBoost,Train,-2.334481075108565,-1.3049475188927557
AdaBoost,Train,0.1206896551724121,0.012867634011681062
AdaBoost,Train,-0.05978886246861603,0.49897237893002844
AdaBoost,Train,-2.052455067076556,-0.7236411379313993
AdaBoost,Train,0.2775007758356284,0.5770646009357708
AdaBoost,Train,0.6621085853152393,0.5770646009357708
AdaBoost,Train,0.422413793103446,-0.04817390742143409
AdaBoost,Train,-0.9145720716388055,-0.04817390742143409
AdaBoost,Train,0.6410063608375752,0.5746956889773873
AdaBoost,Train,-2.323341080224196,-1.4201707731414783
AdaBoost,Train,0.380211241711606,0.5770646009357708
AdaBoost,Train,0.359835482339888,0.028880897744855624
AdaBoost,Train,-1.364902075136013,-0.5591095689305645
AdaBoost,Train,0.2880888597640699,0.6185622053386232
AdaBoost,Train,0.1657598875739492,0.5650609649853517
AdaBoost,Train,0.3459994779145614,0.5746956889773873
AdaBoost,Train,-2.203831209357573,-1.1352652514254222
AdaBoost,Train,-0.1953198127925111,-0.1398216503993103
AdaBoost,Train,0.4679182470163208,0.5770646009357708
AdaBoost,Train,0.7762863534675611,-0.04817390742143409
AdaBoost,Train,0.686155075454263,0.6185622053386232
AdaBoost,Train,-0.4836373832160348,0.5395186103612613
AdaBoost,Train,1.395341273599259,0.5035611279923333
AdaBoost,Train,0.6483600109809317,0.5770646009357708
AdaBoost,Train,-0.04375512696868296,0.5650609649853517
AdaBoost,Train,0.148594545749752,0.5035611279923333
AdaBoost,Train,0.2304489213782739,0.5746956889773873
AdaBoost,Train,0.06427457098283858,0.028880897744855624
AdaBoost,Train,0.05803546917037159,-0.4289664798600099
AdaBoost,Train,-0.4089353929735008,0.49897237893002844
AdaBoost,Train,1.187969924812029,0.6185622053386232
AdaBoost,Train,0.1647522604652088,0.6185622053386232
AdaBoost,Train,-0.110008534838633,0.49897237893002844
AdaBoost,Train,-0.51427857351842,-0.3311491535381829
AdaBoost,Train,0.4126109061603624,0.5650609649853517
AdaBoost,Train,-0.1760912590556817,0.5395186103612613
AdaBoost,Train,0.2807537335508451,0.05726293003488226
AdaBoost,Train,2.388059618193226,1.683121638276504
AdaBoost,Train,0.541283490742574,0.5650609649853517
AdaBoost,Train,-2.718967130186474,-1.5495022402015461
AdaBoost,Train,0.3432623561190514,0.028880897744855624
AdaBoost,Train,1.080536912751675,0.6185622053386232
AdaBoost,Train,0.5546959574620433,0.5035611279923333
AdaBoost,Train,0.2962164173101657,0.05726293003488226
AdaBoost,Train,0.0,0.5746956889773873
AdaBoost,Train,0.08054025763564433,0.5770646009357708
AdaBoost,Train,0.2126080928814434,0.5650609649853517
AdaBoost,Train,0.6779252076177129,0.5770646009357708
AdaBoost,Train,1.278753600952829,0.6185622053386232
AdaBoost,Train,-0.004364805402450088,-0.7236411379313993
AdaBoost,Train,0.6526722071108372,0.3769919104480072
AdaBoost,Train,0.6982266185371769,0.5770646009357708
AdaBoost,Train,1.076276352144377,0.6185622053386232
AdaBoost,Train,-0.0893755951107988,-1.1029537001608936
AdaBoost,Train,-0.7907934207082596,0.05726293003488226
AdaBoost,Train,-1.278559880703671,-0.5591095689305645
AdaBoost,Train,-0.7718752999018175,-0.5467033123592352
AdaBoost,Train,0.5546959574620433,0.5035611279923333
AdaBoost,Train,0.04614998447069624,0.49897237893002844
AdaBoost,Train,0.4655717305742211,0.5770646009357708
AdaBoost,Train,1.201397124320452,0.5770646009357708
AdaBoost,Train,1.02938377768521,0.5770646009357708
AdaBoost,Train,0.380211241711606,0.5746956889773873
AdaBoost,Train,0.1166176813015091,0.5746956889773873
AdaBoost,Train,0.6335218433719506,-0.04817390742143409
AdaBoost,Train,0.1872386198314787,0.5746956889773873
AdaBoost,Train,0.3468309859154933,0.012867634011681062
AdaBoost,Train,0.6052964725395565,0.6185622053386232
AdaBoost,Train,0.4034029043735392,0.5650609649853517
AdaBoost,Train,0.04260470370605519,0.5650609649853517
AdaBoost,Train,-2.634968218916374,-1.5495022402015461
AdaBoost,Train,-0.9651162790697718,0.012867634011681062
AdaBoost,Train,-0.3135371308479524,0.49897237893002844
AdaBoost,Train,-0.2525162145712102,-1.3548700122832826
AdaBoost,Train,0.6018447179733589,0.6185622053386232
AdaBoost,Train,-1.102338512076255,-0.845422227080292
AdaBoost,Train,0.01703333929878037,-0.7236411379313993
AdaBoost,Train,0.1256895334971941,-0.1398216503993103
AdaBoost,Train,-0.8232758620689614,-1.1356313210205238
AdaBoost,Train,-0.08471373464762134,0.49897237893002844
AdaBoost,Train,0.1883035851650658,0.5035611279923333
AdaBoost,Train,-0.168693863576964,-0.5467033123592352
AdaBoost,Train,0.5118833609788743,-0.20324366388837134
AdaBoost,Train,0.4471580313422192,0.5770646009357708
AdaBoost,Train,-2.144640275261264,-1.1352652514254222
AdaBoost,Train,0.5754147908402901,0.028880897744855624
AdaBoost,Train,-0.1563012307056405,0.5746956889773873
AdaBoost,Train,0.5185139398778874,0.5770646009357708
AdaBoost,Train,-0.2500000000000024,-1.008082234888171
AdaBoost,Train,-0.9021734110319146,-0.4289664798600099
AdaBoost,Train,-0.1029641185647424,-0.1398216503993103
AdaBoost,Train,0.2424445151694238,0.05726293003488226
AdaBoost,Train,0.06787330316741842,0.5746956889773873
AdaBoost,Train,0.6901960800285137,0.6185622053386232
AdaBoost,Train,0.9612068965517243,0.36699030213474837
AdaBoost,Train,0.5862831858407086,0.49897237893002844
AdaBoost,Train,0.146128035678238,0.5746956889773873
AdaBoost,Train,0.5805468137587243,0.6185622053386232
AdaBoost,Train,0.1639004149377578,0.4844953935201011
AdaBoost,Train,0.436162647040756,0.5770646009357708
AdaBoost,Train,0.6627578316815741,0.5770646009357708
AdaBoost,Train,1.143014800254095,0.6185622053386232
AdaBoost,Train,0.8389261744966443,0.5770646009357708
AdaBoost,Train,0.2964118564742571,0.028880897744855624
AdaBoost,Train,0.001069865533045818,0.5035611279923333
AdaBoost,Train,0.380211241711606,0.5770646009357708
AdaBoost,Train,0.8650442477876106,0.5650609649853517
AdaBoost,Train,-0.3091286307053941,0.4844953935201011
AdaBoost,Train,-0.004364805402450088,-0.7236411379313993
AdaBoost,Train,0.5570638505655185,0.6185622053386232
AdaBoost,Train,0.03710686132560858,0.05726293003488226
AdaBoost,Train,-0.2218487496163564,0.633259048436214
AdaBoost,Train,-0.00620308796527328,0.5746956889773873
AdaBoost,Train,-0.4396694214875904,-0.7189799110464771
AdaBoost,Train,0.5814674032073606,0.5395186103612613
AdaBoost,Train,0.4040313015268496,0.6185622053386232
AdaBoost,Train,-1.114147993293855,-0.5277894867690544
AdaBoost,Train,-1.615697591672981,-1.0282067346012806
AdaBoost,Train,-0.01749782701560991,-0.4289664798600099
AdaBoost,Train,0.3483048630481607,0.633259048436214
AdaBoost,Train,0.6299402678187999,0.5770646009357708
AdaBoost,Train,0.7618945674400744,-0.5467033123592352
AdaBoost,Train,0.290034611362518,0.5746956889773873
AdaBoost,Train,-0.02664130105864902,0.5395186103612613
AdaBoost,Train,0.1765990639625574,0.028880897744855624
AdaBoost,Train,0.4741255587590221,0.6185622053386232
AdaBoost,Train,0.04532297878665748,-0.7236411379313993
AdaBoost,Train,-1.851851851851851,-1.0061133528206188
AdaBoost,Train,1.036353115842418,0.028880897744855624
AdaBoost,Train,0.7388055682705498,0.5770646009357708
AdaBoost,Train,0.5742145178764892,0.5186928521112876
AdaBoost,Train,-0.055377791833341,0.5746956889773873
AdaBoost,Train,1.608501118568232,0.633259048436214
AdaBoost,Train,-0.4780893042575287,-0.1398216503993103
AdaBoost,Train,-0.3093052782018357,-0.003908835358717132
AdaBoost,Train,0.6002076843198328,0.5770646009357708
AdaBoost,Train,1.03342375548695,0.6185622053386232
AdaBoost,Train,0.5587085705331657,0.5770646009357708
AdaBoost,Train,0.6558037511164472,0.5746956889773873
AdaBoost,Train,1.094342640722355,0.633259048436214
AdaBoost,Train,0.6137179964990436,0.6185622053386232
AdaBoost,Train,-0.1033429559749049,0.5746956889773873
AdaBoost,Train,-1.163675884293248,-0.3311491535381829
AdaBoost,Train,-0.4416951356407078,-0.5467033123592352
AdaBoost,Train,0.2166847237269759,0.012867634011681062
AdaBoost,Train,-1.397940008672037,-1.229091113507669
AdaBoost,Train,-0.8340240248307097,0.027137550562442683
AdaBoost,Train,0.9711055276381912,0.5770646009357708
AdaBoost,Train,0.06037703633173826,0.6185622053386232
AdaBoost,Train,0.7239819004524883,0.5770646009357708
AdaBoost,Train,-0.9827586206896575,-1.0061133528206188
AdaBoost,Train,0.1639004149377578,0.4844953935201011
AdaBoost,Train,0.6283889300503115,0.5746956889773873
AdaBoost,Train,0.07879884639939841,0.012867634011681062
AdaBoost,Train,1.146941207143456,0.633259048436214
AdaBoost,Train,0.3074960379132129,0.5746956889773873
AdaBoost,Train,0.7189234367587567,0.5770646009357708
AdaBoost,Train,0.3801976569746794,0.5186928521112876
AdaBoost,Train,-0.3061000384340861,-0.4289664798600099
AdaBoost,Train,-1.221064605101569,-0.4289664798600099
AdaBoost,Train,0.8426092396105621,0.5770646009357708
AdaBoost,Train,0.4638929889859073,0.6185622053386232
AdaBoost,Train,-0.05698339270242879,-0.03866522294778783
AdaBoost,Train,-0.7458094490628238,0.05726293003488226
AdaBoost,Train,0.5383765017273076,0.5770646009357708
AdaBoost,Train,0.3304137733491909,0.028880897744855624
AdaBoost,Train,1.382743362831857,0.6185622053386232
AdaBoost,Train,0.6373245098685487,0.5770646009357708
AdaBoost,Train,0.3318965517241376,0.49897237893002844
AdaBoost,Train,-1.300144134463074,-0.7189799110464771
AdaBoost,Train,0.000184675759379702,0.4844953935201011
AdaBoost,Train,-0.2365720064370627,-0.08774977314779663
AdaBoost,Train,0.6532125137753437,0.633259048436214
AdaBoost,Train,0.3029055729718366,0.012867634011681062
AdaBoost,Train,-0.2218487496163564,0.5746956889773873
AdaBoost,Train,0.9495487209058864,0.6826207457724037
AdaBoost,Train,0.2600216684723708,0.012867634011681062
AdaBoost,Train,-0.01635820640686767,-0.06907694008895147
AdaBoost,Train,-0.2881198278471295,-0.5467033123592352
AdaBoost,Train,0.8142475957319202,0.5186928521112876
AdaBoost,Train,1.050866019970613,0.6185622053386232
AdaBoost,Train,0.5118833609788743,-0.20324366388837134
AdaBoost,Train,-0.3720391624218937,0.012867634011681062
AdaBoost,Train,0.5265032835812309,0.6185622053386232
AdaBoost,Train,-0.0767550702028087,-0.1398216503993103
AdaBoost,Train,0.6211762817750351,0.5770646009357708
AdaBoost,Train,-2.777665566310111,-1.5495022402015461
AdaBoost,Train,0.3502480183341629,0.5746956889773873
AdaBoost,Train,0.9365132613368845,0.6185622053386232
AdaBoost,Train,0.5049560752439612,0.028880897744855624
AdaBoost,Train,-0.5742492738010503,-0.03866522294778783
AdaBoost,Train,0.07980012213427638,0.5746956889773873
AdaBoost,Train,-1.629310344827578,-1.143241053315963
AdaBoost,Train,0.1888069379391503,0.5746956889773873
AdaBoost,Train,0.6365584913426995,0.6185622053386232
AdaBoost,Train,0.04550379198266516,-0.04817390742143409
AdaBoost,Train,-1.972093023255811,-1.1077329395114968
AdaBoost,Train,-1.278559880703671,-0.5591095689305645
AdaBoost,Train,0.6421052631578948,0.5770646009357708
AdaBoost,Train,-2.522878745280337,-1.229091113507669
AdaBoost,Train,-0.3113613671456985,-0.5467033123592352
AdaBoost,Train,-0.129219291822582,0.49897237893002844
AdaBoost,Train,-1.516444298028881,-1.0061133528206188
AdaBoost,Train,-0.9651162790697718,0.012867634011681062
AdaBoost,Train,-0.1135092748275181,0.49897237893002844
AdaBoost,Train,0.3549473425726017,0.6185622053386232
AdaBoost,Train,0.8636528625639327,0.633259048436214
AdaBoost,Train,-0.9145720716388055,-0.04817390742143409
AdaBoost,Train,-0.8086184995011162,-0.9602673462057019
AdaBoost,Train,-1.351639989019068,-0.7189799110464771
AdaBoost,Train,0.4065401804339551,0.5770646009357708
AdaBoost,Train,0.2647773159802437,-0.5467033123592352
AdaBoost,Train,0.7194451609763224,0.5650609649853517
AdaBoost,Train,0.7114680014156944,0.5186928521112876
AdaBoost,Train,0.08563466276372743,0.49897237893002844
AdaBoost,Train,-0.985231158620319,-0.4289664798600099
AdaBoost,Train,0.3747483460101039,0.5746956889773873
AdaBoost,Train,-0.08471373464762134,0.49897237893002844
AdaBoost,Train,0.3222192947339193,0.028880897744855624
AdaBoost,Train,-1.785155875122728,-0.5591095689305645
AdaBoost,Train,0.1208778733641796,0.49897237893002844
AdaBoost,Train,0.290034611362518,0.5746956889773873
AdaBoost,Train,-0.2372093023255822,0.49897237893002844
AdaBoost,Train,-1.568636235841013,-1.229091113507669
AdaBoost,Train,0.5250677226597732,0.6185622053386232
AdaBoost,Train,1.305958561063182,0.6185622053386232
AdaBoost,Train,-0.1321607680099658,0.49897237893002844
AdaBoost,Train,-0.3841226480657678,0.49897237893002844
AdaBoost,Train,-2.144640275261264,-1.1352652514254222
AdaBoost,Train,-0.168693863576964,-0.5467033123592352
AdaBoost,Train,0.3926969532596657,0.028880897744855624
AdaBoost,Train,0.082934622503059,0.6185622053386232
AdaBoost,Train,-0.3954987090480164,0.49897237893002844
AdaBoost,Train,-2.698970004336019,-1.3049475188927557
AdaBoost,Train,0.7386467155148417,0.5770646009357708
AdaBoost,Train,0.5344053974388362,0.43911562347529354
AdaBoost,Train,1.133825549864817,0.5035611279923333
AdaBoost,Train,-0.9827586206896575,-1.0061133528206188
AdaBoost,Train,0.4070585517469932,0.6185622053386232
AdaBoost,Train,-0.3188767550702024,-0.1398216503993103
AdaBoost,Train,0.03204710545330516,0.5746956889773873
AdaBoost,Train,0.4313637641589874,0.5746956889773873
AdaBoost,Train,0.1206896551724121,0.012867634011681062
AdaBoost,Train,-1.014876033057834,-0.7189799110464771
AdaBoost,Train,1.02530586526477,0.6185622053386232
AdaBoost,Train,0.4603305929511411,0.5746956889773873
AdaBoost,Train,-0.7884826218653814,-0.5467033123592352
AdaBoost,Train,0.6387979239767979,0.6185622053386232
AdaBoost,Train,0.1967213902982204,0.5035611279923333
AdaBoost,Train,-1.572614107883811,-1.0061133528206188
AdaBoost,Train,-0.225488800760079,0.5035611279923333
AdaBoost,Train,-0.528820300569675,-0.5165279296280548
AdaBoost,Train,-0.02672178766989199,-0.03866522294778783
AdaBoost,Train,0.3029055729718366,0.012867634011681062
AdaBoost,Train,-2.323341080224196,-1.3049475188927557
AdaBoost,Train,0.2485127322208998,-0.3311491535381829
AdaBoost,Train,0.06666840180628056,0.5746956889773873
AdaBoost,Train,0.08040478333155002,0.5770646009357708
AdaBoost,Train,0.449180152337384,0.36699030213474837
AdaBoost,Train,0.5387931034482746,0.49897237893002844
AdaBoost,Train,0.8234019501625136,0.6185622053386232
AdaBoost,Train,-0.05787918913275993,0.49897237893002844
AdaBoost,Train,0.9436090225563907,0.5770646009357708
AdaBoost,Train,-0.3154362416107405,-0.4289664798600099
AdaBoost,Train,0.06392869562034259,-0.04817390742143409
AdaBoost,Train,0.7375901662857216,0.26780516953126704
AdaBoost,Train,0.6052964725395565,0.6185622053386232
AdaBoost,Train,0.4349897524434111,0.6185622053386232
AdaBoost,Train,0.6988119920145542,0.5770646009357708
AdaBoost,Train,-0.03621217265444471,0.49897237893002844
AdaBoost,Train,0.6532125137753437,0.633259048436214
AdaBoost,Train,-2.090225563909775,-1.1352652514254222
AdaBoost,Train,1.001698847035765,0.5770646009357708
AdaBoost,Train,-0.162941534687887,-0.03866522294778783
AdaBoost,Train,-0.3113613671456985,-0.5467033123592352
AdaBoost,Train,0.6106601630898799,0.5770646009357708
AdaBoost,Train,-0.3189655172413801,0.012867634011681062
AdaBoost,Train,0.6211762817750351,0.5770646009357708
AdaBoost,Train,1.133825549864817,0.5035611279923333
AdaBoost,Train,-1.290730039024169,-1.229091113507669
AdaBoost,Train,-0.3665158371040725,0.49897237893002844
AdaBoost,Train,0.8122446968003693,-0.20324366388837134
AdaBoost,Train,0.729439713313603,0.5770646009357708
AdaBoost,Train,-2.270100502512563,-1.5495022402015461
AdaBoost,Train,0.8061799739838872,0.633259048436214
AdaBoost,Train,-1.364902075136013,-0.5591095689305645
AdaBoost,Train,0.3997834418988355,0.5770646009357708
AdaBoost,Train,1.344392273685111,0.5770646009357708
AdaBoost,Train,0.7795964912578245,0.6185622053386232
AdaBoost,Train,0.7160033436347992,0.6185622053386232
AdaBoost,Train,-0.3279021420642826,-1.060404760868679
AdaBoost,Train,0.7744360902255635,0.6185622053386232
AdaBoost,Train,0.4432770075955701,0.5035611279923333
AdaBoost,Train,-0.00877392430750515,-0.7236411379313993
AdaBoost,Train,-0.3154362416107405,-0.4289664798600099
AdaBoost,Train,-0.02672178766989199,-0.03866522294778783
AdaBoost,Train,0.6306396086247502,0.633259048436214
AdaBoost,Train,0.9572567783094088,0.6826207457724037
AdaBoost,Train,0.07358456455093211,0.3769919104480072
AdaBoost,Train,0.5279857113140554,0.6185622053386232
AdaBoost,Train,0.8248316567500222,0.027137550562442683
AdaBoost,Train,0.6724323295111406,0.5770646009357708
AdaBoost,Train,0.146128035678238,0.633259048436214
AdaBoost,Train,0.06392869562034259,-0.04817390742143409
AdaBoost,Train,-0.2383566602316601,-0.3754874388699543
AdaBoost,Train,0.6149590534401633,0.5770646009357708
AdaBoost,Train,0.3463529744506387,0.5770646009357708
AdaBoost,Train,0.0243369734789374,-0.1398216503993103
AdaBoost,Train,-0.7152802629955829,0.012867634011681062
AdaBoost,Train,0.9425041061680807,0.5770646009357708
AdaBoost,Train,0.4471580313422192,0.5770646009357708
AdaBoost,Train,0.210118641008524,0.027137550562442683
AdaBoost,Train,-2.323341080224196,-1.3049475188927557
AdaBoost,Train,-1.199748743718593,-1.2250709972815363
AdaBoost,Train,-1.441695135640719,-1.2250709972815363
AdaBoost,Train,1.093599819380088,0.6185622053386232
AdaBoost,Train,0.9091346748392991,0.6826207457724037
AdaBoost,Train,0.6754239863370415,0.5770646009357708
AdaBoost,Train,-0.9126967386229311,-0.03866522294778783
AdaBoost,Train,0.4070585517469932,0.5746956889773873
AdaBoost,Train,0.5014171282441098,0.6185622053386232
AdaBoost,Train,0.6720978579357175,0.633259048436214
AdaBoost,Train,0.8577031944274324,0.5770646009357708
AdaBoost,Train,0.7107438016529042,0.5035611279923333
AdaBoost,Train,0.8723520098382468,0.6185622053386232
AdaBoost,Train,0.5734581149493531,0.6185622053386232
AdaBoost,Train,0.7971694225490045,0.5770646009357708
AdaBoost,Train,-1.221064605101569,-0.4289664798600099
AdaBoost,Train,0.2600713879850748,0.5770646009357708
AdaBoost,Train,0.7302275189599128,0.5770646009357708
AdaBoost,Train,0.6373245098685487,0.5770646009357708
AdaBoost,Train,1.394451680826216,0.5770646009357708
AdaBoost,Train,0.9163342758539162,0.6185622053386232
AdaBoost,Train,0.02214307063863684,0.5395186103612613
AdaBoost,Train,0.5496719218682735,0.5650609649853517
AdaBoost,Train,-0.7933871979013215,-0.7189799110464771
AdaBoost,Train,-0.07051482059282402,-0.1398216503993103
AdaBoost,Train,-1.517084431448743,-1.0061133528206188
AdaBoost,Train,0.2477360902479951,0.5770646009357708
AdaBoost,Train,1.031407035175877,0.5770646009357708
AdaBoost,Train,-1.863570317441311,-1.008082234888171
AdaBoost,Train,1.080536912751675,0.6185622053386232
AdaBoost,Train,0.3534526924483971,0.05726293003488226
AdaBoost,Train,-1.112831858407081,-1.2250709972815363
AdaBoost,Train,0.249877473216598,0.5395186103612613
AdaBoost,Train,-0.1763846362985451,0.027137550562442683
AdaBoost,Train,0.4653828514484183,0.5770646009357708
AdaBoost,Train,0.3971129200300176,0.6185622053386232
AdaBoost,Train,0.648364110491845,0.5770646009357708
AdaBoost,Train,1.174641192660449,0.5395186103612613
AdaBoost,Train,0.5587284924162972,0.6185622053386232
AdaBoost,Train,-0.2770149382233361,0.26780516953126704
AdaBoost,Train,0.1789541471922132,0.6185622053386232
AdaBoost,Train,-0.8196731304698925,-0.3754874388699543
AdaBoost,Train,-0.6073030467403343,-1.229091113507669
AdaBoost,Train,1.142241379310341,0.49897237893002844
AdaBoost,Train,-1.214824120603015,-0.4289664798600099
AdaBoost,Test,0.3324384599156053,0.5770646009357708
AdaBoost,Test,3.164179103238849,1.683121638276504
AdaBoost,Test,0.5014171282441098,0.6185622053386232
AdaBoost,Test,-0.3061000384340861,-0.4289664798600099
AdaBoost,Test,0.5209109372834104,0.5746956889773873
AdaBoost,Test,0.2184674937789584,0.5770646009357708
AdaBoost,Test,-0.6189591078066927,-0.4289664798600099
AdaBoost,Test,-0.08633414873527591,0.5746956889773873
AdaBoost,Test,1.094342640722355,0.633259048436214
AdaBoost,Test,0.9931205342354806,0.6185622053386232
AdaBoost,Test,-0.8313241449568525,-0.5591095689305645
AdaBoost,Test,-0.5408689174769996,-0.04817390742143409
AdaBoost,Test,0.0649854939798157,-0.5467033123592352
AdaBoost,Test,-0.9633176592446268,0.028880897744855624
AdaBoost,Test,-0.8239087409443188,-1.008082234888171
AdaBoost,Test,-0.2992233682875201,-0.7189799110464771
AdaBoost,Test,0.4271453189369645,0.5186928521112876
AdaBoost,Test,0.4415191304571257,0.5770646009357708
AdaBoost,Test,0.8292314636701624,0.6185622053386232
AdaBoost,Test,0.290034611362518,0.5746956889773873
AdaBoost,Test,-0.6595299383442075,-0.7189799110464771
AdaBoost,Test,1.283198266190026,0.6185622053386232
AdaBoost,Test,0.4275633669545613,0.5746956889773873
AdaBoost,Test,-1.071860922666721,-1.1955876977386253
AdaBoost,Test,0.07018822533816348,0.5395186103612613
AdaBoost,Test,-0.03068512285530053,0.6185622053386232
AdaBoost,Test,0.3344537511509309,0.5746956889773873
AdaBoost,Test,0.04614998447069624,0.49897237893002844
AdaBoost,Test,-0.2924298239020636,0.49897237893002844
AdaBoost,Test,0.414973347970818,0.5746956889773873
AdaBoost,Test,0.6548599518166115,0.6185622053386232
AdaBoost,Test,0.761745810919945,0.6185622053386232
AdaBoost,Test,0.6315789473684207,0.5186928521112876
AdaBoost,Test,1.01169221234297,0.6185622053386232
AdaBoost,Test,-1.452991452991453,-1.0061133528206188
AdaBoost,Test,-0.7611389642143674,-0.04817390742143409
AdaBoost,Test,0.1145400335558539,0.5395186103612613
AdaBoost,Test,1.253437245309724,0.6185622053386232
AdaBoost,Test,-0.5938066216438812,-0.4289664798600099
AdaBoost,Test,-1.719591275179851,-0.7189799110464771
AdaBoost,Test,0.3031960574204888,0.5746956889773873
AdaBoost,Test,-0.1767241379310328,0.5395186103612613
AdaBoost,Test,-3.084170854271357,-1.3548700122832826
AdaBoost,Test,0.5881912753291252,0.5746956889773873
AdaBoost,Test,0.8292314636701619,0.6185622053386232
AdaBoost,Test,0.568201724066995,0.5770646009357708
AdaBoost,Test,0.3119932648840557,-0.04817390742143409
AdaBoost,Test,0.3426900584795311,0.05726293003488226
AdaBoost,Test,-1.05000038465533,-0.7189799110464771
AdaBoost,Test,0.6242820958356683,0.5770646009357708
AdaBoost,Test,-0.3841226480657678,0.49897237893002844
AdaBoost,Test,-0.7628438624246476,-1.2250709972815363
AdaBoost,Test,-1.517084431448743,-1.0061133528206188
AdaBoost,Test,0.7294593264839196,0.26780516953126704
AdaBoost,Test,0.8965262174895553,-0.20324366388837134
AdaBoost,Test,-1.448275862068967,-0.8600522461540351
AdaBoost,Test,0.6052964725395565,0.6185622053386232
AdaBoost,Test,0.6020599913279624,0.633259048436214
AdaBoost,Test,-0.3841226480657678,0.49897237893002844
AdaBoost,Test,0.4248088801709484,0.5650609649853517
AdaBoost,Test,-0.01106194690265572,-0.5165279296280548
AdaBoost,Test,0.7618945674400744,-0.5467033123592352
AdaBoost,Test,0.03779758291381349,0.5770646009357708
AdaBoost,Test,-0.07719576496805934,0.6185622053386232
AdaBoost,Test,-1.105822721176797,-0.24188099499887164
AdaBoost,Test,-0.2500000000000024,-1.008082234888171
AdaBoost,Test,-0.3824561403508766,-0.5277894867690544
AdaBoost,Test,2.086283185840707,0.6185622053386232
AdaBoost,Test,0.3982725127375335,0.6185622053386232
AdaBoost,Test,0.5587085705331657,0.5770646009357708
AdaBoost,Test,0.3596766725050837,0.5770646009357708
AdaBoost,Test,0.3010299956639812,0.5746956889773873
AdaBoost,Test,-0.163262387944784,-0.4289664798600099
AdaBoost,Test,-0.1364894692937454,-0.5591095689305645
AdaBoost,Test,0.4754464211067237,0.5770646009357708
AdaBoost,Test,-0.1364894692937454,-0.5591095689305645
AdaBoost,Test,0.5185139398778874,0.633259048436214
AdaBoost,Test,0.5433383280405261,0.26780516953126704
AdaBoost,Test,0.05803546917037159,-0.4289664798600099
AdaBoost,Test,-0.744727494896694,-1.008082234888171
AdaBoost,Test,-0.5631007681788924,-0.3311491535381829
AdaBoost,Test,1.133825549864817,0.5035611279923333
AdaBoost,Test,0.4776604850213967,0.5770646009357708
AdaBoost,Test,-0.09691001300805639,0.5746956889773873
AdaBoost,Test,1.50559284116331,0.633259048436214
AdaBoost,Test,1.076276352144377,0.6185622053386232
AdaBoost,Test,0.436162647040756,0.5746956889773873
AdaBoost,Test,-0.1986570869544228,-0.04817390742143409
AdaBoost,Test,0.3463529744506387,0.5746956889773873
AdaBoost,Test,-0.02059282371294896,0.028880897744855624
AdaBoost,Test,0.583638190231899,0.5746956889773873
AdaBoost,Test,0.5484338463910386,0.5770646009357708
AdaBoost,Test,0.7971694225490045,0.5770646009357708
AdaBoost,Test,-0.9285714285714313,-1.3049475188927557
AdaBoost,Test,-1.599246231155778,-1.437797594211395
AdaBoost,Test,0.6354837468149122,0.6185622053386232
AdaBoost,Test,0.7932016100908708,0.5770646009357708
AdaBoost,Test,0.5670263661590603,0.5770646009357708
AdaBoost,Test,0.4393326938302626,0.028880897744855624
AdaBoost,Test,0.4158977539238713,0.5186928521112876
AdaBoost,Test,-0.4090614296906621,0.027137550562442683
AdaBoost,Test,0.5014171282441111,0.6185622053386232
AdaBoost,Test,-0.5144205230153214,-0.7189799110464771
AdaBoost,Test,-0.001233048413828201,0.5746956889773873
AdaBoost,Test,1.107438016528938,0.5650609649853517
AdaBoost,Test,0.6211762817750351,0.5770646009357708
AdaBoost,Test,0.1003705451175629,0.49897237893002844
AdaBoost,Test,-0.5829875518672214,0.4844953935201011
AdaBoost,Test,0.05690485133647256,-0.7236411379313993
AdaBoost,Test,0.2182287808022119,0.5746956889773873
AdaBoost,Test,-1.97095435684647,-1.1077329395114968
AdaBoost,Test,0.6621085853152393,0.5770646009357708
AdaBoost,Test,-0.624161073825504,-0.4289664798600099
AdaBoost,Test,1.094342640722355,0.633259048436214
AdaBoost,Test,-1.337242168318426,-1.2471470856789646
AdaBoost,Test,-0.4168875174404437,-0.5591095689305645
AdaBoost,Test,0.3521825181113625,0.5650609649853517
AdaBoost,Test,-0.7907934207082596,0.05726293003488226
AdaBoost,Test,0.6031443726201823,0.5770646009357708
AdaBoost,Test,-2.300251256281407,-1.3049475188927557
AdaBoost,Test,0.6096866096866093,-0.1398216503993103
AdaBoost,Test,0.3222192947339193,0.5746956889773873
AdaBoost,Test,1.103190095954383,0.633259048436214
AdaBoost,Test,-0.2881198278471295,-0.5467033123592352
AdaBoost,Test,0.4703209205104826,0.05726293003488226
AdaBoost,Test,0.5796458917139012,0.5746956889773873
AdaBoost,Test,0.5443965170527658,0.5746956889773873
AdaBoost,Test,1.027249205777354,0.6185622053386232
AdaBoost,Test,0.06037703633173449,0.5746956889773873
AdaBoost,Test,0.6107382550335557,-0.04817390742143409
AdaBoost,Test,0.3778487999011506,0.5650609649853517
AdaBoost,Test,0.5380082475606797,0.5770646009357708
AdaBoost,Test,-0.6989700043360187,0.4844953935201011
AdaBoost,Test,0.6197183098591552,0.5186928521112876
AdaBoost,Test,-1.196026900731575,-0.5591095689305645
AdaBoost,Test,-0.624161073825504,-0.4289664798600099
AdaBoost,Test,0.9163342758539162,0.6185622053386232
AdaBoost,Test,0.0992694619521627,-0.1398216503993103
AdaBoost,Test,0.2550304776875136,0.5746956889773873
AdaBoost,Test,0.7023705927993015,0.633259048436214
AdaBoost,Test,0.07018822533816348,0.5395186103612613
AdaBoost,Test,0.3480198017392754,0.012867634011681062
AdaBoost,Test,-2.301029995663981,-1.229091113507669
AdaBoost,Test,1.39496674100774,0.028880897744855624
AdaBoost,Test,1.142241379310341,0.49897237893002844
AdaBoost,Test,-0.4101744650890502,0.5395186103612613
AdaBoost,Test,0.5805468137587243,0.6185622053386232
AdaBoost,Test,0.359835482339888,0.028880897744855624
AdaBoost,Test,1.070422535211266,0.633259048436214
AdaBoost,Test,-1.407996505383249,-1.2250709972815363
AdaBoost,Test,0.9296083526018456,0.6185622053386232
AdaBoost,Test,0.6434526764861874,0.7566640177610241
AdaBoost,Test,1.142241379310341,0.49897237893002844
AdaBoost,Test,-1.535796071516882,-1.2250709972815363
AdaBoost,Test,0.724275869600789,0.633259048436214
AdaBoost,Test,-0.5742492738010503,-0.03866522294778783
AdaBoost,Test,-1.105822721176797,-0.24188099499887164
AdaBoost,Test,0.6532125137753437,0.6185622053386232
AdaBoost,Test,0.5775344108563207,0.6185622053386232
AdaBoost,Test,0.8389261744966443,0.5770646009357708
AdaBoost,Test,1.050866019970613,0.6185622053386232
AdaBoost,Test,-2.221848749616356,-1.5495022402015461
AdaBoost,Test,-0.326729107509616,0.012867634011681062
AdaBoost,Test,0.5763413502057929,0.5770646009357708
AdaBoost,Test,0.4913616938342727,0.6185622053386232
AdaBoost,Test,-0.4266006465360775,-1.0061133528206188
AdaBoost,Test,0.7717853376544959,-0.4289664798600099
AdaBoost,Test,0.9049868953301389,0.5770646009357708
AdaBoost,Test,0.3586960995738104,0.5770646009357708
AdaBoost,Test,0.000184675759379702,0.4844953935201011
AdaBoost,Test,0.9041684928630465,0.5770646009357708
AdaBoost,Test,0.7957746478873244,0.5186928521112876
AdaBoost,Test,0.249877473216598,0.5650609649853517
AdaBoost,Test,0.2003166498975227,0.027137550562442683
AdaBoost,Test,-0.09151498112135022,-1.008082234888171
AdaBoost,Test,-0.6344221105527648,-0.4289664798600099
AdaBoost,Test,0.6532125137753437,0.6185622053386232
AdaBoost,Test,0.7784019021736095,0.5035611279923333
AdaBoost,Test,0.3344537511509309,0.5746956889773873
AdaBoost,Test,-0.3967891925154016,-0.003908835358717132
AdaBoost,Test,0.8970760233918128,0.5770646009357708
AdaBoost,Test,-0.2399638415280812,0.5035611279923333
AdaBoost,Test,-1.39907759602161,-1.008082234888171
AdaBoost,Test,0.5546959574620433,0.5035611279923333
AdaBoost,Test,0.03061224489796073,-0.5467033123592352
AdaBoost,Test,0.3344537511509309,0.5746956889773873
AdaBoost,Test,-0.5685840707964614,-0.9595149994345689
AdaBoost,Test,0.0380313199105153,-0.04817390742143409
AdaBoost,Test,0.5185139398778874,0.5770646009357708
AdaBoost,Test,-0.1053444761515942,-0.4289664798600099
AdaBoost,Test,-0.275724130399211,-1.008082234888171
AdaBoost,Test,1.133538908370217,0.5770646009357708
AdaBoost,Test,-1.613074447739991,-1.008082234888171
AdaBoost,Test,0.568201724066995,0.5746956889773873
AdaBoost,Test,0.5368701749797076,0.5770646009357708
AdaBoost,Test,-0.9145720716388055,-0.04817390742143409
AdaBoost,Test,0.7150879065106778,0.5770646009357708
AdaBoost,Test,-1.972093023255811,-1.1077329395114968
AdaBoost,Test,-0.4165682858734546,0.49897237893002844
AdaBoost,Test,-0.2857142857142859,-0.9595149994345689
AdaBoost,Test,0.000184675759379702,0.4844953935201011
AdaBoost,Test,-0.8232758620689672,-0.03866522294778783
AdaBoost,Test,0.1641903726520483,0.5770646009357708
AdaBoost,Test,0.5551647741760672,0.26780516953126704
AdaBoost,Test,-1.20966708761141,-0.4289664798600099
AdaBoost,Test,0.0649854939798157,-0.5467033123592352
AdaBoost,Test,0.5250677226597745,0.6185622053386232
AdaBoost,Test,0.07918124604762482,0.5746956889773873
AdaBoost,Test,-0.428990367220233,0.028880897744855624
AdaBoost,Test,1.012034255098913,0.6185622053386232
AdaBoost,Test,0.7923916894982539,0.5770646009357708
AdaBoost,Test,0.8441444706166565,0.633259048436214
AdaBoost,Test,-0.03068512285530053,0.5746956889773873
AdaBoost,Test,-0.1308971686110271,0.5770646009357708
AdaBoost,Test,0.422413793103446,-0.04817390742143409
AdaBoost,Test,-1.117647058823529,-0.4289664798600099
AdaBoost,Test,0.6850556999575159,0.5770646009357708
AdaBoost,Test,0.7114680014156944,0.5186928521112876
AdaBoost,Test,0.7189234367587567,0.5770646009357708
AdaBoost,Test,0.07554696139253074,0.49897237893002844
AdaBoost,Test,-0.5829875518672214,0.4844953935201011
AdaBoost,Test,-0.1962946451439691,-1.0061133528206188
AdaBoost,Test,0.4691793022254807,0.5770646009357708
AdaBoost,Test,0.9259716473223176,0.5650609649853517
AdaBoost,Test,0.1760912590556812,0.5746956889773873
AdaBoost,Test,-0.03205202065153314,0.49897237893002844
AdaBoost,Test,-0.01916049952100591,0.027137550562442683
AdaBoost,Test,-0.03205202065153314,0.49897237893002844
AdaBoost,Test,0.6231704616375756,0.5770646009357708
AdaBoost,Test,0.5185139398778874,0.6185622053386232
AdaBoost,Test,-0.1087719298245615,-0.4321812426796896
AdaBoost,Test,0.6071342742642603,0.5770646009357708
AdaBoost,Test,0.403033586132178,0.012867634011681062
AdaBoost,Test,1.200118221872587,0.027137550562442683
AdaBoost,Test,0.4559035956430633,0.5770646009357708
AdaBoost,Test,0.2533637564272291,0.6185622053386232
AdaBoost,Test,0.2845428661815921,0.028880897744855624
AdaBoost,Test,0.284243604897899,0.49897237893002844
AdaBoost,Test,0.1485380116959049,-0.4321812426796896
AdaBoost,Test,-0.9021734110319146,-0.4289664798600099
AdaBoost,Test,0.3726162606770048,0.028880897744855624
AdaBoost,Test,-0.5686362358410126,-1.008082234888171
AdaBoost,Test,0.2304489213782739,0.6185622053386232
AdaBoost,Test,1.266940635346726,0.6185622053386232
AdaBoost,Test,-0.1425476623911539,0.5770646009357708
AdaBoost,Test,0.8197624407474513,-0.04817390742143409
AdaBoost,Test,0.7505083948513462,-0.20324366388837134
AdaBoost,Test,1.266940635346726,0.6185622053386232
AdaBoost,Test,0.5391498881431767,0.5770646009357708
AdaBoost,Test,0.6627578316815741,0.5770646009357708
AdaBoost,Test,0.4456042032735976,0.5770646009357708
AdaBoost,Test,-2.323341080224196,-1.4201707731414783
AdaBoost,Test,-0.6666723925349947,0.027137550562442683
AdaBoost,Test,0.8441444706166565,0.633259048436214
AdaBoost,Test,0.6803355134145632,0.5770646009357708
AdaBoost,Test,0.6157487820036969,0.633259048436214
AdaBoost,Test,0.5563025007672873,0.7566640177610241
AdaBoost,Test,1.653277152283784,0.7834244880651771
AdaBoost,Test,0.5797835966168101,0.5770646009357708
AdaBoost,Test,0.648364110491845,0.5770646009357708
AdaBoost,Test,0.8897968700686152,0.6185622053386232
AdaBoost,Test,-2.634968218916374,-1.5495022402015461
AdaBoost,Test,-0.1308971686110271,0.5770646009357708
AdaBoost,Test,0.3502480183341629,0.5746956889773873
AdaBoost,Test,-0.1568423903044668,0.6185622053386232
AdaBoost,Test,0.4232458739368078,0.5746956889773873
AdaBoost,Test,0.3502480183341629,0.5746956889773873
AdaBoost,Test,0.8122446968003693,-0.20324366388837134
AdaBoost,Test,0.9270401707559837,0.5770646009357708
MLP,Train,0.4683473304121573,-0.9039751434565916
MLP,Train,0.146128035678238,0.3726651220424265
MLP,Train,0.3617278360175928,0.7344853586282537
MLP,Train,0.05690485133647256,-1.1160825413280906
MLP,Train,0.3483048630481607,0.4699474792330842
MLP,Train,0.01703333929878037,-1.128907762091988
MLP,Train,0.3463529744506387,0.3726449175520662
MLP,Train,-0.492397660818713,-0.35316784216023644
MLP,Train,-0.3135371308479524,-0.15035494704230298
MLP,Train,1.002759171414269,0.7765119198672407
MLP,Train,-0.9021734110319146,-0.4454383136431608
MLP,Train,-0.9653698872018781,-0.6358675619590433
MLP,Train,-0.07265302803383195,-0.1083487561503432
MLP,Train,-0.05698339270242879,-0.03901953359217222
MLP,Train,-0.4930892744484819,-0.0841190221524599
MLP,Train,-2.000011146780801,-1.1208239754586353
MLP,Train,0.3014609394254348,0.11354953920814577
MLP,Train,-0.220163883572486,0.058664837688642085
MLP,Train,-0.4135338345864666,-0.8196183592215446
MLP,Train,-0.01503759398496262,-0.5884306493054791
MLP,Train,-0.7827067862373733,-0.5304459223369168
MLP,Train,0.2889866653481595,0.6151546555281582
MLP,Train,-0.1568423903044674,-7.85887406323793e-05
MLP,Train,0.07918124604762482,0.17453383134050993
MLP,Train,0.009925308530127852,0.02995398503993596
MLP,Train,0.6244897959183671,0.09505150424455089
MLP,Train,1.04442036836403,0.7927399532893116
MLP,Train,-0.1611509092627447,-1.0547866606179177
MLP,Train,0.9365132613368841,0.6964677516717195
MLP,Train,0.3283796034387377,0.3726449175520662
MLP,Train,0.729439713313603,0.8065851707170167
MLP,Train,0.5484338463910386,0.6285270279970813
MLP,Train,0.6387979239767979,0.7174942589908214
MLP,Train,0.8274660015984828,-0.05602747446485665
MLP,Train,0.3029055729718366,0.06245819940592229
MLP,Train,0.4415191304571257,0.30931557576347724
MLP,Train,0.07980012213427638,0.4939669288792179
MLP,Train,-1.567441860465111,-1.1785871772938665
MLP,Train,0.3283796034387377,0.3726449175520662
MLP,Train,0.8197624407474513,0.1955114411671834
MLP,Train,0.04561403508771715,-0.033461200275159225
MLP,Train,0.6211762817750351,0.730437631321901
MLP,Train,0.8805963907349271,0.34963986597397567
MLP,Train,0.18155415475718,0.10149241566204507
MLP,Train,0.5439699507256512,0.039815539835859226
MLP,Train,-0.02664840017615605,0.07495845086129158
MLP,Train,-0.9510050251256278,-0.858008551142977
MLP,Train,0.6380090497737567,0.8432960403044121
MLP,Train,0.7096881214587651,0.8377132395992306
MLP,Train,0.9931205342354806,0.7346515710929055
MLP,Train,0.4070585517469932,0.41684861391503214
MLP,Train,0.8965262174895553,-0.7517444364919276
MLP,Train,0.4456042032735976,0.6466070769294283
MLP,Train,-0.1568423903044674,-7.85887406323793e-05
MLP,Train,0.2627398291759235,-0.9625104512397061
MLP,Train,-1.319015722105611,-0.8244197766401774
MLP,Train,1.266940635346726,1.5859806313129075
MLP,Train,-0.3646786304543028,0.10252540112023231
MLP,Train,0.3283796034387377,0.3726449175520662
MLP,Train,0.9386591389737827,0.837012191942441
MLP,Train,0.07554696139253074,-0.018078281492793696
MLP,Train,0.7075701760979364,0.3398276390282524
MLP,Train,0.981279216850904,1.0152840726932915
MLP,Train,0.2183393686410296,-0.09318684579583983
MLP,Train,0.3747483460101039,0.3726449175520662
MLP,Train,1.205965557619709,1.1599548282235086
MLP,Train,0.6242823997773247,0.2415366924289002
MLP,Train,-1.448275862068967,-1.0435710484209344
MLP,Train,-0.1767241379310328,0.06716305444816342
MLP,Train,0.8949079089924165,0.8978107044683533
MLP,Train,0.02005766926485197,0.634751206229299
MLP,Train,0.0594209901149536,0.1970987131540396
MLP,Train,1.01703333929878,0.5137536056452099
MLP,Train,-0.4416951356407078,-0.22014217898224372
MLP,Train,-0.2041199826559248,-0.788786103361316
MLP,Train,0.9453191100762133,1.006455628644516
MLP,Train,1.336639818641689,1.1145850021957568
MLP,Train,0.7505083948513462,0.715700813463578
MLP,Train,0.3254607304414622,0.31542077200160945
MLP,Train,0.1206896551724121,-0.5281142914370395
MLP,Train,0.255030477687516,0.6709185135044835
MLP,Train,0.5308775731310934,0.18055760681059785
MLP,Train,0.6812412373755872,0.44231377462203314
MLP,Train,0.6211762817750351,0.662296849702387
MLP,Train,0.2430380486862944,0.43741811943090414
MLP,Train,0.6812412373755872,0.5158690750447013
MLP,Train,-2.634968218916374,-1.2763221030854734
MLP,Train,0.7204210054216508,0.8399544580963215
MLP,Train,0.6435536294691222,0.4990801504742822
MLP,Train,-0.01749782701560991,-0.41972487185195384
MLP,Train,0.9444679049496479,0.4494115861075195
MLP,Train,-0.1220556745182012,-0.31654119073199216
MLP,Train,-1.508793969849246,-0.6714957059105603
MLP,Train,1.053316562126286,1.2304477502488944
MLP,Train,0.1319863281682527,-0.9627052164443085
MLP,Train,0.380211241711606,0.4851014478572704
MLP,Train,-0.14066513997672,-0.12371554396423437
MLP,Train,0.5975482649800063,0.6321295042095652
MLP,Train,0.3892141639057259,0.29260632021371064
MLP,Train,0.6123933697586622,0.561949102161547
MLP,Train,1.03342375548695,0.5137536056452099
MLP,Train,-0.1449235972700369,-0.088883495528876
MLP,Train,-0.04488919723294831,0.01266319421461845
MLP,Train,0.3020134228187899,-0.06973402870590581
MLP,Train,0.0380313199105153,-0.24607400702473378
MLP,Train,0.8650979287404373,0.792739314330174
MLP,Train,0.9956351945975499,0.8607682499111937
MLP,Train,0.3020134228187899,-0.06973402870590581
MLP,Train,-1.629310344827578,-1.2396880482177888
MLP,Train,0.1437655938677714,0.05627098006474926
MLP,Train,1.179291901828044,0.6756606536410893
MLP,Train,0.4653828514484183,0.4290956782090788
MLP,Train,0.6587215601300098,0.13670058719168718
MLP,Train,-0.2525154392181344,-1.0758608526772255
MLP,Train,0.249877473216598,0.11524134461404711
MLP,Train,1.173186268412274,0.7765119198672407
MLP,Train,-0.1220556745182012,-0.31654119073199216
MLP,Train,0.9886636158427594,0.05779118475672326
MLP,Train,0.1307061523494404,0.1623064447082353
MLP,Train,0.05335735049852605,-0.20181593190099142
MLP,Train,1.053324533905294,1.138875255806337
MLP,Train,-0.051282051282051,-0.9243660594889754
MLP,Train,0.9629629629629627,0.25899495021623786
MLP,Train,-0.110008534838633,0.022699356985044522
MLP,Train,1.170774647887323,1.2253418899255037
MLP,Train,-0.1858879153069338,-0.1717608467001834
MLP,Train,0.7075701760979364,0.30597079780620506
MLP,Train,0.5670263661590603,0.6207286970912471
MLP,Train,0.5910646070264992,0.5814942038260732
MLP,Train,1.007042253521127,0.7765119198672407
MLP,Train,-0.2500000000000024,-0.030989088964535116
MLP,Train,0.5185139398778874,0.5188715702769093
MLP,Train,1.411695906432748,1.0319083509139229
MLP,Train,0.3031960574204888,0.3726449175520662
MLP,Train,0.2017575408454702,0.05172142626388895
MLP,Train,1.253437245309724,1.5009187300074691
MLP,Train,-0.7718752999018175,-0.9342936717154616
MLP,Train,0.2280938887519323,0.6427296326125624
MLP,Train,0.4679182470163208,0.7245346720979409
MLP,Train,-1.642975206611555,-0.5388068412235331
MLP,Train,-0.1251546956789149,0.054165254447744726
MLP,Train,-1.563758389261749,-1.0667004244412641
MLP,Train,-1.148741651280925,-0.18164587662899237
MLP,Train,-0.06251993703895245,0.008492464564451241
MLP,Train,-0.3071596757466341,-0.30426708701089555
MLP,Train,0.526339277389844,0.48602503600855107
MLP,Train,0.3813651137594792,-0.15837868278645026
MLP,Train,0.8039521828148732,0.8141226925529523
MLP,Train,0.7762863534675611,0.5413429924912626
MLP,Train,0.3979400086720376,0.5774428864317536
MLP,Train,-0.053666651000876,0.39618975348209906
MLP,Train,0.8393863014886044,0.792739314330174
MLP,Train,0.9771853913912649,0.5183867754188496
MLP,Train,-1.517084431448743,-1.2713860915575976
MLP,Train,0.8035528064607984,-0.07274436104917745
MLP,Train,-0.619788758288394,-0.6184918975690531
MLP,Train,-2.05603448275861,-1.2437113252243392
MLP,Train,0.2657130090914611,0.10271785886223378
MLP,Train,0.7958333900509484,0.612785314577524
MLP,Train,-1.234704354653622,-1.118433538392241
MLP,Train,0.639911259500979,0.5569547766567985
MLP,Train,-1.785155875122728,-0.9469857200227961
MLP,Train,1.205965557619709,1.1599548282235086
MLP,Train,1.180116959064325,0.9965242428639073
MLP,Train,-0.5086383061657274,-0.24687753924815878
MLP,Train,-2.705549293202082,-1.3191478346211087
MLP,Train,0.2182287808022146,0.7344176715794327
MLP,Train,0.4913616938342727,0.4528320740891103
MLP,Train,1.310541310541309,1.1746802463799406
MLP,Train,0.1647522604652088,0.07572631762234028
MLP,Train,0.6127838567197355,0.5704136908279472
MLP,Train,-1.965416298346072,-0.9819568602153185
MLP,Train,-0.01503759398496262,0.24479656365941674
MLP,Train,0.2046493264802312,0.05779118475672326
MLP,Train,0.2627398291759235,-0.9625104512397061
MLP,Train,-1.23858934503561,-1.0995631249391402
MLP,Train,-0.7628438624246476,-1.1318258918023147
MLP,Train,1.283198266190026,1.3635300913778163
MLP,Train,0.1950162513542781,-0.03646131694458285
MLP,Train,0.2163162610163941,0.054829196027202015
MLP,Train,0.2557547866430442,-0.04417537482945441
MLP,Train,1.021189299069938,0.5137536056452099
MLP,Train,0.889796870068615,0.7346747692430603
MLP,Train,0.5387931034482746,-0.18434056273169688
MLP,Train,0.4913616938342727,0.44041862231400253
MLP,Train,-0.2688453122925803,-0.28638487515593847
MLP,Train,1.463157894736841,1.1805293816218287
MLP,Train,0.380211241711606,0.4404336645388758
MLP,Train,0.2430380486862944,0.43741811943090414
MLP,Train,-0.4353448275862056,-0.20281507533605944
MLP,Train,-2.535140249212473,-0.81520258911523
MLP,Train,-0.619788758288394,-0.6184918975690531
MLP,Train,-0.04261660721896531,-0.012484211734685946
MLP,Train,0.8897968700686152,0.7170807596071844
MLP,Train,0.8577031944274324,0.9387845940474754
MLP,Train,-1.407996505383249,-0.702244523853901
MLP,Train,0.6031443726201823,0.730437631321901
MLP,Train,0.6106601630898799,0.730437631321901
MLP,Train,0.6989700043360189,0.37528386189809604
MLP,Train,0.3747483460101039,0.3726449175520662
MLP,Train,1.204119982655925,0.7765119198672407
MLP,Train,-1.448275862068967,-1.0435710484209344
MLP,Train,-0.5393360442731673,-0.4808294006211046
MLP,Train,0.07675507020280567,-0.028894266089009774
MLP,Train,0.6023835319609966,0.298787056928547
MLP,Train,0.1641903726520483,0.24604574418302919
MLP,Train,1.093599819380088,0.7487838938451389
MLP,Train,0.5888613512538016,0.3971949668549093
MLP,Train,-2.323341080224196,-1.2377084452915803
MLP,Train,-0.5072750233349814,-0.5388026194869168
MLP,Train,0.04532297878665748,-1.119942227830789
MLP,Train,0.5647935551309269,0.13536506199408266
MLP,Train,0.6803355134145632,0.4686507425093218
MLP,Train,0.4623084667179462,-0.053168779730044996
MLP,Train,0.3463529744506387,0.3726449175520662
MLP,Train,-0.8301121378671653,-0.7631348553959834
MLP,Train,-0.9937759336099588,-0.7511668769568259
MLP,Train,0.5185139398778874,0.5188715702769093
MLP,Train,1.362275079783117,1.4478418514135294
MLP,Train,0.5910646070264992,0.7345888692427311
MLP,Train,-0.3091286307053941,-0.12218063436514989
MLP,Train,1.346198830409355,1.102439918166709
MLP,Train,-0.1321607680099658,-0.025342965127586853
MLP,Train,-1.885678391959799,-0.8380308653251806
MLP,Train,-0.2165366614664583,-0.16896215735683687
MLP,Train,0.7297801442202818,0.2583384747379148
MLP,Train,0.02005766926485197,0.10916040135414407
MLP,Train,0.7672413793103442,0.41806044506754014
MLP,Train,0.1760912590556784,0.4374464161197905
MLP,Train,-1.071860922666721,-0.7220012551528922
MLP,Train,0.09022556390977356,-0.513877532312219
MLP,Train,0.5046261715629264,0.41517145793646626
MLP,Train,-0.07996729962314643,-0.06747719118184384
MLP,Train,0.4390446521287634,0.5131215194961825
MLP,Train,1.253437245309724,1.5009187300074691
MLP,Train,0.5209109372834104,0.533274324657715
MLP,Train,-0.8232758620689672,-0.601456759739285
MLP,Train,0.5910646070264992,0.5814942038260732
MLP,Train,1.146941207143456,1.179412319312703
MLP,Train,-0.7452111206482993,-0.7537128678784578
MLP,Train,1.030489322147899,1.1694317163729333
MLP,Train,-0.11903795188283,-0.9075141936512382
MLP,Train,-1.49248120300752,-1.075511925729561
MLP,Train,0.6364937630495308,0.5298565266130355
MLP,Train,0.6553852426545229,1.1210645305928886
MLP,Train,0.6151940149681981,0.5123535565174369
MLP,Train,0.5910646070264992,0.5158690750447013
MLP,Train,0.3636119798921443,0.4512289723808778
MLP,Train,0.6373245098685487,0.843318768578423
MLP,Train,0.3856062735983122,0.5429973089633927
MLP,Train,-0.2340726776061404,-0.5050674637900964
MLP,Train,-1.096910013008056,-0.917394640440771
MLP,Train,0.3318965517241376,-0.30359740418522196
MLP,Train,0.735555471593347,0.3959302693069652
MLP,Train,0.082934622503059,0.02267149479333011
MLP,Train,0.2186959627617429,0.15438213381540689
MLP,Train,0.8965262174895553,-0.7517444364919276
MLP,Train,0.135537190082656,0.02229169597566011
MLP,Train,0.9883040935672512,0.8006131005675614
MLP,Train,0.1079563182527277,0.08863736467065766
MLP,Train,-0.07996729962314643,-0.06747719118184384
MLP,Train,-0.1767241379310328,0.06716305444816342
MLP,Train,0.3892141639057259,0.29260632021371064
MLP,Train,-0.3098039199714863,-0.24687753924815878
MLP,Train,0.3470521755509489,0.2416092443759579
MLP,Train,2.036619573798714,2.0681131035006044
MLP,Train,0.7965743332104297,0.5252422380132348
MLP,Train,-0.7884826218653814,-0.45047222500430373
MLP,Train,0.272337896627725,-0.14414400015290527
MLP,Train,0.6173305771416362,0.5252422380132347
MLP,Train,0.02419338211248408,0.4887748158900759
MLP,Train,-0.1767337807606265,-0.551710887995405
MLP,Train,-0.5534883720930238,-0.23497067186955542
MLP,Train,0.9409251269338039,0.7765119198672407
MLP,Train,0.9041684928630465,0.9892147984493884
MLP,Train,-0.6344628557513522,-0.3223959883526225
MLP,Train,0.2017575408454702,0.05172142626388901
MLP,Train,1.50559284116331,1.1302923947548107
MLP,Train,-1.535796071516882,-0.7701884654903705
MLP,Train,0.6242820958356683,0.730437631321901
MLP,Train,-1.196026900731575,-0.9720989193515573
MLP,Train,-1.114147993293855,-0.9092960405527492
MLP,Train,0.4509957088161992,0.4344268263566756
MLP,Train,-0.5938066216438812,-0.785461702796351
MLP,Train,0.5539402549876365,-0.05602747446485665
MLP,Train,0.6211762817750351,0.730437631321901
MLP,Train,-0.6971816306033263,-0.39271250125683443
MLP,Train,-1.06390977443609,-1.0100585785622855
MLP,Train,-0.1858879153069338,-0.1717608467001834
MLP,Train,0.3463529744506387,0.4686507425093218
MLP,Train,-0.04375512696868296,-0.024715502883787405
MLP,Train,1.076276352144377,0.8699562904682755
MLP,Train,0.03342375548694973,-1.01025050943398
MLP,Train,0.1525940779274698,-0.9025143434793151
MLP,Train,0.4283919597989941,0.3889703841722218
MLP,Train,-0.7458094490628238,-0.522437012907108
MLP,Train,0.8800879713874663,0.6687704205895935
MLP,Train,-1.603456897447042,-0.8870235232668507
MLP,Train,-0.06963592814139488,0.03988377698365589
MLP,Train,-0.6932160417255555,-0.45004957426792325
MLP,Train,0.6989700043360189,-0.700130162655906
MLP,Train,0.9612068965517243,0.6099102830964038
MLP,Train,1.100763643371112,1.1210645305928886
MLP,Train,0.7357274662281335,0.6094889697712136
MLP,Train,-0.638272163982407,-0.24687753924815878
MLP,Train,1.21937321937322,0.9636878564481627
MLP,Train,-0.8947368421052645,-0.5117370339342086
MLP,Train,-0.6942651060983038,-0.43919925568511486
MLP,Train,1.483396136807168,1.6932188873751697
MLP,Train,0.6901960800285137,0.6945631733900248
MLP,Train,-0.9937759336099588,-0.7511668769568259
MLP,Train,0.8292314636701619,0.6416175327439885
MLP,Train,0.1166176813015091,0.6621500860505876
MLP,Train,0.6842105263157892,0.9456009259654831
MLP,Train,1.80846742823059,0.39296950279073173
MLP,Train,-2.05603448275861,-1.2437113252243392
MLP,Train,-1.487912814690911,-1.120596595228819
MLP,Train,1.900826446281001,1.1310876932191136
MLP,Train,-0.4724680904466963,-0.926625328015923
MLP,Train,-0.6731240825341952,-0.22937686501844265
MLP,Train,0.8965262174895553,-0.7517444364919276
MLP,Train,-0.3189655172413801,-0.8487332620459666
MLP,Train,-0.2770508826583594,-0.15346419648357787
MLP,Train,0.1132746924643504,-0.2334824982320491
MLP,Train,0.11978513052201398,-0.933788813968134
MLP,Train,0.4487063199050799,0.5621543815924117
MLP,Train,0.6756055617195716,0.2420307305217805
MLP,Train,0.2550304776875136,0.34330270028066723
MLP,Train,-0.02672178766989199,-0.05842573958873756
MLP,Train,-0.5385287031854444,-0.3318240588000001
MLP,Train,0.5797835966168101,0.724674901594008
MLP,Train,0.534026106056135,0.44486722943603424
MLP,Train,-1.234704354653622,-1.118433538392241
MLP,Train,0.4913616938342727,0.44041862231400253
MLP,Train,0.4275633669545613,0.45718813113181045
MLP,Train,-1.577881593704157,-0.8053382478884842
MLP,Train,0.7671558660821804,0.9845722962848907
MLP,Train,1.100763643371112,1.1210645305928886
MLP,Train,-0.04170093891793042,-0.4899727006838427
MLP,Train,0.1173491877479526,-0.3645550799883529
MLP,Train,0.9931205342354806,0.7346515710929055
MLP,Train,0.4329710789008698,-0.005223176839636495
MLP,Train,-1.763274336283189,-0.7138921731004498
MLP,Train,0.7146198830409358,0.5106967074984446
MLP,Train,0.2145178764897056,0.031935388817369126
MLP,Train,0.3970273286679523,0.42753283350138416
MLP,Train,1.559045226130653,0.8289872237919615
MLP,Train,-0.4168875174404437,-0.9670950858413224
MLP,Train,-0.2770149382233361,0.02627786557871245
MLP,Train,-0.6,-1.1837141339670536
MLP,Train,-2.705549293202082,-1.3191478346211087
MLP,Train,0.1721105527638171,0.5271918154733186
MLP,Train,0.03448275862068784,0.2675071321672846
MLP,Train,0.2259691527869807,0.5985130343672738
MLP,Train,0.0,-0.03631296694883565
MLP,Train,1.522361359570662,0.72371801732657
MLP,Train,0.6387979239767979,0.7174942589908214
MLP,Train,0.8072619934565568,0.474033786861936
MLP,Train,0.3010299956639812,0.2948997878954215
MLP,Train,-1.439549404036478,-0.9698968561871509
MLP,Train,-0.05978886246861603,0.04010554825987461
MLP,Train,-0.03476210625921197,-0.026108356862132698
MLP,Train,-0.2446720795208597,-0.42570977326773296
MLP,Train,0.4082399653118496,0.48602503600855107
MLP,Train,-0.767123174186889,-1.0768537663656141
MLP,Train,0.5118833609788743,-0.7517444364919276
MLP,Train,-0.3189655172413801,-0.8487332620459666
MLP,Train,0.04260470370605519,-0.05228735561435846
MLP,Train,-0.1464838638239616,-0.24424614314205603
MLP,Train,0.1128752143459643,0.12607125784353834
MLP,Train,0.8670923337204245,0.921349102067144
MLP,Train,-0.05632686832306318,-0.02074006776912765
MLP,Train,0.535215663796611,0.3556766710214081
MLP,Train,1.205965557619709,1.1599548282235086
MLP,Train,0.03261876085071993,0.0350246732583718
MLP,Train,-0.4353448275862056,-0.20281507533605944
MLP,Train,0.8305886686851442,0.5252422380132348
MLP,Train,1.656589559399379,0.2748386783742037
MLP,Train,0.4126109061603624,0.461388074463868
MLP,Train,-0.004333694474538976,-0.028782690749090428
MLP,Train,0.2637409109445279,0.2701264992047455
MLP,Train,0.414973347970818,0.28694622870052944
MLP,Train,-0.2340726776061404,-0.5050674637900964
MLP,Train,0.5860497157265141,0.45585369876277543
MLP,Train,1.181843587944773,1.1599577148716693
MLP,Train,0.9404117009750815,0.525242715669161
MLP,Train,0.6729746935258656,0.1576265412233025
MLP,Train,-0.07719576496805934,-0.0016975852999025487
MLP,Train,0.5265032835812309,0.7113573673443845
MLP,Train,0.3031960574204888,0.3726449175520662
MLP,Train,1.087550726310677,1.0439657833641156
MLP,Train,-0.4975728800155673,-0.990319077701994
MLP,Train,-0.14066513997672,-0.12371554396423437
MLP,Train,0.6526722071108372,0.025494389319787786
MLP,Train,1.146941207143456,1.179412319312703
MLP,Train,0.05113650594874027,0.549638776126493
MLP,Train,1.050866019970613,0.8670800685794068
MLP,Train,0.5763413502057929,0.730437631321901
MLP,Train,0.62463078972132,0.587026168984017
MLP,Train,0.5586226439045551,0.3556682364367594
MLP,Train,0.6242820958356683,0.730437631321901
MLP,Train,-0.01749782701560991,-0.4197248718519536
MLP,Train,0.5265032835812309,0.5898335171137271
MLP,Train,-0.6426046233183135,-0.7524005885135817
MLP,Train,0.7237976748508552,0.8486850385099578
MLP,Train,0.6627578316815741,0.722506652696587
MLP,Train,0.7910868478099096,0.3181593755184386
MLP,Train,0.686155075454263,0.5889576354422077
MLP,Train,0.7114680014156944,0.47960990462552244
MLP,Train,0.2050678430236896,-0.01734864638693631
MLP,Train,-0.9653698872018781,-0.5682075419008689
MLP,Train,0.07918124604762482,0.7344161763463088
MLP,Train,-0.7756344514157028,-0.39925324749896285
MLP,Train,-0.01844926170390164,-0.026730779374871283
MLP,Train,-0.4626847268879903,-0.25902001825196774
MLP,Train,0.139109451707618,0.27638403694075564
MLP,Train,0.7672413793103442,0.41806044506754014
MLP,Train,0.8035528064607984,-0.07274436104917745
MLP,Train,0.1532051216061021,0.39017734150179817
MLP,Train,0.895422546039408,0.7448995333102751
MLP,Train,-0.4170444674351315,-0.2417146944841678
MLP,Train,-0.2266600537219346,-0.15138758619598067
MLP,Train,-0.03068512285530053,0.05465650349855625
MLP,Train,-1.511278195488722,-0.7735121918636104
MLP,Train,-1.0333531830102,-1.1856646413380147
MLP,Train,1.021189299069938,0.7765119198672407
MLP,Train,-1.32437478025317,-0.9144758969791119
MLP,Train,0.03448275862068784,0.2675071321672846
MLP,Train,0.3483048630481607,0.4699474792330842
MLP,Train,0.9881114906350605,0.7454947376792621
MLP,Train,-2.0,-1.2057463599711618
MLP,Train,0.009925308530127852,0.02995398503993596
MLP,Train,-1.572614107883811,-1.1657212950496696
MLP,Train,0.3233082706766902,0.5869210224517992
MLP,Train,0.9881114906350605,0.7454947376792621
MLP,Train,0.8444444444444436,0.7913766196769753
MLP,Train,-1.105948718925517,-0.7841175785223562
MLP,Train,0.180451127819548,-0.4304518760802406
MLP,Train,-0.03943375318603481,-0.06840456095404832
MLP,Train,0.7204210054216508,0.8399544580963215
MLP,Train,0.5797835966168101,0.724674901594008
MLP,Train,0.5185139398778874,0.6921614477486895
MLP,Train,0.04139268515822508,0.4939981341946167
MLP,Train,0.9347805899613781,0.28039512326617355
MLP,Train,0.3617278360175928,0.34840837297489413
MLP,Train,-0.1762586357436119,0.004019983513288389
MLP,Train,-0.08633414873527591,0.008583263565294708
MLP,Train,-0.01844926170390164,-0.026730779374871283
MLP,Train,0.07554696139253074,-0.018078281492793752
MLP,Train,0.02005766926485197,0.10916040135414412
MLP,Train,0.7671729371896298,0.569691124185666
MLP,Train,0.3918367346938768,-0.3541616534703079
MLP,Train,0.422413793103446,0.19542364786536345
MLP,Train,0.04139268515822508,0.3726651220424265
MLP,Train,-2.142667503568731,-1.9001640115758236
MLP,Train,-0.5742492738010503,-0.7206689225548296
MLP,Train,-0.1251546956789144,0.7342478581494197
MLP,Train,0.6977248104008661,0.39492228380692285
MLP,Train,0.7505083948513462,-0.7517444364919276
MLP,Train,0.4679182470163208,0.7245346720979409
MLP,Train,1.02530586526477,0.5158690750447013
MLP,Train,1.608501118568232,1.229129513385863
MLP,Train,0.2880888597640699,0.2529801283804214
MLP,Train,0.5250677226597732,0.4547542341780052
MLP,Train,-0.129219291822582,0.05692309711158697
MLP,Train,-0.5338345864661662,-0.8853427104945931
MLP,Train,-0.5408689174769996,-0.33779194495691256
MLP,Train,-0.04983748645720439,-0.23255257484413813
MLP,Train,0.2050678430236896,-0.01734864638693631
MLP,Train,0.8463370005539435,0.792739314330174
MLP,Train,-0.1964576461828072,-0.2563353069274148
MLP,Train,0.3596766725050837,0.5249496159289888
MLP,Train,0.006663850117991262,-0.25642037886437885
MLP,Train,1.014680535148689,0.7340370477447167
MLP,Train,-2.05603448275861,-1.2437113252243392
MLP,Train,0.1166176813015091,0.2825560383453667
MLP,Train,0.7971694225490045,0.5158611245439302
MLP,Train,0.929444837036069,0.5574844793640202
MLP,Train,0.648364110491845,0.730437631321901
MLP,Train,0.3778487999011506,0.37801730344607454
MLP,Train,0.5062846335392319,0.5661404784629441
MLP,Train,0.6306396086247502,0.9339505292282189
MLP,Train,-2.203831209357573,-1.1042929368328855
MLP,Train,-1.118826698593236,-0.4452717247716469
MLP,Train,0.4913616938342727,0.3726651220424265
MLP,Train,0.2163162610163941,0.054829196027201876
MLP,Train,-0.4353448275862056,-0.20281507533605944
MLP,Train,-0.06251993703895245,0.008492464564451241
MLP,Train,-0.1804891463142153,0.10479251187914615
MLP,Train,0.8976270912904415,0.5158690750447013
MLP,Train,0.7160033436347992,0.7174914180331827
MLP,Train,0.5669144981412634,0.6207214934033316
MLP,Train,-0.1464838638239616,-0.24424614314205603
MLP,Train,1.060697840353612,1.1599577148716693
MLP,Train,0.5387931034482746,-0.18434056273169716
MLP,Train,-0.2372093023255822,0.15542036823588012
MLP,Train,0.6335218433719506,-0.02624009536824279
MLP,Train,0.6532125137753437,0.6389135292404744
MLP,Train,-0.157894736842105,-0.6638785454668
MLP,Train,0.6020599913279624,1.1501724529365303
MLP,Train,0.1367761095528764,0.25362034814253664
MLP,Train,1.522388149816989,1.1118638925972166
MLP,Train,0.5205895119541644,0.5818826000940791
MLP,Train,-0.5072750233349814,-0.5388026194869168
MLP,Train,-0.365959583733208,-0.4485972093676015
MLP,Train,0.3767593954048798,0.6129951402403936
MLP,Train,-0.5534883720930238,-0.23497067186955542
MLP,Train,-0.1141965678627143,0.08863736467065766
MLP,Train,0.6211762817750351,0.730437631321901
MLP,Train,-1.781954887218045,-0.826944518517725
MLP,Train,-1.42021640338319,-1.047985141971116
MLP,Train,0.6106601630898799,0.730437631321901
MLP,Train,0.4232458739368078,0.44346294868471736
MLP,Train,0.4128854232684702,0.17811388497625397
MLP,Train,0.082934622503059,0.02267149479333011
MLP,Train,0.6901960800285137,0.6945631733900248
MLP,Train,0.6231704616375756,0.6139724289575195
MLP,Train,0.9469432706978255,0.5051886390586672
MLP,Train,-1.97095435684647,-1.3466116455987809
MLP,Train,0.6107382550335557,0.27417582148231806
MLP,Train,0.5972924522285327,0.4194722699437284
MLP,Train,0.8777912162775305,0.792739314330174
MLP,Train,0.5427268765011117,0.534311030355827
MLP,Train,-1.005264266019541,0.1702331718496392
MLP,Train,0.6127838567197355,0.6347584280493852
MLP,Train,0.62463078972132,0.587026168984017
MLP,Train,-0.7628438624246476,-1.052970951053429
MLP,Train,0.6020599913279624,0.4492563501465654
MLP,Train,0.5135427952329354,0.24261704370773887
MLP,Train,-0.8232758620689672,-0.601456759739285
MLP,Train,-1.567441860465111,-1.1785871772938665
MLP,Train,0.2211785219297459,0.32176967077590446
MLP,Train,1.294736842105262,0.9181753042831106
MLP,Train,-0.4170444674351315,-0.2417146944841678
MLP,Train,-1.135338345864661,-0.6443450614200451
MLP,Train,0.1266770670826814,-0.16896215735683692
MLP,Train,-0.08633414873527538,0.7342776363047305
MLP,Train,1.209515014542631,0.7765119198672407
MLP,Train,-0.8313241449568525,-0.9699412375858226
MLP,Train,0.4615384615384614,0.7245335727291612
MLP,Train,0.08880429497466488,0.08204164010955914
MLP,Train,-0.03943375318603481,-0.06840456095404832
MLP,Train,-1.092883061327005,-0.6219216128698578
MLP,Train,-0.460121203408758,-0.31671828565855675
MLP,Train,0.6456180461285638,0.5745602518758478
MLP,Train,0.7993405494535817,0.5158690750447013
MLP,Train,1.85436677804087,1.9365508690793374
MLP,Train,-0.03760465762697581,-0.545589302407775
MLP,Train,0.5670263661590603,0.6207286970912471
MLP,Train,-0.07719576496805934,-0.0016975852999025487
MLP,Train,0.2246783559484863,-0.053168779730044996
MLP,Train,0.1882609887630737,0.5390533565650115
MLP,Train,-0.11903795188283,-0.9075141936512382
MLP,Train,0.6031443726201823,0.730437631321901
MLP,Train,-0.02672178766989199,-0.05842573958873756
MLP,Train,-0.7628438624246476,-1.052970951053429
MLP,Train,0.2186959627617429,0.15438213381540689
MLP,Train,0.1904538485873565,0.0879000564926039
MLP,Train,0.3617278360175928,0.34840837297489413
MLP,Train,0.2187134502923974,-0.5001757382010796
MLP,Train,-1.777415033082565,-0.8624150825611273
MLP,Train,-0.1277985983463365,-0.11459223720889014
MLP,Train,-0.7451810935152875,-0.5710327901199951
MLP,Train,0.8296511438534148,0.555304088241382
MLP,Train,0.1744584367708963,0.35221396767450086
MLP,Train,-0.4563268683230601,-0.4463481851500274
MLP,Train,0.1437655938677714,0.05627098006474926
MLP,Train,-0.005465586003222508,-0.06553875197662593
MLP,Train,-2.334481075108565,-0.8177911129223855
MLP,Train,0.6901960800285137,0.7595289887233844
MLP,Train,1.00893042575285,0.7748255590961467
MLP,Train,0.8910996649845989,0.792739314330174
MLP,Train,0.806230529595015,0.624619921907169
MLP,Train,0.365862215402555,0.5769440939726266
MLP,Train,-0.04261660721896531,-0.012484211734685946
MLP,Train,0.1117004680187195,-0.028894266089009774
MLP,Train,0.06345484267917818,-0.05035332365954434
MLP,Train,0.07980012213427638,0.4939669288792179
MLP,Train,-0.5864661654135337,-0.2948104001221161
MLP,Train,-0.8232758620689614,-0.14522019198265265
MLP,Train,0.6015860182746656,0.7346515710929055
MLP,Train,0.4040158561440467,0.31068819855605656
MLP,Train,-0.8232758620689614,-0.14522019198265265
MLP,Train,0.3119932648840557,-0.3370165614431384
MLP,Train,0.03448275862068784,0.26750713216728483
MLP,Train,1.047514794837365,0.9181459564293439
MLP,Train,0.4471580313422192,0.4686507425093218
MLP,Train,0.2304489213782739,0.2571260184599008
MLP,Train,0.1173491877479526,-0.3645550799883529
MLP,Train,0.8122446968003693,-0.7517444364919276
MLP,Train,1.308724832214764,0.978160780587192
MLP,Train,0.5525490843095185,0.5572021873016244
MLP,Train,0.0,-0.22469577914513902
MLP,Train,-0.619788758288394,-0.6184918975690531
MLP,Train,-0.9200292374440189,-0.35402175026652327
MLP,Train,-2.535140249212473,-0.81520258911523
MLP,Train,0.7672413793103442,0.41806044506754014
MLP,Train,0.2637409109445279,0.2701264992047455
MLP,Train,-0.6140350877192979,-0.48057478110260765
MLP,Train,0.1705521196219227,0.17119534751397203
MLP,Train,-0.00620308796527328,-0.000720307729539682
MLP,Train,0.2182287808022119,0.1725697418734285
MLP,Train,-0.1251546956789149,0.054165254447744726
MLP,Train,0.7417816961431667,0.1651278817560877
MLP,Train,0.6218068535825538,0.6389480292085928
MLP,Train,0.3318002991095532,0.6976088379387665
MLP,Train,1.060697840353612,0.792739314330174
MLP,Train,-0.1449235972700369,-0.088883495528876
MLP,Train,0.1319863281682527,-0.9627052164443085
MLP,Train,0.4313637641589874,0.3510653225850795
MLP,Train,-0.162941534687887,-0.06492751960169005
MLP,Train,-0.1767337807606265,-0.551710887995405
MLP,Train,0.5805468137587255,0.7345546898621897
MLP,Train,0.5450543344028723,0.42132665560363725
MLP,Train,0.2944963655243999,0.2706572616800532
MLP,Train,0.6308908570191394,0.47414964226119094
MLP,Train,0.5391498881431767,0.1942265238681219
MLP,Train,1.456366033129043,1.679644051390687
MLP,Train,0.06345484267917818,-0.05035332365954434
MLP,Train,1.07700432679335,0.8254216583065381
MLP,Train,-0.4607016882522424,-0.7687725918297523
MLP,Train,-1.441695135640719,-0.8088289506758516
MLP,Train,0.4806145740944546,0.16684168687932419
MLP,Train,-0.6946486305533762,-1.1707111839182462
MLP,Train,0.3318965517241376,-0.30359740418522196
MLP,Train,-1.629310344827578,-1.2396880482177888
MLP,Train,0.7932016100908708,0.8093699440052252
MLP,Train,-0.1986570869544228,-0.12429806282906283
MLP,Train,0.5000216558101156,0.4153430804517211
MLP,Train,0.7160033436347992,0.7174914180331827
MLP,Train,-1.547440503436895,-0.9247775016270469
MLP,Train,0.1657598875739492,0.19482781735250812
MLP,Train,-0.08798751950078033,-0.028894266089009774
MLP,Train,0.2880888597640699,0.2529801283804214
MLP,Train,0.6354495299314225,0.3992931807227541
MLP,Train,0.5763413502057929,0.730437631321901
MLP,Train,-0.4658517416748432,-0.34603184205424875
MLP,Train,0.6231884057971003,0.5925974928293453
MLP,Train,1.363935283358457,1.0338394456937736
MLP,Train,0.7505083948513462,-0.7517444364919276
MLP,Train,0.7168825761045695,0.6086848530926946
MLP,Train,0.1569739382239341,0.17208457575178857
MLP,Train,0.6760563380281691,0.7218060835851041
MLP,Train,-0.3668744088311774,-0.37118859592086506
MLP,Train,-0.1059519103518204,0.15589203347918792
MLP,Train,-0.612646032378238,-0.4641362679419182
MLP,Train,-0.7628438624246476,-1.1318258918023147
MLP,Train,-0.08092190762392612,-0.17255985500222623
MLP,Train,0.4489574959155591,-0.49974329265121753
MLP,Train,-2.705549293202082,-1.3191478346211087
MLP,Train,0.8792796600840976,0.9502044483032336
MLP,Train,0.9612068965517243,0.6099102830964038
MLP,Train,0.9708116108725178,0.7863787669306598
MLP,Train,-0.2099009373137068,-0.1953195104574101
MLP,Train,0.8178119194823461,0.6401815820651674
MLP,Train,0.3559122080332726,0.2759135986906588
MLP,Train,-0.2678362573099414,-0.29859654746103526
MLP,Train,0.8796692056320535,0.792739314330174
MLP,Train,1.308724832214764,0.978160780587192
MLP,Train,0.0594209901149536,0.1970987131540396
MLP,Train,-0.2340726776061404,-0.5050674637900964
MLP,Train,-0.3031709948236987,-0.15674851423299854
MLP,Train,0.4342288918608878,0.3992185756129095
MLP,Train,-0.1762586357436119,0.004019983513288389
MLP,Train,-0.00877392430750515,-1.1250570197670449
MLP,Train,-0.2225132903568139,0.055109706467356856
MLP,Train,0.18155415475718,0.10149241566204507
MLP,Train,0.5267037346185933,0.09064118583447386
MLP,Train,0.3856062735983122,0.5429973089633927
MLP,Train,1.126315789473682,0.7570915275177239
MLP,Train,0.686155075454263,0.7345949415868592
MLP,Train,0.9365132613368841,0.6964677516717195
MLP,Train,0.4487098600393338,0.32479977963246404
MLP,Train,0.4509957088161992,0.4344268263566753
MLP,Train,0.7403626894942439,0.7598645277206181
MLP,Train,-0.1172728120892211,-0.053168779730044996
MLP,Train,0.2907935616990988,-0.05602747446485665
MLP,Train,-0.05787918913275993,-0.0022346337408918893
MLP,Train,-0.7628438624246476,-1.052970951053429
MLP,Train,0.7237976748508552,0.8486850385099575
MLP,Train,-0.7827067862373733,-0.5304459223369168
MLP,Train,1.130976691605617,0.8730522503991255
MLP,Train,0.1066751967046165,0.05412130318922059
MLP,Train,0.3254607304414622,0.31542077200160945
MLP,Train,-0.2469177919249304,-0.005522140686075455
MLP,Train,0.03730594077925276,-0.05808144372524113
MLP,Train,-1.563758389261749,-1.0667004244412641
MLP,Train,1.004815141474574,0.7765119198672407
MLP,Train,0.8067164667100035,0.4870822203721086
MLP,Train,0.9881114906350605,0.7454947376792621
MLP,Train,0.6479448198198187,0.6271907545014063
MLP,Train,0.02081696013925367,-0.05561276697733006
MLP,Train,0.2647773159802437,-0.8951778364304067
MLP,Train,-0.4315653747438915,-0.33268622522005387
MLP,Train,0.1366562824506729,0.2961755491640406
MLP,Train,0.1647522604652088,0.07572631762234028
MLP,Train,1.082621082621084,0.7121420388740981
MLP,Train,0.06037703633173449,0.21144484475098105
MLP,Train,-0.006203087965272839,0.734313104834136
MLP,Train,0.7237976748508552,0.8486850385099575
MLP,Train,1.100763643371112,1.1210645305928886
MLP,Train,-0.1762586357436113,0.5914227527301469
MLP,Train,-0.8301121378671653,-0.7631348553959834
MLP,Train,0.8035528064607984,-0.07274436104917745
MLP,Train,1.283198266190026,1.3635300913778163
MLP,Train,1.150595882990248,1.0064560835904979
MLP,Train,-0.01733477789815788,-0.173858120303954
MLP,Train,-1.516444298028881,-1.0277859844497783
MLP,Train,0.8020207517719758,0.38284373290440576
MLP,Train,-0.9827586206896575,-1.147365260302752
MLP,Train,0.173186268412274,-0.028607377045219956
MLP,Train,0.4034029043735392,0.534730279692369
MLP,Train,1.398347107438026,0.8864310896437115
MLP,Train,-0.4724680904466963,-0.926625328015923
MLP,Train,-1.20966708761141,-0.9293751981462316
MLP,Train,-2.323341080224196,-1.110193137219553
MLP,Train,0.5459451160618883,0.1980829974108674
MLP,Train,-2.334481075108565,-0.8177911129223857
MLP,Train,0.1206896551724121,-0.5281142914370395
MLP,Train,-0.05978886246861603,0.04010554825987461
MLP,Train,-2.052455067076556,-0.7599292616889587
MLP,Train,0.2775007758356284,0.672929142646957
MLP,Train,0.6621085853152393,0.7076245714886232
MLP,Train,0.422413793103446,0.19542364786536345
MLP,Train,-0.9145720716388055,-0.9906915737467427
MLP,Train,0.6410063608375752,0.3406722566584812
MLP,Train,-2.323341080224196,-1.110193137219553
MLP,Train,0.380211241711606,0.4851014478572704
MLP,Train,0.359835482339888,0.16005771665328383
MLP,Train,-1.364902075136013,-0.9728228606724728
MLP,Train,0.2880888597640699,0.7344512384204214
MLP,Train,0.1657598875739492,0.19482781735250812
MLP,Train,0.3459994779145614,0.3798838532383719
MLP,Train,-2.203831209357573,-1.1042929368328855
MLP,Train,-0.1953198127925111,-0.028894266089009774
MLP,Train,0.4679182470163208,0.7245346720979409
MLP,Train,0.7762863534675611,0.5413429924912626
MLP,Train,0.686155075454263,0.5889576354422077
MLP,Train,-0.4836373832160348,-0.008747918686840744
MLP,Train,1.395341273599259,0.4257264235400691
MLP,Train,0.6483600109809317,0.44486722943603424
MLP,Train,-0.04375512696868296,-0.024715502883787405
MLP,Train,0.148594545749752,0.054513227767337136
MLP,Train,0.2304489213782739,0.2571260184599008
MLP,Train,0.06427457098283858,0.08863736467065766
MLP,Train,0.05803546917037159,-0.5049902577526996
MLP,Train,-0.4089353929735008,-0.24687753924815878
MLP,Train,1.187969924812029,0.750201680581262
MLP,Train,0.1647522604652088,0.7343775288141644
MLP,Train,-0.110008534838633,0.022699356985044522
MLP,Train,-0.51427857351842,-0.14673439334976937
MLP,Train,0.4126109061603624,0.461388074463868
MLP,Train,-0.1760912590556817,0.10227462346285215
MLP,Train,0.2807537335508451,0.09714998658425858
MLP,Train,2.388059618193226,2.3865677153235874
MLP,Train,0.541283490742574,0.549586598643177
MLP,Train,-2.718967130186474,-1.2661811041513258
MLP,Train,0.3432623561190514,0.20999969771611812
MLP,Train,1.080536912751675,0.7851093512315233
MLP,Train,0.5546959574620433,0.12329750613234935
MLP,Train,0.2962164173101657,0.31008709229241055
MLP,Train,0.0,0.4939981341946167
MLP,Train,0.08054025763564433,0.3286971502274476
MLP,Train,0.2126080928814434,0.2727580037199398
MLP,Train,0.6779252076177129,0.8663680303302783
MLP,Train,1.278753600952829,1.363535303442878
MLP,Train,-0.004364805402450088,-1.1317942490412332
MLP,Train,0.6526722071108372,0.025494389319787786
MLP,Train,0.6982266185371769,0.3827306507314472
MLP,Train,1.076276352144377,0.8699562904682755
MLP,Train,-0.0893755951107988,-0.7952673079886589
MLP,Train,-0.7907934207082596,-0.8537079413209664
MLP,Train,-1.278559880703671,-0.9426024144744648
MLP,Train,-0.7718752999018175,-0.9342936717154616
MLP,Train,0.5546959574620433,0.12329750613234935
MLP,Train,0.04614998447069624,-0.010530468053797759
MLP,Train,0.4655717305742211,0.410882907201928
MLP,Train,1.201397124320452,1.1599577148716693
MLP,Train,1.02938377768521,0.841902506998477
MLP,Train,0.380211241711606,0.3726651220424265
MLP,Train,0.1166176813015091,0.2825560383453667
MLP,Train,0.6335218433719506,-0.02624009536824279
MLP,Train,0.1872386198314787,0.17840914272779718
MLP,Train,0.3468309859154933,0.11252154399071525
MLP,Train,0.6052964725395565,0.6917426006912745
MLP,Train,0.4034029043735392,0.534730279692369
MLP,Train,0.04260470370605519,-0.05228735561435846
MLP,Train,-2.634968218916374,-1.2763221030854734
MLP,Train,-0.9651162790697718,-0.6355982444074918
MLP,Train,-0.3135371308479524,-0.15035494704230298
MLP,Train,-0.2525162145712102,-1.0758608526772255
MLP,Train,0.6018447179733589,0.5686114236967529
MLP,Train,-1.102338512076255,-0.8119403810606093
MLP,Train,0.01703333929878037,-1.128907762091988
MLP,Train,0.1256895334971941,-0.16918399557916167
MLP,Train,-0.8232758620689614,-0.14522019198265265
MLP,Train,-0.08471373464762134,-0.051038416248225
MLP,Train,0.1883035851650658,0.23811354994357758
MLP,Train,-0.168693863576964,-0.12531941760016044
MLP,Train,0.5118833609788743,-0.7517444364919276
MLP,Train,0.4471580313422192,0.4686507425093218
MLP,Train,-2.144640275261264,-1.0840484933495582
MLP,Train,0.5754147908402901,0.15356067569033263
MLP,Train,-0.1563012307056405,-0.043980862514229585
MLP,Train,0.5185139398778874,0.6921614477486895
MLP,Train,-0.2500000000000024,-0.030989088964535116
MLP,Train,-0.9021734110319146,-0.44543831364316067
MLP,Train,-0.1029641185647424,-0.16896215735683692
MLP,Train,0.2424445151694238,0.2256502033267529
MLP,Train,0.06787330316741842,0.4939981341946167
MLP,Train,0.6901960800285137,0.7346578762918428
MLP,Train,0.9612068965517243,0.6099102830964038
MLP,Train,0.5862831858407086,0.16134358140411048
MLP,Train,0.146128035678238,0.4939981341946167
MLP,Train,0.5805468137587243,0.5168296749881812
MLP,Train,0.1639004149377578,0.028623630664436878
MLP,Train,0.436162647040756,0.44486722943603424
MLP,Train,0.6627578316815741,0.722506652696587
MLP,Train,1.143014800254095,0.8596278590751768
MLP,Train,0.8389261744966443,0.4548911273614603
MLP,Train,0.2964118564742571,0.08863736467065766
MLP,Train,0.001069865533045818,-0.36118630322854617
MLP,Train,0.380211241711606,0.4851014478572704
MLP,Train,0.8650442477876106,0.47851658422020116
MLP,Train,-0.3091286307053941,-0.12218063436514989
MLP,Train,-0.004364805402450088,-1.1317942490412332
MLP,Train,0.5570638505655185,0.6235546098939141
MLP,Train,0.03710686132560858,0.09144018209490032
MLP,Train,-0.2218487496163564,0.4108046773779306
MLP,Train,-0.00620308796527328,-0.000720307729539682
MLP,Train,-0.4396694214875904,-0.2894721483900493
MLP,Train,0.5814674032073606,0.3274098062546418
MLP,Train,0.4040313015268496,0.42902147645781297
MLP,Train,-1.114147993293855,-0.8127946409653334
MLP,Train,-1.615697591672981,-1.0646876788360005
MLP,Train,-0.01749782701560991,-0.4197248718519536
MLP,Train,0.3483048630481607,0.4699474792330842
MLP,Train,0.6299402678187999,0.8432960403044121
MLP,Train,0.7618945674400744,-0.9671822224302346
MLP,Train,0.290034611362518,0.3726449175520662
MLP,Train,-0.02664130105864902,-0.04230657210562891
MLP,Train,0.1765990639625574,0.08863736467065766
MLP,Train,0.4741255587590221,0.49531317432838007
MLP,Train,0.04532297878665748,-1.119942227830789
MLP,Train,-1.851851851851851,-1.379276859290432
MLP,Train,1.036353115842418,-0.18264414752239008
MLP,Train,0.7388055682705498,0.34079892131315614
MLP,Train,0.5742145178764892,-0.010984301035988603
MLP,Train,-0.055377791833341,0.40168541281049563
MLP,Train,1.608501118568232,1.229129513385863
MLP,Train,-0.4780893042575287,-0.11185534844740838
MLP,Train,-0.3093052782018357,-0.44054246485987203
MLP,Train,0.6002076843198328,0.49502704625870075
MLP,Train,1.03342375548695,0.792739314330174
MLP,Train,0.5587085705331657,0.4686507425093218
MLP,Train,0.6558037511164472,0.28078356664590504
MLP,Train,1.094342640722355,0.9694539452927512
MLP,Train,0.6137179964990436,0.5694743815345727
MLP,Train,-0.1033429559749049,0.3555895482760804
MLP,Train,-1.163675884293248,-0.12992676899130365
MLP,Train,-0.4416951356407078,-0.22014217898224372
MLP,Train,0.2166847237269759,-0.09492731669586621
MLP,Train,-1.397940008672037,-1.1875570312268495
MLP,Train,-0.8340240248307097,-0.8563678195931522
MLP,Train,0.9711055276381912,0.8412347237757897
MLP,Train,0.06037703633173826,0.6515382590880393
MLP,Train,0.7239819004524883,0.8486602940115054
MLP,Train,-0.9827586206896575,-1.147365260302752
MLP,Train,0.1639004149377578,0.028623630664436878
MLP,Train,0.6283889300503115,0.48602503600855107
MLP,Train,0.07879884639939841,0.28079821927856524
MLP,Train,1.146941207143456,1.179412319312703
MLP,Train,0.3074960379132129,0.48602503600855107
MLP,Train,0.7189234367587567,0.8056875252767662
MLP,Train,0.3801976569746794,0.21052878042731224
MLP,Train,-0.3061000384340861,-0.6663598790026847
MLP,Train,-1.221064605101569,-0.8179913506874384
MLP,Train,0.8426092396105621,0.7604765429117387
MLP,Train,0.4638929889859073,0.5462744524396966
MLP,Train,-0.05698339270242879,-0.03901953359217222
MLP,Train,-0.7458094490628238,-0.5077238732325745
MLP,Train,0.5383765017273076,0.32178820547442566
MLP,Train,0.3304137733491909,0.16005771665328383
MLP,Train,1.382743362831857,0.6646586195271442
MLP,Train,0.6373245098685487,0.843318768578423
MLP,Train,0.3318965517241376,-0.30359740418522196
MLP,Train,-1.300144134463074,-0.6497596523965782
MLP,Train,0.000184675759379702,-0.33720452458624806
MLP,Train,-0.2365720064370627,-0.3318306839963473
MLP,Train,0.6532125137753437,0.4215192194144448
MLP,Train,0.3029055729718366,0.06245819940592229
MLP,Train,-0.2218487496163564,0.4939981341946167
MLP,Train,0.9495487209058864,0.8414810693164246
MLP,Train,0.2600216684723708,0.03689713365741121
MLP,Train,-0.01635820640686767,-0.05602747446485665
MLP,Train,-0.2881198278471295,-0.9187165725710488
MLP,Train,0.8142475957319202,0.5252422380132348
MLP,Train,1.050866019970613,0.8670800685794068
MLP,Train,0.5118833609788743,-0.7517444364919276
MLP,Train,-0.3720391624218937,-0.514617921558951
MLP,Train,0.5265032835812309,0.5898335171137271
MLP,Train,-0.0767550702028087,-0.16896215735683692
MLP,Train,0.6211762817750351,0.730437631321901
MLP,Train,-2.777665566310111,-1.2484922421181628
MLP,Train,0.3502480183341629,0.3726449175520662
MLP,Train,0.9365132613368845,0.734659401111321
MLP,Train,0.5049560752439612,0.34323930981412776
MLP,Train,-0.5742492738010503,-0.7206689225548296
MLP,Train,0.07980012213427638,0.4939669288792179
MLP,Train,-1.629310344827578,-1.2396880482177888
MLP,Train,0.1888069379391503,0.17840914272779718
MLP,Train,0.6365584913426995,0.5747528124117671
MLP,Train,0.04550379198266516,-0.13682092848969504
MLP,Train,-1.972093023255811,-1.3269086548132472
MLP,Train,-1.278559880703671,-0.9426024144744648
MLP,Train,0.6421052631578948,0.14869693498279202
MLP,Train,-2.522878745280337,-1.1622129740763638
MLP,Train,-0.3113613671456985,-0.1533440929685664
MLP,Train,-0.129219291822582,0.05692309711158697
MLP,Train,-1.516444298028881,-1.0277859844497783
MLP,Train,-0.9651162790697718,-0.6355982444074918
MLP,Train,-0.1135092748275181,-0.2856342934178687
MLP,Train,0.3549473425726017,0.4664804953726881
MLP,Train,0.8636528625639327,0.8327588401677982
MLP,Train,-0.9145720716388055,-0.9906915737467427
MLP,Train,-0.8086184995011162,-0.3091232067951917
MLP,Train,-1.351639989019068,-0.7578927224905773
MLP,Train,0.4065401804339551,0.39190133137506566
MLP,Train,0.2647773159802437,-0.8951778364304067
MLP,Train,0.7194451609763224,0.2219243664507161
MLP,Train,0.7114680014156944,0.47960990462552244
MLP,Train,0.08563466276372743,0.09130537140119385
MLP,Train,-0.985231158620319,-0.7621154371014633
MLP,Train,0.3747483460101039,0.3726449175520662
MLP,Train,-0.08471373464762134,-0.051038416248225
MLP,Train,0.3222192947339193,0.2036105925628253
MLP,Train,-1.785155875122728,-0.9469857200227961
MLP,Train,0.1208778733641796,-0.03838646325315906
MLP,Train,0.290034611362518,0.3726449175520662
MLP,Train,-0.2372093023255822,0.15542036823588012
MLP,Train,-1.568636235841013,-1.0610580274726087
MLP,Train,0.5250677226597732,0.4547542341780052
MLP,Train,1.305958561063182,0.7702646561427756
MLP,Train,-0.1321607680099658,-0.025342965127586853
MLP,Train,-0.3841226480657678,0.10246951874353147
MLP,Train,-2.144640275261264,-1.0840484933495582
MLP,Train,-0.168693863576964,-0.12531941760016044
MLP,Train,0.3926969532596657,0.16005771665328383
MLP,Train,0.082934622503059,0.7343491822303045
MLP,Train,-0.3954987090480164,0.31088013507586787
MLP,Train,-2.698970004336019,-2.1546188705480684
MLP,Train,0.7386467155148417,0.6392801980678864
MLP,Train,0.5344053974388362,0.2840906357768507
MLP,Train,1.133825549864817,0.8223150734383103
MLP,Train,-0.9827586206896575,-1.147365260302752
MLP,Train,0.4070585517469932,0.7345118129097131
MLP,Train,-0.3188767550702024,-0.16896215735683692
MLP,Train,0.03204710545330516,0.0350246732583718
MLP,Train,0.4313637641589874,0.3510653225850795
MLP,Train,0.1206896551724121,-0.5281142914370395
MLP,Train,-1.014876033057834,-0.44774154888658324
MLP,Train,1.02530586526477,0.792739314330174
MLP,Train,0.4603305929511411,0.38582914460062623
MLP,Train,-0.7884826218653814,-0.45047222500430373
MLP,Train,0.6387979239767979,0.7306928516177732
MLP,Train,0.1967213902982204,-0.26741580330509296
MLP,Train,-1.572614107883811,-1.1657212950496696
MLP,Train,-0.225488800760079,-0.3975423761689726
MLP,Train,-0.528820300569675,-0.7984326073073374
MLP,Train,-0.02672178766989199,-0.04798906455228444
MLP,Train,0.3029055729718366,0.06245819940592229
MLP,Train,-2.323341080224196,-1.2377084452915803
MLP,Train,0.2485127322208998,0.04667605916302828
MLP,Train,0.06666840180628056,0.4939981341946167
MLP,Train,0.08040478333155002,-0.027200376638013807
MLP,Train,0.449180152337384,0.287466118304954
MLP,Train,0.5387931034482746,-0.18434056273169688
MLP,Train,0.8234019501625136,0.6614119216466244
MLP,Train,-0.05787918913275993,-0.0022346337408918893
MLP,Train,0.9436090225563907,0.5156000623159843
MLP,Train,-0.3154362416107405,-0.495663816968544
MLP,Train,0.06392869562034259,-0.0644323418773051
MLP,Train,0.7375901662857216,0.6591965120036695
MLP,Train,0.6052964725395565,0.6917426006912745
MLP,Train,0.4349897524434111,0.2004383302801328
MLP,Train,0.6988119920145542,0.5480455350351231
MLP,Train,-0.03621217265444471,-0.2856342934178687
MLP,Train,0.6532125137753437,0.5847595653183634
MLP,Train,-2.090225563909775,-0.8785342410287812
MLP,Train,1.001698847035765,0.49280399753722026
MLP,Train,-0.162941534687887,-0.06492751960169005
MLP,Train,-0.3113613671456985,-0.1533440929685664
MLP,Train,0.6106601630898799,0.730437631321901
MLP,Train,-0.3189655172413801,-0.8487332620459666
MLP,Train,0.6211762817750351,0.730437631321901
MLP,Train,1.133825549864817,0.8223150734383103
MLP,Train,-1.290730039024169,-1.6589844083929175
MLP,Train,-0.3665158371040725,0.10252540112023231
MLP,Train,0.8122446968003693,-0.7517444364919276
MLP,Train,0.729439713313603,0.8065851707170167
MLP,Train,-2.270100502512563,-1.2752084017900167
MLP,Train,0.8061799739838872,0.9866748856476671
MLP,Train,-1.364902075136013,-0.9728228606724728
MLP,Train,0.3997834418988355,0.36091758171414134
MLP,Train,1.344392273685111,1.1599577148716693
MLP,Train,0.7795964912578245,0.6999030049209295
MLP,Train,0.7160033436347992,0.7346750404989167
MLP,Train,-0.3279021420642826,-1.129064856431695
MLP,Train,0.7744360902255635,0.8849360315632842
MLP,Train,0.4432770075955701,0.07577662744231872
MLP,Train,-0.00877392430750515,-1.1250570197670449
MLP,Train,-0.3154362416107405,-0.495663816968544
MLP,Train,-0.02672178766989199,-0.04798906455228444
MLP,Train,0.6306396086247502,0.9339505292282189
MLP,Train,0.9572567783094088,0.9707862944389515
MLP,Train,0.07358456455093211,0.016697240874701175
MLP,Train,0.5279857113140554,0.5993458233630204
MLP,Train,0.8248316567500222,0.05779118475672326
MLP,Train,0.6724323295111406,0.49532174311363464
MLP,Train,0.146128035678238,0.5745445000512669
MLP,Train,0.06392869562034259,-0.0644323418773051
MLP,Train,-0.2383566602316601,-0.13090585891073372
MLP,Train,0.6149590534401633,0.14839912358495205
MLP,Train,0.3463529744506387,0.4686507425093218
MLP,Train,0.0243369734789374,-0.16896215735683692
MLP,Train,-0.7152802629955829,0.07847889205638867
MLP,Train,0.9425041061680807,0.8040602964657529
MLP,Train,0.4471580313422192,0.7245335727291612
MLP,Train,0.210118641008524,0.05779118475672326
MLP,Train,-2.323341080224196,-1.2377084452915807
MLP,Train,-1.199748743718593,-1.0192508531032831
MLP,Train,-1.441695135640719,-0.8088289506758516
MLP,Train,1.093599819380088,0.7487838938451389
MLP,Train,0.9091346748392991,0.8469299327130954
MLP,Train,0.6754239863370415,0.16866024290477474
MLP,Train,-0.9126967386229311,-0.6433620327730015
MLP,Train,0.4070585517469932,0.41684861391503214
MLP,Train,0.5014171282441098,0.5172372702089634
MLP,Train,0.6720978579357175,0.5648922985022076
MLP,Train,0.8577031944274324,0.9387845940474754
MLP,Train,0.7107438016529042,0.40723920407384073
MLP,Train,0.8723520098382468,0.792739314330174
MLP,Train,0.5734581149493531,0.5540205832948699
MLP,Train,0.7971694225490045,0.5158611245439302
MLP,Train,-1.221064605101569,-0.8179913506874384
MLP,Train,0.2600713879850748,0.5770612152140242
MLP,Train,0.7302275189599128,0.3096552641801236
MLP,Train,0.6373245098685487,0.843318768578423
MLP,Train,1.394451680826216,1.1599577148716693
MLP,Train,0.9163342758539162,0.7183955502726203
MLP,Train,0.02214307063863684,-0.021902917157544416
MLP,Train,0.5496719218682735,0.5726759443804524
MLP,Train,-0.7933871979013215,-0.6515715817297839
MLP,Train,-0.07051482059282402,-0.028894266089009774
MLP,Train,-1.517084431448743,-1.2713860915575976
MLP,Train,0.2477360902479951,0.6685071728152046
MLP,Train,1.031407035175877,0.7239668444265441
MLP,Train,-1.863570317441311,-1.2903684159761073
MLP,Train,1.080536912751675,0.7851093512315233
MLP,Train,0.3534526924483971,0.08135891513687446
MLP,Train,-1.112831858407081,-0.7894651362448776
MLP,Train,0.249877473216598,0.29260632021371064
MLP,Train,-0.1763846362985451,-0.4353599304179815
MLP,Train,0.4653828514484183,0.4290956782090788
MLP,Train,0.3971129200300176,0.5181268245011004
MLP,Train,0.648364110491845,0.730437631321901
MLP,Train,1.174641192660449,1.3499580325970588
MLP,Train,0.5587284924162972,0.6328716753715895
MLP,Train,-0.2770149382233361,0.02627786557871245
MLP,Train,0.1789541471922132,0.43252467399350114
MLP,Train,-0.8196731304698925,-0.8334899827093399
MLP,Train,-0.6073030467403343,-1.2145134245825457
MLP,Train,1.142241379310341,0.7361610337394948
MLP,Train,-1.214824120603015,-0.4409247102446886
MLP,Test,0.3324384599156053,0.44486722943603424
MLP,Test,3.164179103238849,2.7348011980548566
MLP,Test,0.5014171282441098,0.5172372702089634
MLP,Test,-0.3061000384340861,-0.6663598790026847
MLP,Test,0.5209109372834104,0.533274324657715
MLP,Test,0.2184674937789584,0.6106550230768483
MLP,Test,-0.6189591078066927,-0.6182909705025345
MLP,Test,-0.08633414873527591,0.008583263565294708
MLP,Test,1.094342640722355,0.9694539452927512
MLP,Test,0.9931205342354806,0.7346515710929055
MLP,Test,-0.8313241449568525,-0.9699412375858224
MLP,Test,-0.5408689174769996,-0.33779194495691256
MLP,Test,0.0649854939798157,-0.9047776196210257
MLP,Test,-0.9633176592446268,-0.5240913551516945
MLP,Test,-0.8239087409443188,-0.917394640440771
MLP,Test,-0.2992233682875201,-0.5658537193347818
MLP,Test,0.4271453189369645,0.4098835978495693
MLP,Test,0.4415191304571257,0.30931557576347724
MLP,Test,0.8292314636701624,0.7346254465462624
MLP,Test,0.290034611362518,0.3726449175520662
MLP,Test,-0.6595299383442075,-0.7301389561400119
MLP,Test,1.283198266190026,1.3635300913778163
MLP,Test,0.4275633669545613,0.4571881311318102
MLP,Test,-1.071860922666721,-0.7220012551528922
MLP,Test,0.07018822533816348,-0.03631296694883565
MLP,Test,-0.03068512285530053,0.6245839343378543
MLP,Test,0.3344537511509309,0.3726449175520662
MLP,Test,0.04614998447069624,-0.010530468053797759
MLP,Test,-0.2924298239020636,-0.2856342934178687
MLP,Test,0.414973347970818,0.28694622870052944
MLP,Test,0.6548599518166115,0.4418181300054429
MLP,Test,0.761745810919945,0.5729129625202521
MLP,Test,0.6315789473684207,0.13085946898239809
MLP,Test,1.01169221234297,0.7765119198672407
MLP,Test,-1.452991452991453,-1.354870718574648
MLP,Test,-0.7611389642143674,-0.7425951552807147
MLP,Test,0.1145400335558539,0.1514736939454056
MLP,Test,1.253437245309724,1.5009187300074691
MLP,Test,-0.5938066216438812,-0.785461702796351
MLP,Test,-1.719591275179851,-0.950926380102109
MLP,Test,0.3031960574204888,0.3726449175520662
MLP,Test,-0.1767241379310328,0.06716305444816342
MLP,Test,-3.084170854271357,-1.095655392491759
MLP,Test,0.5881912753291252,0.45198118880036564
MLP,Test,0.8292314636701619,0.6416175327439885
MLP,Test,0.568201724066995,0.6207214934033314
MLP,Test,0.3119932648840557,-0.3370165614431384
MLP,Test,0.3426900584795311,0.2394301028977302
MLP,Test,-1.05000038465533,-0.9824597342809419
MLP,Test,0.6242820958356683,0.730437631321901
MLP,Test,-0.3841226480657678,0.10246951874353147
MLP,Test,-0.7628438624246476,-1.1318258918023147
MLP,Test,-1.517084431448743,-1.2713860915575976
MLP,Test,0.7294593264839196,0.5958093075105115
MLP,Test,0.8965262174895553,-0.7517444364919276
MLP,Test,-1.448275862068967,-1.0435710484209344
MLP,Test,0.6052964725395565,0.726232071211408
MLP,Test,0.6020599913279624,0.3683136067774764
MLP,Test,-0.3841226480657678,0.10246951874353147
MLP,Test,0.4248088801709484,0.37296904559323807
MLP,Test,-0.01106194690265572,-0.26266067954756245
MLP,Test,0.7618945674400744,-0.9671822224302346
MLP,Test,0.03779758291381349,0.3734024273507722
MLP,Test,-0.07719576496805934,0.6064632359362371
MLP,Test,-1.105822721176797,-0.5563328775915887
MLP,Test,-0.2500000000000024,-0.030989088964535116
MLP,Test,-0.3824561403508766,-0.9370465358259455
MLP,Test,2.086283185840707,0.7720180034062323
MLP,Test,0.3982725127375335,0.16077651659673586
MLP,Test,0.5587085705331657,0.4686507425093218
MLP,Test,0.3596766725050837,0.5249496159289888
MLP,Test,0.3010299956639812,0.3726651220424265
MLP,Test,-0.163262387944784,0.12013432196122975
MLP,Test,-0.1364894692937454,-0.9638995849430082
MLP,Test,0.4754464211067237,0.5252113959377376
MLP,Test,-0.1364894692937454,-0.9638995849430082
MLP,Test,0.5185139398778874,0.622463315952059
MLP,Test,0.5433383280405261,0.1959267830934637
MLP,Test,0.05803546917037159,-0.5049902577526996
MLP,Test,-0.744727494896694,-1.0082373059656815
MLP,Test,-0.5631007681788924,-0.2308429902628081
MLP,Test,1.133825549864817,0.8223150734383103
MLP,Test,0.4776604850213967,0.3570048650675578
MLP,Test,-0.09691001300805639,0.4939981341946167
MLP,Test,1.50559284116331,1.1302923947548107
MLP,Test,1.076276352144377,0.8699562904682755
MLP,Test,0.436162647040756,0.37264286118393625
MLP,Test,-0.1986570869544228,-0.12429806282906283
MLP,Test,0.3463529744506387,0.3726449175520662
MLP,Test,-0.02059282371294896,0.08863736467065772
MLP,Test,0.583638190231899,0.306580339731957
MLP,Test,0.5484338463910386,0.6285270279970813
MLP,Test,0.7971694225490045,0.5158611245439302
MLP,Test,-0.9285714285714313,-0.9418402527325359
MLP,Test,-1.599246231155778,-1.1582660479667926
MLP,Test,0.6354837468149122,0.6446166463861815
MLP,Test,0.7932016100908708,0.8093699440052252
MLP,Test,0.5670263661590603,0.6207286970912471
MLP,Test,0.4393326938302626,0.08539796674497777
MLP,Test,0.4158977539238713,0.47960990462552244
MLP,Test,-0.4090614296906621,-0.8318955642124354
MLP,Test,0.5014171282441111,0.6974000291701383
MLP,Test,-0.5144205230153214,-0.665292646462685
MLP,Test,-0.001233048413828201,0.11525366439310589
MLP,Test,1.107438016528938,0.6529778850065737
MLP,Test,0.6211762817750351,0.730437631321901
MLP,Test,0.1003705451175629,-0.2856342934178687
MLP,Test,-0.5829875518672214,-0.38251005343070477
MLP,Test,0.05690485133647256,-1.1160825413280906
MLP,Test,0.2182287808022119,0.1725697418734285
MLP,Test,-1.97095435684647,-1.3466116455987809
MLP,Test,0.6621085853152393,0.7076245714886232
MLP,Test,-0.624161073825504,-0.7495735126417601
MLP,Test,1.094342640722355,0.969453945292751
MLP,Test,-1.337242168318426,-1.6865464255492528
MLP,Test,-0.4168875174404437,-0.9670950858413224
MLP,Test,0.3521825181113625,0.47442132458699526
MLP,Test,-0.7907934207082596,-0.8537079413209664
MLP,Test,0.6031443726201823,0.730437631321901
MLP,Test,-2.300251256281407,-0.9677442889332505
MLP,Test,0.6096866096866093,-0.355255379359361
MLP,Test,0.3222192947339193,0.4939981341946167
MLP,Test,1.103190095954383,0.7244059913763815
MLP,Test,-0.2881198278471295,-0.9187165725710488
MLP,Test,0.4703209205104826,0.1810333094130433
MLP,Test,0.5796458917139012,0.4931957494644267
MLP,Test,0.5443965170527658,0.47761874179512076
MLP,Test,1.027249205777354,0.7514811370337446
MLP,Test,0.06037703633173449,0.21144484475098105
MLP,Test,0.6107382550335557,0.27417582148231806
MLP,Test,0.3778487999011506,0.37801730344607454
MLP,Test,0.5380082475606797,0.6720898455000046
MLP,Test,-0.6989700043360187,-0.45004957426792325
MLP,Test,0.6197183098591552,0.4014786935669574
MLP,Test,-1.196026900731575,-0.9720989193515573
MLP,Test,-0.624161073825504,-0.7495735126417601
MLP,Test,0.9163342758539162,0.7183955502726209
MLP,Test,0.0992694619521627,-0.027941178042658138
MLP,Test,0.2550304776875136,0.34330270028066723
MLP,Test,0.7023705927993015,1.179412319312703
MLP,Test,0.07018822533816348,-0.03631296694883565
MLP,Test,0.3480198017392754,0.06245819940592229
MLP,Test,-2.301029995663981,-1.0799901066867468
MLP,Test,1.39496674100774,0.14074011225508304
MLP,Test,1.142241379310341,0.7361610337394948
MLP,Test,-0.4101744650890502,-0.23055443131681294
MLP,Test,0.5805468137587243,0.5168296749881812
MLP,Test,0.359835482339888,0.16005771665328342
MLP,Test,1.070422535211266,0.9984562021707549
MLP,Test,-1.407996505383249,-0.702244523853901
MLP,Test,0.9296083526018456,0.7765119198672407
MLP,Test,0.6434526764861874,1.1294239520004348
MLP,Test,1.142241379310341,0.7361610337394948
MLP,Test,-1.535796071516882,-0.7701884654903705
MLP,Test,0.724275869600789,0.39961208970221496
MLP,Test,-0.5742492738010503,-0.7206689225548296
MLP,Test,-1.105822721176797,-0.6164765710664131
MLP,Test,0.6532125137753437,0.6389135292404744
MLP,Test,0.5775344108563207,0.4674610647340812
MLP,Test,0.8389261744966443,0.4548911273614603
MLP,Test,1.050866019970613,0.8670800685794068
MLP,Test,-2.221848749616356,-2.0767582153633684
MLP,Test,-0.326729107509616,-0.42639535771662984
MLP,Test,0.5763413502057929,0.730437631321901
MLP,Test,0.4913616938342727,0.7345198620303837
MLP,Test,-0.4266006465360775,-0.5805365818959065
MLP,Test,0.7717853376544959,-0.053168779730044996
MLP,Test,0.9049868953301389,0.24580783971260425
MLP,Test,0.3586960995738104,0.5318687269705792
MLP,Test,0.000184675759379702,-0.3372045245862487
MLP,Test,0.9041684928630465,0.9892147984493884
MLP,Test,0.7957746478873244,0.5137536056452099
MLP,Test,0.249877473216598,0.04424398832246107
MLP,Test,0.2003166498975227,0.057942703689005226
MLP,Test,-0.09151498112135022,-0.6624747816091356
MLP,Test,-0.6344221105527648,-0.6136777178386014
MLP,Test,0.6532125137753437,0.7346233726448604
MLP,Test,0.7784019021736095,0.16921294315188368
MLP,Test,0.3344537511509309,0.3726449175520662
MLP,Test,-0.3967891925154016,-0.3663214227362137
MLP,Test,0.8970760233918128,0.5074905975167853
MLP,Test,-0.2399638415280812,0.23515361806488463
MLP,Test,-1.39907759602161,-1.2742160614271885
MLP,Test,0.5546959574620433,0.12329750613234935
MLP,Test,0.03061224489796073,-0.7881666851435382
MLP,Test,0.3344537511509309,0.3726449175520662
MLP,Test,-0.5685840707964614,-0.5683995806387577
MLP,Test,0.0380313199105153,-0.24607400702473378
MLP,Test,0.5185139398778874,0.6921614477486895
MLP,Test,-0.1053444761515942,-0.430257134589647
MLP,Test,-0.275724130399211,-0.917394640440771
MLP,Test,1.133538908370217,1.1599577148716695
MLP,Test,-1.613074447739991,-1.3324203456301025
MLP,Test,0.568201724066995,0.3726651220424265
MLP,Test,0.5368701749797076,0.03581161832813046
MLP,Test,-0.9145720716388055,-0.9906915737467427
MLP,Test,0.7150879065106778,0.8486602940115054
MLP,Test,-1.972093023255811,-1.3269086548132472
MLP,Test,-0.4165682858734546,-0.28650005338731377
MLP,Test,-0.2857142857142859,-0.7432630645443995
MLP,Test,0.000184675759379702,-0.33720452458624806
MLP,Test,-0.8232758620689672,-0.601456759739285
MLP,Test,0.1641903726520483,0.24604574418302946
MLP,Test,0.5551647741760672,0.18511301451829756
MLP,Test,-1.20966708761141,-0.9293751981462316
MLP,Test,0.0649854939798157,-0.9047776196210257
MLP,Test,0.5250677226597745,0.7345277528130497
MLP,Test,0.07918124604762482,0.17453383134050993
MLP,Test,-0.428990367220233,-0.5468133568302228
MLP,Test,1.012034255098913,0.7340370477447167
MLP,Test,0.7923916894982539,0.5158690750447013
MLP,Test,0.8441444706166565,1.2298223750371722
MLP,Test,-0.03068512285530053,0.05465650349855625
MLP,Test,-0.1308971686110271,0.23891916074171565
MLP,Test,0.422413793103446,0.19542364786536345
MLP,Test,-1.117647058823529,-0.4452717247716469
MLP,Test,0.6850556999575159,0.6355737962333329
MLP,Test,0.7114680014156944,0.47960990462552244
MLP,Test,0.7189234367587567,0.8056875252767662
MLP,Test,0.07554696139253074,-0.018078281492793696
MLP,Test,-0.5829875518672214,-0.38251005343070477
MLP,Test,-0.1962946451439691,-0.37007054796842986
MLP,Test,0.4691793022254807,0.5959156702144286
MLP,Test,0.9259716473223176,0.5456733188964015
MLP,Test,0.1760912590556812,0.4939637528715616
MLP,Test,-0.03205202065153314,-0.015176783405458583
MLP,Test,-0.01916049952100591,-0.31550361613057987
MLP,Test,-0.03205202065153314,-0.015176783405458583
MLP,Test,0.6231704616375756,0.6139724289575195
MLP,Test,0.5185139398778874,0.734554365840602
MLP,Test,-0.1087719298245615,-0.10885424635284
MLP,Test,0.6071342742642603,0.49122332951501735
MLP,Test,0.403033586132178,0.12607140464417382
MLP,Test,1.200118221872587,0.05779118475672326
MLP,Test,0.4559035956430633,0.7245335727291612
MLP,Test,0.2533637564272291,0.0076176769835059055
MLP,Test,0.2845428661815921,0.17976930295525662
MLP,Test,0.284243604897899,0.011154975168143483
MLP,Test,0.1485380116959049,0.0411237375061243
MLP,Test,-0.9021734110319146,-0.4454383136431608
MLP,Test,0.3726162606770048,0.02417869854237928
MLP,Test,-0.5686362358410126,-0.917394640440771
MLP,Test,0.2304489213782739,0.7344506797484384
MLP,Test,1.266940635346726,1.5859806313129075
MLP,Test,-0.1425476623911539,0.5887497851091841
MLP,Test,0.8197624407474513,0.1955114411671834
MLP,Test,0.7505083948513462,-0.7517444364919278
MLP,Test,1.266940635346726,1.5859806313129075
MLP,Test,0.5391498881431767,0.1942265238681219
MLP,Test,0.6627578316815741,0.722506652696587
MLP,Test,0.4456042032735976,0.6703917503466521
MLP,Test,-2.323341080224196,-1.110193137219553
MLP,Test,-0.6666723925349947,-0.9597717843361014
MLP,Test,0.8441444706166565,1.2298223750371722
MLP,Test,0.6803355134145632,0.4686507425093218
MLP,Test,0.6157487820036969,0.9694539452927512
MLP,Test,0.5563025007672873,1.0616194828825218
MLP,Test,1.653277152283784,1.3184958155304565
MLP,Test,0.5797835966168101,0.724674901594008
MLP,Test,0.648364110491845,0.730437631321901
MLP,Test,0.8897968700686152,0.7170807596071844
MLP,Test,-2.634968218916374,-1.2763221030854734
MLP,Test,-0.1308971686110271,0.23891916074171549
MLP,Test,0.3502480183341629,0.3726449175520662
MLP,Test,-0.1568423903044668,0.5996507965347909
MLP,Test,0.4232458739368078,0.44346294868471736
MLP,Test,0.3502480183341629,0.3726449175520662
MLP,Test,0.8122446968003693,-0.7517444364919276
MLP,Test,0.9270401707559837,0.3422828598902634
