lig_AvgIpc,lig_VSA_EState5,lig_619,lig_1017,lig_348,lig_978,sol_896,sol_849,c_Metal_mM,c_lig,c_HNO3,logD
6.251633611065803,-2.0218098735320975,0.0,0.0,0.0,8.944988569742305,0.0,0.0,0.0004290649125007212,2.359196897415536,1.4195440229039231,1.02530586526477
6.3134657690840275,-2.7866670655630124,0.0,0.0,0.0,8.944988569742305,0.0,0.0,4.290649125007212e-05,0.8244520253615255,0.9463626819359487,-0.5742492738010503
6.3134657690840275,-2.7866670655630124,0.0,0.0,0.0,8.944988569742305,0.0,0.0,0.8581298250014423,2.359196897415536,0.004731813409679744,0.8965262174895553
6.3134657690840275,-2.7866670655630124,0.0,0.0,0.0,8.944988569742305,0.0,0.0,4.290649125007212e-05,2.359196897415536,2.8390880458078462,0.6031443726201823
6.000249476922834,-1.0892890509418929,0.0,0.0,0.0,8.944988569742305,0.0,0.0,0.656414463700542,1.179598448707768,1.4194045335023762,-0.4836373832160348
6.3134657690840275,-2.7866670655630124,0.0,0.0,0.0,8.944988569742305,0.0,0.0,0.656414463700542,0.4377183147557863,2.365906704839872,-0.8301121378671653
6.207008896919573,-0.46643840803057535,2.1528407992791307,0.0,0.0,8.944988569742305,0.0,0.0,0.656414463700542,2.359196897415536,0.47360247236143593,0.135537190082656
6.370091377394571,-0.48521415725108064,2.1528407992791307,0.0,0.0,8.944988569742305,0.0,3.038321572734365,2.0566754609318316,2.359196897415536,1.4195440229039231,0.139109451707618
6.370091377394571,-0.48521415725108064,2.1528407992791307,0.0,0.0,8.944988569742305,0.0,0.0,0.0004290649125007212,2.359196897415536,1.8927253638718975,1.094342640722355
6.370091377394571,-0.48521415725108064,2.1528407992791307,0.0,0.0,8.944988569742305,0.0,0.0,0.0004290649125007212,2.359196897415536,2.8390880458078462,1.146941207143456
6.3331585887517,-2.0690960045916653,0.0,0.0,0.0,8.944988569742305,0.0,0.0,3.604145265006058e-06,2.359196897415536,0.23355757808838246,-0.4135338345864666
6.483834559988072,-2.1367138545539226,2.1528407992791307,0.0,0.0,8.944988569742305,3.3256432633455386,3.038321572734365,0.21453245625036058,1.179598448707768,1.6561346933879104,0.4313637641589874
6.370091377394571,-0.48521415725108064,2.1528407992791307,0.0,0.0,8.944988569742305,0.0,0.0,0.0004290649125007212,2.359196897415536,2.8390880458078462,1.146941207143456
6.889163033067114,-0.5330199125051337,2.1528407992791307,0.0,0.0,8.944988569742305,3.3256432633455386,3.038321572734365,0.656414463700542,1.843901131787851,0.4731813409679744,-0.7152802629955829
6.0242946674161635,-0.4368697950326277,0.0,0.0,0.0,8.944988569742305,0.0,0.0,0.656414463700542,1.179598448707768,0.9463626819359487,-0.03621217265444471
6.3134657690840275,-2.7866670655630124,0.0,0.0,0.0,8.944988569742305,0.0,0.0,0.656414463700542,2.59511658715709,1.8927253638718975,0.6231884057971003
6.370091377394571,-0.48521415725108064,2.1528407992791307,0.0,0.0,8.944988569742305,0.0,0.0,0.656414463700542,0.8050617860616672,1.6561346933879104,0.2424445151694238
6.3134657690840275,-2.7866670655630124,0.0,0.0,0.0,8.944988569742305,0.0,0.0,2.1345507425507124,2.359196897415536,0.9463626819359487,-0.3135371308479524
6.3134657690840275,-2.7866670655630124,0.0,0.0,0.0,8.944988569742305,0.0,0.0,4.290649125007212e-05,2.359196897415536,2.8390880458078462,0.6031443726201823
6.251633611065803,-2.0218098735320975,0.0,0.0,0.0,8.944988569742305,0.0,0.0,4.290649125007212e-05,2.359196897415536,2.8390880458078462,1.076276352144377
6.3331585887517,-2.0690960045916653,0.0,0.0,0.0,8.944988569742305,0.0,0.0,0.656414463700542,2.359196897415536,2.163091718474179,1.093599819380088
6.0242946674161635,-0.4368697950326277,0.0,0.0,0.0,8.944988569742305,0.0,0.0,0.656414463700542,1.179598448707768,1.4194045335023762,0.02214307063863684
6.370091377394571,-0.48521415725108064,2.1528407992791307,0.0,0.0,8.944988569742305,0.0,3.038321572734365,0.3623955192016216,2.359196897415536,1.4195440229039231,0.8178119194823461
6.370091377394571,-0.48521415725108064,2.1528407992791307,0.0,0.0,8.944988569742305,0.0,0.0,0.0004290649125007212,2.359196897415536,1.8927253638718975,1.094342640722355
6.3331585887517,-2.0690960045916653,0.0,0.0,0.0,8.944988569742305,0.0,0.0,0.00012871947375021634,0.7077590692246608,3.0756787162918333,-0.4170444674351315
6.3331585887517,-2.0690960045916653,0.0,0.0,0.0,8.944988569742305,0.0,0.0,0.656414463700542,1.4119062079993785,0.9463626819359487,-0.5534883720930238
6.023948969606698,-0.4106579231213278,2.1528407992791307,0.0,0.0,8.944988569742305,3.3256432633455386,3.038321572734365,0.656414463700542,0.589799224353884,1.4194045335023762,0.2964118564742571
6.370091377394571,-0.48521415725108064,2.1528407992791307,0.0,0.0,8.944988569742305,0.0,0.0,0.656414463700542,0.8102567376297761,4.022041398227782,0.3470521755509489
6.3331585887517,-2.0690960045916653,0.0,0.0,0.0,8.944988569742305,0.0,0.0,0.21453245625036058,3.3540230451177195,0.48027906108249396,0.6335218433719506
6.382242841808487,-2.163668266710802,0.0,0.0,0.0,8.944988569742305,0.0,0.0,0.656414463700542,1.179598448707768,1.9136731018365498,0.5368701749797076
6.251633611065803,-2.0218098735320975,0.0,0.0,0.0,8.944988569742305,0.0,0.0,4.290649125007212e-05,1.3931034087269767,0.9463626819359487,0.5387931034482746
6.3331585887517,-2.0690960045916653,0.0,0.0,0.0,8.944988569742305,0.0,0.0,3.604145265006058e-06,2.359196897415536,0.28248642146983494,-0.2857142857142859
6.3134657690840275,-2.7866670655630124,0.0,0.0,0.0,8.944988569742305,0.0,0.0,4.290649125007212e-05,2.359196897415536,1.4195440229039231,0.3031960574204888
6.3331585887517,-2.0690960045916653,0.0,0.0,0.0,8.944988569742305,0.0,0.0,0.656414463700542,1.843901131787851,1.8927253638718975,0.8072619934565568
6.370110699083509,-0.46254305997952777,0.0,0.0,0.0,8.944988569742305,0.0,0.0,0.656414463700542,1.843901131787851,2.365906704839872,0.5279857113140554
6.3134657690840275,-2.7866670655630124,0.0,0.0,0.0,8.944988569742305,0.0,0.0,0.656414463700542,0.5794918931090756,4.826449677873338,-0.7907934207082596
6.3134657690840275,-2.7866670655630124,0.0,0.0,0.0,8.944988569742305,0.0,0.0,0.656414463700542,2.359196897415536,0.06323027623086848,-2.334481075108565
6.3134657690840275,-2.7866670655630124,0.0,0.0,0.0,8.944988569742305,0.0,0.0,0.656414463700542,1.815111831342873,0.9463626819359487,-0.3091286307053941
6.251633611065803,-2.0218098735320975,0.0,0.0,0.0,8.944988569742305,0.0,0.0,4.290649125007212e-05,2.359196897415536,0.04731813409679744,-0.7628438624246476
6.370091377394571,-0.48521415725108064,2.1528407992791307,0.0,0.0,8.944988569742305,0.0,0.0,0.0001851586723405612,2.359196897415536,1.4195440229039231,0.889796870068615
1.452241771504827,-1.1151453338180135,0.0,0.0,0.0,8.944988569742305,0.0,0.0,0.656414463700542,0.11489288890413661,1.4195440229039231,0.2485127322208998
6.023948969606698,-0.4106579231213278,2.1528407992791307,0.0,0.0,8.944988569742305,3.3256432633455386,3.038321572734365,0.656414463700542,1.843901131787851,0.4731813409679744,-1.005264266019541
6.3134657690840275,-2.7866670655630124,0.0,0.0,0.0,8.944988569742305,0.0,0.0,0.656414463700542,1.843901131787851,2.365906704839872,0.5450543344028723
6.3134657690840275,-2.7866670655630124,0.0,0.0,0.0,8.944988569742305,0.0,0.0,4.290649125007212e-05,2.359196897415536,2.8390880458078462,0.6031443726201823
6.3134657690840275,-2.7866670655630124,0.0,0.0,0.0,8.944988569742305,0.0,0.0,0.656414463700542,2.7191631600231987,4.826449677873338,0.3596766725050837
6.3134657690840275,-2.7866670655630124,0.0,0.0,0.0,8.944988569742305,0.0,0.0,0.656414463700542,2.359196897415536,0.4731813409679744,-0.6971816306033263
6.370091377394571,-0.48521415725108064,2.1528407992791307,0.0,0.0,8.944988569742305,0.0,0.0,0.0025353703118615118,2.359196897415536,1.4195440229039231,0.2880888597640699
6.3134657690840275,-2.7866670655630124,0.0,0.0,0.0,8.944988569742305,0.0,0.0,0.42906491250072115,3.538795346123304,2.8390880458078462,0.9041684928630465
6.3134657690840275,-2.7866670655630124,0.0,0.0,0.0,8.944988569742305,0.0,0.0,4.290649125007212e-05,2.359196897415536,0.9463626819359487,0.07554696139253074
6.051856661653243,-2.5977402151032103,0.0,0.0,0.0,8.944988569742305,0.0,0.0,0.656414463700542,1.179598448707768,0.24099598876839906,-1.719591275179851
6.251633611065803,-2.0218098735320975,0.0,0.0,0.0,8.944988569742305,0.0,0.0,4.290649125007212e-05,2.359196897415536,0.9463626819359487,0.5546959574620433
6.3331585887517,-2.0690960045916653,0.0,0.0,0.0,8.944988569742305,0.0,0.0,0.21453245625036058,2.4297368846482605,0.48027906108249396,0.3119932648840557
6.207008896919573,-0.46643840803057535,2.1528407992791307,0.0,0.0,8.944988569742305,0.0,0.0,0.656414463700542,1.179598448707768,0.948988838378321,0.148594545749752
6.370091377394571,-0.48521415725108064,2.1528407992791307,0.0,0.0,8.944988569742305,0.0,0.0,4.290649125007212e-05,0.4732596160153514,1.4195440229039231,-0.4780893042575287
6.3134657690840275,-2.7866670655630124,0.0,0.0,0.0,8.944988569742305,0.0,0.0,4.290649125007212e-05,2.359196897415536,0.04731813409679744,-2.634968218916374
6.3331585887517,-2.0690960045916653,0.0,0.0,0.0,8.944988569742305,0.0,0.0,0.656414463700542,3.920489812156164,2.460542973033467,1.50559284116331
1.3981016395739596,-4.682388127177302,0.0,0.0,0.0,8.944988569742305,0.0,0.0,0.018020726325030288,0.4718393794831072,0.047791315437765415,-2.221848749616356
6.3331585887517,-2.0690960045916653,0.0,0.0,0.0,8.944988569742305,0.0,0.0,0.21453245625036058,0.11546003983827531,0.004731813409679744,-0.4724680904466963
6.370091377394571,-0.48521415725108064,2.1528407992791307,0.0,0.0,8.944988569742305,0.0,0.0,2.8882933649898543,2.359196897415536,1.4195440229039231,0.2182287808022119
6.3134657690840275,-2.7866670655630124,0.0,0.0,0.0,8.944988569742305,0.0,0.0,0.656414463700542,3.458134404200667,0.4731813409679744,-0.1449235972700369
6.382242841808487,-2.163668266710802,0.0,0.0,0.0,8.944988569742305,0.0,0.0,0.656414463700542,1.179598448707768,0.28835292373515586,-1.603456897447042
6.382242841808487,-2.163668266710802,0.0,0.0,0.0,8.944988569742305,0.0,0.0,0.656414463700542,0.5775974580004508,2.3185885707430747,0.2187134502923974
6.3134657690840275,-2.7866670655630124,0.0,0.0,0.0,8.944988569742305,0.0,0.0,4.290649125007212e-05,1.0953751194700334,0.9463626819359487,-0.2340726776061404
6.166840866694848,-1.9621794078820578,0.0,5.231902810406923,0.0,8.944988569742305,0.0,0.0,4.290649125007212e-05,0.2401992729134654,0.9463626819359487,-0.2500000000000024
6.862931093951993,-2.2390440352924985,2.1528407992791307,0.0,0.0,8.944988569742305,0.0,0.0,0.656414463700542,1.179598448707768,3.37329558432046,0.6988119920145542
6.370091377394571,-0.48521415725108064,2.1528407992791307,0.0,0.0,8.944988569742305,0.0,0.0,0.33970399223910847,2.359196897415536,1.4195440229039231,0.5014171282441111
6.370091377394571,-0.48521415725108064,2.1528407992791307,0.0,0.0,8.944988569742305,0.0,0.0,4.290649125007212e-05,1.4144329078765103,1.4195440229039231,0.4390446521287634
6.3134657690840275,-2.7866670655630124,0.0,0.0,0.0,8.944988569742305,0.0,0.0,1.072662281251803,3.538795346123304,1.4195440229039231,0.5209109372834104
6.370091377394571,-0.48521415725108064,2.1528407992791307,0.0,0.0,8.944988569742305,0.0,0.0,0.3467397986742953,2.359196897415536,1.4195440229039231,0.9365132613368841
6.3134657690840275,-2.7866670655630124,0.0,0.0,0.0,8.944988569742305,0.0,0.0,0.656414463700542,3.9096846903660007,4.826449677873338,0.6306396086247502
6.370091377394571,-0.48521415725108064,2.1528407992791307,0.0,0.0,8.944988569742305,0.0,0.0,0.0017308950541682843,2.359196897415536,1.4195440229039231,0.5250677226597745
6.3134657690840275,-2.7866670655630124,0.0,0.0,0.0,8.944988569742305,0.0,0.0,4.290649125007212,3.538795346123304,1.4195440229039231,0.0
6.3331585887517,-2.0690960045916653,0.0,0.0,0.0,8.944988569742305,0.0,0.0,0.21453245625036058,1.1053356487709218,0.48027906108249396,-0.5938066216438812
6.351541690632111,-1.2853784999372788,0.0,0.0,0.0,8.944988569742305,0.0,0.0,3.604145265006058e-06,2.359196897415536,0.09341072852048783,-1.781954887218045
6.3331585887517,-2.0690960045916653,0.0,0.0,0.0,8.944988569742305,0.0,0.0,0.656414463700542,2.359196897415536,0.3870150187777062,0.1173491877479526
6.3062322149123,-2.1410708048321774,0.0,0.0,0.0,8.944988569742305,0.0,0.0,4.290649125007212e-05,2.359196897415536,2.8390880458078462,0.7237976748508552
6.3331585887517,-2.0690960045916653,0.0,0.0,0.0,8.944988569742305,0.0,0.0,0.21453245625036058,0.2176790870898059,0.004731813409679744,0.0649854939798157
6.370110699083509,-0.46254305997952777,0.0,0.0,0.0,8.944988569742305,0.0,0.0,0.656414463700542,0.4718393794831072,0.9463626819359487,-0.767123174186889
6.3331585887517,-2.0690960045916653,0.0,0.0,0.0,8.944988569742305,0.0,0.0,0.656414463700542,2.359196897415536,0.10348381290701407,-1.071860922666721
6.023948969606698,-0.4106579231213278,2.1528407992791307,0.0,0.0,8.944988569742305,3.3256432633455386,3.038321572734365,0.656414463700542,1.6040604360969766,0.9463626819359487,0.9347805899613781
6.251633611065803,-2.0218098735320975,0.0,0.0,0.0,8.944988569742305,0.0,0.0,4.290649125007212e-05,0.5592664981075322,0.9463626819359487,-0.3189655172413801
6.3134657690840275,-2.7866670655630124,0.0,0.0,0.0,8.944988569742305,0.0,0.0,0.21453245625036058,0.016352419414901176,0.004731813409679744,-1.196026900731575
6.3134657690840275,-2.7866670655630124,0.0,0.0,0.0,8.944988569742305,0.0,0.0,4.290649125007212,3.538795346123304,2.365906704839872,0.04260470370605519
6.517363800215063,-0.49805078972453065,2.1528407992791307,0.0,0.0,8.944988569742305,0.0,0.0,4.290649125007212e-05,2.59511658715709,2.8390880458078462,1.170774647887323
6.3134657690840275,-2.7866670655630124,0.0,0.0,0.0,8.944988569742305,0.0,0.0,0.8581298250014423,2.359196897415536,0.004731813409679744,0.5118833609788743
6.351541690632111,-1.2853784999372788,0.0,0.0,0.0,8.944988569742305,3.3256432633455386,3.038321572734365,0.21453245625036058,1.179598448707768,0.2365906704839872,-0.1172728120892211
6.3134657690840275,-2.7866670655630124,0.0,0.0,0.0,8.944988569742305,0.0,0.0,0.9207389770335476,2.59511658715709,1.8927253638718975,0.3586960995738104
6.370091377394571,-0.48521415725108064,2.1528407992791307,0.0,0.0,8.944988569742305,3.3256432633455386,3.038321572734365,0.21453245625036058,1.179598448707768,1.6561346933879104,0.4653828514484183
6.207008896919573,-0.46643840803057535,2.1528407992791307,0.0,0.0,8.944988569742305,0.0,0.0,1.3811084655503212,2.359196897415536,1.6561346933879104,0.6211762817750351
6.370091377394571,-0.48521415725108064,2.1528407992791307,0.0,0.0,8.944988569742305,0.0,0.0,3.987712134185202,2.359196897415536,1.4195440229039231,-0.00620308796527328
6.370091377394571,-0.48521415725108064,2.1528407992791307,0.0,0.0,8.944988569742305,0.0,0.0,2.4224404268913218,2.359196897415536,1.4195440229039231,0.1166176813015091
6.3134657690840275,-2.7866670655630124,0.0,0.0,0.0,8.944988569742305,0.0,0.0,0.21453245625036058,3.9369570065001245,0.48027906108249396,0.06392869562034259
6.3062322149123,-2.1410708048321774,0.0,0.0,0.0,8.944988569742305,0.0,0.0,4.290649125007212,3.538795346123304,1.4195440229039231,-0.06963592814139488
6.382242841808487,-2.163668266710802,0.0,0.0,0.0,8.944988569742305,0.0,0.0,0.656414463700542,2.3757348676664187,2.3185885707430747,1.126315789473682
6.3134657690840275,-2.7866670655630124,0.0,0.0,0.0,8.944988569742305,0.0,0.0,3.604145265006058e-06,2.359196897415536,3.347800573669106,1.522361359570662
6.370091377394571,-0.48521415725108064,2.1528407992791307,0.0,0.0,8.944988569742305,0.0,0.0,1.7308950541682844,2.359196897415536,1.4195440229039231,0.5250677226597732
6.370091377394571,-0.48521415725108064,2.1528407992791307,0.0,0.0,8.944988569742305,0.0,0.0,0.0004290649125007212,2.359196897415536,1.4195440229039231,0.9931205342354806
6.370091377394571,-0.48521415725108064,2.1528407992791307,0.0,0.0,8.944988569742305,0.0,0.0,1.7984212900976477,2.359196897415536,1.4195440229039231,0.4913616938342727
6.370091377394571,-0.48521415725108064,2.1528407992791307,0.0,0.0,8.944988569742305,0.0,0.0,4.290649125007212e-05,2.59511658715709,1.4195440229039231,1.02530586526477
6.3134657690840275,-2.7866670655630124,0.0,0.0,0.0,8.944988569742305,0.0,0.0,4.290649125007212e-05,2.359196897415536,0.004731813409679744,-2.705549293202082
6.3134657690840275,-2.7866670655630124,0.0,0.0,0.0,8.944988569742305,0.0,0.0,0.656414463700542,0.91370516238455,0.9463626819359487,-0.9937759336099588
6.370091377394571,-0.48521415725108064,2.1528407992791307,0.0,0.0,8.944988569742305,0.0,0.0,0.08887822223504939,2.359196897415536,1.4195440229039231,0.6052964725395565
6.370091377394571,-0.48521415725108064,2.1528407992791307,0.0,0.0,8.944988569742305,0.0,0.0,1.024469710279722,2.359196897415536,1.4195440229039231,0.686155075454263
6.370091377394571,-0.48521415725108064,2.1528407992791307,0.0,0.0,8.944988569742305,0.0,0.0,3.6829601987833156,2.59511658715709,0.9463626819359487,0.5742145178764892
6.3134657690840275,-2.7866670655630124,0.0,0.0,0.0,8.944988569742305,0.0,0.0,2.145324562503606,3.538795346123304,2.365906704839872,0.4126109061603624
6.000249476922834,-1.0892890509418929,0.0,0.0,0.0,8.944988569742305,0.0,0.0,0.656414463700542,1.843901131787851,2.8390880458078462,0.2775007758356284
6.370110699083509,-0.46254305997952777,0.0,0.0,0.0,8.944988569742305,0.0,0.0,0.656414463700542,1.843901131787851,0.4731813409679744,-0.6344628557513522
6.370091377394571,-0.48521415725108064,2.1528407992791307,0.0,0.0,8.944988569742305,0.0,0.0,0.656414463700542,1.179598448707768,0.9336435674907296,0.284243604897899
6.3134657690840275,-2.7866670655630124,0.0,0.0,0.0,8.944988569742305,0.0,0.0,0.42906491250072115,3.538795346123304,1.4195440229039231,0.62463078972132
6.370091377394571,-0.48521415725108064,2.1528407992791307,0.0,0.0,8.944988569742305,0.0,0.0,0.9547981497878548,2.359196897415536,1.4195440229039231,-0.1568423903044668
6.370091377394571,-0.48521415725108064,2.1528407992791307,0.0,0.0,8.944988569742305,0.0,0.0,0.656414463700542,0.2535971520938882,1.6561346933879104,-0.6942651060983038
6.3134657690840275,-2.7866670655630124,0.0,0.0,0.0,8.944988569742305,0.0,0.0,4.290649125007212e-05,2.359196897415536,2.8390880458078462,0.6106601630898799
6.3062322149123,-2.1410708048321774,0.0,0.0,0.0,8.944988569742305,0.0,0.0,4.290649125007212e-05,2.359196897415536,1.4195440229039231,0.07980012213427638
1.452241771504827,-1.1151453338180135,0.0,0.0,0.0,8.944988569742305,0.0,0.0,0.004290649125007212,0.4718393794831072,0.46554939911950194,-0.1962946451439691
6.3331585887517,-2.0690960045916653,0.0,0.0,0.0,8.944988569742305,0.0,0.0,0.656414463700542,2.359196897415536,0.014825954365879057,-2.535140249212473
6.207008896919573,-0.46643840803057535,2.1528407992791307,0.0,0.0,8.944988569742305,0.0,0.0,2.209774403010339,2.359196897415536,1.6561346933879104,0.3521825181113625
1.452241771504827,-1.1151453338180135,0.0,0.0,0.0,8.944988569742305,0.0,0.0,0.004290649125007212,1.193626233459801,0.004731813409679744,0.8020207517719758
6.370091377394571,-0.48521415725108064,2.1528407992791307,0.0,0.0,8.944988569742305,0.0,0.0,4.290649125007212e-05,0.9424779277454299,1.4195440229039231,0.1366562824506729
5.673394347164686,0.0,0.0,0.0,0.0,0.0,0.0,0.0,0.656414463700542,2.59511658715709,0.9411576871853011,1.087550726310677
6.3134657690840275,-2.7866670655630124,0.0,0.0,0.0,8.944988569742305,0.0,0.0,0.656414463700542,2.359196897415536,0.06323027623086848,-2.334481075108565
6.3134657690840275,-2.7866670655630124,0.0,0.0,0.0,8.944988569742305,0.0,0.0,0.21453245625036058,0.016352419414901176,0.004731813409679744,-1.196026900731575
6.370110699083509,-0.46254305997952777,0.0,0.0,0.0,8.944988569742305,0.0,0.0,0.656414463700542,1.843901131787851,2.8390880458078462,0.5587284924162972
6.370091377394571,-0.48521415725108064,2.1528407992791307,0.0,0.0,8.944988569742305,0.0,0.0,4.290649125007212e-05,2.59511658715709,0.9463626819359487,0.8142475957319202
6.3134657690840275,-2.7866670655630124,0.0,0.0,0.0,8.944988569742305,0.0,0.0,4.290649125007212e-05,1.3738924683913218,0.9463626819359487,0.000184675759379702
6.517363800215063,-0.49805078972453065,2.1528407992791307,0.0,0.0,8.944988569742305,0.0,0.0,4.290649125007212e-05,2.59511658715709,0.9463626819359487,1.01703333929878
6.3134657690840275,-2.7866670655630124,0.0,0.0,0.0,8.944988569742305,0.0,0.0,0.656414463700542,2.7191631600231987,4.826449677873338,0.3596766725050837
6.370091377394571,-0.48521415725108064,2.1528407992791307,0.0,0.0,8.944988569742305,0.0,0.0,3.86158421250649e-05,2.59511658715709,1.8927253638718975,1.150595882990248
6.3331585887517,-2.0690960045916653,0.0,0.0,0.0,8.944988569742305,0.0,0.0,5.577843862509375e-05,2.359196897415536,0.04731813409679744,-0.2525162145712102
6.350916602354423,-1.141612178518159,0.0,0.0,0.0,8.944988569742305,0.0,0.0,0.656414463700542,1.843901131787851,0.4731813409679744,-0.3967891925154016
6.3134657690840275,-2.7866670655630124,0.0,0.0,0.0,8.944988569742305,0.0,0.0,0.656414463700542,2.359196897415536,0.6842911962408362,-0.1858879153069338
6.3331585887517,-2.0690960045916653,0.0,0.0,0.0,8.944988569742305,0.0,0.0,0.656414463700542,2.359196897415536,0.039002492528760355,-1.112831858407081
6.3134657690840275,-2.7866670655630124,0.0,0.0,0.0,8.944988569742305,0.0,0.0,0.656414463700542,0.4773787737982389,0.4731813409679744,-2.203831209357573
6.3134657690840275,-2.7866670655630124,0.0,0.0,0.0,8.944988569742305,0.0,0.0,0.656414463700542,0.23324671965678181,0.9463626819359487,-1.97095435684647
6.862931093951993,-2.2390440352924985,2.1528407992791307,0.0,0.0,8.944988569742305,0.0,0.0,0.656414463700542,1.179598448707768,2.882355747625958,0.7671729371896298
6.370091377394571,-0.48521415725108064,2.1528407992791307,0.0,0.0,8.944988569742305,0.0,0.0,0.0004290649125007212,2.359196897415536,0.4731813409679744,0.3029055729718366
6.370091377394571,-0.48521415725108064,2.1528407992791307,0.0,0.0,8.944988569742305,0.0,0.0,0.18072471553477878,2.359196897415536,1.4195440229039231,0.6387979239767979
5.543159821326262,-1.01368831553658,0.0,0.0,4.919380916392177,8.944988569742305,3.3256432633455386,3.038321572734365,0.656414463700542,1.179598448707768,1.4195440229039231,0.380211241711606
6.000249476922834,-1.0892890509418929,0.0,0.0,0.0,8.944988569742305,0.0,0.0,0.656414463700542,0.9436787589662144,1.4194045335023762,-0.6731240825341952
6.207008896919573,-0.46643840803057535,2.1528407992791307,0.0,0.0,8.944988569742305,0.0,0.0,0.656414463700542,2.359196897415536,0.03916247514014162,-1.642975206611555
6.3331585887517,-2.0690960045916653,0.0,0.0,0.0,8.944988569742305,0.0,0.0,0.656414463700542,4.847158761492012,0.4731813409679744,0.7762863534675611
6.350916602354423,-1.141612178518159,0.0,0.0,0.0,8.944988569742305,0.0,0.0,0.656414463700542,1.843901131787851,0.2365906704839872,-0.9653698872018781
6.351541690632111,-1.2853784999372788,0.0,0.0,0.0,8.944988569742305,3.3256432633455386,3.038321572734365,0.42906491250072115,0.4616618040676566,1.4195440229039231,-0.3071596757466341
6.251633611065803,-2.0218098735320975,0.0,0.0,0.0,8.944988569742305,0.0,0.0,4.290649125007212e-05,2.359196897415536,1.8927253638718975,0.9881114906350605
6.3134657690840275,-2.7866670655630124,0.0,0.0,0.0,8.944988569742305,0.0,0.0,4.290649125007212e-05,1.3738924683913218,0.9463626819359487,0.000184675759379702
6.3062322149123,-2.1410708048321774,0.0,0.0,0.0,8.944988569742305,0.0,0.0,4.290649125007212e-05,2.359196897415536,2.8390880458078462,0.7237976748508552
6.370091377394571,-0.48521415725108064,2.1528407992791307,0.0,0.0,8.944988569742305,0.0,0.0,3.883732543289778,2.359196897415536,1.4195440229039231,-0.07719576496805934
6.370091377394571,-0.48521415725108064,2.1528407992791307,0.0,0.0,8.944988569742305,0.0,0.0,1.8414822447162202,2.359196897415536,1.6561346933879104,0.4638929889859073
6.3331585887517,-2.0690960045916653,0.0,0.0,0.0,8.944988569742305,0.0,0.0,3.604145265006058e-06,2.359196897415536,0.3790158882086426,-0.01503759398496262
6.370091377394571,-0.48521415725108064,2.1528407992791307,0.0,0.0,8.944988569742305,0.0,0.0,2.1581064062470023,2.359196897415536,1.4195440229039231,0.3617278360175928
6.370079216007953,-0.4697951491172244,2.1528407992791307,0.0,4.919380916392177,8.944988569742305,3.3256432633455386,3.038321572734365,0.656414463700542,0.7091675097724179,1.4194045335023762,0.3432623561190514
6.207008896919573,-0.46643840803057535,2.1528407992791307,0.0,0.0,8.944988569742305,0.0,0.0,0.656414463700542,1.179598448707768,1.6561346933879104,0.6283889300503115
6.207008896919573,-0.46643840803057535,2.1528407992791307,0.0,0.0,8.944988569742305,0.0,0.0,0.656414463700542,1.179598448707768,0.479186012184858,-0.3093052782018357
6.3331585887517,-2.0690960045916653,0.0,0.0,0.0,8.944988569742305,0.0,0.0,0.031052714912414695,2.3120129594672254,0.004731813409679744,0.04532297878665748
6.251633611065803,-2.0218098735320975,0.0,0.0,0.0,8.944988569742305,0.0,0.0,4.290649125007212e-05,2.359196897415536,0.04731813409679744,-0.7628438624246476
6.3134657690840275,-2.7866670655630124,0.0,0.0,0.0,8.944988569742305,0.0,0.0,0.0004290649125007212,1.179598448707768,2.8390880458078462,0.1872386198314787
6.350916602354423,-1.141612178518159,0.0,0.0,0.0,8.944988569742305,0.0,0.0,0.656414463700542,1.843901131787851,3.312269386775821,0.4691793022254807
6.3134657690840275,-2.7866670655630124,0.0,0.0,0.0,8.944988569742305,0.0,0.0,0.21453245625036058,0.08947442969200214,0.004731813409679744,0.2627398291759235
6.889163033067114,-0.5330199125051337,2.1528407992791307,0.0,0.0,8.944988569742305,3.3256432633455386,3.038321572734365,0.656414463700542,0.4718393794831072,1.4194045335023762,-0.1029641185647424
6.3331585887517,-2.0690960045916653,0.0,0.0,0.0,8.944988569742305,0.0,0.0,0.21453245625036058,3.9421944236123867,0.48027906108249396,0.8197624407474513
6.483834559988072,-2.1367138545539226,2.1528407992791307,0.0,0.0,8.944988569742305,0.0,0.0,0.656414463700542,1.843901131787851,0.1256045674159259,-1.547440503436895
6.3062322149123,-2.1410708048321774,0.0,0.0,0.0,8.944988569742305,0.0,0.0,0.0004290649125007212,2.359196897415536,2.365906704839872,0.6299402678187999
6.370091377394571,-0.48521415725108064,2.1528407992791307,0.0,0.0,8.944988569742305,0.0,0.0,0.00018230667786716892,2.359196897415536,1.4195440229039231,0.7160033436347992
6.3331585887517,-2.0690960045916653,0.0,0.0,0.0,8.944988569742305,0.0,0.0,3.604145265006058e-06,2.359196897415536,1.4195440229039231,0.9469432706978255
6.3331585887517,-2.0690960045916653,0.0,0.0,0.0,8.944988569742305,0.0,0.0,0.656414463700542,2.359196897415536,0.05691992986771957,-1.535796071516882
6.3331585887517,-2.0690960045916653,0.0,0.0,0.0,8.944988569742305,0.0,0.0,0.656414463700542,2.312079016980353,0.9463626819359487,-0.2372093023255822
6.370091377394571,-0.48521415725108064,2.1528407992791307,0.0,0.0,8.944988569742305,0.0,0.0,2.1777919044325356,2.359196897415536,1.4195440229039231,0.2550304776875136
6.3134657690840275,-2.7866670655630124,0.0,0.0,0.0,8.944988569742305,0.0,0.0,3.604145265006058e-06,2.359196897415536,0.2338187741885968,-1.199748743718593
6.370091377394571,-0.48521415725108064,2.1528407992791307,0.0,0.0,8.944988569742305,0.0,0.0,0.656414463700542,1.179598448707768,1.67224651804787,0.6308908570191394
6.370091377394571,-0.48521415725108064,2.1528407992791307,0.0,0.0,8.944988569742305,0.0,0.0,0.0004290649125007212,2.359196897415536,1.8927253638718975,0.6157487820036969
6.808924577243043,-1.8933295938434873,0.0,0.0,4.919380916392177,0.0,0.0,0.0,0.656414463700542,1.179598448707768,0.4731813409679744,1.522388149816989
6.3134657690840275,-2.7866670655630124,0.0,0.0,0.0,8.944988569742305,0.0,0.0,4.290649125007212e-05,2.359196897415536,1.4195440229039231,0.3463529744506387
6.517363800215063,-0.49805078972453065,2.1528407992791307,0.0,0.0,8.944988569742305,0.0,0.0,4.290649125007212e-05,2.59511658715709,1.4195440229039231,1.007042253521127
6.370091377394571,-0.48521415725108064,2.1528407992791307,0.0,0.0,8.944988569742305,0.0,0.0,4.290649125007212e-05,2.59511658715709,1.4195440229039231,0.8463370005539435
6.63623325428249,-1.3377016275135372,0.0,0.0,0.0,8.944988569742305,0.0,0.0,0.656414463700542,1.179598448707768,0.9140207372807878,-0.365959583733208
6.3331585887517,-2.0690960045916653,0.0,0.0,0.0,8.944988569742305,0.0,0.0,0.656414463700542,2.359196897415536,0.2345588298058707,-0.5685840707964614
6.3134657690840275,-2.7866670655630124,0.0,0.0,0.0,8.944988569742305,0.0,0.0,0.21453245625036058,0.0566044470793807,0.004731813409679744,-0.1364894692937454
6.3331585887517,-2.0690960045916653,0.0,0.0,0.0,8.944988569742305,0.0,0.0,0.21453245625036058,0.20309429595029332,0.004731813409679744,-0.11903795188283
6.370091377394571,-0.48521415725108064,2.1528407992791307,0.0,0.0,8.944988569742305,0.0,0.0,0.0004290649125007212,2.359196897415536,0.9463626819359487,0.7114680014156944
6.3134657690840275,-2.7866670655630124,0.0,0.0,0.0,8.944988569742305,0.0,0.0,2.145324562503606,3.538795346123304,0.04731813409679744,-0.4416951356407078
1.3981016395739596,-4.682388127177302,0.0,0.0,0.0,8.944988569742305,0.0,3.038321572734365,0.656414463700542,0.2359196897415536,0.9463626819359487,-0.08092190762392612
6.3134657690840275,-2.7866670655630124,0.0,0.0,0.0,8.944988569742305,0.0,0.0,4.290649125007212,3.538795346123304,0.04731813409679744,-0.168693863576964
6.3331585887517,-2.0690960045916653,0.0,0.0,0.0,8.944988569742305,0.0,0.0,0.656414463700542,1.843901131787851,2.8390880458078462,0.929444837036069
6.351541690632111,-1.2853784999372788,0.0,0.0,0.0,8.944988569742305,0.0,0.0,3.604145265006058e-06,2.359196897415536,0.33005155622661764,-0.8947368421052645
6.3331585887517,-2.0690960045916653,0.0,0.0,0.0,8.944988569742305,0.0,0.0,0.21453245625036058,0.11546003983827531,0.004731813409679744,-0.4724680904466963
6.3134657690840275,-2.7866670655630124,0.0,0.0,0.0,8.944988569742305,0.0,0.0,0.656414463700542,1.843901131787851,2.8390880458078462,0.5881912753291252
6.651635099206121,-0.5108874221979807,2.1528407992791307,0.0,0.0,8.944988569742305,0.0,0.0,0.656414463700542,1.179598448707768,3.783766202169949,0.5427268765011117
6.3062322149123,-2.1410708048321774,0.0,0.0,0.0,8.944988569742305,0.0,0.0,4.290649125007212e-05,2.359196897415536,2.365906704839872,0.6373245098685487
6.3134657690840275,-2.7866670655630124,0.0,0.0,0.0,8.944988569742305,0.0,0.0,3.217986843755409,3.538795346123304,0.04731813409679744,-0.3113613671456985
6.3331585887517,-2.0690960045916653,0.0,0.0,0.0,8.944988569742305,0.0,0.0,0.656414463700542,0.500991975544471,0.4731813409679744,-1.563758389261749
6.370091377394571,-0.48521415725108064,2.1528407992791307,0.0,0.0,8.944988569742305,0.0,0.0,4.290649125007212e-05,2.59511658715709,1.4195440229039231,0.8723520098382468
6.889163033067114,-0.5330199125051337,2.1528407992791307,0.0,0.0,8.944988569742305,3.3256432633455386,3.038321572734365,0.656414463700542,0.47158458621818633,1.4194045335023762,0.1256895334971941
6.351541690632111,-1.2853784999372788,0.0,0.0,0.0,8.944988569742305,0.0,0.0,3.604145265006058e-06,2.359196897415536,0.4828247766969017,-0.5864661654135337
6.370091377394571,-0.48521415725108064,2.1528407992791307,0.0,0.0,8.944988569742305,0.0,0.0,0.656414463700542,0.8191839386895966,1.4194045335023762,1.39496674100774
6.3331585887517,-2.0690960045916653,0.0,0.0,0.0,8.944988569742305,0.0,0.0,3.604145265006058e-06,2.359196897415536,0.33291761560886063,-0.157894736842105
6.096950807753223,-1.6447201886589844,0.0,0.0,0.0,8.944988569742305,0.0,0.0,0.04719714037507933,0.2359196897415536,2.8532834860368856,0.6989700043360189
6.3331585887517,-2.0690960045916653,0.0,0.0,0.0,8.944988569742305,0.0,0.0,0.656414463700542,4.847158761492012,0.4731813409679744,0.7762863534675611
6.862931093951993,-2.2390440352924985,2.1528407992791307,0.0,0.0,8.944988569742305,0.0,0.0,0.656414463700542,1.179598448707768,0.2561576652956949,-1.05000038465533
6.370091377394571,-0.48521415725108064,2.1528407992791307,0.0,0.0,8.944988569742305,0.0,0.0,0.0004290649125007212,2.359196897415536,0.4731813409679744,0.3029055729718366
6.370091377394571,-0.48521415725108064,2.1528407992791307,0.0,0.0,8.944988569742305,0.0,0.0,3.86158421250649e-05,2.59511658715709,0.4731813409679744,0.403033586132178
1.452241771504827,-1.1151453338180135,0.0,0.0,0.0,8.944988569742305,0.0,0.0,0.656414463700542,0.04647617887908606,1.4195440229039231,-0.4930892744484819
6.3134657690840275,-2.7866670655630124,0.0,0.0,0.0,8.944988569742305,0.0,0.0,4.290649125007212,3.538795346123304,0.4731813409679744,-0.02672178766989199
6.370091377394571,-0.48521415725108064,2.1528407992791307,0.0,0.0,8.944988569742305,0.0,0.0,1.1048893468297323,2.359196897415536,1.6561346933879104,0.7795964912578245
6.251633611065803,-2.0218098735320975,0.0,0.0,0.0,8.944988569742305,0.0,0.0,4.290649125007212e-05,2.359196897415536,2.365906704839872,1.050866019970613
6.3134657690840275,-2.7866670655630124,0.0,0.0,0.0,8.944988569742305,0.0,0.0,3.217986843755409,3.538795346123304,2.365906704839872,0.18155415475718
6.3134657690840275,-2.7866670655630124,0.0,0.0,0.0,8.944988569742305,0.0,0.0,0.656414463700542,0.91370516238455,0.9463626819359487,-0.9937759336099588
6.483834559988072,-2.1367138545539226,2.1528407992791307,0.0,0.0,8.944988569742305,0.0,0.0,0.656414463700542,1.843901131787851,0.8873900914111101,0.07358456455093211
6.370091377394571,-0.48521415725108064,2.1528407992791307,0.0,0.0,8.944988569742305,0.0,0.0,0.003608393007639815,2.359196897415536,1.4195440229039231,0.082934622503059
6.370091377394571,-0.48521415725108064,2.1528407992791307,0.0,0.0,8.944988569742305,0.0,0.0,4.290649125007212e-05,2.59511658715709,1.4195440229039231,1.03342375548695
6.517363800215063,-0.49805078972453065,2.1528407992791307,0.0,0.0,8.944988569742305,0.0,0.0,4.290649125007212e-05,2.59511658715709,1.4195440229039231,1.01169221234297
6.517363800215063,-0.49805078972453065,2.1528407992791307,0.0,0.0,8.944988569742305,0.0,0.0,4.290649125007212e-05,2.59511658715709,1.4195440229039231,1.002759171414269
6.889163033067114,-0.5330199125051337,2.1528407992791307,0.0,0.0,8.944988569742305,3.3256432633455386,3.038321572734365,0.656414463700542,1.843901131787851,0.9463626819359487,-0.2399638415280812
6.370091377394571,-0.48521415725108064,2.1528407992791307,0.0,0.0,8.944988569742305,0.0,0.0,1.0790510577989387,2.359196897415536,1.4195440229039231,0.5910646070264992
6.3062322149123,-2.1410708048321774,0.0,0.0,0.0,8.944988569742305,0.0,0.0,0.0004290649125007212,2.359196897415536,1.4195440229039231,0.04139268515822508
6.3134657690840275,-2.7866670655630124,0.0,0.0,0.0,8.944988569742305,0.0,0.0,4.290649125007212e-05,2.359196897415536,2.8390880458078462,0.6242820958356683
6.3134657690840275,-2.7866670655630124,0.0,0.0,0.0,8.944988569742305,0.0,0.0,0.656414463700542,2.373823918179512,2.365906704839872,0.6231704616375756
6.3134657690840275,-2.7866670655630124,0.0,0.0,0.0,8.944988569742305,0.0,0.0,2.145324562503606,3.538795346123304,1.4195440229039231,0.3892141639057259
6.251633611065803,-2.0218098735320975,0.0,0.0,0.0,8.944988569742305,0.0,0.0,4.290649125007212e-05,0.5592664981075322,0.9463626819359487,-0.3189655172413801
6.3331585887517,-2.0690960045916653,0.0,0.0,0.0,8.944988569742305,0.0,0.0,0.019029886999231985,2.3120129594672254,0.004731813409679744,-0.00877392430750515
6.000249476922834,-1.0892890509418929,0.0,0.0,0.0,8.944988569742305,0.0,0.0,0.656414463700542,1.843901131787851,3.785450727743795,-0.1425476623911539
6.370091377394571,-0.48521415725108064,2.1528407992791307,0.0,0.0,8.944988569742305,0.0,0.0,0.00034673979867429525,2.359196897415536,1.4195440229039231,0.9365132613368845
6.3062322149123,-2.1410708048321774,0.0,0.0,0.0,8.944988569742305,0.0,0.0,3.604145265006058e-06,2.359196897415536,0.047454883504337186,-3.084170854271357
1.452241771504827,-1.1151453338180135,0.0,0.0,0.0,8.944988569742305,0.0,0.0,0.004290649125007212,0.47624635928747944,0.004731813409679744,0.03061224489796073
6.166840866694848,-1.9621794078820578,0.0,5.231902810406923,0.0,8.944988569742305,0.0,0.0,4.290649125007212e-05,2.359196897415536,0.04731813409679744,-0.7628438624246476
6.382242841808487,-2.163668266710802,0.0,0.0,0.0,8.944988569742305,0.0,0.0,0.656414463700542,1.179598448707768,2.4025782587648896,0.6729746935258656
6.370091377394571,-0.48521415725108064,2.1528407992791307,0.0,0.0,8.944988569742305,0.0,0.0,4.290649125007212e-05,2.59511658715709,1.4195440229039231,0.8393863014886044
6.3331585887517,-2.0690960045916653,0.0,0.0,0.0,8.944988569742305,0.0,0.0,0.656414463700542,1.6396748724603614,2.460542973033467,0.8389261744966443
6.3134657690840275,-2.7866670655630124,0.0,0.0,0.0,8.944988569742305,0.0,0.0,5.363311406259014,3.538795346123304,1.4195440229039231,-0.03943375318603481
6.3062322149123,-2.1410708048321774,0.0,0.0,0.0,8.944988569742305,0.0,0.0,2.145324562503606,3.538795346123304,1.4195440229039231,0.1760912590556784
6.3134657690840275,-2.7866670655630124,0.0,0.0,0.0,8.944988569742305,0.0,0.0,4.290649125007212e-05,2.359196897415536,3.312269386775821,0.5797835966168101
6.3331585887517,-2.0690960045916653,0.0,0.0,0.0,8.944988569742305,0.0,0.0,0.656414463700542,2.359196897415536,1.3911200197519769,0.8650442477876106
6.63623325428249,-1.3377016275135372,0.0,0.0,0.0,8.944988569742305,0.0,0.0,0.656414463700542,1.179598448707768,1.8237071334783088,0.08040478333155002
6.3134657690840275,-2.7866670655630124,0.0,0.0,0.0,8.944988569742305,0.0,0.0,0.0004290649125007212,1.179598448707768,0.9463626819359487,-0.6989700043360187
6.3134657690840275,-2.7866670655630124,0.0,0.0,0.0,8.944988569742305,0.0,0.0,4.290649125007212e-05,2.359196897415536,1.8927253638718975,0.5670263661590603
6.370110699083509,-0.46254305997952777,0.0,0.0,0.0,8.944988569742305,0.0,0.0,0.656414463700542,0.7077590692246608,0.9463626819359487,-0.4090614296906621
6.370091377394571,-0.48521415725108064,2.1528407992791307,0.0,0.0,8.944988569742305,0.0,0.0,3.608393007639815,2.359196897415536,1.4195440229039231,0.082934622503059
6.207008896919573,-0.46643840803057535,2.1528407992791307,0.0,0.0,8.944988569742305,0.0,0.0,0.656414463700542,0.8635627915268803,3.0756787162918333,0.3970273286679523
6.207008896919573,-0.46643840803057535,2.1528407992791307,0.0,0.0,8.944988569742305,0.0,0.0,0.656414463700542,1.1651247757421237,3.0756787162918333,0.6479448198198187
1.3981016395739596,-4.682388127177302,0.0,0.0,0.0,8.944988569742305,0.0,0.0,0.018020726325030288,0.4718393794831072,0.23990293987076303,-1.337242168318426
6.370091377394571,-0.48521415725108064,2.1528407992791307,0.0,0.0,8.944988569742305,0.0,0.0,3.86158421250649e-05,2.59511658715709,0.9463626819359487,0.9404117009750815
6.3331585887517,-2.0690960045916653,0.0,0.0,0.0,8.944988569742305,0.0,0.0,0.21453245625036058,1.9457523595372583,0.48027906108249396,0.05803546917037159
6.3134657690840275,-2.7866670655630124,0.0,0.0,0.0,8.944988569742305,0.0,0.0,0.656414463700542,2.359196897415536,1.8927253638718975,0.4754464211067237
6.889163033067114,-0.5330199125051337,2.1528407992791307,0.0,0.0,8.944988569742305,3.3256432633455386,3.038321572734365,0.656414463700542,0.4718393794831072,1.4194045335023762,0.0243369734789374
6.370091377394571,-0.48521415725108064,2.1528407992791307,0.0,0.0,8.944988569742305,0.0,0.0,1.7984212900976477,2.359196897415536,1.4195440229039231,0.4913616938342727
6.63623325428249,-1.3377016275135372,0.0,0.0,0.0,8.944988569742305,0.0,0.0,0.656414463700542,0.7128997592641292,0.9463626819359487,-0.6666723925349947
6.3134657690840275,-2.7866670655630124,0.0,0.0,0.0,8.944988569742305,0.0,0.0,0.656414463700542,1.843901131787851,1.4195440229039231,0.1145400335558539
6.3134657690840275,-2.7866670655630124,0.0,0.0,0.0,8.944988569742305,0.0,0.0,0.0004290649125007212,2.359196897415536,1.4195440229039231,0.380211241711606
6.651635099206121,-0.5108874221979807,2.1528407992791307,0.0,0.0,8.944988569742305,0.0,0.0,0.656414463700542,1.179598448707768,0.4783011630772479,-0.3720391624218937
6.3331585887517,-2.0690960045916653,0.0,0.0,0.0,8.944988569742305,0.0,0.0,0.656414463700542,4.106418119641482,0.4731813409679744,0.6107382550335557
6.3134657690840275,-2.7866670655630124,0.0,0.0,0.0,8.944988569742305,0.0,0.0,5.363311406259014,3.538795346123304,0.4731813409679744,-0.02672178766989199
6.3062322149123,-2.1410708048321774,0.0,0.0,0.0,8.944988569742305,0.0,0.0,3.604145265006058e-06,2.359196897415536,1.46849463262706,0.1721105527638171
6.3134657690840275,-2.7866670655630124,0.0,0.0,0.0,8.944988569742305,0.0,0.0,5.363311406259014,3.538795346123304,0.04731813409679744,-0.14066513997672
6.370110699083509,-0.46254305997952777,0.0,0.0,0.0,8.944988569742305,0.0,0.0,0.656414463700542,1.843901131787851,3.785450727743795,0.5062846335392319
6.3331585887517,-2.0690960045916653,0.0,0.0,0.0,8.944988569742305,0.0,0.0,0.656414463700542,2.359196897415536,3.3978868186105657,0.9163342758539162
6.3134657690840275,-2.7866670655630124,0.0,0.0,0.0,8.944988569742305,0.0,0.0,2.145324562503606,3.538795346123304,0.04731813409679744,-0.4416951356407078
6.166840866694848,-1.9621794078820578,0.0,5.231902810406923,0.0,8.944988569742305,0.0,0.0,4.290649125007212e-05,1.1976038394288433,0.9463626819359487,1.142241379310341
6.251633611065803,-2.0218098735320975,0.0,0.0,0.0,8.944988569742305,0.0,0.0,4.290649125007212e-05,2.359196897415536,2.365906704839872,1.050866019970613
6.3331585887517,-2.0690960045916653,0.0,0.0,0.0,8.944988569742305,0.0,0.0,0.656414463700542,0.477083874186062,2.460542973033467,-0.1767337807606265
6.370091377394571,-0.48521415725108064,2.1528407992791307,0.0,0.0,8.944988569742305,0.0,0.0,2.535370311861511,2.359196897415536,1.4195440229039231,0.2880888597640699
6.63623325428249,-1.3377016275135372,0.0,0.0,0.0,8.944988569742305,0.0,0.0,0.656414463700542,0.47267453518479235,0.9463626819359487,-1.0333531830102
6.000954685003887,-1.2097777645319656,0.0,0.0,4.919380916392177,8.944988569742305,3.3256432633455386,3.038321572734365,0.656414463700542,1.179598448707768,1.4195440229039231,0.6020599913279624
6.370091377394571,-0.48521415725108064,2.1528407992791307,0.0,0.0,8.944988569742305,0.0,0.0,1.4387361739482933,2.359196897415536,1.4195440229039231,0.5185139398778874
6.370091377394571,-0.48521415725108064,2.1528407992791307,0.0,0.0,8.944988569742305,0.0,0.0,0.0007255444763895945,2.359196897415536,1.4195440229039231,0.6532125137753437
6.3134657690840275,-2.7866670655630124,0.0,0.0,0.0,8.944988569742305,0.0,0.0,0.656414463700542,2.253379838975757,0.9463626819359487,0.1639004149377578
6.370091377394571,-0.48521415725108064,2.1528407992791307,0.0,0.0,8.944988569742305,0.0,0.0,2.5196150482744852,2.359196897415536,1.4195440229039231,0.2304489213782739
1.3981016395739596,-4.682388127177302,0.0,0.0,0.0,8.944988569742305,0.0,0.0,0.018020726325030288,2.359196897415536,1.4195440229039231,1.85436677804087
6.166840866694848,-1.9621794078820578,0.0,5.231902810406923,0.0,8.944988569742305,0.0,0.0,4.290649125007212e-05,2.359196897415536,0.9463626819359487,1.133825549864817
6.3134657690840275,-2.7866670655630124,0.0,0.0,0.0,8.944988569742305,0.0,0.0,0.656414463700542,2.359196897415536,2.8390880458078462,0.5975482649800063
6.370091377394571,-0.48521415725108064,2.1528407992791307,0.0,0.0,8.944988569742305,0.0,0.0,0.27622212217497677,2.359196897415536,1.6561346933879104,1.07700432679335
6.3134657690840275,-2.7866670655630124,0.0,0.0,0.0,8.944988569742305,0.0,0.0,4.290649125007212e-05,0.5498957680309976,0.9463626819359487,-0.9145720716388055
6.351541690632111,-1.2853784999372788,0.0,0.0,0.0,8.944988569742305,3.3256432633455386,3.038321572734365,0.21453245625036058,1.179598448707768,3.312269386775821,0.3997834418988355
6.000249476922834,-1.0892890509418929,0.0,0.0,0.0,8.944988569742305,0.0,0.0,0.656414463700542,1.843901131787851,0.2365906704839872,-1.105822721176797
6.517363800215063,-0.49805078972453065,2.1528407992791307,0.0,0.0,8.944988569742305,0.0,0.0,4.290649125007212e-05,2.59511658715709,1.4195440229039231,1.004815141474574
6.63623325428249,-1.3377016275135372,0.0,0.0,0.0,8.944988569742305,0.0,0.0,0.656414463700542,1.179598448707768,0.2306612351003175,-1.777415033082565
5.5751958586328065,-0.39931829659161844,0.0,0.0,4.919380916392177,8.944988569742305,3.3256432633455386,3.038321572734365,0.656414463700542,1.1735376718783075,1.4195440229039231,0.735555471593347
6.3134657690840275,-2.7866670655630124,0.0,0.0,0.0,8.944988569742305,0.0,0.0,4.290649125007212e-05,0.27437459916942686,0.9463626819359487,-1.517084431448743
6.3062322149123,-2.1410708048321774,0.0,0.0,0.0,8.944988569742305,0.0,0.0,4.290649125007212e-05,2.359196897415536,0.4731813409679744,-0.9021734110319146
6.370079216007953,-0.4697951491172244,2.1528407992791307,0.0,4.919380916392177,8.944988569742305,3.3256432633455386,3.038321572734365,0.656414463700542,0.4718393794831072,1.4194045335023762,-0.07051482059282402
6.0242946674161635,-0.4368697950326277,0.0,0.0,0.0,8.944988569742305,0.0,0.0,0.656414463700542,1.179598448707768,0.9463626819359487,-0.2924298239020636
6.3331585887517,-2.0690960045916653,0.0,0.0,0.0,8.944988569742305,0.0,0.0,0.656414463700542,1.843901131787851,2.365906704839872,0.8296511438534148
6.000954685003887,-1.2097777645319656,0.0,0.0,4.919380916392177,8.944988569742305,0.0,3.038321572734365,0.11465901656756772,2.359196897415536,1.4195440229039231,0.9495487209058864
6.166840866694848,-1.9621794078820578,0.0,5.231902810406923,0.0,8.944988569742305,0.0,0.0,4.290649125007212e-05,0.9597401714438194,0.9463626819359487,0.9612068965517243
6.350916602354423,-1.141612178518159,0.0,0.0,0.0,8.944988569742305,0.0,0.0,0.656414463700542,1.843901131787851,4.258632068711769,0.5860497157265141
6.350916602354423,-1.141612178518159,0.0,0.0,0.0,8.944988569742305,0.0,0.0,0.656414463700542,1.843901131787851,2.8390880458078462,0.2889866653481595
6.3134657690840275,-2.7866670655630124,0.0,0.0,0.0,8.944988569742305,0.0,0.0,4.290649125007212e-05,2.359196897415536,2.365906704839872,0.6627578316815741
6.3134657690840275,-2.7866670655630124,0.0,0.0,0.0,8.944988569742305,0.0,0.0,0.656414463700542,2.359196897415536,1.6268542320088122,0.4509957088161992
6.3062322149123,-2.1410708048321774,0.0,0.0,0.0,8.944988569742305,0.0,0.0,3.604145265006058e-06,2.359196897415536,0.33649013473316886,-1.508793969849246
6.3134657690840275,-2.7866670655630124,0.0,0.0,0.0,8.944988569742305,0.0,0.0,0.01700495805117608,2.359196897415536,0.9463626819359487,-0.03205202065153314
1.3981016395739596,-4.682388127177302,0.0,0.0,0.0,8.944988569742305,0.0,0.0,1.7162596500028847e-06,0.7077590692246608,0.4731813409679744,-0.2041199826559248
6.251633611065803,-2.0218098735320975,0.0,0.0,0.0,8.944988569742305,0.0,0.0,4.290649125007212e-05,1.3931034087269767,0.9463626819359487,0.5387931034482746
6.3062322149123,-2.1410708048321774,0.0,0.0,0.0,8.944988569742305,0.0,0.0,4.290649125007212e-05,0.3285488375247798,1.4195440229039231,-1.448275862068967
6.3134657690840275,-2.7866670655630124,0.0,0.0,0.0,8.944988569742305,0.0,0.0,0.21453245625036058,3.1247798825958517,0.48027906108249396,-0.1220556745182012
6.370091377394571,-0.48521415725108064,2.1528407992791307,0.0,0.0,8.944988569742305,0.0,0.0,2.879300164423839,2.359196897415536,1.4195440229039231,0.07918124604762482
6.3331585887517,-2.0690960045916653,0.0,0.0,0.0,8.944988569742305,0.0,0.0,0.656414463700542,0.500991975544471,0.4731813409679744,-1.563758389261749
6.370091377394571,-0.48521415725108064,2.1528407992791307,0.0,0.0,8.944988569742305,0.0,0.0,0.9207389770335476,2.59511658715709,0.4731813409679744,0.2600216684723708
6.207008896919573,-0.46643840803057535,2.1528407992791307,0.0,0.0,8.944988569742305,0.0,0.0,1.1048893468297323,2.359196897415536,1.6561346933879104,0.7505083948513462
6.3134657690840275,-2.7866670655630124,0.0,0.0,0.0,8.944988569742305,0.0,0.0,0.656414463700542,3.07747798480267,2.365906704839872,0.729439713313603
6.166840866694848,-1.9621794078820578,0.0,5.231902810406923,0.0,8.944988569742305,0.0,0.0,4.290649125007212e-05,2.359196897415536,2.8390880458078462,1.266940635346726
6.3134657690840275,-2.7866670655630124,0.0,0.0,0.0,8.944988569742305,0.0,0.0,4.290649125007212e-05,0.5498957680309976,0.9463626819359487,-0.9145720716388055
6.0242946674161635,-0.4368697950326277,0.0,0.0,0.0,8.944988569742305,0.0,0.0,0.656414463700542,1.843901131787851,2.365906704839872,0.5380082475606797
6.3331585887517,-2.0690960045916653,0.0,0.0,0.0,8.944988569742305,0.0,0.0,0.21453245625036058,0.20309429595029332,0.004731813409679744,-0.11903795188283
6.3062322149123,-2.1410708048321774,0.0,0.0,0.0,8.944988569742305,0.0,0.0,0.0004290649125007212,2.359196897415536,0.4731813409679744,-1.118826698593236
6.3134657690840275,-2.7866670655630124,0.0,0.0,0.0,8.944988569742305,0.0,0.0,0.8581298250014423,2.359196897415536,0.004731813409679744,0.5118833609788743
6.3331585887517,-2.0690960045916653,0.0,0.0,0.0,8.944988569742305,0.0,0.0,0.656414463700542,2.359196897415536,0.11127710959275659,-1.763274336283189
6.000249476922834,-1.0892890509418929,0.0,0.0,0.0,8.944988569742305,0.0,0.0,0.656414463700542,1.843901131787851,1.8927253638718975,0.2184674937789584
6.351541690632111,-1.2853784999372788,0.0,0.0,0.0,8.944988569742305,3.3256432633455386,3.038321572734365,0.42906491250072115,0.9361859496200228,1.4195440229039231,0.2807537335508451
6.3331585887517,-2.0690960045916653,0.0,0.0,0.0,8.944988569742305,0.0,0.0,0.00012871947375021634,0.9436787589662144,3.0756787162918333,-0.2770149382233361
6.166840866694848,-1.9621794078820578,0.0,5.231902810406923,0.0,8.944988569742305,0.0,0.0,4.290649125007212e-05,0.4807830949212095,0.9463626819359487,0.422413793103446
6.370079216007953,-0.4697951491172244,2.1528407992791307,0.0,4.919380916392177,8.944988569742305,3.3256432633455386,3.038321572734365,0.656414463700542,0.18820068593690906,1.4194045335023762,-0.5385287031854444
6.166840866694848,-1.9621794078820578,0.0,5.231902810406923,0.0,8.944988569742305,0.0,0.0,4.290649125007212e-05,2.359196897415536,1.4195440229039231,1.205965557619709
6.63623325428249,-1.3377016275135372,0.0,0.0,0.0,8.944988569742305,0.0,0.0,0.656414463700542,1.179598448707768,0.45051879382365423,-0.7611389642143674
6.000954685003887,-1.2097777645319656,0.0,0.0,4.919380916392177,8.944988569742305,3.3256432633455386,3.038321572734365,0.21453245625036058,1.179598448707768,1.6561346933879104,0.2430380486862944
6.483834559988072,-2.1367138545539226,2.1528407992791307,0.0,0.0,8.944988569742305,0.0,0.0,0.656414463700542,1.7687630490962474,2.3185885707430747,0.9883040935672512
6.207008896919573,-0.46643840803057535,2.1528407992791307,0.0,0.0,8.944988569742305,0.0,0.0,0.656414463700542,1.179598448707768,1.6759420643208296,0.5796458917139012
6.3134657690840275,-2.7866670655630124,0.0,0.0,0.0,8.944988569742305,0.0,0.0,0.0004290649125007212,1.179598448707768,0.004731813409679744,-2.718967130186474
6.166840866694848,-1.9621794078820578,0.0,5.231902810406923,0.0,8.944988569742305,0.0,0.0,4.290649125007212e-05,2.359196897415536,0.004731813409679744,-2.323341080224196
6.207008896919573,-0.46643840803057535,2.1528407992791307,0.0,0.0,8.944988569742305,0.0,0.0,0.5524425280903035,2.359196897415536,1.6561346933879104,0.9425041061680807
6.350916602354423,-1.141612178518159,0.0,0.0,0.0,8.944988569742305,0.0,0.0,0.656414463700542,1.843901131787851,0.9463626819359487,-0.220163883572486
6.3134657690840275,-2.7866670655630124,0.0,0.0,0.0,8.944988569742305,0.0,0.0,0.7140970245240753,2.359196897415536,0.9463626819359487,-0.129219291822582
1.452241771504827,-1.1151453338180135,0.0,0.0,0.0,8.944988569742305,0.0,0.0,0.656414463700542,0.2359196897415536,1.4126355753257906,0.9629629629629627
6.370091377394571,-0.48521415725108064,2.1528407992791307,0.0,0.0,8.944988569742305,0.0,0.0,0.656414463700542,1.179598448707768,1.6561346933879104,0.6803355134145632
6.370091377394571,-0.48521415725108064,2.1528407992791307,0.0,0.0,8.944988569742305,3.3256432633455386,3.038321572734365,0.42906491250072115,1.4060719140720699,1.4195440229039231,0.6982266185371769
6.166840866694848,-1.9621794078820578,0.0,5.231902810406923,0.0,8.944988569742305,0.0,0.0,4.290649125007212e-05,2.359196897415536,0.04731813409679744,-0.7628438624246476
6.483834559988072,-2.1367138545539226,2.1528407992791307,0.0,0.0,8.944988569742305,0.0,0.0,0.656414463700542,1.843901131787851,2.4022801545200805,0.7096881214587651
6.166840866694848,-1.9621794078820578,0.0,5.231902810406923,0.0,8.944988569742305,0.0,0.0,4.290649125007212e-05,2.359196897415536,0.4731813409679744,0.8035528064607984
6.3134657690840275,-2.7866670655630124,0.0,0.0,0.0,8.944988569742305,0.0,0.0,0.8581298250014423,2.359196897415536,0.004731813409679744,0.7505083948513462
6.63623325428249,-1.3377016275135372,0.0,0.0,0.0,8.944988569742305,0.0,0.0,0.656414463700542,1.179598448707768,2.27388239764842,0.2657130090914611
6.3134657690840275,-2.7866670655630124,0.0,0.0,0.0,8.944988569742305,0.0,0.0,3.217986843755409,3.538795346123304,1.8927253638718975,0.2163162610163941
6.3134657690840275,-2.7866670655630124,0.0,0.0,0.0,8.944988569742305,0.0,0.0,2.145324562503606,3.538795346123304,1.4195440229039231,0.3892141639057259
6.000954685003887,-1.2097777645319656,0.0,0.0,4.919380916392177,8.944988569742305,0.0,3.038321572734365,0.656414463700542,2.2648290215189144,3.078167650145325,1.053324533905294
6.3331585887517,-2.0690960045916653,0.0,0.0,0.0,8.944988569742305,0.0,0.0,0.00012871947375021634,0.7077590692246608,3.0756787162918333,-0.4170444674351315
6.370110699083509,-0.46254305997952777,0.0,0.0,0.0,8.944988569742305,0.0,0.0,0.656414463700542,1.843901131787851,1.8927253638718975,0.3971129200300176
6.483834559988072,-2.1367138545539226,2.1528407992791307,0.0,0.0,8.944988569742305,0.0,0.0,0.656414463700542,0.7068342640408739,2.3185885707430747,0.3426900584795311
6.000249476922834,-1.0892890509418929,0.0,0.0,0.0,8.944988569742305,0.0,0.0,0.656414463700542,1.843901131787851,3.312269386775821,0.2280938887519323
6.3331585887517,-2.0690960045916653,0.0,0.0,0.0,8.944988569742305,0.0,0.0,0.656414463700542,2.359196897415536,1.8927253638718975,1.179291901828044
6.3134657690840275,-2.7866670655630124,0.0,0.0,0.0,8.944988569742305,0.0,0.0,0.656414463700542,0.2891125021875817,4.826449677873338,-1.234704354653622
6.3134657690840275,-2.7866670655630124,0.0,0.0,0.0,8.944988569742305,0.0,0.0,4.290649125007212e-05,2.359196897415536,2.8390880458078462,0.5763413502057929
6.517363800215063,-0.49805078972453065,2.1528407992791307,0.0,0.0,8.944988569742305,0.0,0.0,4.290649125007212e-05,2.59511658715709,1.4195440229039231,0.9409251269338039
6.3062322149123,-2.1410708048321774,0.0,0.0,0.0,8.944988569742305,0.0,0.0,0.0004290649125007212,2.359196897415536,0.9463626819359487,-0.3665158371040725
6.166840866694848,-1.9621794078820578,0.0,5.231902810406923,0.0,8.944988569742305,0.0,0.0,0.0004290649125007212,2.359196897415536,1.4195440229039231,1.060697840353612
6.3134657690840275,-2.7866670655630124,0.0,0.0,0.0,8.944988569742305,0.0,0.0,0.656414463700542,4.711575715797541,4.826449677873338,0.8441444706166565
6.3134657690840275,-2.7866670655630124,0.0,0.0,0.0,8.944988569742305,0.0,0.0,0.0004290649125007212,1.179598448707768,1.4195440229039231,-0.3031709948236987
6.808924577243043,-1.8933295938434873,0.0,0.0,4.919380916392177,0.0,0.0,0.0,0.656414463700542,1.179598448707768,0.9463626819359487,2.388059618193226
6.3134657690840275,-2.7866670655630124,0.0,0.0,0.0,8.944988569742305,0.0,0.0,4.290649125007212e-05,2.359196897415536,1.4195440229039231,0.3283796034387377
6.3331585887517,-2.0690960045916653,0.0,0.0,0.0,8.944988569742305,0.0,0.0,0.656414463700542,2.382906826234562,2.460542973033467,1.080536912751675
6.207008896919573,-0.46643840803057535,2.1528407992791307,0.0,0.0,8.944988569742305,0.0,0.0,0.656414463700542,2.359196897415536,1.3911909969531222,1.107438016528938
6.3062322149123,-2.1410708048321774,0.0,0.0,0.0,8.944988569742305,0.0,0.0,0.0004290649125007212,2.359196897415536,2.8390880458078462,0.7239819004524883
6.3331585887517,-2.0690960045916653,0.0,0.0,0.0,8.944988569742305,0.0,0.0,0.656414463700542,2.3958824091703477,0.4731813409679744,0.0380313199105153
6.3134657690840275,-2.7866670655630124,0.0,0.0,0.0,8.944988569742305,0.0,0.0,0.8581298250014423,2.359196897415536,0.004731813409679744,0.7505083948513462
6.651635099206121,-0.5108874221979807,2.1528407992791307,0.0,0.0,8.944988569742305,0.0,0.0,0.656414463700542,1.179598448707768,2.8300218913149,0.6123933697586622
6.3134657690840275,-2.7866670655630124,0.0,0.0,0.0,8.944988569742305,0.0,0.0,3.217986843755409,3.538795346123304,2.8390880458078462,0.1657598875739492
6.3062322149123,-2.1410708048321774,0.0,0.0,0.0,8.944988569742305,0.0,0.0,0.0004290649125007212,2.359196897415536,0.9463626819359487,-0.3646786304543028
6.023948969606698,-0.4106579231213278,2.1528407992791307,0.0,0.0,8.944988569742305,3.3256432633455386,3.038321572734365,0.656414463700542,0.7077590692246608,2.365906704839872,0.5551647741760672
6.370091377394571,-0.48521415725108064,2.1528407992791307,0.0,0.0,8.944988569742305,0.0,0.0,0.5127325704383618,2.359196897415536,1.4195440229039231,0.255030477687516
6.382242841808487,-2.163668266710802,0.0,0.0,0.0,8.944988569742305,0.0,0.0,0.656414463700542,1.7988664015072697,2.3185885707430747,0.8970760233918128
6.3134657690840275,-2.7866670655630124,0.0,0.0,0.0,8.944988569742305,0.0,0.0,4.290649125007212e-05,1.3738924683913218,0.9463626819359487,0.000184675759379702
6.3062322149123,-2.1410708048321774,0.0,0.0,0.0,8.944988569742305,0.0,0.0,4.290649125007212e-05,2.359196897415536,1.8927253638718975,0.4679182470163208
6.351541690632111,-1.2853784999372788,0.0,0.0,0.0,8.944988569742305,3.3256432633455386,3.038321572734365,0.21453245625036058,1.179598448707768,1.4195440229039231,0.3559122080332726
6.370091377394571,-0.48521415725108064,2.1528407992791307,0.0,0.0,8.944988569742305,0.0,0.0,0.8286659374600178,2.359196897415536,1.6561346933879104,0.895422546039408
6.351541690632111,-1.2853784999372788,0.0,0.0,0.0,8.944988569742305,3.3256432633455386,3.038321572734365,0.21453245625036058,1.179598448707768,2.8390880458078462,0.4776604850213967
6.370091377394571,-0.48521415725108064,2.1528407992791307,0.0,0.0,8.944988569742305,0.0,0.0,0.0004290649125007212,2.359196897415536,2.365906704839872,1.100763643371112
6.3331585887517,-2.0690960045916653,0.0,0.0,0.0,8.944988569742305,0.0,0.0,0.656414463700542,4.726674575941001,2.460542973033467,1.608501118568232
6.3331585887517,-2.0690960045916653,0.0,0.0,0.0,8.944988569742305,0.0,0.0,0.656414463700542,1.1889526644060207,2.460542973033467,0.5391498881431767
6.3134657690840275,-2.7866670655630124,0.0,0.0,0.0,8.944988569742305,0.0,0.0,2.145324562503606,3.538795346123304,0.9463626819359487,0.2186959627617429
6.651635099206121,-0.5108874221979807,2.1528407992791307,0.0,0.0,8.944988569742305,0.0,0.0,0.656414463700542,0.7248915570936925,0.9463626819359487,-0.01916049952100591
6.370091377394571,-0.48521415725108064,2.1528407992791307,0.0,0.0,8.944988569742305,0.0,0.0,0.18075517914356629,2.359196897415536,1.4195440229039231,0.7160033436347992
6.370091377394571,-0.48521415725108064,2.1528407992791307,0.0,0.0,8.944988569742305,0.0,0.0,1.4458929766888053,2.359196897415536,1.4195440229039231,0.5014171282441098
6.3134657690840275,-2.7866670655630124,0.0,0.0,0.0,8.944988569742305,0.0,0.0,0.21453245625036058,0.025176877449839118,0.004731813409679744,-0.8313241449568525
6.3134657690840275,-2.7866670655630124,0.0,0.0,0.0,8.944988569742305,0.0,0.0,0.42906491250072115,3.538795346123304,0.9463626819359487,0.3254607304414622
6.3134657690840275,-2.7866670655630124,0.0,0.0,0.0,8.944988569742305,0.0,0.0,3.217986843755409,3.538795346123304,0.9463626819359487,0.1437655938677714
6.166840866694848,-1.9621794078820578,0.0,5.231902810406923,0.0,8.944988569742305,0.0,0.0,4.290649125007212e-05,0.4807830949212095,0.9463626819359487,0.422413793103446
6.370091377394571,-0.48521415725108064,2.1528407992791307,0.0,0.0,8.944988569742305,0.0,0.0,0.9133976763806603,2.359196897415536,1.4195440229039231,-0.07719576496805934
6.517363800215063,-0.49805078972453065,2.1528407992791307,0.0,0.0,8.944988569742305,0.0,0.0,4.290649125007212e-05,2.59511658715709,0.9463626819359487,1.03342375548695
6.651635099206121,-0.5108874221979807,2.1528407992791307,0.0,0.0,8.944988569742305,0.0,0.0,0.656414463700542,0.1486324714931454,0.9463626819359487,-1.32437478025317
6.3134657690840275,-2.7866670655630124,0.0,0.0,0.0,8.944988569742305,0.0,0.0,4.290649125007212e-05,2.359196897415536,1.4195440229039231,0.3031960574204888
6.370091377394571,-0.48521415725108064,2.1528407992791307,0.0,0.0,8.944988569742305,0.0,0.0,0.656414463700542,1.179598448707768,1.6561346933879104,0.6803355134145632
6.370091377394571,-0.48521415725108064,2.1528407992791307,0.0,0.0,8.944988569742305,0.0,0.0,0.656414463700542,1.179598448707768,1.6561346933879104,0.4471580313422192
6.370091377394571,-0.48521415725108064,2.1528407992791307,0.0,0.0,8.944988569742305,0.0,0.0,5.524425280903035,2.59511658715709,1.4195440229039231,0.6023835319609966
6.207008896919573,-0.46643840803057535,2.1528407992791307,0.0,0.0,8.944988569742305,0.0,0.0,0.656414463700542,0.24309400750659424,3.0756787162918333,-0.5631007681788924
6.023948969606698,-0.4106579231213278,2.1528407992791307,0.0,0.0,8.944988569742305,3.3256432633455386,3.038321572734365,0.656414463700542,0.9461228869519369,1.4194045335023762,0.449180152337384
6.3134657690840275,-2.7866670655630124,0.0,0.0,0.0,8.944988569742305,0.0,0.0,1.072662281251803,3.538795346123304,0.4731813409679744,-0.162941534687887
6.370079216007953,-0.4697951491172244,2.1528407992791307,0.0,4.919380916392177,8.944988569742305,3.3256432633455386,3.038321572734365,0.656414463700542,1.1787939625657493,1.4194045335023762,0.6548599518166115
6.370091377394571,-0.48521415725108064,2.1528407992791307,0.0,0.0,8.944988569742305,0.0,0.0,4.673718278887855,2.359196897415536,1.4195440229039231,-0.1251546956789149
6.3134657690840275,-2.7866670655630124,0.0,0.0,0.0,8.944988569742305,0.0,0.0,0.656414463700542,2.359196897415536,0.3558371002213264,-0.7827067862373733
6.3134657690840275,-2.7866670655630124,0.0,0.0,0.0,8.944988569742305,0.0,0.0,5.363311406259014,3.538795346123304,1.4195440229039231,-0.03943375318603481
6.3134657690840275,-2.7866670655630124,0.0,0.0,0.0,8.944988569742305,0.0,0.0,0.0004290649125007212,1.179598448707768,0.04731813409679744,-2.777665566310111
6.3134657690840275,-2.7866670655630124,0.0,0.0,0.0,8.944988569742305,0.0,0.0,3.604145265006058e-06,2.359196897415536,2.385955398256685,1.031407035175877
6.3062322149123,-2.1410708048321774,0.0,0.0,0.0,8.944988569742305,0.0,0.0,4.290649125007212e-05,2.359196897415536,1.8927253638718975,0.4679182470163208
6.023948969606698,-0.4106579231213278,2.1528407992791307,0.0,0.0,8.944988569742305,3.3256432633455386,3.038321572734365,0.656414463700542,0.7077590692246608,0.9463626819359487,0.210118641008524
6.370091377394571,-0.48521415725108064,2.1528407992791307,0.0,0.0,8.944988569742305,0.0,0.0,5.524425280903035,2.59511658715709,0.4731813409679744,0.2145178764897056
6.3134657690840275,-2.7866670655630124,0.0,0.0,0.0,8.944988569742305,0.0,0.0,0.42906491250072115,3.538795346123304,1.4195440229039231,0.62463078972132
6.207008896919573,-0.46643840803057535,2.1528407992791307,0.0,0.0,8.944988569742305,3.3256432633455386,3.038321572734365,0.21453245625036058,1.179598448707768,1.6561346933879104,0.4232458739368078
6.3134657690840275,-2.7866670655630124,0.0,0.0,0.0,8.944988569742305,0.0,0.0,0.09266429102295576,2.359196897415536,0.9463626819359487,-0.05787918913275993
6.023948969606698,-0.4106579231213278,2.1528407992791307,0.0,0.0,8.944988569742305,3.3256432633455386,3.038321572734365,0.656414463700542,1.843901131787851,0.9463626819359487,-0.3954987090480164
6.370091377394571,-0.48521415725108064,2.1528407992791307,0.0,0.0,8.944988569742305,0.0,0.0,0.0004290649125007212,2.359196897415536,1.4195440229039231,0.6015860182746656
6.880207652694256,-1.0356744295656077,0.0,0.0,0.0,8.944988569742305,0.0,3.038321572734365,0.656414463700542,0.2359196897415536,0.9463626819359487,-0.1611509092627447
6.351541690632111,-1.2853784999372788,0.0,0.0,0.0,8.944988569742305,3.3256432633455386,3.038321572734365,0.21453245625036058,1.179598448707768,0.2365906704839872,0.2246783559484863
6.3134657690840275,-2.7866670655630124,0.0,0.0,0.0,8.944988569742305,0.0,0.0,1.072662281251803,3.538795346123304,0.4731813409679744,-0.162941534687887
6.370091377394571,-0.48521415725108064,2.1528407992791307,0.0,0.0,8.944988569742305,0.0,3.038321572734365,0.656414463700542,2.2648290215189144,0.7031427408650003,0.5344053974388362
6.3062322149123,-2.1410708048321774,0.0,0.0,0.0,8.944988569742305,0.0,0.0,4.290649125007212e-05,2.359196897415536,0.9463626819359487,-0.3841226480657678
6.3331585887517,-2.0690960045916653,0.0,0.0,0.0,8.944988569742305,0.0,0.0,0.0031933585177778673,2.3120129594672254,0.004731813409679744,-0.004364805402450088
6.3331585887517,-2.0690960045916653,0.0,0.0,0.0,8.944988569742305,0.0,0.0,0.21453245625036058,0.15042782033207863,0.004731813409679744,-0.2881198278471295
6.351541690632111,-1.2853784999372788,0.0,0.0,0.0,8.944988569742305,0.0,0.0,3.604145265006058e-06,2.359196897415536,3.3484204412257736,0.7744360902255635
6.3134657690840275,-2.7866670655630124,0.0,0.0,0.0,8.944988569742305,0.0,0.0,2.145324562503606,3.538795346123304,0.4731813409679744,-0.05698339270242879
6.517363800215063,-0.49805078972453065,2.1528407992791307,0.0,0.0,8.944988569742305,0.0,0.0,4.290649125007212e-05,1.4142229393526404,1.4195440229039231,0.6002076843198328
6.3134657690840275,-2.7866670655630124,0.0,0.0,0.0,8.944988569742305,0.0,0.0,0.0004290649125007212,1.179598448707768,1.8927253638718975,0.03261876085071993
6.3134657690840275,-2.7866670655630124,0.0,0.0,0.0,8.944988569742305,0.0,0.0,4.290649125007212,3.538795346123304,1.4195440229039231,0.07018822533816348
6.3134657690840275,-2.7866670655630124,0.0,0.0,0.0,8.944988569742305,0.0,0.0,1.072662281251803,3.538795346123304,0.04731813409679744,-0.7884826218653814
6.3134657690840275,-2.7866670655630124,0.0,0.0,0.0,8.944988569742305,0.0,0.0,4.290649125007212,3.538795346123304,0.9463626819359487,0.04614998447069624
6.166840866694848,-1.9621794078820578,0.0,5.231902810406923,0.0,8.944988569742305,0.0,0.0,4.290649125007212e-05,0.4807830949212095,0.9463626819359487,0.422413793103446
6.3062322149123,-2.1410708048321774,0.0,0.0,0.0,8.944988569742305,0.0,0.0,4.290649125007212e-05,0.16281903019637425,1.4195440229039231,-2.05603448275861
6.3331585887517,-2.0690960045916653,0.0,0.0,0.0,8.944988569742305,0.0,0.0,0.656414463700542,1.2213656705796128,0.4731813409679744,-0.624161073825504
6.023948969606698,-0.4106579231213278,2.1528407992791307,0.0,0.0,8.944988569742305,3.3256432633455386,3.038321572734365,0.656414463700542,0.7077590692246608,0.9463626819359487,0.9886636158427594
6.370091377394571,-0.48521415725108064,2.1528407992791307,0.0,0.0,8.944988569742305,0.0,0.0,2.5196150482744852,2.359196897415536,1.4195440229039231,0.2304489213782739
6.166840866694848,-1.9621794078820578,0.0,5.231902810406923,0.0,8.944988569742305,0.0,0.0,4.290649125007212e-05,1.1976038394288433,0.9463626819359487,1.142241379310341
6.3134657690840275,-2.7866670655630124,0.0,0.0,0.0,8.944988569742305,0.0,0.0,2.145324562503606,3.538795346123304,1.8927253638718975,0.3778487999011506
6.3331585887517,-2.0690960045916653,0.0,0.0,0.0,8.944988569742305,0.0,0.0,0.656414463700542,2.3958824091703477,0.4731813409679744,0.0380313199105153
6.3331585887517,-2.0690960045916653,0.0,0.0,0.0,8.944988569742305,0.0,0.0,0.656414463700542,1.1889526644060207,2.460542973033467,0.5391498881431767
6.166840866694848,-1.9621794078820578,0.0,5.231902810406923,0.0,8.944988569742305,0.0,0.0,4.290649125007212e-05,0.718915711352539,0.9463626819359487,0.7672413793103442
6.370091377394571,-0.48521415725108064,2.1528407992791307,0.0,0.0,8.944988569742305,0.0,0.0,0.9207389770335476,2.59511658715709,1.4195440229039231,0.8234019501625136
6.370091377394571,-0.48521415725108064,2.1528407992791307,0.0,0.0,8.944988569742305,0.0,3.038321572734365,0.656414463700542,2.2648290215189144,3.2192750578353846,1.047514794837365
6.3134657690840275,-2.7866670655630124,0.0,0.0,0.0,8.944988569742305,0.0,0.0,0.656414463700542,1.843901131787851,4.258632068711769,0.6242823997773247
6.251633611065803,-2.0218098735320975,0.0,0.0,0.0,8.944988569742305,0.0,0.0,4.290649125007212e-05,1.3931034087269767,0.9463626819359487,0.5387931034482746
6.3331585887517,-2.0690960045916653,0.0,0.0,0.0,8.944988569742305,0.0,0.0,0.21453245625036058,1.4656958972604526,0.48027906108249396,-0.3061000384340861
6.3134657690840275,-2.7866670655630124,0.0,0.0,0.0,8.944988569742305,0.0,0.0,1.4253364767308958,2.359196897415536,0.9463626819359487,-0.1321607680099658
6.370091377394571,-0.48521415725108064,2.1528407992791307,0.0,0.0,8.944988569742305,0.0,0.0,1.4387361739482933,2.359196897415536,1.4195440229039231,0.5185139398778874
6.3331585887517,-2.0690960045916653,0.0,0.0,0.0,8.944988569742305,0.0,0.0,0.00012871947375021634,1.179598448707768,3.0756787162918333,-0.1308971686110271
6.3134657690840275,-2.7866670655630124,0.0,0.0,0.0,8.944988569742305,0.0,0.0,0.42906491250072115,3.538795346123304,0.04731813409679744,-1.441695135640719
6.3331585887517,-2.0690960045916653,0.0,0.0,0.0,8.944988569742305,0.0,0.0,0.009978333605116772,2.3120129594672254,0.004731813409679744,0.01703333929878037
6.3331585887517,-2.0690960045916653,0.0,0.0,0.0,8.944988569742305,0.0,0.0,0.656414463700542,2.359196897415536,0.9463626819359487,0.7784019021736095
6.370091377394571,-0.48521415725108064,2.1528407992791307,0.0,0.0,8.944988569742305,0.0,0.0,0.3467397986742953,2.359196897415536,1.4195440229039231,0.9365132613368841
6.3134657690840275,-2.7866670655630124,0.0,0.0,0.0,8.944988569742305,0.0,0.0,0.42906491250072115,3.538795346123304,1.8927253638718975,0.7932016100908708
6.651635099206121,-0.5108874221979807,2.1528407992791307,0.0,0.0,8.944988569742305,0.0,0.0,0.656414463700542,1.179598448707768,4.722879745962269,0.4342288918608878
6.370091377394571,-0.48521415725108064,2.1528407992791307,0.0,0.0,8.944988569742305,0.0,0.0,0.0004290649125007212,2.359196897415536,1.8927253638718975,1.094342640722355
6.350916602354423,-1.141612178518159,0.0,0.0,0.0,8.944988569742305,0.0,0.0,0.656414463700542,1.843901131787851,4.731813409679744,0.03779758291381349
6.370091377394571,-0.48521415725108064,2.1528407992791307,0.0,0.0,8.944988569742305,3.3256432633455386,3.038321572734365,0.21453245625036058,1.179598448707768,0.2365906704839872,0.2907935616990988
6.251633611065803,-2.0218098735320975,0.0,0.0,0.0,8.944988569742305,0.0,0.0,0.0004290649125007212,2.359196897415536,1.4195440229039231,0.6812412373755872
6.023948969606698,-0.4106579231213278,2.1528407992791307,0.0,0.0,8.944988569742305,3.3256432633455386,3.038321572734365,0.656414463700542,0.47273823350102256,1.4194045335023762,-0.05632686832306318
6.370110699083509,-0.46254305997952777,0.0,0.0,0.0,8.944988569742305,0.0,0.0,0.656414463700542,1.179598448707768,0.9463626819359487,0.001069865533045818
6.3134657690840275,-2.7866670655630124,0.0,0.0,0.0,8.944988569742305,0.0,0.0,0.8581298250014423,2.359196897415536,0.004731813409679744,0.8965262174895553
6.3134657690840275,-2.7866670655630124,0.0,0.0,0.0,8.944988569742305,0.0,0.0,0.21453245625036058,2.2615072722873535,0.48027906108249396,-0.5072750233349814
6.370091377394571,-0.48521415725108064,2.1528407992791307,0.0,0.0,8.944988569742305,0.0,0.0,4.290649125007212e-05,2.5890298591617578,1.4195440229039231,0.8444444444444436
6.3331585887517,-2.0690960045916653,0.0,0.0,0.0,8.944988569742305,0.0,0.0,0.21453245625036058,0.0470407346966376,0.004731813409679744,-1.278559880703671
6.3331585887517,-2.0690960045916653,0.0,0.0,0.0,8.944988569742305,0.0,0.0,0.031052714912414695,2.3120129594672254,0.004731813409679744,0.04532297878665748
6.000249476922834,-1.0892890509418929,0.0,0.0,0.0,8.944988569742305,0.0,0.0,0.656414463700542,1.179598448707768,0.9463626819359487,-0.4089353929735008
6.370091377394571,-0.48521415725108064,2.1528407992791307,0.0,0.0,8.944988569742305,0.0,0.0,3.883732543289778,2.359196897415536,1.4195440229039231,-0.07719576496805934
6.3134657690840275,-2.7866670655630124,0.0,0.0,0.0,8.944988569742305,0.0,0.0,0.35839920860658986,2.359196897415536,0.9463626819359487,-0.05978886246861603
6.370091377394571,-0.48521415725108064,2.1528407992791307,0.0,0.0,8.944988569742305,3.3256432633455386,3.038321572734365,0.42906491250072115,0.45652583242198297,1.4195440229039231,-0.2469177919249304
6.63623325428249,-1.3377016275135372,0.0,0.0,0.0,8.944988569742305,0.0,0.0,0.656414463700542,1.179598448707768,3.4561354416837236,0.3982725127375335
6.3134657690840275,-2.7866670655630124,0.0,0.0,0.0,8.944988569742305,0.0,0.0,0.0004290649125007212,1.179598448707768,0.4731813409679744,-1.439549404036478
6.023948969606698,-0.4106579231213278,2.1528407992791307,0.0,0.0,8.944988569742305,3.3256432633455386,3.038321572734365,0.656414463700542,1.843901131787851,2.365906704839872,0.05113650594874027
6.0242946674161635,-0.4368697950326277,0.0,0.0,0.0,8.944988569742305,0.0,0.0,0.656414463700542,0.9436787589662144,1.4194045335023762,-0.1964576461828072
5.673394347164686,0.0,0.0,0.0,0.0,0.0,0.0,0.0,0.656414463700542,2.59511658715709,0.04679763462173267,-0.5144205230153214
1.452241771504827,-1.1151453338180135,0.0,0.0,0.0,8.944988569742305,0.0,0.0,0.656414463700542,0.023120129594672252,1.4195440229039231,-1.163675884293248
6.3331585887517,-2.0690960045916653,0.0,0.0,0.0,8.944988569742305,0.0,0.0,0.656414463700542,2.359196897415536,2.163091718474179,1.093599819380088
6.251633611065803,-2.0218098735320975,0.0,0.0,0.0,8.944988569742305,0.0,0.0,0.0004290649125007212,2.359196897415536,1.4195440229039231,0.7993405494535817
5.289171630699706,-0.35075535579301476,0.0,5.231902810406923,4.919380916392177,8.944988569742305,3.3256432633455386,3.038321572734365,0.656414463700542,1.179598448707768,2.8390880458078462,0.8061799739838872
6.166840866694848,-1.9621794078820578,0.0,5.231902810406923,0.0,8.944988569742305,0.0,0.0,4.290649125007212e-05,0.1180745018399912,0.9463626819359487,-0.8232758620689614
6.3134657690840275,-2.7866670655630124,0.0,0.0,0.0,8.944988569742305,0.0,0.0,0.656414463700542,1.2747802475339978,4.826449677873338,-0.1464838638239616
6.3062322149123,-2.1410708048321774,0.0,0.0,0.0,8.944988569742305,0.0,0.0,0.0004290649125007212,2.359196897415536,1.8927253638718975,0.4559035956430633
6.351541690632111,-1.2853784999372788,0.0,0.0,0.0,8.944988569742305,0.0,0.0,2.145324562503606,3.538795346123304,1.4195440229039231,0.5496719218682735
6.370091377394571,-0.48521415725108064,2.1528407992791307,0.0,0.0,8.944988569742305,0.0,0.0,1.0183040474870866,2.359196897415536,1.4195440229039231,0.5265032835812309
6.370091377394571,-0.48521415725108064,2.1528407992791307,0.0,0.0,8.944988569742305,0.0,0.0,3.6829601987833156,2.59511658715709,1.4195440229039231,0.6587215601300098
6.3331585887517,-2.0690960045916653,0.0,0.0,0.0,8.944988569742305,0.0,0.0,0.656414463700542,1.2213656705796128,0.4731813409679744,-0.624161073825504
6.3331585887517,-2.0690960045916653,0.0,0.0,0.0,8.944988569742305,0.0,0.0,0.656414463700542,2.359196897415536,1.857539599357519,1.382743362831857
6.3134657690840275,-2.7866670655630124,0.0,0.0,0.0,8.944988569742305,0.0,0.0,4.290649125007212e-05,2.359196897415536,0.4731813409679744,-0.619788758288394
6.096950807753223,-1.6447201886589844,0.0,0.0,0.0,8.944988569742305,0.0,0.0,1.7162596500028847e-06,0.4812761670727693,0.4731813409679744,0.1525940779274698
1.3981016395739596,-4.682388127177302,0.0,0.0,0.0,8.944988569742305,0.0,0.0,0.018020726325030288,1.179598448707768,1.4195440229039231,1.174641192660449
6.351541690632111,-1.2853784999372788,0.0,0.0,0.0,8.944988569742305,3.3256432633455386,3.038321572734365,0.42906491250072115,1.4216025072477563,1.4195440229039231,0.583638190231899
6.382242841808487,-2.163668266710802,0.0,0.0,0.0,8.944988569742305,0.0,0.0,0.656414463700542,2.9505295997527403,2.3185885707430747,1.294736842105262
6.207008896919573,-0.46643840803057535,2.1528407992791307,0.0,0.0,8.944988569742305,0.0,0.0,0.656414463700542,0.631068655680374,1.6561346933879104,0.03710686132560858
6.351541690632111,-1.2853784999372788,0.0,0.0,0.0,8.944988569742305,0.0,0.0,2.145324562503606,2.359196897415536,1.4195440229039231,0.2126080928814434
6.3062322149123,-2.1410708048321774,0.0,0.0,0.0,8.944988569742305,0.0,0.0,4.290649125007212,2.359196897415536,1.4195440229039231,-0.4101744650890502
6.000954685003887,-1.2097777645319656,0.0,0.0,4.919380916392177,8.944988569742305,0.0,3.038321572734365,0.656414463700542,2.359196897415536,0.4731813409679744,0.07879884639939841
6.251633611065803,-2.0218098735320975,0.0,0.0,0.0,8.944988569742305,0.0,0.0,4.290649125007212e-05,0.27865654153823605,0.9463626819359487,-0.9827586206896575
6.370091377394571,-0.48521415725108064,2.1528407992791307,0.0,0.0,8.944988569742305,0.0,0.0,3.6829601987833156,2.59511658715709,1.8927253638718975,0.7302275189599128
6.370091377394571,-0.48521415725108064,2.1528407992791307,0.0,0.0,8.944988569742305,0.0,0.0,1.7308950541682844,2.359196897415536,1.4195440229039231,0.5250677226597732
6.3062322149123,-2.1410708048321774,0.0,0.0,0.0,8.944988569742305,0.0,0.0,4.290649125007212e-05,2.359196897415536,0.4731813409679744,-0.9021734110319146
6.3134657690840275,-2.7866670655630124,0.0,0.0,0.0,8.944988569742305,0.0,0.0,0.656414463700542,4.711575715797541,4.826449677873338,0.8441444706166565
6.3134657690840275,-2.7866670655630124,0.0,0.0,0.0,8.944988569742305,0.0,0.0,4.290649125007212e-05,2.359196897415536,0.4731813409679744,-0.619788758288394
6.3134657690840275,-2.7866670655630124,0.0,0.0,0.0,8.944988569742305,0.0,0.0,4.290649125007212e-05,2.359196897415536,1.8927253638718975,0.5670263661590603
6.023948969606698,-0.4106579231213278,2.1528407992791307,0.0,0.0,8.944988569742305,3.3256432633455386,3.038321572734365,0.656414463700542,1.2278015597157623,0.9463626819359487,0.6756055617195716
6.3134657690840275,-2.7866670655630124,0.0,0.0,0.0,8.944988569742305,0.0,0.0,0.15681507328567607,2.359196897415536,0.9463626819359487,-0.06251993703895245
6.370091377394571,-0.48521415725108064,2.1528407992791307,0.0,0.0,8.944988569742305,0.0,0.0,4.0559892337114425,2.359196897415536,1.4195440229039231,-0.1568423903044674
6.370110699083509,-0.46254305997952777,0.0,0.0,0.0,8.944988569742305,0.0,0.0,0.656414463700542,1.843901131787851,1.4195440229039231,0.2211785219297459
6.096950807753223,-1.6447201886589844,0.0,0.0,0.0,8.944988569742305,0.0,0.0,1.7162596500028847e-06,0.09672707279403699,0.4731813409679744,-1.568636235841013
1.452241771504827,-1.1151453338180135,0.0,0.0,0.0,8.944988569742305,0.0,0.0,0.656414463700542,0.2359196897415536,0.4670299835353907,-0.051282051282051
6.3134657690840275,-2.7866670655630124,0.0,0.0,0.0,8.944988569742305,0.0,0.0,4.290649125007212e-05,2.359196897415536,2.8390880458078462,0.6211762817750351
6.370091377394571,-0.48521415725108064,2.1528407992791307,0.0,0.0,8.944988569742305,0.0,0.0,0.656414463700542,0.5117711461687626,4.022041398227782,0.02081696013925367
6.3134657690840275,-2.7866670655630124,0.0,0.0,0.0,8.944988569742305,0.0,0.0,0.656414463700542,1.2262798777169293,0.4731813409679744,-1.221064605101569
6.3331585887517,-2.0690960045916653,0.0,0.0,0.0,8.944988569742305,0.0,0.0,0.21453245625036058,3.3540230451177195,0.48027906108249396,0.6335218433719506
6.370091377394571,-0.48521415725108064,2.1528407992791307,0.0,0.0,8.944988569742305,0.0,0.0,3.310355938118564,2.359196897415536,1.4195440229039231,0.1647522604652088
6.3134657690840275,-2.7866670655630124,0.0,0.0,0.0,8.944988569742305,0.0,0.0,4.290649125007212e-05,2.359196897415536,2.8390880458078462,0.6211762817750351
6.3331585887517,-2.0690960045916653,0.0,0.0,0.0,8.944988569742305,0.0,0.0,0.656414463700542,2.359196897415536,1.4195440229039231,1.001698847035765
6.000249476922834,-1.0892890509418929,0.0,0.0,0.0,8.944988569742305,0.0,0.0,0.656414463700542,0.4718393794831072,1.4194045335023762,-1.319015722105611
6.3331585887517,-2.0690960045916653,0.0,0.0,0.0,8.944988569742305,0.0,0.0,0.656414463700542,3.920489812156164,2.460542973033467,1.50559284116331
6.3134657690840275,-2.7866670655630124,0.0,0.0,0.0,8.944988569742305,0.0,0.0,0.0004290649125007212,2.359196897415536,1.8927253638718975,0.5669144981412634
6.370091377394571,-0.48521415725108064,2.1528407992791307,0.0,0.0,8.944988569742305,0.0,0.0,0.656414463700542,1.179598448707768,1.6561346933879104,0.4471580313422192
6.3331585887517,-2.0690960045916653,0.0,0.0,0.0,8.944988569742305,0.0,0.0,0.656414463700542,0.4695132113422555,0.9463626819359487,-1.567441860465111
6.0242946674161635,-0.4368697950326277,0.0,0.0,0.0,8.944988569742305,0.0,0.0,0.656414463700542,1.843901131787851,2.8390880458078462,0.3318002991095532
6.370091377394571,-0.48521415725108064,2.1528407992791307,0.0,0.0,8.944988569742305,3.3256432633455386,3.038321572734365,0.21453245625036058,1.179598448707768,0.4731813409679744,-0.1804891463142153
6.000954685003887,-1.2097777645319656,0.0,0.0,4.919380916392177,8.944988569742305,0.0,3.038321572734365,0.656414463700542,2.2648290215189144,1.0061349489270235,0.5525490843095185
6.3134657690840275,-2.7866670655630124,0.0,0.0,0.0,8.944988569742305,0.0,0.0,4.290649125007212e-05,2.359196897415536,2.365906704839872,0.6627578316815741
6.370091377394571,-0.48521415725108064,2.1528407992791307,0.0,0.0,8.944988569742305,0.0,0.0,0.04205119325349318,2.359196897415536,1.4195440229039231,0.6387979239767979
6.207008896919573,-0.46643840803057535,2.1528407992791307,0.0,0.0,8.944988569742305,0.0,0.0,0.656414463700542,1.179598448707768,3.0618145030014716,0.6850556999575159
6.370091377394571,-0.48521415725108064,2.1528407992791307,0.0,0.0,8.944988569742305,0.0,0.0,0.004673718278887856,2.359196897415536,1.4195440229039231,-0.1251546956789144
6.3062322149123,-2.1410708048321774,0.0,0.0,0.0,8.944988569742305,0.0,0.0,0.0004290649125007212,2.359196897415536,1.8927253638718975,0.4615384615384614
6.3331585887517,-2.0690960045916653,0.0,0.0,0.0,8.944988569742305,0.0,0.0,0.656414463700542,1.843901131787851,3.312269386775821,0.9771853913912649
1.3981016395739596,-4.682388127177302,0.0,0.0,0.0,8.944988569742305,0.0,0.0,1.7162596500028847e-06,0.09436787589662145,0.4731813409679744,-2.142667503568731
6.862931093951993,-2.2390440352924985,2.1528407992791307,0.0,0.0,8.944988569742305,0.0,0.0,0.656414463700542,1.179598448707768,3.8681155080109,0.6724323295111406
6.370091377394571,-0.48521415725108064,2.1528407992791307,0.0,0.0,8.944988569742305,0.0,0.0,0.656414463700542,0.5159657982523674,1.4194045335023762,1.036353115842418
6.3134657690840275,-2.7866670655630124,0.0,0.0,0.0,8.944988569742305,0.0,0.0,0.656414463700542,1.2262798777169293,0.4731813409679744,-1.221064605101569
6.3331585887517,-2.0690960045916653,0.0,0.0,0.0,8.944988569742305,0.0,0.0,0.656414463700542,2.359196897415536,0.7773565023824174,0.6526722071108372
6.3062322149123,-2.1410708048321774,0.0,0.0,0.0,8.944988569742305,0.0,0.0,4.290649125007212e-05,2.359196897415536,2.8390880458078462,0.7237976748508552
6.350916602354423,-1.141612178518159,0.0,0.0,0.0,8.944988569742305,0.0,0.0,0.656414463700542,1.887357517932429,0.9463626819359487,-0.02664840017615605
6.3134657690840275,-2.7866670655630124,0.0,0.0,0.0,8.944988569742305,0.0,0.0,0.36829644894324404,2.59511658715709,1.8927253638718975,0.4456042032735976
5.5751958586328065,-0.39931829659161844,0.0,0.0,4.919380916392177,8.944988569742305,3.3256432633455386,3.038321572734365,0.656414463700542,2.4080322731920374,1.4195440229039231,1.363935283358457
6.370091377394571,-0.48521415725108064,2.1528407992791307,0.0,0.0,8.944988569742305,0.0,0.0,0.7193702322987091,2.359196897415536,1.4195440229039231,0.6532125137753437
6.3134657690840275,-2.7866670655630124,0.0,0.0,0.0,8.944988569742305,0.0,0.0,4.290649125007212e-05,2.359196897415536,3.785450727743795,0.5185139398778874
6.3134657690840275,-2.7866670655630124,0.0,0.0,0.0,8.944988569742305,0.0,0.0,0.5524425280903035,2.59511658715709,1.8927253638718975,0.3767593954048798
6.207008896919573,-0.46643840803057535,2.1528407992791307,0.0,0.0,8.944988569742305,0.0,0.0,0.656414463700542,1.179598448707768,2.3709697451882294,0.7357274662281335
6.63623325428249,-1.3377016275135372,0.0,0.0,0.0,8.944988569742305,0.0,0.0,0.656414463700542,1.179598448707768,2.9414135107921706,0.4349897524434111
6.370091377394571,-0.48521415725108064,2.1528407992791307,0.0,0.0,8.944988569742305,0.0,0.0,0.5524425280903035,2.359196897415536,1.6561346933879104,0.9708116108725178
6.3331585887517,-2.0690960045916653,0.0,0.0,0.0,8.944988569742305,0.0,0.0,0.21453245625036058,1.1053356487709218,0.48027906108249396,-0.5938066216438812
6.3134657690840275,-2.7866670655630124,0.0,0.0,0.0,8.944988569742305,0.0,0.0,0.656414463700542,2.359196897415536,0.6842911962408362,-0.1858879153069338
6.3134657690840275,-2.7866670655630124,0.0,0.0,0.0,8.944988569742305,0.0,0.0,5.363311406259014,3.538795346123304,0.9463626819359487,-0.08471373464762134
6.880207652694256,-1.0356744295656077,0.0,0.0,0.0,8.944988569742305,0.0,0.0,1.7162596500028847e-06,0.047183937948310724,0.4731813409679744,-2.0
6.096950807753223,-1.6447201886589844,0.0,0.0,0.0,8.944988569742305,0.0,0.0,1.7162596500028847e-06,0.047183937948310724,0.4731813409679744,-2.301029995663981
6.3134657690840275,-2.7866670655630124,0.0,0.0,0.0,8.944988569742305,0.0,0.0,0.656414463700542,2.1198422169913456,4.826449677873338,0.1641903726520483
6.3134657690840275,-2.7866670655630124,0.0,0.0,0.0,8.944988569742305,0.0,0.0,4.290649125007212e-05,2.359196897415536,1.4195440229039231,0.290034611362518
6.370091377394571,-0.48521415725108064,2.1528407992791307,0.0,0.0,8.944988569742305,3.3256432633455386,3.038321572734365,0.21453245625036058,1.179598448707768,2.8390880458078462,0.5888613512538016
6.3331585887517,-2.0690960045916653,0.0,0.0,0.0,8.944988569742305,0.0,0.0,5.577843862509375e-05,2.359196897415536,1.8927253638718975,1.014680535148689
6.3134657690840275,-2.7866670655630124,0.0,0.0,0.0,8.944988569742305,0.0,0.0,0.656414463700542,1.843901131787851,0.2365906704839872,-1.105948718925517
6.3134657690840275,-2.7866670655630124,0.0,0.0,0.0,8.944988569742305,0.0,0.0,4.290649125007212e-05,2.359196897415536,0.04731813409679744,-2.634968218916374
6.096950807753223,-1.6447201886589844,0.0,0.0,0.0,8.944988569742305,0.0,0.0,0.04719714037507933,0.2359196897415536,1.4337394631329623,0.03342375548694973
6.350916602354423,-1.141612178518159,0.0,0.0,0.0,8.944988569742305,0.0,0.0,0.656414463700542,1.843901131787851,3.785450727743795,0.6364937630495308
6.023948969606698,-0.4106579231213278,2.1528407992791307,0.0,0.0,8.944988569742305,3.3256432633455386,3.038321572734365,0.656414463700542,0.589799224353884,1.4194045335023762,0.1079563182527277
6.3331585887517,-2.0690960045916653,0.0,0.0,0.0,8.944988569742305,0.0,0.0,3.604145265006058e-06,2.359196897415536,0.964192154863622,0.6315789473684207
6.166840866694848,-1.9621794078820578,0.0,5.231902810406923,0.0,8.944988569742305,0.0,0.0,0.0004290649125007212,2.359196897415536,1.4195440229039231,1.201397124320452
6.3134657690840275,-2.7866670655630124,0.0,0.0,0.0,8.944988569742305,0.0,0.0,0.42906491250072115,3.538795346123304,2.8390880458078462,0.9041684928630465
6.370091377394571,-0.48521415725108064,2.1528407992791307,0.0,0.0,8.944988569742305,0.0,0.0,1.024469710279722,2.359196897415536,1.4195440229039231,0.686155075454263
6.3331585887517,-2.0690960045916653,0.0,0.0,0.0,8.944988569742305,0.0,0.0,0.21453245625036058,0.028243597496789574,0.004731813409679744,-1.785155875122728
6.096950807753223,-1.6447201886589844,0.0,0.0,0.0,8.944988569742305,0.0,0.0,0.04719714037507933,0.2359196897415536,0.052049947506477186,0.11978513052201398
6.3134657690840275,-2.7866670655630124,0.0,0.0,0.0,8.944988569742305,0.0,0.0,1.072662281251803,3.538795346123304,1.8927253638718975,0.6621085853152393
6.370091377394571,-0.48521415725108064,2.1528407992791307,0.0,0.0,8.944988569742305,0.0,0.0,0.0007037393975363078,2.359196897415536,1.4195440229039231,0.8292314636701624
1.3981016395739596,-4.682388127177302,0.0,0.0,0.0,8.944988569742305,0.0,0.0,0.018020726325030288,0.4718393794831072,0.4949476826525012,-0.6946486305533762
6.351541690632111,-1.2853784999372788,0.0,0.0,0.0,8.944988569742305,0.0,0.0,3.604145265006058e-06,2.359196897415536,2.36947449215077,0.6842105263157892
6.370091377394571,-0.48521415725108064,2.1528407992791307,0.0,0.0,8.944988569742305,0.0,0.0,0.00036277180912988474,2.359196897415536,1.4195440229039231,0.6901960800285137
6.3134657690840275,-2.7866670655630124,0.0,0.0,0.0,8.944988569742305,0.0,0.0,0.032745633431177534,2.359196897415536,0.9463626819359487,-0.04261660721896531
6.3331585887517,-2.0690960045916653,0.0,0.0,0.0,8.944988569742305,0.0,0.0,0.656414463700542,1.843901131787851,4.258632068711769,0.9270401707559837
6.808924577243043,-1.8933295938434873,0.0,0.0,4.919380916392177,0.0,0.0,0.0,0.656414463700542,1.179598448707768,1.4195440229039231,3.164179103238849
6.63623325428249,-1.3377016275135372,0.0,0.0,0.0,8.944988569742305,0.0,0.0,0.656414463700542,2.3419912744426847,0.9463626819359487,0.3801976569746794
6.3331585887517,-2.0690960045916653,0.0,0.0,0.0,8.944988569742305,0.0,0.0,0.21453245625036058,0.15042782033207863,0.004731813409679744,-0.2881198278471295
6.370091377394571,-0.48521415725108064,2.1528407992791307,0.0,0.0,8.944988569742305,0.0,0.0,0.0004290649125007212,2.359196897415536,0.9463626819359487,0.4158977539238713
6.000249476922834,-1.0892890509418929,0.0,0.0,0.0,8.944988569742305,0.0,0.0,0.656414463700542,1.179598448707768,0.9463626819359487,-0.3098039199714863
6.3134657690840275,-2.7866670655630124,0.0,0.0,0.0,8.944988569742305,0.0,0.0,0.656414463700542,2.359196897415536,0.17389272326170768,-1.407996505383249
6.370091377394571,-0.48521415725108064,2.1528407992791307,0.0,0.0,8.944988569742305,0.0,0.0,0.0014476778867248082,2.359196897415536,1.4195440229039231,0.5805468137587255
6.889163033067114,-0.5330199125051337,2.1528407992791307,0.0,0.0,8.944988569742305,3.3256432633455386,3.038321572734365,0.656414463700542,1.1759181015477997,1.4194045335023762,0.7194451609763224
6.251633611065803,-2.0218098735320975,0.0,0.0,0.0,8.944988569742305,0.0,0.0,4.290649125007212e-05,2.359196897415536,0.4731813409679744,-0.01749782701560991
6.3134657690840275,-2.7866670655630124,0.0,0.0,0.0,8.944988569742305,0.0,0.0,5.363311406259014,3.538795346123304,1.8927253638718975,-0.07996729962314643
6.350916602354423,-1.141612178518159,0.0,0.0,0.0,8.944988569742305,0.0,0.0,0.656414463700542,1.179598448707768,0.9463626819359487,-0.4315653747438915
6.3134657690840275,-2.7866670655630124,0.0,0.0,0.0,8.944988569742305,0.0,0.0,0.656414463700542,2.373823918179512,2.365906704839872,0.6231704616375756
6.3062322149123,-2.1410708048321774,0.0,0.0,0.0,8.944988569742305,0.0,0.0,4.290649125007212e-05,2.359196897415536,2.365906704839872,0.6373245098685487
6.370091377394571,-0.48521415725108064,2.1528407992791307,0.0,0.0,8.944988569742305,0.0,0.0,1.4458929766888053,2.359196897415536,1.4195440229039231,0.5014171282441098
6.3134657690840275,-2.7866670655630124,0.0,0.0,0.0,8.944988569742305,0.0,0.0,1.4253364767308958,2.359196897415536,0.9463626819359487,-0.1321607680099658
6.382242841808487,-2.163668266710802,0.0,0.0,0.0,8.944988569742305,0.0,0.0,0.656414463700542,1.179598448707768,3.191357358718274,0.6149590534401633
6.3331585887517,-2.0690960045916653,0.0,0.0,0.0,8.944988569742305,0.0,0.0,0.656414463700542,1.6842990817749763,0.4731813409679744,-0.3154362416107405
6.370091377394571,-0.48521415725108064,2.1528407992791307,0.0,0.0,8.944988569742305,0.0,0.0,0.8035956746226006,2.359196897415536,1.4195440229039231,-0.03068512285530053
6.370091377394571,-0.48521415725108064,2.1528407992791307,0.0,0.0,8.944988569742305,0.0,0.0,0.0018138590456494236,2.359196897415536,1.4195440229039231,0.4913616938342727
6.3331585887517,-2.0690960045916653,0.0,0.0,0.0,8.944988569742305,0.0,0.0,2.145324562503606,3.538795346123304,1.4195440229039231,0.6020599913279624
6.3134657690840275,-2.7866670655630124,0.0,0.0,0.0,8.944988569742305,0.0,0.0,4.290649125007212e-05,2.359196897415536,0.04731813409679744,-2.634968218916374
6.3134657690840275,-2.7866670655630124,0.0,0.0,0.0,8.944988569742305,0.0,0.0,0.21453245625036058,1.1509695943576306,0.48027906108249396,-1.20966708761141
6.3134657690840275,-2.7866670655630124,0.0,0.0,0.0,8.944988569742305,0.0,0.0,4.290649125007212,3.538795346123304,2.8390880458078462,-0.04375512696868296
6.166840866694848,-1.9621794078820578,0.0,5.231902810406923,0.0,8.944988569742305,0.0,0.0,4.290649125007212e-05,2.359196897415536,2.365906704839872,1.253437245309724
6.3331585887517,-2.0690960045916653,0.0,0.0,0.0,8.944988569742305,0.0,0.0,0.00012871947375021634,1.179598448707768,3.0756787162918333,-0.1308971686110271
6.3331585887517,-2.0690960045916653,0.0,0.0,0.0,8.944988569742305,0.0,0.0,0.656414463700542,2.382906826234562,2.460542973033467,1.080536912751675
6.3134657690840275,-2.7866670655630124,0.0,0.0,0.0,8.944988569742305,0.0,0.0,4.290649125007212e-05,2.359196897415536,2.8390880458078462,0.5763413502057929
1.3981016395739596,-4.682388127177302,0.0,0.0,0.0,8.944988569742305,0.0,0.0,0.018020726325030288,1.769397673061652,1.4195440229039231,1.456366033129043
6.0242946674161635,-0.4368697950326277,0.0,0.0,0.0,8.944988569742305,0.0,0.0,0.656414463700542,1.843901131787851,0.9463626819359487,0.08563466276372743
6.3331585887517,-2.0690960045916653,0.0,0.0,0.0,8.944988569742305,0.0,0.0,3.604145265006058e-06,2.359196897415536,0.04759163291187693,-1.49248120300752
6.3331585887517,-2.0690960045916653,0.0,0.0,0.0,8.944988569742305,0.0,0.0,0.656414463700542,1.843901131787851,0.2365906704839872,-0.6595299383442075
6.3134657690840275,-2.7866670655630124,0.0,0.0,0.0,8.944988569742305,0.0,0.0,0.42906491250072115,3.538795346123304,0.9463626819359487,0.3254607304414622
6.3062322149123,-2.1410708048321774,0.0,0.0,0.0,8.944988569742305,0.0,0.0,3.604145265006058e-06,2.359196897415536,0.13900553617347988,-2.300251256281407
6.3134657690840275,-2.7866670655630124,0.0,0.0,0.0,8.944988569742305,0.0,0.0,4.290649125007212e-05,2.359196897415536,2.8390880458078462,0.6211762817750351
6.3331585887517,-2.0690960045916653,0.0,0.0,0.0,8.944988569742305,0.0,0.0,5.577843862509375e-05,2.359196897415536,0.04731813409679744,-0.2525154392181344
6.370091377394571,-0.48521415725108064,2.1528407992791307,0.0,0.0,8.944988569742305,0.0,0.0,3.608393007639815,2.359196897415536,1.4195440229039231,0.082934622503059
6.000249476922834,-1.0892890509418929,0.0,0.0,0.0,8.944988569742305,0.0,0.0,0.656414463700542,0.2359196897415536,1.4194045335023762,-2.000011146780801
6.000249476922834,-1.0892890509418929,0.0,0.0,0.0,8.944988569742305,0.0,0.0,0.656414463700542,1.843901131787851,1.4195440229039231,-0.055377791833341
6.3134657690840275,-2.7866670655630124,0.0,0.0,0.0,8.944988569742305,0.0,0.0,4.290649125007212e-05,2.359196897415536,2.8390880458078462,0.6106601630898799
6.166840866694848,-1.9621794078820578,0.0,5.231902810406923,0.0,8.944988569742305,0.0,0.0,4.290649125007212e-05,0.2401992729134654,0.9463626819359487,-0.2500000000000024
6.370091377394571,-0.48521415725108064,2.1528407992791307,0.0,0.0,8.944988569742305,0.0,0.0,0.656414463700542,1.179598448707768,2.8201276694752595,0.7958333900509484
6.370091377394571,-0.48521415725108064,2.1528407992791307,0.0,0.0,8.944988569742305,0.0,0.0,0.0004290649125007212,2.359196897415536,0.9463626819359487,0.7114680014156944
6.023948969606698,-0.4106579231213278,2.1528407992791307,0.0,0.0,8.944988569742305,3.3256432633455386,3.038321572734365,0.656414463700542,0.7077590692246608,0.9463626819359487,0.2046493264802312
6.3331585887517,-2.0690960045916653,0.0,0.0,0.0,8.944988569742305,0.0,0.0,3.604145265006058e-06,2.359196897415536,1.4350927617681308,0.9436090225563907
6.3134657690840275,-2.7866670655630124,0.0,0.0,0.0,8.944988569742305,0.0,0.0,4.290649125007212e-05,2.359196897415536,2.8390880458078462,0.5763413502057929
6.351541690632111,-1.2853784999372788,0.0,0.0,0.0,8.944988569742305,0.0,0.0,3.604145265006058e-06,2.359196897415536,0.9810090197216239,-0.01503759398496262
6.370091377394571,-0.48521415725108064,2.1528407992791307,0.0,0.0,8.944988569742305,0.0,0.0,2.1581064062470023,2.359196897415536,1.4195440229039231,0.3617278360175928
6.251633611065803,-2.0218098735320975,0.0,0.0,0.0,8.944988569742305,0.0,0.0,4.290649125007212e-05,2.359196897415536,0.9463626819359487,0.5546959574620433
6.3134657690840275,-2.7866670655630124,0.0,0.0,0.0,8.944988569742305,0.0,0.0,0.656414463700542,2.359196897415536,1.6268542320088122,0.4509957088161992
6.3134657690840275,-2.7866670655630124,0.0,0.0,0.0,8.944988569742305,0.0,0.0,0.656414463700542,3.07747798480267,2.365906704839872,0.729439713313603
5.543159821326262,-1.01368831553658,0.0,0.0,4.919380916392177,8.944988569742305,3.3256432633455386,3.038321572734365,0.656414463700542,1.179598448707768,2.8390880458078462,0.5185139398778874
6.3062322149123,-2.1410708048321774,0.0,0.0,0.0,8.944988569742305,0.0,0.0,0.0004290649125007212,2.359196897415536,1.8927253638718975,0.4471580313422192
6.3134657690840275,-2.7866670655630124,0.0,0.0,0.0,8.944988569742305,0.0,0.0,1.072662281251803,3.538795346123304,0.9463626819359487,0.2637409109445279
1.452241771504827,-1.1151453338180135,0.0,0.0,0.0,8.944988569742305,0.0,0.0,0.656414463700542,0.2359196897415536,0.9428138218786889,0.6096866096866093
6.3134657690840275,-2.7866670655630124,0.0,0.0,0.0,8.944988569742305,0.0,0.0,0.21453245625036058,1.1509695943576306,0.48027906108249396,-1.20966708761141
6.382242841808487,-2.163668266710802,0.0,0.0,0.0,8.944988569742305,0.0,0.0,0.656414463700542,1.798493648397478,0.4637177141486149,-0.6140350877192979
6.3134657690840275,-2.7866670655630124,0.0,0.0,0.0,8.944988569742305,0.0,0.0,3.604145265006058e-06,2.359196897415536,0.47592106093217895,-0.6344221105527648
6.350916602354423,-1.141612178518159,0.0,0.0,0.0,8.944988569742305,0.0,0.0,0.656414463700542,2.359196897415536,0.9463626819359487,0.1883035851650658
6.207008896919573,-0.46643840803057535,2.1528407992791307,0.0,0.0,8.944988569742305,0.0,0.0,0.656414463700542,0.6122115948793316,3.0756787162918333,0.1569739382239341
6.3134657690840275,-2.7866670655630124,0.0,0.0,0.0,8.944988569742305,0.0,0.0,0.656414463700542,2.359196897415536,0.2365906704839872,-1.300144134463074
6.370091377394571,-0.48521415725108064,2.1528407992791307,0.0,0.0,8.944988569742305,0.0,0.0,5.524425280903035,2.59511658715709,0.2365906704839872,-0.004333694474538976
6.000954685003887,-1.2097777645319656,0.0,0.0,4.919380916392177,8.944988569742305,0.0,3.038321572734365,0.656414463700542,2.2648290215189144,0.3038321049422412,-0.163262387944784
6.3134657690840275,-2.7866670655630124,0.0,0.0,0.0,8.944988569742305,0.0,0.0,0.656414463700542,4.528903100030656,0.4731813409679744,0.0594209901149536
6.3134657690840275,-2.7866670655630124,0.0,0.0,0.0,8.944988569742305,0.0,0.0,0.0004290649125007212,1.179598448707768,1.8927253638718975,0.03204710545330516
6.166840866694848,-1.9621794078820578,0.0,5.231902810406923,0.0,8.944988569742305,0.0,0.0,4.290649125007212e-05,2.359196897415536,0.04731813409679744,-0.7628438624246476
6.3134657690840275,-2.7866670655630124,0.0,0.0,0.0,8.944988569742305,0.0,0.0,0.656414463700542,1.815111831342873,0.9463626819359487,-0.3091286307053941
6.651635099206121,-0.5108874221979807,2.1528407992791307,0.0,0.0,8.944988569742305,0.0,0.0,0.656414463700542,1.179598448707768,1.8792160365872619,0.5775344108563207
6.000249476922834,-1.0892890509418929,0.0,0.0,0.0,8.944988569742305,0.0,0.0,0.656414463700542,1.843901131787851,0.4731813409679744,-0.9200292374440189
6.3134657690840275,-2.7866670655630124,0.0,0.0,0.0,8.944988569742305,0.0,0.0,0.656414463700542,1.9291860789236062,2.365906704839872,0.4275633669545613
6.000954685003887,-1.2097777645319656,0.0,0.0,4.919380916392177,8.944988569742305,3.3256432633455386,3.038321572734365,0.656414463700542,1.179598448707768,2.8390880458078462,0.6127838567197355
6.023948969606698,-0.4106579231213278,2.1528407992791307,0.0,0.0,8.944988569742305,3.3256432633455386,3.038321572734365,0.656414463700542,2.3638209233344707,0.9463626819359487,1.395341273599259
6.3134657690840275,-2.7866670655630124,0.0,0.0,0.0,8.944988569742305,0.0,0.0,0.656414463700542,2.359196897415536,2.9618028947744808,0.5484338463910386
5.703608183282783,0.0,0.0,0.0,0.0,0.0,3.3256432633455386,3.038321572734365,0.656414463700542,1.179598448707768,2.8390880458078462,0.5563025007672873
6.000954685003887,-1.2097777645319656,0.0,0.0,4.919380916392177,8.944988569742305,0.0,3.038321572734365,0.656414463700542,2.359196897415536,1.4195440229039231,0.8039521828148732
6.370091377394571,-0.48521415725108064,2.1528407992791307,0.0,0.0,8.944988569742305,0.0,0.0,0.6375132282918214,2.359196897415536,1.4195440229039231,0.06037703633173826
1.452241771504827,-1.1151453338180135,0.0,0.0,0.0,8.944988569742305,0.0,0.0,0.656414463700542,0.2359196897415536,2.3587616665912554,1.21937321937322
6.3134657690840275,-2.7866670655630124,0.0,0.0,0.0,8.944988569742305,0.0,0.0,2.145324562503606,3.538795346123304,2.8390880458078462,0.4034029043735392
1.452241771504827,-1.1151453338180135,0.0,0.0,0.0,8.944988569742305,0.0,0.0,0.656414463700542,0.23049353687749788,1.4195440229039231,0.7297801442202818
6.370091377394571,-0.48521415725108064,2.1528407992791307,0.0,0.0,8.944988569742305,0.0,3.038321572734365,1.2782186995326486,2.359196897415536,1.4195440229039231,0.3549473425726017
6.3134657690840275,-2.7866670655630124,0.0,0.0,0.0,8.944988569742305,0.0,0.0,4.290649125007212e-05,2.359196897415536,3.785450727743795,0.5185139398778874
6.370091377394571,-0.48521415725108064,2.1528407992791307,0.0,0.0,8.944988569742305,0.0,0.0,0.18515867234056121,2.359196897415536,1.4195440229039231,0.8897968700686152
6.370091377394571,-0.48521415725108064,2.1528407992791307,0.0,0.0,8.944988569742305,0.0,3.038321572734365,0.192765993239199,2.359196897415536,1.4195440229039231,0.8800879713874663
6.370091377394571,-0.48521415725108064,2.1528407992791307,0.0,0.0,8.944988569742305,0.0,0.0,3.86158421250649e-05,2.59511658715709,0.2365906704839872,0.3813651137594792
6.000954685003887,-1.2097777645319656,0.0,0.0,4.919380916392177,8.944988569742305,0.0,3.038321572734365,0.656414463700542,2.2648290215189144,1.5440664245930553,0.8636528625639327
6.370091377394571,-0.48521415725108064,2.1528407992791307,0.0,0.0,8.944988569742305,0.0,0.0,0.0004290649125007212,2.359196897415536,2.365906704839872,1.100763643371112
6.370091377394571,-0.48521415725108064,2.1528407992791307,0.0,0.0,8.944988569742305,0.0,0.0,0.0004290649125007212,2.359196897415536,2.8390880458078462,0.7023705927993015
6.3134657690840275,-2.7866670655630124,0.0,0.0,0.0,8.944988569742305,0.0,0.0,1.072662281251803,3.538795346123304,1.8927253638718975,0.6621085853152393
6.370091377394571,-0.48521415725108064,2.1528407992791307,0.0,0.0,8.944988569742305,0.0,0.0,0.0010883145692598291,2.359196897415536,1.4195440229039231,0.5910646070264992
6.370091377394571,-0.48521415725108064,2.1528407992791307,0.0,0.0,8.944988569742305,0.0,0.0,3.310355938118564,2.359196897415536,1.4195440229039231,0.1647522604652088
6.370091377394571,-0.48521415725108064,2.1528407992791307,0.0,0.0,8.944988569742305,0.0,0.0,0.656414463700542,1.006872207060387,1.6561346933879104,0.4248088801709484
6.370110699083509,-0.46254305997952777,0.0,0.0,0.0,8.944988569742305,0.0,0.0,0.656414463700542,1.843901131787851,4.731813409679744,0.4040313015268496
6.370091377394571,-0.48521415725108064,2.1528407992791307,0.0,0.0,8.944988569742305,0.0,0.0,0.0004290649125007212,2.359196897415536,2.8390880458078462,1.146941207143456
6.370079216007953,-0.4697951491172244,2.1528407992791307,0.0,4.919380916392177,8.944988569742305,3.3256432633455386,3.038321572734365,0.656414463700542,0.9415106570174896,1.4194045335023762,0.5049560752439612
6.889163033067114,-0.5330199125051337,2.1528407992791307,0.0,0.0,8.944988569742305,3.3256432633455386,3.038321572734365,0.656414463700542,0.4718393794831072,1.4194045335023762,-0.3188767550702024
6.251633611065803,-2.0218098735320975,0.0,0.0,0.0,8.944988569742305,0.0,0.0,4.290649125007212e-05,2.359196897415536,2.8390880458078462,1.076276352144377
6.370091377394571,-0.48521415725108064,2.1528407992791307,0.0,0.0,8.944988569742305,0.0,0.0,3.86158421250649e-05,2.59511658715709,1.4195440229039231,1.04442036836403
6.651635099206121,-0.5108874221979807,2.1528407992791307,0.0,0.0,8.944988569742305,3.3256432633455386,3.038321572734365,0.21453245625036058,1.179598448707768,1.6561346933879104,0.4065401804339551
6.000954685003887,-1.2097777645319656,0.0,0.0,4.919380916392177,8.944988569742305,0.0,3.038321572734365,0.04441079283329964,2.359196897415536,1.4195440229039231,0.9091346748392991
1.3981016395739596,-4.682388127177302,0.0,0.0,0.0,8.944988569742305,0.0,0.0,0.018020726325030288,0.4718393794831072,1.4715939704104002,0.7375901662857216
6.3331585887517,-2.0690960045916653,0.0,0.0,0.0,8.944988569742305,0.0,0.0,0.21453245625036058,0.4831470102124199,0.48027906108249396,-1.516444298028881
6.370091377394571,-0.48521415725108064,2.1528407992791307,0.0,0.0,8.944988569742305,0.0,0.0,0.7037393975363078,2.359196897415536,1.4195440229039231,0.8292314636701619
6.370091377394571,-0.48521415725108064,2.1528407992791307,0.0,0.0,8.944988569742305,0.0,0.0,0.656414463700542,1.179598448707768,1.6561346933879104,0.5587085705331657
6.370091377394571,-0.48521415725108064,2.1528407992791307,0.0,0.0,8.944988569742305,0.0,0.0,0.7435094242759996,2.359196897415536,1.4195440229039231,0.02005766926485197
6.3134657690840275,-2.7866670655630124,0.0,0.0,0.0,8.944988569742305,0.0,0.0,0.21453245625036058,2.2615072722873535,0.48027906108249396,-0.5072750233349814
6.166840866694848,-1.9621794078820578,0.0,5.231902810406923,0.0,8.944988569742305,0.0,0.0,0.0004290649125007212,2.359196897415536,1.8927253638718975,1.278753600952829
6.3331585887517,-2.0690960045916653,0.0,0.0,0.0,8.944988569742305,0.0,0.0,0.656414463700542,2.359196897415536,0.05691992986771957,-1.535796071516882
6.3134657690840275,-2.7866670655630124,0.0,0.0,0.0,8.944988569742305,0.0,0.0,0.656414463700542,1.843901131787851,3.785450727743795,0.6410063608375752
6.251633611065803,-2.0218098735320975,0.0,0.0,0.0,8.944988569742305,0.0,0.0,4.290649125007212e-05,0.8340162095836482,0.9463626819359487,0.1206896551724121
6.63623325428249,-1.3377016275135372,0.0,0.0,0.0,8.944988569742305,0.0,0.0,0.656414463700542,1.179598448707768,2.7222453772826243,0.4128854232684702
6.166840866694848,-1.9621794078820578,0.0,5.231902810406923,0.0,8.944988569742305,0.0,0.0,4.290649125007212e-05,0.9597401714438194,0.9463626819359487,0.9612068965517243
1.452241771504827,-1.1151453338180135,0.0,0.0,0.0,8.944988569742305,0.0,0.0,0.004290649125007212,0.2359196897415536,1.4195440229039231,0.3304137733491909
6.3134657690840275,-2.7866670655630124,0.0,0.0,0.0,8.944988569742305,0.0,0.0,3.604145265006058e-06,2.359196897415536,1.4432551398998283,0.4283919597989941
6.3134657690840275,-2.7866670655630124,0.0,0.0,0.0,8.944988569742305,0.0,0.0,0.656414463700542,2.359196897415536,5.0813524662527865,0.4415191304571257
6.370091377394571,-0.48521415725108064,2.1528407992791307,0.0,0.0,8.944988569742305,0.0,0.0,4.290649125007212e-05,2.59511658715709,1.4195440229039231,0.8910996649845989
1.452241771504827,-1.1151453338180135,0.0,0.0,0.0,8.944988569742305,0.0,0.0,1.7162596500028847e-06,0.04246554415347965,0.4731813409679744,-2.522878745280337
6.370091377394571,-0.48521415725108064,2.1528407992791307,0.0,0.0,8.944988569742305,0.0,0.0,0.7037393975363078,2.359196897415536,1.4195440229039231,0.8292314636701619
6.3331585887517,-2.0690960045916653,0.0,0.0,0.0,8.944988569742305,0.0,0.0,0.04012529248724245,2.3120129594672254,0.004731813409679744,0.05690485133647256
6.3331585887517,-2.0690960045916653,0.0,0.0,0.0,8.944988569742305,0.0,0.0,0.21453245625036058,0.028243597496789574,0.004731813409679744,-1.785155875122728
6.166840866694848,-1.9621794078820578,0.0,5.231902810406923,0.0,8.944988569742305,0.0,0.0,4.290649125007212e-05,2.359196897415536,0.4731813409679744,0.8035528064607984
6.370091377394571,-0.48521415725108064,2.1528407992791307,0.0,0.0,8.944988569742305,0.0,0.0,4.290649125007212e-05,2.59511658715709,0.9463626819359487,0.6173305771416362
6.023948969606698,-0.4106579231213278,2.1528407992791307,0.0,0.0,8.944988569742305,3.3256432633455386,3.038321572734365,0.656414463700542,0.7077590692246608,0.04731813409679744,-2.052455067076556
6.3134657690840275,-2.7866670655630124,0.0,0.0,0.0,8.944988569742305,0.0,0.0,4.290649125007212e-05,2.359196897415536,1.8927253638718975,0.5670263661590603
6.370091377394571,-0.48521415725108064,2.1528407992791307,0.0,0.0,8.944988569742305,0.0,0.0,4.360629612236079,2.359196897415536,1.4195440229039231,-0.08633414873527591
6.3331585887517,-2.0690960045916653,0.0,0.0,0.0,8.944988569742305,0.0,0.0,0.656414463700542,2.359196897415536,2.7564753154882475,2.086283185840707
6.251633611065803,-2.0218098735320975,0.0,0.0,0.0,8.944988569742305,0.0,0.0,4.290649125007212e-05,0.5592664981075322,0.9463626819359487,-0.3189655172413801
6.251633611065803,-2.0218098735320975,0.0,0.0,0.0,8.944988569742305,0.0,0.0,4.290649125007212e-05,0.13921620891649078,0.9463626819359487,-1.629310344827578
6.651635099206121,-0.5108874221979807,2.1528407992791307,0.0,0.0,8.944988569742305,0.0,0.0,0.656414463700542,1.179598448707768,1.4087696837700825,0.4040158561440467
6.3134657690840275,-2.7866670655630124,0.0,0.0,0.0,8.944988569742305,0.0,0.0,4.290649125007212e-05,2.359196897415536,1.4195440229039231,0.3344537511509309
6.3134657690840275,-2.7866670655630124,0.0,0.0,0.0,8.944988569742305,0.0,0.0,4.290649125007212e-05,2.359196897415536,1.4195440229039231,0.3031960574204888
6.370091377394571,-0.48521415725108064,2.1528407992791307,0.0,0.0,8.944988569742305,0.0,0.0,4.290649125007212e-05,2.59511658715709,2.8390880458078462,1.053316562126286
6.3062322149123,-2.1410708048321774,0.0,0.0,0.0,8.944988569742305,0.0,0.0,0.0004290649125007212,2.359196897415536,0.4731813409679744,-1.117647058823529
6.207008896919573,-0.46643840803057535,2.1528407992791307,0.0,0.0,8.944988569742305,0.0,0.0,0.656414463700542,1.179598448707768,1.6561346933879104,0.526339277389844
6.370091377394571,-0.48521415725108064,2.1528407992791307,0.0,0.0,8.944988569742305,0.0,0.0,0.0004290649125007212,2.359196897415536,0.9463626819359487,0.7114680014156944
6.370091377394571,-0.48521415725108064,2.1528407992791307,0.0,0.0,8.944988569742305,0.0,0.0,0.18072471553477878,2.359196897415536,1.4195440229039231,0.6387979239767979
6.207008896919573,-0.46643840803057535,2.1528407992791307,0.0,0.0,8.944988569742305,0.0,0.0,0.656414463700542,2.359196897415536,0.11027349196856354,-1.014876033057834
1.452241771504827,-1.1151453338180135,0.0,0.0,0.0,8.944988569742305,0.0,0.0,1.7162596500028847e-06,0.24063808353638466,0.4731813409679744,-0.0893755951107988
6.3134657690840275,-2.7866670655630124,0.0,0.0,0.0,8.944988569742305,0.0,0.0,4.290649125007212,3.538795346123304,2.365906704839872,0.04260470370605519
6.3134657690840275,-2.7866670655630124,0.0,0.0,0.0,8.944988569742305,0.0,0.0,0.42906491250072115,3.538795346123304,2.365906704839872,0.8577031944274324
6.207008896919573,-0.46643840803057535,2.1528407992791307,0.0,0.0,8.944988569742305,0.0,0.0,0.656414463700542,2.359196897415536,0.23123425770422973,-0.4396694214875904
6.3134657690840275,-2.7866670655630124,0.0,0.0,0.0,8.944988569742305,0.0,0.0,4.290649125007212,3.538795346123304,1.8927253638718975,0.06345484267917818
6.3134657690840275,-2.7866670655630124,0.0,0.0,0.0,8.944988569742305,0.0,0.0,0.42906491250072115,3.538795346123304,1.8927253638718975,0.7932016100908708
6.023948969606698,-0.4106579231213278,2.1528407992791307,0.0,0.0,8.944988569742305,3.3256432633455386,3.038321572734365,0.656414463700542,0.7077590692246608,2.8390880458078462,0.4806145740944546
6.3062322149123,-2.1410708048321774,0.0,0.0,0.0,8.944988569742305,0.0,0.0,2.145324562503606,2.359196897415536,1.4195440229039231,-0.1760912590556817
5.703608183282783,0.0,0.0,0.0,0.0,0.0,3.3256432633455386,3.038321572734365,0.656414463700542,1.179598448707768,1.4195440229039231,0.6127838567197355
6.3331585887517,-2.0690960045916653,0.0,0.0,0.0,8.944988569742305,0.0,0.0,0.21453245625036058,0.0826322868501176,0.004731813409679744,-0.7718752999018175
6.889163033067114,-0.5330199125051337,2.1528407992791307,0.0,0.0,8.944988569742305,3.3256432633455386,3.038321572734365,0.656414463700542,0.18820068593690906,1.4194045335023762,-0.4563268683230601
6.166840866694848,-1.9621794078820578,0.0,5.231902810406923,0.0,8.944988569742305,0.0,0.0,4.290649125007212e-05,0.718915711352539,0.9463626819359487,0.7672413793103442
5.790364979199717,-0.4459533697121834,2.1528407992791307,0.0,0.0,0.0,3.3256432633455386,3.038321572734365,0.656414463700542,1.179598448707768,1.4195440229039231,0.7403626894942439
6.3134657690840275,-2.7866670655630124,0.0,0.0,0.0,8.944988569742305,0.0,0.0,0.1841460791470595,2.59511658715709,1.8927253638718975,0.4456042032735976
6.251633611065803,-2.0218098735320975,0.0,0.0,0.0,8.944988569742305,0.0,0.0,4.290649125007212e-05,0.13921620891649078,0.9463626819359487,-1.629310344827578
6.251633611065803,-2.0218098735320975,0.0,0.0,0.0,8.944988569742305,0.0,0.0,4.290649125007212e-05,2.359196897415536,1.4195440229039231,0.7971694225490045
6.3331585887517,-2.0690960045916653,0.0,0.0,0.0,8.944988569742305,0.0,0.0,2.145324562503606,2.359196897415536,1.4195440229039231,0.249877473216598
6.370091377394571,-0.48521415725108064,2.1528407992791307,0.0,0.0,8.944988569742305,0.0,0.0,0.656414463700542,1.179598448707768,1.6561346933879104,0.3463529744506387
6.370110699083509,-0.46254305997952777,0.0,0.0,0.0,8.944988569742305,0.0,0.0,0.656414463700542,1.887357517932429,0.9463626819359487,0.4432770075955701
6.63623325428249,-1.3377016275135372,0.0,0.0,0.0,8.944988569742305,0.0,0.0,0.656414463700542,1.657562303336566,0.9463626819359487,0.03730594077925276
6.3134657690840275,-2.7866670655630124,0.0,0.0,0.0,8.944988569742305,0.0,0.0,4.290649125007212e-05,2.359196897415536,0.9463626819359487,0.07554696139253074
6.3062322149123,-2.1410708048321774,0.0,0.0,0.0,8.944988569742305,0.0,0.0,4.290649125007212e-05,2.359196897415536,1.4195440229039231,0.07980012213427638
6.000249476922834,-1.0892890509418929,0.0,0.0,0.0,8.944988569742305,0.0,0.0,0.656414463700542,1.179598448707768,0.9463626819359487,-0.638272163982407
6.3331585887517,-2.0690960045916653,0.0,0.0,0.0,8.944988569742305,0.0,0.0,0.656414463700542,0.23469267143520778,0.9463626819359487,-1.972093023255811
6.207008896919573,-0.46643840803057535,2.1528407992791307,0.0,0.0,8.944988569742305,0.0,0.0,0.656414463700542,0.24321196735146505,1.6561346933879104,-0.7756344514157028
6.3331585887517,-2.0690960045916653,0.0,0.0,0.0,8.944988569742305,0.0,0.0,0.656414463700542,0.9317860474063427,0.9463626819359487,-0.9651162790697718
6.483834559988072,-2.1367138545539226,2.1528407992791307,0.0,0.0,8.944988569742305,0.0,0.0,0.656414463700542,2.4452839922022287,2.3185885707430747,1.180116959064325
6.3331585887517,-2.0690960045916653,0.0,0.0,0.0,8.944988569742305,0.0,0.0,0.656414463700542,1.843901131787851,3.785450727743795,0.9444679049496479
6.370091377394571,-0.48521415725108064,2.1528407992791307,0.0,0.0,8.944988569742305,0.0,0.0,0.0004290649125007212,2.359196897415536,1.4195440229039231,0.9931205342354806
6.3062322149123,-2.1410708048321774,0.0,0.0,0.0,8.944988569742305,0.0,0.0,4.290649125007212e-05,0.16281903019637425,1.4195440229039231,-2.05603448275861
6.207008896919573,-0.46643840803057535,2.1528407992791307,0.0,0.0,8.944988569742305,0.0,0.0,0.656414463700542,1.179598448707768,1.9110422135807679,0.639911259500979
6.3134657690840275,-2.7866670655630124,0.0,0.0,0.0,8.944988569742305,0.0,0.0,1.072662281251803,3.538795346123304,0.9463626819359487,0.2637409109445279
6.023948969606698,-0.4106579231213278,2.1528407992791307,0.0,0.0,8.944988569742305,3.3256432633455386,3.038321572734365,0.656414463700542,1.843901131787851,1.8927253638718975,0.02419338211248408
6.0242946674161635,-0.4368697950326277,0.0,0.0,0.0,8.944988569742305,0.0,0.0,0.656414463700542,1.843901131787851,0.4731813409679744,-0.460121203408758
6.370091377394571,-0.48521415725108064,2.1528407992791307,0.0,0.0,8.944988569742305,0.0,0.0,1.3811084655503212,2.359196897415536,1.6561346933879104,0.6354837468149122
6.3134657690840275,-2.7866670655630124,0.0,0.0,0.0,8.944988569742305,0.0,0.0,0.8581298250014423,2.359196897415536,0.004731813409679744,0.8122446968003693
5.5751958586328065,-0.39931829659161844,0.0,0.0,4.919380916392177,8.944988569742305,3.3256432633455386,3.038321572734365,0.656414463700542,3.5951801519715354,1.4195440229039231,1.653277152283784
6.3062322149123,-2.1410708048321774,0.0,0.0,0.0,8.944988569742305,0.0,0.0,4.290649125007212e-05,2.359196897415536,0.9463626819359487,-0.3841226480657678
6.483834559988072,-2.1367138545539226,2.1528407992791307,0.0,0.0,8.944988569742305,0.0,0.0,0.656414463700542,3.0087073952430075,2.3185885707430747,1.346198830409355
6.3062322149123,-2.1410708048321774,0.0,0.0,0.0,8.944988569742305,0.0,0.0,4.290649125007212e-05,0.16281903019637425,1.4195440229039231,-2.05603448275861
6.023948969606698,-0.4106579231213278,2.1528407992791307,0.0,0.0,8.944988569742305,3.3256432633455386,3.038321572734365,0.656414463700542,0.589799224353884,1.4194045335023762,-0.02059282371294896
6.251633611065803,-2.0218098735320975,0.0,0.0,0.0,8.944988569742305,0.0,0.0,4.290649125007212e-05,0.8340162095836482,0.9463626819359487,0.1206896551724121
6.3062322149123,-2.1410708048321774,0.0,0.0,0.0,8.944988569742305,0.0,0.0,0.0004290649125007212,2.359196897415536,1.4195440229039231,0.0
6.3134657690840275,-2.7866670655630124,0.0,0.0,0.0,8.944988569742305,0.0,0.0,3.217986843755409,3.538795346123304,0.4731813409679744,-0.01844926170390164
6.3062322149123,-2.1410708048321774,0.0,0.0,0.0,8.944988569742305,0.0,0.0,4.290649125007212e-05,1.6425436558876187,1.4195440229039231,0.03448275862068784
6.880207652694256,-1.0356744295656077,0.0,0.0,0.0,8.944988569742305,0.0,0.0,1.7162596500028847e-06,0.2359196897415536,0.4731813409679744,-0.3279021420642826
6.3134657690840275,-2.7866670655630124,0.0,0.0,0.0,8.944988569742305,0.0,0.0,5.363311406259014,3.538795346123304,0.04731813409679744,-0.14066513997672
6.651635099206121,-0.5108874221979807,2.1528407992791307,0.0,0.0,8.944988569742305,0.0,0.0,0.656414463700542,0.4548814721844844,0.9463626819359487,-0.4266006465360775
6.370091377394571,-0.48521415725108064,2.1528407992791307,0.0,0.0,8.944988569742305,0.0,0.0,0.3596842580195296,2.359196897415536,1.4195440229039231,0.6901960800285137
6.382242841808487,-2.163668266710802,0.0,0.0,0.0,8.944988569742305,0.0,0.0,0.656414463700542,2.3043031040064714,0.4637177141486149,-0.2678362573099414
5.5751958586328065,-0.39931829659161844,0.0,0.0,4.919380916392177,8.944988569742305,3.3256432633455386,3.038321572734365,0.656414463700542,0.11803014893831978,1.4195440229039231,-1.092883061327005
5.563773565964425,-0.3583453099284167,2.1528407992791307,0.0,0.0,0.0,3.3256432633455386,3.038321572734365,0.656414463700542,1.179598448707768,1.4195440229039231,0.6901960800285137
6.350916602354423,-1.141612178518159,0.0,0.0,0.0,8.944988569742305,0.0,0.0,0.656414463700542,0.4718393794831072,0.9463626819359487,-1.23858934503561
6.351541690632111,-1.2853784999372788,0.0,0.0,0.0,8.944988569742305,3.3256432633455386,3.038321572734365,0.21453245625036058,1.179598448707768,0.2365906704839872,0.4623084667179462
6.3062322149123,-2.1410708048321774,0.0,0.0,0.0,8.944988569742305,0.0,0.0,4.290649125007212e-05,2.359196897415536,1.4195440229039231,0.07980012213427638
6.3134657690840275,-2.7866670655630124,0.0,0.0,0.0,8.944988569742305,0.0,0.0,4.290649125007212e-05,2.359196897415536,4.731813409679744,0.380211241711606
1.452241771504827,-1.1151453338180135,0.0,0.0,0.0,8.944988569742305,3.3256432633455386,3.038321572734365,0.004290649125007212,0.2359196897415536,1.4195440229039231,0.173186268412274
6.370091377394571,-0.48521415725108064,2.1528407992791307,0.0,0.0,8.944988569742305,0.0,0.0,2.209774403010339,2.359196897415536,1.6561346933879104,0.3636119798921443
6.3062322149123,-2.1410708048321774,0.0,0.0,0.0,8.944988569742305,0.0,0.0,4.290649125007212e-05,2.359196897415536,0.9463626819359487,-0.3841226480657678
6.370091377394571,-0.48521415725108064,2.1528407992791307,0.0,0.0,8.944988569742305,0.0,0.0,0.18515867234056121,2.359196897415536,1.4195440229039231,0.8897968700686152
6.370091377394571,-0.48521415725108064,2.1528407992791307,0.0,0.0,8.944988569742305,0.0,0.0,0.0025412442105136462,2.359196897415536,1.4195440229039231,0.2304489213782739
6.517363800215063,-0.49805078972453065,2.1528407992791307,0.0,0.0,8.944988569742305,0.0,0.0,4.290649125007212e-05,2.59511658715709,1.8927253638718975,1.070422535211266
6.3134657690840275,-2.7866670655630124,0.0,0.0,0.0,8.944988569742305,0.0,0.0,4.290649125007212e-05,2.359196897415536,1.4195440229039231,0.3502480183341629
6.166840866694848,-1.9621794078820578,0.0,5.231902810406923,0.0,8.944988569742305,0.0,0.0,0.0004290649125007212,2.359196897415536,1.4195440229039231,1.394451680826216
6.3134657690840275,-2.7866670655630124,0.0,0.0,0.0,8.944988569742305,0.0,0.0,4.290649125007212e-05,2.359196897415536,1.4195440229039231,0.290034611362518
6.3331585887517,-2.0690960045916653,0.0,0.0,0.0,8.944988569742305,0.0,0.0,0.0031933585177778673,2.3120129594672254,0.004731813409679744,-0.004364805402450088
6.370091377394571,-0.48521415725108064,2.1528407992791307,0.0,0.0,8.944988569742305,0.0,0.0,0.003987712134185203,2.359196897415536,1.4195440229039231,-0.006203087965272839
1.452241771504827,-1.1151453338180135,0.0,0.0,0.0,8.944988569742305,0.0,3.038321572734365,0.656414463700542,0.2359196897415536,0.9463626819359487,-0.2365720064370627
6.3134657690840275,-2.7866670655630124,0.0,0.0,0.0,8.944988569742305,0.0,0.0,0.656414463700542,2.5080386296734827,0.4731813409679744,-0.5408689174769996
6.370091377394571,-0.48521415725108064,2.1528407992791307,0.0,0.0,8.944988569742305,0.0,0.0,4.290649125007212e-05,1.8883059150851897,1.4195440229039231,0.6218068535825538
6.3134657690840275,-2.7866670655630124,0.0,0.0,0.0,8.944988569742305,0.0,0.0,0.42906491250072115,3.538795346123304,0.4731813409679744,-0.1986570869544228
6.370091377394571,-0.48521415725108064,2.1528407992791307,0.0,0.0,8.944988569742305,0.0,0.0,4.290649125007212e-05,2.59511658715709,0.9463626819359487,0.8305886686851442
6.3331585887517,-2.0690960045916653,0.0,0.0,0.0,8.944988569742305,0.0,0.0,3.604145265006058e-06,2.359196897415536,0.4240996600133893,0.09022556390977356
6.166840866694848,-1.9621794078820578,0.0,5.231902810406923,0.0,8.944988569742305,0.0,0.0,4.290649125007212e-05,0.9597401714438194,0.9463626819359487,0.9612068965517243
6.207008896919573,-0.46643840803057535,2.1528407992791307,0.0,0.0,8.944988569742305,0.0,0.0,0.27622212217497677,2.359196897415536,1.6561346933879104,1.02938377768521
6.3134657690840275,-2.7866670655630124,0.0,0.0,0.0,8.944988569742305,0.0,0.0,5.363311406259014,3.538795346123304,1.8927253638718975,-0.07996729962314643
6.166840866694848,-1.9621794078820578,0.0,5.231902810406923,0.0,8.944988569742305,0.0,0.0,4.290649125007212e-05,0.1180745018399912,0.9463626819359487,-0.8232758620689614
6.63623325428249,-1.3377016275135372,0.0,0.0,0.0,8.944988569742305,0.0,0.0,0.656414463700542,1.179598448707768,1.3957098787593663,-0.2099009373137068
6.3134657690840275,-2.7866670655630124,0.0,0.0,0.0,8.944988569742305,0.0,0.0,1.072662281251803,3.538795346123304,2.8390880458078462,0.7204210054216508
6.3134657690840275,-2.7866670655630124,0.0,0.0,0.0,8.944988569742305,0.0,0.0,4.290649125007212e-05,2.359196897415536,2.8390880458078462,0.6106601630898799
6.251633611065803,-2.0218098735320975,0.0,0.0,0.0,8.944988569742305,0.0,0.0,4.290649125007212e-05,2.359196897415536,0.4731813409679744,-0.01749782701560991
6.096950807753223,-1.6447201886589844,0.0,0.0,0.0,8.944988569742305,0.0,0.0,0.04719714037507933,0.2359196897415536,1.8974571772815771,0.4683473304121573
6.166840866694848,-1.9621794078820578,0.0,5.231902810406923,0.0,8.944988569742305,0.0,0.0,4.290649125007212e-05,2.359196897415536,0.9463626819359487,1.133825549864817
6.3134657690840275,-2.7866670655630124,0.0,0.0,0.0,8.944988569742305,0.0,0.0,4.290649125007212e-05,2.359196897415536,0.004731813409679744,-2.705549293202082
6.370091377394571,-0.48521415725108064,2.1528407992791307,0.0,0.0,8.944988569742305,0.0,0.0,0.656414463700542,1.179598448707768,3.2863106584103177,0.7168825761045695
5.5751958586328065,-0.39931829659161844,0.0,0.0,4.919380916392177,8.944988569742305,3.3256432633455386,3.038321572734365,0.656414463700542,0.7305088049064389,1.4195440229039231,0.3534526924483971
6.251633611065803,-2.0218098735320975,0.0,0.0,0.0,8.944988569742305,0.0,0.0,4.290649125007212e-05,2.359196897415536,2.8390880458078462,1.076276352144377
5.513046661084232,-1.6430310106767856,0.0,0.0,0.0,8.944988569742305,3.3256432633455386,3.038321572734365,0.656414463700542,1.179598448707768,1.4195440229039231,0.7075701760979364
6.3134657690840275,-2.7866670655630124,0.0,0.0,0.0,8.944988569742305,0.0,0.0,0.004308326599402241,2.359196897415536,0.9463626819359487,0.2050678430236896
6.3062322149123,-2.1410708048321774,0.0,0.0,0.0,8.944988569742305,0.0,0.0,4.290649125007212e-05,2.359196897415536,1.8927253638718975,0.4679182470163208
6.166840866694848,-1.9621794078820578,0.0,5.231902810406923,0.0,8.944988569742305,0.0,0.0,4.290649125007212e-05,2.359196897415536,1.8927253638718975,1.283198266190026
6.023948969606698,-0.4106579231213278,2.1528407992791307,0.0,0.0,8.944988569742305,3.3256432633455386,3.038321572734365,0.656414463700542,0.7077590692246608,0.9463626819359487,0.8248316567500222
6.370091377394571,-0.48521415725108064,2.1528407992791307,0.0,0.0,8.944988569742305,0.0,0.0,0.656414463700542,1.179598448707768,1.6561346933879104,0.3463529744506387
6.3134657690840275,-2.7866670655630124,0.0,0.0,0.0,8.944988569742305,0.0,0.0,0.8581298250014423,2.359196897415536,0.004731813409679744,0.8965262174895553
6.370091377394571,-0.48521415725108064,2.1528407992791307,0.0,0.0,8.944988569742305,0.0,0.0,0.0004290649125007212,2.359196897415536,0.4731813409679744,0.3480198017392754
6.862931093951993,-2.2390440352924985,2.1528407992791307,0.0,0.0,8.944988569742305,0.0,0.0,0.656414463700542,1.179598448707768,0.4625607857699482,-0.528820300569675
6.3134657690840275,-2.7866670655630124,0.0,0.0,0.0,8.944988569742305,0.0,0.0,0.656414463700542,2.359196897415536,5.0813524662527865,0.4415191304571257
5.816018637982997,-0.4013620652876248,2.1528407992791307,0.0,0.0,8.944988569742305,3.3256432633455386,3.038321572734365,0.656414463700542,1.179598448707768,2.8390880458078462,0.6989700043360189
6.3134657690840275,-2.7866670655630124,0.0,0.0,0.0,8.944988569742305,0.0,0.0,0.24673291980371473,2.359196897415536,0.9463626819359487,-0.110008534838633
6.3134657690840275,-2.7866670655630124,0.0,0.0,0.0,8.944988569742305,0.0,0.0,0.656414463700542,1.3793186212553776,0.9463626819359487,-0.5829875518672214
6.370091377394571,-0.48521415725108064,2.1528407992791307,0.0,0.0,8.944988569742305,0.0,0.0,2.4224404268913218,2.359196897415536,1.4195440229039231,0.1166176813015091
6.3331585887517,-2.0690960045916653,0.0,0.0,0.0,8.944988569742305,0.0,0.0,0.656414463700542,1.843901131787851,4.731813409679744,0.9049868953301389
6.251633611065803,-2.0218098735320975,0.0,0.0,0.0,8.944988569742305,0.0,0.0,4.290649125007212e-05,2.359196897415536,0.004731813409679744,-2.323341080224196
6.3134657690840275,-2.7866670655630124,0.0,0.0,0.0,8.944988569742305,0.0,0.0,0.8581298250014423,2.359196897415536,0.004731813409679744,0.8965262174895553
5.790364979199717,-0.4459533697121834,2.1528407992791307,0.0,0.0,0.0,3.3256432633455386,3.038321572734365,0.656414463700542,1.179598448707768,2.8390880458078462,0.6020599913279624
6.370110699083509,-0.46254305997952777,0.0,0.0,0.0,8.944988569742305,0.0,0.0,0.656414463700542,1.843901131787851,0.9463626819359487,0.1066751967046165
6.370091377394571,-0.48521415725108064,2.1528407992791307,0.0,0.0,8.944988569742305,0.0,0.0,1.8414822447162202,2.59511658715709,0.2365906704839872,-0.01733477789815788
6.3134657690840275,-2.7866670655630124,0.0,0.0,0.0,8.944988569742305,0.0,0.0,4.290649125007212e-05,2.359196897415536,2.8390880458078462,0.6211762817750351
5.673394347164686,0.0,0.0,0.0,0.0,0.0,0.0,0.0,0.656414463700542,2.59511658715709,1.8875203691212499,1.362275079783117
6.3134657690840275,-2.7866670655630124,0.0,0.0,0.0,8.944988569742305,0.0,0.0,4.290649125007212,3.538795346123304,0.9463626819359487,0.04614998447069624
1.3981016395739596,-4.682388127177302,0.0,0.0,0.0,8.944988569742305,0.0,0.0,0.018020726325030288,0.4718393794831072,0.004731813409679744,-2.698970004336019
5.673394347164686,0.0,0.0,0.0,0.0,0.0,0.0,0.0,0.656414463700542,2.59511658715709,0.005204994750647718,-1.351639989019068
6.3134657690840275,-2.7866670655630124,0.0,0.0,0.0,8.944988569742305,0.0,0.0,0.656414463700542,0.23324671965678181,0.9463626819359487,-1.97095435684647
6.370091377394571,-0.48521415725108064,2.1528407992791307,0.0,0.0,8.944988569742305,0.0,0.0,0.0004290649125007212,2.359196897415536,1.6561346933879104,1.143014800254095
6.483834559988072,-2.1367138545539226,2.1528407992791307,0.0,0.0,8.944988569742305,0.0,0.0,0.656414463700542,1.843901131787851,1.329270486674053,0.4271453189369645
6.370091377394571,-0.48521415725108064,2.1528407992791307,0.0,0.0,8.944988569742305,0.0,0.0,4.290649125007212e-05,2.59511658715709,0.4731813409679744,0.1128752143459643
5.5751958586328065,-0.39931829659161844,0.0,0.0,4.919380916392177,8.944988569742305,3.3256432633455386,3.038321572734365,0.21453245625036058,1.179598448707768,1.6561346933879104,0.3483048630481607
6.370091377394571,-0.48521415725108064,2.1528407992791307,0.0,0.0,8.944988569742305,0.0,0.0,2.7102914953898054,2.359196897415536,1.4195440229039231,0.06037703633173449
1.452241771504827,-1.1151453338180135,0.0,0.0,0.0,8.944988569742305,0.0,0.0,0.004290649125007212,0.4718393794831072,2.4574909533842235,1.030489322147899
6.63623325428249,-1.3377016275135372,0.0,0.0,0.0,8.944988569742305,0.0,0.0,0.656414463700542,0.237710320186692,0.9463626819359487,-1.613074447739991
6.207008896919573,-0.46643840803057535,2.1528407992791307,0.0,0.0,8.944988569742305,0.0,0.0,0.656414463700542,1.179598448707768,1.4351022253949501,0.4603305929511411
6.350916602354423,-1.141612178518159,0.0,0.0,0.0,8.944988569742305,0.0,0.0,0.656414463700542,0.2359196897415536,0.9463626819359487,-1.863570317441311
6.370091377394571,-0.48521415725108064,2.1528407992791307,0.0,0.0,8.944988569742305,0.0,0.0,1.8414822447162202,2.59511658715709,0.9463626819359487,0.5135427952329354
6.3134657690840275,-2.7866670655630124,0.0,0.0,0.0,8.944988569742305,0.0,0.0,0.8581298250014423,2.359196897415536,0.004731813409679744,0.8122446968003693
6.251633611065803,-2.0218098735320975,0.0,0.0,0.0,8.944988569742305,0.0,0.0,4.290649125007212e-05,1.113399383766288,0.9463626819359487,0.3318965517241376
6.370091377394571,-0.48521415725108064,2.1528407992791307,0.0,0.0,8.944988569742305,0.0,0.0,1.8414822447162202,2.59511658715709,1.4195440229039231,0.6435536294691222
6.3062322149123,-2.1410708048321774,0.0,0.0,0.0,8.944988569742305,0.0,0.0,4.290649125007212e-05,0.6576261351545807,1.4195440229039231,-0.8232758620689672
6.370091377394571,-0.48521415725108064,2.1528407992791307,0.0,0.0,8.944988569742305,0.0,0.0,3.1595095868306853,2.359196897415536,1.4195440229039231,0.02005766926485197
6.370091377394571,-0.48521415725108064,2.1528407992791307,0.0,0.0,8.944988569742305,0.0,0.0,1.4476778867248083,2.359196897415536,1.4195440229039231,0.5805468137587243
6.3331585887517,-2.0690960045916653,0.0,0.0,0.0,8.944988569742305,0.0,0.0,0.656414463700542,2.359196897415536,0.4731813409679744,0.006663850117991262
6.370091377394571,-0.48521415725108064,2.1528407992791307,0.0,0.0,8.944988569742305,0.0,0.0,1.898487808991066,2.359196897415536,1.4195440229039231,0.4070585517469932
6.3134657690840275,-2.7866670655630124,0.0,0.0,0.0,8.944988569742305,0.0,0.0,0.21453245625036058,0.013713917196800615,0.004731813409679744,-1.364902075136013
5.289171630699706,-0.35075535579301476,0.0,5.231902810406923,4.919380916392177,8.944988569742305,3.3256432633455386,3.038321572734365,0.656414463700542,1.179598448707768,1.4195440229039231,0.9956351945975499
6.3134657690840275,-2.7866670655630124,0.0,0.0,0.0,8.944988569742305,0.0,0.0,0.656414463700542,0.4630655262216189,0.9463626819359487,-1.572614107883811
6.3134657690840275,-2.7866670655630124,0.0,0.0,0.0,8.944988569742305,0.0,0.0,4.290649125007212e-05,2.359196897415536,2.8390880458078462,0.648364110491845
6.251633611065803,-2.0218098735320975,0.0,0.0,0.0,8.944988569742305,0.0,0.0,4.290649125007212e-05,2.359196897415536,0.004731813409679744,-2.323341080224196
6.382242841808487,-2.163668266710802,0.0,0.0,0.0,8.944988569742305,0.0,0.0,0.656414463700542,1.179598448707768,1.4349697346194792,0.272337896627725
6.3134657690840275,-2.7866670655630124,0.0,0.0,0.0,8.944988569742305,0.0,0.0,4.290649125007212e-05,2.359196897415536,1.4195440229039231,0.290034611362518
1.452241771504827,-1.1151453338180135,0.0,0.0,0.0,8.944988569742305,0.0,0.0,0.004290649125007212,0.2359196897415536,1.4195440229039231,0.359835482339888
6.370091377394571,-0.48521415725108064,2.1528407992791307,0.0,0.0,8.944988569742305,0.0,0.0,0.9207389770335476,2.59511658715709,1.8927253638718975,0.8949079089924165
6.517363800215063,-0.49805078972453065,2.1528407992791307,0.0,0.0,8.944988569742305,0.0,0.0,0.656414463700542,1.179598448707768,1.6561346933879104,0.3324384599156053
6.3331585887517,-2.0690960045916653,0.0,0.0,0.0,8.944988569742305,0.0,0.0,4.290649125007212,2.359196897415536,1.4195440229039231,0.0
6.3134657690840275,-2.7866670655630124,0.0,0.0,0.0,8.944988569742305,0.0,0.0,4.290649125007212,2.359196897415536,1.4195440229039231,-0.2688453122925803
6.3331585887517,-2.0690960045916653,0.0,0.0,0.0,8.944988569742305,0.0,0.0,0.21453245625036058,0.0826322868501176,0.004731813409679744,-0.7718752999018175
6.370091377394571,-0.48521415725108064,2.1528407992791307,0.0,0.0,8.944988569742305,0.0,0.0,0.0028882933649898544,2.359196897415536,1.4195440229039231,0.2182287808022146
6.3331585887517,-2.0690960045916653,0.0,0.0,0.0,8.944988569742305,0.0,0.0,0.21453245625036058,0.4831470102124199,0.48027906108249396,-1.516444298028881
6.023948969606698,-0.4106579231213278,2.1528407992791307,0.0,0.0,8.944988569742305,3.3256432633455386,3.038321572734365,0.656414463700542,1.0396013456182327,0.9463626819359487,0.5459451160618883
6.051856661653243,-2.5977402151032103,0.0,0.0,0.0,8.944988569742305,0.0,0.0,0.656414463700542,1.179598448707768,0.7023288689585353,-0.9126967386229311
6.3331585887517,-2.0690960045916653,0.0,0.0,0.0,8.944988569742305,0.0,0.0,0.21453245625036058,3.9421944236123867,0.48027906108249396,0.8197624407474513
6.889163033067114,-0.5330199125051337,2.1528407992791307,0.0,0.0,8.944988569742305,3.3256432633455386,3.038321572734365,0.656414463700542,1.843901131787851,1.4195440229039231,0.08054025763564433
6.3134657690840275,-2.7866670655630124,0.0,0.0,0.0,8.944988569742305,0.0,0.0,4.290649125007212,3.538795346123304,1.8927253638718975,0.06345484267917818
6.3134657690840275,-2.7866670655630124,0.0,0.0,0.0,8.944988569742305,0.0,0.0,0.8581298250014423,2.359196897415536,0.004731813409679744,0.5118833609788743
6.000954685003887,-1.2097777645319656,0.0,0.0,4.919380916392177,8.944988569742305,0.0,3.038321572734365,0.656414463700542,2.359196897415536,1.8927253638718975,0.8792796600840976
1.452241771504827,-1.1151453338180135,0.0,0.0,0.0,8.944988569742305,0.0,0.0,0.018026432888366545,0.047183937948310724,1.4195440229039231,-0.51427857351842
6.370091377394571,-0.48521415725108064,2.1528407992791307,0.0,0.0,8.944988569742305,0.0,0.0,3.417343274050619,2.359196897415536,1.4195440229039231,-0.03068512285530053
6.370091377394571,-0.48521415725108064,2.1528407992791307,0.0,0.0,8.944988569742305,0.0,0.0,5.524425280903035,2.59511658715709,1.8927253638718975,0.6977248104008661
6.3134657690840275,-2.7866670655630124,0.0,0.0,0.0,8.944988569742305,0.0,0.0,0.42906491250072115,3.538795346123304,0.04731813409679744,-1.441695135640719
6.517363800215063,-0.49805078972453065,2.1528407992791307,0.0,0.0,8.944988569742305,0.0,0.0,4.290649125007212e-05,0.9423410943253798,1.4195440229039231,0.2944963655243999
5.563773565964425,-0.3583453099284167,2.1528407992791307,0.0,0.0,0.0,3.3256432633455386,3.038321572734365,0.656414463700542,1.179598448707768,2.8390880458078462,0.6434526764861874
6.3134657690840275,-2.7866670655630124,0.0,0.0,0.0,8.944988569742305,0.0,0.0,4.290649125007212e-05,0.27437459916942686,0.9463626819359487,-1.517084431448743
6.889163033067114,-0.5330199125051337,2.1528407992791307,0.0,0.0,8.944988569742305,3.3256432633455386,3.038321572734365,0.656414463700542,0.4718393794831072,1.4194045335023762,0.1266770670826814
6.3134657690840275,-2.7866670655630124,0.0,0.0,0.0,8.944988569742305,0.0,0.0,3.217986843755409,3.538795346123304,2.365906704839872,0.18155415475718
6.370091377394571,-0.48521415725108064,2.1528407992791307,0.0,0.0,8.944988569742305,0.0,0.0,4.281724574827196,2.359196897415536,1.4195440229039231,-0.1762586357436119
6.3134657690840275,-2.7866670655630124,0.0,0.0,0.0,8.944988569742305,0.0,0.0,4.290649125007212e-05,1.0953751194700334,0.9463626819359487,-0.2340726776061404
6.370091377394571,-0.48521415725108064,2.1528407992791307,0.0,0.0,8.944988569742305,0.0,0.0,2.8882933649898543,2.359196897415536,1.4195440229039231,0.2182287808022119
6.166840866694848,-1.9621794078820578,0.0,5.231902810406923,0.0,8.944988569742305,0.0,0.0,4.290649125007212e-05,2.359196897415536,2.365906704839872,1.253437245309724
6.3134657690840275,-2.7866670655630124,0.0,0.0,0.0,8.944988569742305,0.0,0.0,1.072662281251803,3.538795346123304,2.8390880458078462,0.7204210054216508
6.370091377394571,-0.48521415725108064,2.1528407992791307,0.0,0.0,8.944988569742305,3.3256432633455386,3.038321572734365,0.21453245625036058,1.179598448707768,3.312269386775821,0.5000216558101156
6.517363800215063,-0.49805078972453065,2.1528407992791307,0.0,0.0,8.944988569742305,0.0,0.0,4.290649125007212e-05,2.59511658715709,1.4195440229039231,1.204119982655925
6.370091377394571,-0.48521415725108064,2.1528407992791307,0.0,0.0,8.944988569742305,0.0,0.0,0.3779413991113478,2.359196897415536,1.4195440229039231,0.6052964725395565
6.3134657690840275,-2.7866670655630124,0.0,0.0,0.0,8.944988569742305,0.0,0.0,4.290649125007212e-05,2.359196897415536,1.4195440229039231,0.3502480183341629
6.251633611065803,-2.0218098735320975,0.0,0.0,0.0,8.944988569742305,0.0,0.0,4.290649125007212e-05,0.13921620891649078,0.9463626819359487,-1.629310344827578
6.3062322149123,-2.1410708048321774,0.0,0.0,0.0,8.944988569742305,0.0,0.0,4.290649125007212e-05,2.359196897415536,2.365906704839872,0.6373245098685487
6.370091377394571,-0.48521415725108064,2.1528407992791307,0.0,0.0,8.944988569742305,0.0,0.0,0.0004290649125007212,2.359196897415536,0.04731813409679744,-0.04170093891793042
6.63623325428249,-1.3377016275135372,0.0,0.0,0.0,8.944988569742305,0.0,0.0,0.656414463700542,1.179598448707768,4.180301629527931,0.2533637564272291
6.023948969606698,-0.4106579231213278,2.1528407992791307,0.0,0.0,8.944988569742305,3.3256432633455386,3.038321572734365,0.656414463700542,0.7057089271208067,1.4194045335023762,0.2845428661815921
6.166840866694848,-1.9621794078820578,0.0,5.231902810406923,0.0,8.944988569742305,0.0,0.0,4.290649125007212e-05,1.1976038394288433,0.9463626819359487,1.142241379310341
6.251633611065803,-2.0218098735320975,0.0,0.0,0.0,8.944988569742305,0.0,0.0,0.0004290649125007212,2.359196897415536,1.4195440229039231,0.8976270912904415
6.3134657690840275,-2.7866670655630124,0.0,0.0,0.0,8.944988569742305,0.0,0.0,3.604145265006058e-06,2.359196897415536,0.33649013473316886,-0.9510050251256278
6.3134657690840275,-2.7866670655630124,0.0,0.0,0.0,8.944988569742305,0.0,0.0,0.21453245625036058,0.45097936051615906,0.48027906108249396,-2.144640275261264
1.452241771504827,-1.1151453338180135,0.0,0.0,0.0,8.944988569742305,0.0,0.0,0.004290649125007212,0.9575390407385307,0.004731813409679744,0.6244897959183671
6.3134657690840275,-2.7866670655630124,0.0,0.0,0.0,8.944988569742305,0.0,0.0,4.290649125007212e-05,2.359196897415536,1.4195440229039231,0.3463529744506387
6.3134657690840275,-2.7866670655630124,0.0,0.0,0.0,8.944988569742305,0.0,0.0,0.21453245625036058,0.013713917196800615,0.004731813409679744,-1.364902075136013
6.3134657690840275,-2.7866670655630124,0.0,0.0,0.0,8.944988569742305,0.0,0.0,0.21453245625036058,0.03706463469622626,0.004731813409679744,-0.4168875174404437
6.517363800215063,-0.49805078972453065,2.1528407992791307,0.0,0.0,8.944988569742305,0.0,0.0,4.290649125007212e-05,2.59511658715709,1.4195440229039231,0.9296083526018456
6.370091377394571,-0.48521415725108064,2.1528407992791307,0.0,0.0,8.944988569742305,0.0,0.0,0.002904014303383881,2.359196897415536,1.4195440229039231,0.07918124604762482
6.207008896919573,-0.46643840803057535,2.1528407992791307,0.0,0.0,8.944988569742305,0.0,0.0,0.656414463700542,1.179598448707768,2.8442220633573485,0.7386467155148417
6.3134657690840275,-2.7866670655630124,0.0,0.0,0.0,8.944988569742305,0.0,0.0,2.145324562503606,3.538795346123304,1.4195440229039231,0.249877473216598
6.370091377394571,-0.48521415725108064,2.1528407992791307,0.0,0.0,8.944988569742305,0.0,0.0,4.290649125007212e-05,2.59511658715709,1.4195440229039231,0.8650979287404373
6.351541690632111,-1.2853784999372788,0.0,0.0,0.0,8.944988569742305,3.3256432633455386,3.038321572734365,0.21453245625036058,1.179598448707768,1.6561346933879104,0.414973347970818
6.166840866694848,-1.9621794078820578,0.0,5.231902810406923,0.0,8.944988569742305,0.0,0.0,4.290649125007212e-05,0.718915711352539,0.9463626819359487,0.7672413793103442
6.023948969606698,-0.4106579231213278,2.1528407992791307,0.0,0.0,8.944988569742305,3.3256432633455386,3.038321572734365,0.656414463700542,0.589799224353884,1.4194045335023762,-0.1141965678627143
6.370079216007953,-0.4697951491172244,2.1528407992791307,0.0,4.919380916392177,8.944988569742305,3.3256432633455386,3.038321572734365,0.656414463700542,0.4718393794831072,1.4194045335023762,-0.1953198127925111
6.023948969606698,-0.4106579231213278,2.1528407992791307,0.0,0.0,8.944988569742305,3.3256432633455386,3.038321572734365,0.656414463700542,0.589799224353884,1.4194045335023762,0.1765990639625574
1.3981016395739596,-4.682388127177302,0.0,0.0,0.0,8.944988569742305,0.0,0.0,1.7162596500028847e-06,0.2359196897415536,0.4731813409679744,-1.290730039024169
6.251633611065803,-2.0218098735320975,0.0,0.0,0.0,8.944988569742305,0.0,0.0,4.290649125007212e-05,2.359196897415536,0.04731813409679744,-0.7628438624246476
6.350916602354423,-1.141612178518159,0.0,0.0,0.0,8.944988569742305,0.0,0.0,0.656414463700542,0.7077590692246608,0.9463626819359487,-0.8340240248307097
6.3134657690840275,-2.7866670655630124,0.0,0.0,0.0,8.944988569742305,0.0,0.0,4.290649125007212e-05,2.359196897415536,0.9463626819359487,0.07554696139253074
5.673394347164686,0.0,0.0,0.0,0.0,0.0,0.0,0.0,0.656414463700542,2.59511658715709,2.8390880458078462,1.483396136807168
6.3062322149123,-2.1410708048321774,0.0,0.0,0.0,8.944988569742305,0.0,0.0,0.0004290649125007212,2.359196897415536,1.4195440229039231,-0.2218487496163564
6.251633611065803,-2.0218098735320975,0.0,0.0,0.0,8.944988569742305,0.0,0.0,4.290649125007212e-05,2.359196897415536,1.8927253638718975,0.9881114906350605
6.3134657690840275,-2.7866670655630124,0.0,0.0,0.0,8.944988569742305,0.0,0.0,4.290649125007212e-05,2.359196897415536,1.4195440229039231,0.3283796034387377
6.3331585887517,-2.0690960045916653,0.0,0.0,0.0,8.944988569742305,0.0,0.0,0.656414463700542,2.359196897415536,0.10348381290701407,-1.071860922666721
6.3134657690840275,-2.7866670655630124,0.0,0.0,0.0,8.944988569742305,0.0,0.0,0.0004290649125007212,2.359196897415536,1.4195440229039231,0.146128035678238
6.3134657690840275,-2.7866670655630124,0.0,0.0,0.0,8.944988569742305,0.0,0.0,0.21453245625036058,0.03706463469622626,0.004731813409679744,-0.4168875174404437
6.207008896919573,-0.46643840803057535,2.1528407992791307,0.0,0.0,8.944988569742305,0.0,0.0,0.656414463700542,2.359196897415536,2.7571992829399283,1.900826446281001
6.370091377394571,-0.48521415725108064,2.1528407992791307,0.0,0.0,8.944988569742305,0.0,0.0,0.0004290649125007212,2.359196897415536,0.4731813409679744,0.3029055729718366
6.3134657690840275,-2.7866670655630124,0.0,0.0,0.0,8.944988569742305,0.0,0.0,4.290649125007212,3.538795346123304,0.04731813409679744,-0.168693863576964
6.3134657690840275,-2.7866670655630124,0.0,0.0,0.0,8.944988569742305,0.0,0.0,4.290649125007212e-05,2.359196897415536,2.8390880458078462,0.6211762817750351
6.63623325428249,-1.3377016275135372,0.0,0.0,0.0,8.944988569742305,0.0,0.0,0.656414463700542,1.179598448707768,4.661829889350581,0.2183393686410296
6.3134657690840275,-2.7866670655630124,0.0,0.0,0.0,8.944988569742305,0.0,0.0,1.072662281251803,3.538795346123304,2.365906704839872,0.7189234367587567
6.3134657690840275,-2.7866670655630124,0.0,0.0,0.0,8.944988569742305,0.0,0.0,3.217986843755409,3.538795346123304,2.8390880458078462,0.1657598875739492
6.370091377394571,-0.48521415725108064,2.1528407992791307,0.0,0.0,8.944988569742305,0.0,0.0,3.6829601987833156,2.59511658715709,0.4731813409679744,0.2166847237269759
6.207008896919573,-0.46643840803057535,2.1528407992791307,0.0,0.0,8.944988569742305,0.0,0.0,0.656414463700542,0.45436716726084775,1.6561346933879104,-0.2383566602316601
6.517363800215063,-0.49805078972453065,2.1528407992791307,0.0,0.0,8.944988569742305,0.0,0.0,4.290649125007212e-05,2.59511658715709,0.9463626819359487,1.021189299069938
6.166840866694848,-1.9621794078820578,0.0,5.231902810406923,0.0,8.944988569742305,0.0,0.0,4.290649125007212e-05,2.359196897415536,1.8927253638718975,1.283198266190026
6.0242946674161635,-0.4368697950326277,0.0,0.0,0.0,8.944988569742305,0.0,0.0,0.656414463700542,0.2359196897415536,1.4194045335023762,-1.487912814690911
6.889163033067114,-0.5330199125051337,2.1528407992791307,0.0,0.0,8.944988569742305,3.3256432633455386,3.038321572734365,0.656414463700542,0.4718393794831072,1.4194045335023762,-0.2165366614664583
6.3331585887517,-2.0690960045916653,0.0,0.0,0.0,8.944988569742305,0.0,0.0,0.21453245625036058,0.0470407346966376,0.004731813409679744,-1.278559880703671
6.370079216007953,-0.4697951491172244,2.1528407992791307,0.0,4.919380916392177,8.944988569742305,3.3256432633455386,3.038321572734365,0.656414463700542,0.47273823350102256,1.4194045335023762,0.0992694619521627
6.3134657690840275,-2.7866670655630124,0.0,0.0,0.0,8.944988569742305,0.0,0.0,1.072662281251803,3.538795346123304,1.4195440229039231,0.5209109372834104
6.051856661653243,-2.5977402151032103,0.0,0.0,0.0,8.944988569742305,0.0,0.0,0.656414463700542,1.179598448707768,0.9334353677007037,-0.612646032378238
1.452241771504827,-1.1151453338180135,0.0,0.0,0.0,8.944988569742305,0.0,0.0,0.656414463700542,0.2359196897415536,0.4731813409679744,-0.8239087409443188
6.166840866694848,-1.9621794078820578,0.0,5.231902810406923,0.0,8.944988569742305,0.0,0.0,4.290649125007212e-05,2.359196897415536,0.4731813409679744,0.8035528064607984
6.3134657690840275,-2.7866670655630124,0.0,0.0,0.0,8.944988569742305,0.0,0.0,2.1345507425507124,2.359196897415536,0.9463626819359487,-0.3135371308479524
6.370091377394571,-0.48521415725108064,2.1528407992791307,0.0,0.0,8.944988569742305,3.3256432633455386,3.038321572734365,0.21453245625036058,1.179598448707768,0.2365906704839872,0.5539402549876365
6.3134657690840275,-2.7866670655630124,0.0,0.0,0.0,8.944988569742305,0.0,0.0,0.21453245625036058,0.08947442969200214,0.004731813409679744,0.2627398291759235
6.3134657690840275,-2.7866670655630124,0.0,0.0,0.0,8.944988569742305,0.0,0.0,0.656414463700542,2.359196897415536,0.9463626819359487,-0.2225132903568139
6.3331585887517,-2.0690960045916653,0.0,0.0,0.0,8.944988569742305,0.0,0.0,3.604145265006058e-06,2.359196897415536,0.47454883504337186,0.180451127819548
6.370110699083509,-0.46254305997952777,0.0,0.0,0.0,8.944988569742305,0.0,0.0,0.656414463700542,1.843901131787851,4.258632068711769,0.4741255587590221
6.0242946674161635,-0.4368697950326277,0.0,0.0,0.0,8.944988569742305,0.0,0.0,0.656414463700542,1.179598448707768,0.9463626819359487,0.1003705451175629
6.3134657690840275,-2.7866670655630124,0.0,0.0,0.0,8.944988569742305,0.0,0.0,0.656414463700542,1.843901131787851,3.312269386775821,0.5972924522285327
6.3134657690840275,-2.7866670655630124,0.0,0.0,0.0,8.944988569742305,0.0,0.0,4.290649125007212e-05,2.359196897415536,1.4195440229039231,0.3463529744506387
5.816018637982997,-0.4013620652876248,2.1528407992791307,0.0,0.0,8.944988569742305,3.3256432633455386,3.038321572734365,0.656414463700542,1.179598448707768,1.4195440229039231,0.7075701760979364
1.452241771504827,-1.1151453338180135,0.0,0.0,0.0,8.944988569742305,0.0,0.0,0.656414463700542,0.2359196897415536,0.04750740663318463,-1.452991452991453
6.3062322149123,-2.1410708048321774,0.0,0.0,0.0,8.944988569742305,0.0,0.0,0.0004290649125007212,2.359196897415536,1.4195440229039231,0.3222192947339193
6.370091377394571,-0.48521415725108064,2.1528407992791307,0.0,0.0,8.944988569742305,3.3256432633455386,3.038321572734365,0.21453245625036058,1.179598448707768,1.4195440229039231,0.4655717305742211
6.251633611065803,-2.0218098735320975,0.0,0.0,0.0,8.944988569742305,0.0,0.0,4.290649125007212e-05,2.359196897415536,0.004731813409679744,-2.323341080224196
6.351541690632111,-1.2853784999372788,0.0,0.0,0.0,8.944988569742305,3.3256432633455386,3.038321572734365,0.21453245625036058,1.179598448707768,0.7097720114519616,-0.1059519103518204
1.452241771504827,-1.1151453338180135,0.0,0.0,0.0,8.944988569742305,0.0,0.0,0.004290649125007212,0.4718393794831072,1.9614123673268087,0.8670923337204245
6.3134657690840275,-2.7866670655630124,0.0,0.0,0.0,8.944988569742305,0.0,0.0,4.290649125007212,3.538795346123304,1.4195440229039231,0.07018822533816348
6.370091377394571,-0.48521415725108064,2.1528407992791307,0.0,0.0,8.944988569742305,0.0,0.0,2.7102914953898054,2.359196897415536,1.4195440229039231,0.06037703633173449
6.3062322149123,-2.1410708048321774,0.0,0.0,0.0,8.944988569742305,0.0,0.0,0.0004290649125007212,2.359196897415536,2.365906704839872,0.6380090497737567
6.651635099206121,-0.5108874221979807,2.1528407992791307,0.0,0.0,8.944988569742305,0.0,0.0,0.656414463700542,1.179598448707768,3.316830854902752,0.6018447179733589
6.3331585887517,-2.0690960045916653,0.0,0.0,0.0,8.944988569742305,0.0,0.0,0.21453245625036058,1.4656958972604526,0.48027906108249396,-0.3061000384340861
6.382242841808487,-2.163668266710802,0.0,0.0,0.0,8.944988569742305,0.0,0.0,0.656414463700542,1.179598448707768,0.9879979081277208,-0.225488800760079
6.3134657690840275,-2.7866670655630124,0.0,0.0,0.0,8.944988569742305,0.0,0.0,2.145324562503606,3.538795346123304,0.4731813409679744,-0.05698339270242879
6.3134657690840275,-2.7866670655630124,0.0,0.0,0.0,8.944988569742305,0.0,0.0,4.290649125007212e-05,0.8244520253615255,0.9463626819359487,-0.5742492738010503
5.5751958586328065,-0.39931829659161844,0.0,0.0,4.919380916392177,8.944988569742305,3.3256432633455386,3.038321572734365,0.656414463700542,10.534451130122672,1.4195440229039231,2.036619573798714
6.3134657690840275,-2.7866670655630124,0.0,0.0,0.0,8.944988569742305,0.0,0.0,0.656414463700542,1.843901131787851,0.9463626819359487,-0.07265302803383195
6.000249476922834,-1.0892890509418929,0.0,0.0,0.0,8.944988569742305,0.0,0.0,0.656414463700542,1.179598448707768,0.9463626819359487,-0.5086383061657274
6.3134657690840275,-2.7866670655630124,0.0,0.0,0.0,8.944988569742305,0.0,0.0,4.290649125007212e-05,2.359196897415536,4.731813409679744,0.380211241711606
6.023948969606698,-0.4106579231213278,2.1528407992791307,0.0,0.0,8.944988569742305,3.3256432633455386,3.038321572734365,0.656414463700542,0.7077590692246608,1.8927253638718975,0.5433383280405261
6.023948969606698,-0.4106579231213278,2.1528407992791307,0.0,0.0,8.944988569742305,3.3256432633455386,3.038321572734365,0.656414463700542,0.7077590692246608,0.9463626819359487,1.200118221872587
1.452241771504827,-1.1151453338180135,0.0,0.0,0.0,8.944988569742305,0.0,0.0,0.656414463700542,0.2359196897415536,2.8318956894251333,1.310541310541309
6.351541690632111,-1.2853784999372788,0.0,0.0,0.0,8.944988569742305,0.0,0.0,3.604145265006058e-06,2.359196897415536,1.4350927617681308,0.3233082706766902
6.370091377394571,-0.48521415725108064,2.1528407992791307,0.0,0.0,8.944988569742305,0.0,0.0,0.004360629612236079,2.359196897415536,1.4195440229039231,-0.08633414873527538
6.370091377394571,-0.48521415725108064,2.1528407992791307,0.0,0.0,8.944988569742305,0.0,0.0,0.9207389770335476,2.59511658715709,0.2365906704839872,-0.04983748645720439
6.3331585887517,-2.0690960045916653,0.0,0.0,0.0,8.944988569742305,0.0,0.0,0.656414463700542,0.477083874186062,2.460542973033467,-0.1767337807606265
6.3134657690840275,-2.7866670655630124,0.0,0.0,0.0,8.944988569742305,0.0,0.0,4.290649125007212,3.538795346123304,2.8390880458078462,-0.04375512696868296
6.370091377394571,-0.48521415725108064,2.1528407992791307,0.0,0.0,8.944988569742305,0.0,0.0,0.0004290649125007212,2.359196897415536,2.365906704839872,0.6553852426545229
6.370091377394571,-0.48521415725108064,2.1528407992791307,0.0,0.0,8.944988569742305,0.0,0.0,0.0004290649125007212,2.359196897415536,2.365906704839872,1.100763643371112
6.351541690632111,-1.2853784999372788,0.0,0.0,0.0,8.944988569742305,0.0,0.0,3.604145265006058e-06,2.359196897415536,0.13903156114723314,-1.511278195488722
6.3062322149123,-2.1410708048321774,0.0,0.0,0.0,8.944988569742305,0.0,0.0,4.290649125007212e-05,1.6425436558876187,1.4195440229039231,0.03448275862068784
6.370091377394571,-0.48521415725108064,2.1528407992791307,0.0,0.0,8.944988569742305,0.0,0.0,0.0004290649125007212,2.359196897415536,0.004731813409679744,-0.03760465762697581
6.483834559988072,-2.1367138545539226,2.1528407992791307,0.0,0.0,8.944988569742305,0.0,0.0,0.656414463700542,3.630497329525846,2.3185885707430747,1.463157894736841
6.207008896919573,-0.46643840803057535,2.1528407992791307,0.0,0.0,8.944988569742305,0.0,0.0,0.656414463700542,2.359196897415536,1.8610364094672722,1.398347107438026
6.370091377394571,-0.48521415725108064,2.1528407992791307,0.0,0.0,8.944988569742305,0.0,0.0,0.656414463700542,1.179598448707768,3.7573106333964295,0.6365584913426995
6.3331585887517,-2.0690960045916653,0.0,0.0,0.0,8.944988569742305,0.0,0.0,0.656414463700542,2.359196897415536,3.3978868186105657,0.9163342758539162
6.3134657690840275,-2.7866670655630124,0.0,0.0,0.0,8.944988569742305,0.0,0.0,4.290649125007212e-05,2.359196897415536,3.312269386775821,0.5797835966168101
6.3331585887517,-2.0690960045916653,0.0,0.0,0.0,8.944988569742305,0.0,0.0,0.00012871947375021634,0.4718393794831072,2.8390880458078462,-0.7458094490628238
6.3134657690840275,-2.7866670655630124,0.0,0.0,0.0,8.944988569742305,0.0,0.0,4.290649125007212e-05,0.27437459916942686,0.9463626819359487,-1.517084431448743
6.3134657690840275,-2.7866670655630124,0.0,0.0,0.0,8.944988569742305,0.0,0.0,0.21453245625036058,0.17024908490509477,0.004731813409679744,0.7618945674400744
6.207008896919573,-0.46643840803057535,2.1528407992791307,0.0,0.0,8.944988569742305,0.0,0.0,0.656414463700542,2.359196897415536,0.9401119564217618,0.7107438016529042
6.0242946674161635,-0.4368697950326277,0.0,0.0,0.0,8.944988569742305,0.0,0.0,0.656414463700542,1.843901131787851,1.8927253638718975,0.5205895119541644
6.3134657690840275,-2.7866670655630124,0.0,0.0,0.0,8.944988569742305,0.0,0.0,0.656414463700542,2.253379838975757,0.9463626819359487,0.1639004149377578
6.483834559988072,-2.1367138545539226,2.1528407992791307,0.0,0.0,8.944988569742305,3.3256432633455386,3.038321572734365,0.21453245625036058,1.179598448707768,1.6561346933879104,0.4313637641589874
6.517363800215063,-0.49805078972453065,2.1528407992791307,0.0,0.0,8.944988569742305,0.0,0.0,4.290649125007212e-05,2.59511658715709,0.4731813409679744,0.3468309859154933
6.3134657690840275,-2.7866670655630124,0.0,0.0,0.0,8.944988569742305,0.0,0.0,4.290649125007212e-05,2.359196897415536,2.8390880458078462,0.648364110491845
1.452241771504827,-1.1151453338180135,0.0,0.0,0.0,8.944988569742305,0.0,0.0,0.004290649125007212,0.23671709829288007,0.004731813409679744,-0.6
6.3134657690840275,-2.7866670655630124,0.0,0.0,0.0,8.944988569742305,0.0,0.0,0.656414463700542,2.5080386296734827,0.4731813409679744,-0.5408689174769996
6.3134657690840275,-2.7866670655630124,0.0,0.0,0.0,8.944988569742305,0.0,0.0,0.7365928978864881,2.59511658715709,1.8927253638718975,0.365862215402555
6.370091377394571,-0.48521415725108064,2.1528407992791307,0.0,0.0,8.944988569742305,0.0,0.0,0.656414463700542,0.25592803862853475,1.4194045335023762,0.4489574959155591
6.207008896919573,-0.46643840803057535,2.1528407992791307,0.0,0.0,8.944988569742305,3.3256432633455386,3.038321572734365,0.21453245625036058,1.179598448707768,1.6561346933879104,0.4232458739368078
6.3062322149123,-2.1410708048321774,0.0,0.0,0.0,8.944988569742305,0.0,0.0,4.290649125007212e-05,1.6425436558876187,1.4195440229039231,0.03448275862068784
6.3331585887517,-2.0690960045916653,0.0,0.0,0.0,8.944988569742305,0.0,0.0,0.656414463700542,4.106418119641482,0.4731813409679744,0.6107382550335557
6.3331585887517,-2.0690960045916653,0.0,0.0,0.0,8.944988569742305,0.0,0.0,3.604145265006058e-06,2.359196897415536,0.1865399141430997,-0.5338345864661662
6.483834559988072,-2.1367138545539226,2.1528407992791307,0.0,0.0,8.944988569742305,0.0,0.0,0.656414463700542,1.843901131787851,3.110869212619622,0.6779252076177129
6.0242946674161635,-0.4368697950326277,0.0,0.0,0.0,8.944988569742305,0.0,0.0,0.656414463700542,1.179598448707768,0.9463626819359487,-0.1135092748275181
6.000954685003887,-1.2097777645319656,0.0,0.0,4.919380916392177,8.944988569742305,0.0,3.038321572734365,0.656414463700542,2.2648290215189144,0.5080453421704947,0.1367761095528764
5.5751958586328065,-0.39931829659161844,0.0,0.0,4.919380916392177,8.944988569742305,3.3256432633455386,3.038321572734365,0.21453245625036058,1.179598448707768,1.6561346933879104,0.3483048630481607
6.370091377394571,-0.48521415725108064,2.1528407992791307,0.0,0.0,8.944988569742305,0.0,0.0,0.656414463700542,1.179598448707768,3.990380834703615,0.5734581149493531
6.251633611065803,-2.0218098735320975,0.0,0.0,0.0,8.944988569742305,0.0,0.0,0.0004290649125007212,2.359196897415536,1.4195440229039231,0.5910646070264992
1.452241771504827,-1.1151453338180135,0.0,0.0,0.0,8.944988569742305,0.0,0.0,0.004290649125007212,0.7174954748202947,0.004731813409679744,0.3918367346938768
6.370091377394571,-0.48521415725108064,2.1528407992791307,0.0,0.0,8.944988569742305,0.0,0.0,4.281724574827196,2.359196897415536,1.4195440229039231,-0.1762586357436119
6.370091377394571,-0.48521415725108064,2.1528407992791307,0.0,0.0,8.944988569742305,0.0,0.0,0.3596842580195296,2.359196897415536,1.4195440229039231,0.6901960800285137
6.483834559988072,-2.1367138545539226,2.1528407992791307,0.0,0.0,8.944988569742305,0.0,0.0,0.656414463700542,1.843901131787851,0.23269118305307013,-1.102338512076255
5.43793827463018,-0.3778099189120131,0.0,0.0,4.919380916392177,8.944988569742305,3.3256432633455386,3.038321572734365,0.656414463700542,1.179598448707768,1.4195440229039231,0.6532125137753437
6.370091377394571,-0.48521415725108064,2.1528407992791307,0.0,0.0,8.944988569742305,0.0,0.0,1.0077447599904439,2.359196897415536,1.4195440229039231,-0.1762586357436113
6.3134657690840275,-2.7866670655630124,0.0,0.0,0.0,8.944988569742305,0.0,0.0,0.21453245625036058,0.025176877449839118,0.004731813409679744,-0.8313241449568525
6.370091377394571,-0.48521415725108064,2.1528407992791307,0.0,0.0,8.944988569742305,0.0,0.0,0.656414463700542,1.179598448707768,2.348697099468867,0.761745810919945
6.3134657690840275,-2.7866670655630124,0.0,0.0,0.0,8.944988569742305,0.0,0.0,0.0004290649125007212,2.359196897415536,1.4195440229039231,0.568201724066995
1.452241771504827,-1.1151453338180135,0.0,0.0,0.0,8.944988569742305,0.0,0.0,0.004290649125007212,0.2359196897415536,1.4195440229039231,0.359835482339888
6.3134657690840275,-2.7866670655630124,0.0,0.0,0.0,8.944988569742305,0.0,0.0,0.15681507328567607,2.359196897415536,0.9463626819359487,-0.06251993703895245
6.023948969606698,-0.4106579231213278,2.1528407992791307,0.0,0.0,8.944988569742305,3.3256432633455386,3.038321572734365,0.656414463700542,0.7077590692246608,0.4731813409679744,-0.3668744088311774
6.3134657690840275,-2.7866670655630124,0.0,0.0,0.0,8.944988569742305,0.0,0.0,1.072662281251803,3.538795346123304,0.04731813409679744,-0.7884826218653814
1.3981016395739596,-4.682388127177302,0.0,0.0,0.0,8.944988569742305,0.0,0.0,0.018020726325030288,0.4718393794831072,0.9652899355746678,0.1132746924643504
6.3134657690840275,-2.7866670655630124,0.0,0.0,0.0,8.944988569742305,0.0,0.0,0.656414463700542,0.4773787737982389,0.4731813409679744,-2.203831209357573
6.166840866694848,-1.9621794078820578,0.0,5.231902810406923,0.0,8.944988569742305,0.0,0.0,4.290649125007212e-05,0.1180745018399912,0.9463626819359487,-0.8232758620689614
6.3134657690840275,-2.7866670655630124,0.0,0.0,0.0,8.944988569742305,0.0,0.0,0.21453245625036058,0.0566044470793807,0.004731813409679744,-0.1364894692937454
6.3134657690840275,-2.7866670655630124,0.0,0.0,0.0,8.944988569742305,0.0,0.0,0.09266429102295576,2.359196897415536,0.9463626819359487,-0.05787918913275993
6.166840866694848,-1.9621794078820578,0.0,5.231902810406923,0.0,8.944988569742305,0.0,0.0,0.0004290649125007212,2.359196897415536,1.4195440229039231,1.344392273685111
6.370110699083509,-0.46254305997952777,0.0,0.0,0.0,8.944988569742305,0.0,0.0,0.656414463700542,0.2359196897415536,0.9463626819359487,-1.39907759602161
6.166840866694848,-1.9621794078820578,0.0,5.231902810406923,0.0,8.944988569742305,0.0,0.0,0.0004290649125007212,2.359196897415536,1.4195440229039231,1.133538908370217
6.207008896919573,-0.46643840803057535,2.1528407992791307,0.0,0.0,8.944988569742305,0.0,0.0,1.8414822447162202,2.359196897415536,1.6561346933879104,0.4487063199050799
6.370091377394571,-0.48521415725108064,2.1528407992791307,0.0,0.0,8.944988569742305,0.0,0.0,0.001024469710279722,2.359196897415536,1.4195440229039231,0.686155075454263
6.3134657690840275,-2.7866670655630124,0.0,0.0,0.0,8.944988569742305,0.0,0.0,3.217986843755409,3.538795346123304,1.4195440229039231,0.2017575408454702
6.382242841808487,-2.163668266710802,0.0,0.0,0.0,8.944988569742305,0.0,0.0,0.656414463700542,3.576872784047591,2.3185885707430747,1.411695906432748
6.3331585887517,-2.0690960045916653,0.0,0.0,0.0,8.944988569742305,0.0,0.0,3.604145265006058e-06,2.359196897415536,1.9422012048835091,1.187969924812029
6.517363800215063,-0.49805078972453065,2.1528407992791307,0.0,0.0,8.944988569742305,0.0,0.0,0.656414463700542,1.179598448707768,1.6561346933879104,0.6483600109809317
6.351541690632111,-1.2853784999372788,0.0,0.0,0.0,8.944988569742305,3.3256432633455386,3.038321572734365,0.21453245625036058,1.179598448707768,0.2365906704839872,0.7717853376544959
6.3134657690840275,-2.7866670655630124,0.0,0.0,0.0,8.944988569742305,0.0,0.0,4.290649125007212e-05,2.359196897415536,0.4731813409679744,-0.619788758288394
1.3981016395739596,-4.682388127177302,0.0,0.0,0.0,8.944988569742305,0.0,0.0,0.018020726325030288,0.7549430071729716,1.4195440229039231,0.7671558660821804
6.096950807753223,-1.6447201886589844,0.0,0.0,0.0,8.944988569742305,0.0,0.0,1.7162596500028847e-06,0.2429972804338002,0.4731813409679744,-0.4975728800155673
6.3134657690840275,-2.7866670655630124,0.0,0.0,0.0,8.944988569742305,0.0,0.0,0.21453245625036058,3.1247798825958517,0.48027906108249396,-0.1220556745182012
6.3134657690840275,-2.7866670655630124,0.0,0.0,0.0,8.944988569742305,0.0,0.0,3.604145265006058e-06,2.359196897415536,0.14143626872203238,-1.599246231155778
6.3134657690840275,-2.7866670655630124,0.0,0.0,0.0,8.944988569742305,0.0,0.0,0.656414463700542,1.3793186212553776,0.9463626819359487,-0.5829875518672214
6.370091377394571,-0.48521415725108064,2.1528407992791307,0.0,0.0,8.944988569742305,0.0,0.0,0.5694892770639572,2.359196897415536,1.4195440229039231,0.1166176813015091
6.3331585887517,-2.0690960045916653,0.0,0.0,0.0,8.944988569742305,0.0,0.0,0.21453245625036058,0.304426049248706,0.004731813409679744,0.2647773159802437
6.63623325428249,-1.3377016275135372,0.0,0.0,0.0,8.944988569742305,0.0,0.0,0.656414463700542,1.179598448707768,3.701039908328518,0.3014609394254348
6.370091377394571,-0.48521415725108064,2.1528407992791307,0.0,0.0,8.944988569742305,0.0,3.038321572734365,0.7401712992567441,2.359196897415536,1.4195440229039231,0.6137179964990436
6.3134657690840275,-2.7866670655630124,0.0,0.0,0.0,8.944988569742305,0.0,0.0,4.290649125007212e-05,2.359196897415536,2.365906704839872,0.6627578316815741
6.3134657690840275,-2.7866670655630124,0.0,0.0,0.0,8.944988569742305,0.0,0.0,3.604145265006058e-06,2.359196897415536,0.04828484357639501,-2.270100502512563
6.3062322149123,-2.1410708048321774,0.0,0.0,0.0,8.944988569742305,0.0,0.0,0.0004290649125007212,2.359196897415536,1.4195440229039231,0.06666840180628056
6.370091377394571,-0.48521415725108064,2.1528407992791307,0.0,0.0,8.944988569742305,0.0,0.0,0.656414463700542,1.179598448707768,0.5142724086176333,-0.326729107509616
6.3062322149123,-2.1410708048321774,0.0,0.0,0.0,8.944988569742305,0.0,0.0,0.0004290649125007212,2.359196897415536,1.4195440229039231,0.146128035678238
6.3331585887517,-2.0690960045916653,0.0,0.0,0.0,8.944988569742305,0.0,0.0,0.656414463700542,2.359196897415536,2.8390880458078462,1.305958561063182
6.3134657690840275,-2.7866670655630124,0.0,0.0,0.0,8.944988569742305,0.0,0.0,4.290649125007212,3.538795346123304,0.4731813409679744,-0.02672178766989199
6.3134657690840275,-2.7866670655630124,0.0,0.0,0.0,8.944988569742305,0.0,0.0,0.656414463700542,1.136573774889601,2.365906704839872,0.009925308530127852
6.3134657690840275,-2.7866670655630124,0.0,0.0,0.0,8.944988569742305,0.0,0.0,2.145324562503606,3.538795346123304,0.9463626819359487,0.2186959627617429
6.3134657690840275,-2.7866670655630124,0.0,0.0,0.0,8.944988569742305,0.0,0.0,0.0004290649125007212,1.179598448707768,0.9463626819359487,-0.6932160417255555
6.3134657690840275,-2.7866670655630124,0.0,0.0,0.0,8.944988569742305,0.0,0.0,0.656414463700542,3.9096846903660007,4.826449677873338,0.6306396086247502
6.3062322149123,-2.1410708048321774,0.0,0.0,0.0,8.944988569742305,0.0,0.0,4.290649125007212e-05,0.3285488375247798,1.4195440229039231,-1.448275862068967
6.3331585887517,-2.0690960045916653,0.0,0.0,0.0,8.944988569742305,0.0,0.0,0.656414463700542,2.359196897415536,0.014825954365879057,-2.535140249212473
6.370091377394571,-0.48521415725108064,2.1528407992791307,0.0,0.0,8.944988569742305,0.0,0.0,0.001898487808991066,2.359196897415536,1.4195440229039231,0.4070585517469932
6.023948969606698,-0.4106579231213278,2.1528407992791307,0.0,0.0,8.944988569742305,3.3256432633455386,3.038321572734365,0.656414463700542,0.5889947382118653,1.4194045335023762,0.1904538485873565
6.370091377394571,-0.48521415725108064,2.1528407992791307,0.0,0.0,8.944988569742305,0.0,0.0,4.673718278887855,2.359196897415536,1.4195440229039231,-0.1251546956789149
6.3134657690840275,-2.7866670655630124,0.0,0.0,0.0,8.944988569742305,0.0,0.0,0.0004290649125007212,2.359196897415536,1.4195440229039231,0.3010299956639812
6.370091377394571,-0.48521415725108064,2.1528407992791307,0.0,0.0,8.944988569742305,0.0,0.0,3.417343274050619,2.359196897415536,1.4195440229039231,-0.03068512285530053
5.5751958586328065,-0.39931829659161844,0.0,0.0,4.919380916392177,8.944988569742305,3.3256432633455386,3.038321572734365,0.656414463700542,0.23839684648383994,1.4195440229039231,-0.5393360442731673
6.3134657690840275,-2.7866670655630124,0.0,0.0,0.0,8.944988569742305,0.0,0.0,0.01700495805117608,2.359196897415536,0.9463626819359487,-0.03205202065153314
6.251633611065803,-2.0218098735320975,0.0,0.0,0.0,8.944988569742305,0.0,0.0,4.290649125007212e-05,2.359196897415536,1.4195440229039231,0.7971694225490045
6.3062322149123,-2.1410708048321774,0.0,0.0,0.0,8.944988569742305,0.0,0.0,4.290649125007212e-05,1.316306831322306,1.4195440229039231,-0.1767241379310328
6.3134657690840275,-2.7866670655630124,0.0,0.0,0.0,8.944988569742305,0.0,0.0,0.24673291980371473,2.359196897415536,0.9463626819359487,-0.110008534838633
1.452241771504827,-1.1151453338180135,0.0,0.0,0.0,8.944988569742305,0.0,0.0,0.004290649125007212,0.2359196897415536,1.4195440229039231,0.3926969532596657
6.3134657690840275,-2.7866670655630124,0.0,0.0,0.0,8.944988569742305,0.0,0.0,3.217986843755409,3.538795346123304,0.4731813409679744,-0.01844926170390164
1.452241771504827,-1.1151453338180135,0.0,0.0,0.0,8.944988569742305,0.0,0.0,0.018026432888366545,0.11560064797336128,1.4195440229039231,0.2557547866430442
6.000249476922834,-1.0892890509418929,0.0,0.0,0.0,8.944988569742305,0.0,0.0,0.656414463700542,0.7077590692246608,1.4194045335023762,-0.9633176592446268
6.251633611065803,-2.0218098735320975,0.0,0.0,0.0,8.944988569742305,0.0,0.0,0.0004290649125007212,2.359196897415536,1.4195440229039231,0.7923916894982539
6.3134657690840275,-2.7866670655630124,0.0,0.0,0.0,8.944988569742305,0.0,0.0,0.656414463700542,2.359196897415536,1.4195440229039231,0.1744584367708963
6.3331585887517,-2.0690960045916653,0.0,0.0,0.0,8.944988569742305,0.0,0.0,0.00012871947375021634,0.9436787589662144,3.0756787162918333,-0.2770149382233361
6.370110699083509,-0.46254305997952777,0.0,0.0,0.0,8.944988569742305,0.0,0.0,0.656414463700542,1.843901131787851,3.312269386775821,0.5570638505655185
6.3134657690840275,-2.7866670655630124,0.0,0.0,0.0,8.944988569742305,0.0,0.0,4.290649125007212e-05,2.359196897415536,1.4195440229039231,0.3283796034387377
6.370091377394571,-0.48521415725108064,2.1528407992791307,0.0,0.0,8.944988569742305,3.3256432633455386,3.038321572734365,0.21453245625036058,1.179598448707768,2.365906704839872,0.6354495299314225
6.3134657690840275,-2.7866670655630124,0.0,0.0,0.0,8.944988569742305,0.0,0.0,0.656414463700542,2.359196897415536,0.17389272326170768,-1.407996505383249
6.370091377394571,-0.48521415725108064,2.1528407992791307,0.0,0.0,8.944988569742305,0.0,0.0,0.656414463700542,1.179598448707768,1.414921041202666,0.535215663796611
6.370091377394571,-0.48521415725108064,2.1528407992791307,0.0,0.0,8.944988569742305,3.3256432633455386,3.038321572734365,0.21453245625036058,1.179598448707768,1.6561346933879104,0.4653828514484183
6.166840866694848,-1.9621794078820578,0.0,5.231902810406923,0.0,8.944988569742305,0.0,0.0,4.290649125007212e-05,2.359196897415536,0.004731813409679744,-2.323341080224196
5.479484356108198,-2.2709973279238995,0.0,0.0,0.0,8.944988569742305,3.3256432633455386,3.038321572734365,0.656414463700542,1.179598448707768,2.8390880458078462,0.4913616938342727
6.207008896919573,-0.46643840803057535,2.1528407992791307,0.0,0.0,8.944988569742305,0.0,0.0,0.656414463700542,0.8707371092919209,1.6561346933879104,0.2962164173101657
6.3331585887517,-2.0690960045916653,0.0,0.0,0.0,8.944988569742305,0.0,0.0,0.656414463700542,3.088259514623859,2.460542973033467,1.308724832214764
6.3134657690840275,-2.7866670655630124,0.0,0.0,0.0,8.944988569742305,0.0,0.0,3.217986843755409,3.538795346123304,0.9463626819359487,0.1437655938677714
6.3134657690840275,-2.7866670655630124,0.0,0.0,0.0,8.944988569742305,0.0,0.0,0.656414463700542,0.4630655262216189,0.9463626819359487,-1.572614107883811
6.517363800215063,-0.49805078972453065,2.1528407992791307,0.0,0.0,8.944988569742305,0.0,0.0,4.290649125007212e-05,2.59511658715709,1.4195440229039231,1.021189299069938
1.452241771504827,-1.1151453338180135,0.0,0.0,0.0,8.944988569742305,0.0,0.0,0.656414463700542,0.2359196897415536,0.4731813409679744,-0.275724130399211
1.452241771504827,-1.1151453338180135,0.0,0.0,0.0,8.944988569742305,0.0,3.038321572734365,0.004290649125007212,0.2359196897415536,1.4195440229039231,0.3222192947339193
6.350916602354423,-1.141612178518159,0.0,0.0,0.0,8.944988569742305,0.0,0.0,0.656414463700542,1.843901131787851,1.4195440229039231,-0.1033429559749049
6.3331585887517,-2.0690960045916653,0.0,0.0,0.0,8.944988569742305,0.0,0.0,3.604145265006058e-06,2.359196897415536,0.09503989187744057,-1.06390977443609
6.370091377394571,-0.48521415725108064,2.1528407992791307,0.0,0.0,8.944988569742305,0.0,0.0,4.290649125007212e-05,2.59511658715709,1.4195440229039231,1.060697840353612
6.3134657690840275,-2.7866670655630124,0.0,0.0,0.0,8.944988569742305,0.0,0.0,4.290649125007212e-05,0.8244520253615255,0.9463626819359487,-0.5742492738010503
6.351541690632111,-1.2853784999372788,0.0,0.0,0.0,8.944988569742305,0.0,0.0,3.604145265006058e-06,2.359196897415536,0.046775820961914044,-2.090225563909775
6.370091377394571,-0.48521415725108064,2.1528407992791307,0.0,0.0,8.944988569742305,0.0,0.0,4.290649125007212e-05,2.59511658715709,0.9463626819359487,0.7965743332104297
6.3134657690840275,-2.7866670655630124,0.0,0.0,0.0,8.944988569742305,0.0,0.0,0.21453245625036058,0.06683982281881799,0.004731813409679744,0.1319863281682527
6.3134657690840275,-2.7866670655630124,0.0,0.0,0.0,8.944988569742305,0.0,0.0,4.290649125007212e-05,2.359196897415536,1.4195440229039231,0.3344537511509309
6.3134657690840275,-2.7866670655630124,0.0,0.0,0.0,8.944988569742305,0.0,0.0,0.656414463700542,3.458134404200667,0.4731813409679744,-0.1449235972700369
6.166840866694848,-1.9621794078820578,0.0,5.231902810406923,0.0,8.944988569742305,0.0,0.0,4.290649125007212e-05,0.2401992729134654,0.9463626819359487,-0.2500000000000024
6.483834559988072,-2.1367138545539226,2.1528407992791307,0.0,0.0,8.944988569742305,0.0,0.0,0.656414463700542,0.23595271849811744,2.3185885707430747,-0.492397660818713
6.862931093951993,-2.2390440352924985,2.1528407992791307,0.0,0.0,8.944988569742305,0.0,0.0,0.656414463700542,1.179598448707768,0.9816052282112434,0.1967213902982204
6.3062322149123,-2.1410708048321774,0.0,0.0,0.0,8.944988569742305,0.0,0.0,0.0004290649125007212,2.359196897415536,1.4195440229039231,0.06787330316741842
6.166840866694848,-1.9621794078820578,0.0,5.231902810406923,0.0,8.944988569742305,0.0,0.0,4.290649125007212e-05,2.359196897415536,1.4195440229039231,1.205965557619709
6.370079216007953,-0.4697951491172244,2.1528407992791307,0.0,4.919380916392177,8.944988569742305,3.3256432633455386,3.038321572734365,0.656414463700542,0.4718393794831072,1.4194045335023762,-0.08798751950078033
6.370091377394571,-0.48521415725108064,2.1528407992791307,0.0,0.0,8.944988569742305,0.0,0.0,0.7193702322987091,2.359196897415536,1.4195440229039231,0.6532125137753437
6.166840866694848,-1.9621794078820578,0.0,5.231902810406923,0.0,8.944988569742305,0.0,0.0,4.290649125007212e-05,2.359196897415536,0.9463626819359487,1.133825549864817
1.452241771504827,-1.1151453338180135,0.0,0.0,0.0,8.944988569742305,0.0,0.0,0.656414463700542,0.2359196897415536,0.4731813409679744,-0.5686362358410126
6.370079216007953,-0.4697951491172244,2.1528407992791307,0.0,4.919380916392177,8.944988569742305,3.3256432633455386,3.038321572734365,0.656414463700542,0.4718393794831072,1.4194045335023762,0.1117004680187195
6.3134657690840275,-2.7866670655630124,0.0,0.0,0.0,8.944988569742305,0.0,0.0,4.290649125007212e-05,2.359196897415536,2.8390880458078462,0.6242820958356683
6.3134657690840275,-2.7866670655630124,0.0,0.0,0.0,8.944988569742305,0.0,0.0,0.35839920860658986,2.359196897415536,0.9463626819359487,-0.05978886246861603
6.3134657690840275,-2.7866670655630124,0.0,0.0,0.0,8.944988569742305,0.0,0.0,0.0004290649125007212,1.179598448707768,2.365906704839872,0.1307061523494404
6.351541690632111,-1.2853784999372788,0.0,0.0,0.0,8.944988569742305,0.0,0.0,3.604145265006058e-06,2.359196897415536,1.4195440229039231,0.2600713879850748
6.862931093951993,-2.2390440352924985,2.1528407992791307,0.0,0.0,8.944988569742305,0.0,0.0,0.656414463700542,1.179598448707768,1.4410217239704595,0.5267037346185933
5.513046661084232,-1.6430310106767856,0.0,0.0,0.0,8.944988569742305,3.3256432633455386,3.038321572734365,0.656414463700542,1.179598448707768,2.8390880458078462,0.6812412373755872
6.051856661653243,-2.5977402151032103,0.0,0.0,0.0,8.944988569742305,0.0,0.0,0.656414463700542,1.179598448707768,1.3856737025174355,-0.2266600537219346
6.3134657690840275,-2.7866670655630124,0.0,0.0,0.0,8.944988569742305,0.0,0.0,0.21453245625036058,3.9369570065001245,0.48027906108249396,0.06392869562034259
6.370091377394571,-0.48521415725108064,2.1528407992791307,0.0,0.0,8.944988569742305,0.0,0.0,0.656414463700542,0.5131040924158023,1.6561346933879104,-0.1277985983463365
6.3134657690840275,-2.7866670655630124,0.0,0.0,0.0,8.944988569742305,0.0,0.0,0.656414463700542,1.843901131787851,4.731813409679744,0.5647935551309269
6.096950807753223,-1.6447201886589844,0.0,0.0,0.0,8.944988569742305,0.0,0.0,0.04719714037507933,0.2359196897415536,0.4826449677873339,-0.744727494896694
6.3134657690840275,-2.7866670655630124,0.0,0.0,0.0,8.944988569742305,0.0,0.0,4.290649125007212e-05,2.359196897415536,0.004731813409679744,-2.705549293202082
6.517363800215063,-0.49805078972453065,2.1528407992791307,0.0,0.0,8.944988569742305,0.0,0.0,4.290649125007212e-05,0.47316996653324955,1.4195440229039231,-0.2770508826583594
6.3331585887517,-2.0690960045916653,0.0,0.0,0.0,8.944988569742305,0.0,0.0,0.656414463700542,1.4119062079993785,0.9463626819359487,-0.5534883720930238
1.452241771504827,-1.1151453338180135,0.0,0.0,0.0,8.944988569742305,0.0,0.0,0.018026432888366545,0.023591968974155362,1.4195440229039231,-1.148741651280925
5.816384390599623,-0.4288869095895661,2.1528407992791307,0.0,4.919380916392177,8.944988569742305,3.3256432633455386,3.038321572734365,0.21453245625036058,1.179598448707768,1.6561346933879104,0.3856062735983122
6.889163033067114,-0.5330199125051337,2.1528407992791307,0.0,0.0,8.944988569742305,3.3256432633455386,3.038321572734365,0.656414463700542,1.843901131787851,2.365906704839872,0.1789541471922132
6.370091377394571,-0.48521415725108064,2.1528407992791307,0.0,0.0,8.944988569742305,0.0,0.0,3.1595095868306853,2.359196897415536,1.4195440229039231,0.02005766926485197
6.382242841808487,-2.163668266710802,0.0,0.0,0.0,8.944988569742305,0.0,0.0,0.656414463700542,1.179598448707768,3.7539321186219183,0.5439699507256512
6.517363800215063,-0.49805078972453065,2.1528407992791307,0.0,0.0,8.944988569742305,0.0,0.0,4.290649125007212e-05,2.59511658715709,1.4195440229039231,1.173186268412274
6.3134657690840275,-2.7866670655630124,0.0,0.0,0.0,8.944988569742305,0.0,0.0,3.217986843755409,3.538795346123304,1.8927253638718975,0.2163162610163941
6.000954685003887,-1.2097777645319656,0.0,0.0,4.919380916392177,8.944988569742305,0.0,3.038321572734365,0.656414463700542,2.359196897415536,0.9463626819359487,0.541283490742574
6.3134657690840275,-2.7866670655630124,0.0,0.0,0.0,8.944988569742305,0.0,0.0,0.656414463700542,4.528903100030656,0.4731813409679744,0.0594209901149536
6.483834559988072,-2.1367138545539226,2.1528407992791307,0.0,0.0,8.944988569742305,0.0,0.0,0.656414463700542,1.126974202714017,2.3185885707430747,0.7146198830409358
6.3331585887517,-2.0690960045916653,0.0,0.0,0.0,8.944988569742305,0.0,0.0,0.656414463700542,2.359196897415536,0.9369085187434086,0.5862831858407086
6.000954685003887,-1.2097777645319656,0.0,0.0,4.919380916392177,8.944988569742305,0.0,3.038321572734365,0.656414463700542,2.2648290215189144,2.1168619014616077,0.9572567783094088
6.370091377394571,-0.48521415725108064,2.1528407992791307,0.0,0.0,8.944988569742305,0.0,0.0,0.656414463700542,1.2439667768568534,1.6561346933879104,0.6071342742642603
6.166840866694848,-1.9621794078820578,0.0,5.231902810406923,0.0,8.944988569742305,0.0,0.0,4.290649125007212e-05,2.359196897415536,2.365906704839872,1.253437245309724
5.5751958586328065,-0.39931829659161844,0.0,0.0,4.919380916392177,8.944988569742305,3.3256432633455386,3.038321572734365,0.656414463700542,1.179598448707768,1.4195440229039231,0.724275869600789
6.166840866694848,-1.9621794078820578,0.0,5.231902810406923,0.0,8.944988569742305,0.0,0.0,0.0004290649125007212,2.359196897415536,1.4195440229039231,1.181843587944773
6.382242841808487,-2.163668266710802,0.0,0.0,0.0,8.944988569742305,0.0,0.0,0.656414463700542,1.179598448707768,0.5126777874985712,-0.985231158620319
6.517363800215063,-0.49805078972453065,2.1528407992791307,0.0,0.0,8.944988569742305,0.0,0.0,0.656414463700542,1.179598448707768,1.6561346933879104,0.534026106056135
6.370110699083509,-0.46254305997952777,0.0,0.0,0.0,8.944988569742305,0.0,0.0,0.656414463700542,1.843901131787851,0.2365906704839872,-0.9653698872018781
6.3062322149123,-2.1410708048321774,0.0,0.0,0.0,8.944988569742305,0.0,0.0,4.290649125007212e-05,1.316306831322306,1.4195440229039231,-0.1767241379310328
6.370091377394571,-0.48521415725108064,2.1528407992791307,0.0,0.0,8.944988569742305,0.0,3.038321572734365,3.5131191438190297,2.359196897415536,1.4195440229039231,-0.1563012307056405
6.3062322149123,-2.1410708048321774,0.0,0.0,0.0,8.944988569742305,0.0,0.0,4.290649125007212e-05,0.6576261351545807,1.4195440229039231,-0.8232758620689672
6.370091377394571,-0.48521415725108064,2.1528407992791307,0.0,0.0,8.944988569742305,0.0,0.0,4.290649125007212e-05,2.59511658715709,1.4195440229039231,0.8796692056320535
1.3981016395739596,-4.682388127177302,0.0,0.0,0.0,8.944988569742305,0.0,0.0,0.018020726325030288,0.4718393794831072,1.9428825860145027,1.336639818641689
6.3134657690840275,-2.7866670655630124,0.0,0.0,0.0,8.944988569742305,0.0,0.0,0.656414463700542,2.359196897415536,2.9618028947744808,0.5484338463910386
6.370091377394571,-0.48521415725108064,2.1528407992791307,0.0,0.0,8.944988569742305,0.0,0.0,5.524425280903035,2.59511658715709,0.9463626819359487,0.5308775731310934
6.370091377394571,-0.48521415725108064,2.1528407992791307,0.0,0.0,8.944988569742305,0.0,0.0,0.003310355938118564,2.359196897415536,1.4195440229039231,0.1647522604652088
6.3062322149123,-2.1410708048321774,0.0,0.0,0.0,8.944988569742305,0.0,0.0,4.290649125007212e-05,0.9860098288965414,1.4195440229039231,-0.4353448275862056
6.251633611065803,-2.0218098735320975,0.0,0.0,0.0,8.944988569742305,0.0,0.0,4.290649125007212e-05,2.359196897415536,2.365906704839872,1.050866019970613
6.3331585887517,-2.0690960045916653,0.0,0.0,0.0,8.944988569742305,0.0,0.0,0.656414463700542,1.843901131787851,1.4195440229039231,0.6558037511164472
6.651635099206121,-0.5108874221979807,2.1528407992791307,0.0,0.0,8.944988569742305,0.0,0.0,0.656414463700542,0.5925524071331679,0.9463626819359487,-0.1763846362985451
6.3062322149123,-2.1410708048321774,0.0,0.0,0.0,8.944988569742305,0.0,0.0,0.0004290649125007212,2.359196897415536,2.8390880458078462,0.7150879065106778
1.452241771504827,-1.1151453338180135,0.0,0.0,0.0,8.944988569742305,0.0,0.0,1.7162596500028847e-06,0.10380466348628359,0.4731813409679744,-1.42021640338319
6.3062322149123,-2.1410708048321774,0.0,0.0,0.0,8.944988569742305,0.0,0.0,3.604145265006058e-06,2.359196897415536,0.47592106093217895,-1.214824120603015
6.889163033067114,-0.5330199125051337,2.1528407992791307,0.0,0.0,8.944988569742305,3.3256432633455386,3.038321572734365,0.656414463700542,0.9415106570174896,1.4194045335023762,0.5754147908402901
6.370091377394571,-0.48521415725108064,2.1528407992791307,0.0,0.0,8.944988569742305,0.0,0.0,1.4476778867248083,2.359196897415536,1.4195440229039231,0.5805468137587243
6.3331585887517,-2.0690960045916653,0.0,0.0,0.0,8.944988569742305,0.0,0.0,0.019029886999231985,2.3120129594672254,0.004731813409679744,-0.00877392430750515
6.0242946674161635,-0.4368697950326277,0.0,0.0,0.0,8.944988569742305,0.0,0.0,0.656414463700542,0.4718393794831072,1.4194045335023762,-0.8196731304698925
6.370091377394571,-0.48521415725108064,2.1528407992791307,0.0,0.0,8.944988569742305,0.0,0.0,0.9207389770335476,2.59511658715709,0.9463626819359487,0.6197183098591552
6.0242946674161635,-0.4368697950326277,0.0,0.0,0.0,8.944988569742305,0.0,0.0,0.656414463700542,1.843901131787851,0.2365906704839872,-1.105822721176797
6.651635099206121,-0.5108874221979807,2.1528407992791307,0.0,0.0,8.944988569742305,0.0,0.0,0.656414463700542,0.2982024878333238,0.9463626819359487,-0.7452111206482993
6.3331585887517,-2.0690960045916653,0.0,0.0,0.0,8.944988569742305,0.0,0.0,0.656414463700542,1.6396748724603614,2.460542973033467,0.8389261744966443
6.3134657690840275,-2.7866670655630124,0.0,0.0,0.0,8.944988569742305,0.0,0.0,2.145324562503606,3.538795346123304,2.8390880458078462,0.4034029043735392
6.382242841808487,-2.163668266710802,0.0,0.0,0.0,8.944988569742305,0.0,0.0,0.656414463700542,1.1844230063629828,2.3185885707430747,0.6421052631578948
6.3331585887517,-2.0690960045916653,0.0,0.0,0.0,8.944988569742305,0.0,0.0,0.21453245625036058,0.2176790870898059,0.004731813409679744,0.0649854939798157
6.3062322149123,-2.1410708048321774,0.0,0.0,0.0,8.944988569742305,0.0,0.0,4.290649125007212e-05,0.6576261351545807,1.4195440229039231,-0.8232758620689672
6.370091377394571,-0.48521415725108064,2.1528407992791307,0.0,0.0,8.944988569742305,0.0,0.0,4.0559892337114425,2.359196897415536,1.4195440229039231,-0.1568423903044674
6.3134657690840275,-2.7866670655630124,0.0,0.0,0.0,8.944988569742305,0.0,0.0,0.656414463700542,0.4377183147557863,2.365906704839872,-0.8301121378671653
6.3331585887517,-2.0690960045916653,0.0,0.0,0.0,8.944988569742305,0.0,0.0,0.656414463700542,2.359196897415536,0.46745821264896675,-0.01106194690265572
6.051856661653243,-2.5977402151032103,0.0,0.0,0.0,8.944988569742305,0.0,0.0,0.656414463700542,1.179598448707768,1.6235845489427234,-0.02664130105864902
6.3134657690840275,-2.7866670655630124,0.0,0.0,0.0,8.944988569742305,0.0,0.0,4.290649125007212e-05,1.0953751194700334,0.9463626819359487,-0.2340726776061404
6.350916602354423,-1.141612178518159,0.0,0.0,0.0,8.944988569742305,0.0,0.0,0.656414463700542,1.843901131787851,1.8927253638718975,0.1882609887630737
6.351541690632111,-1.2853784999372788,0.0,0.0,0.0,8.944988569742305,3.3256432633455386,3.038321572734365,0.21453245625036058,1.179598448707768,1.6561346933879104,0.414973347970818
6.370091377394571,-0.48521415725108064,2.1528407992791307,0.0,0.0,8.944988569742305,0.0,3.038321572734365,0.656414463700542,2.2648290215189144,1.3872683236364975,0.9259716473223176
6.251633611065803,-2.0218098735320975,0.0,0.0,0.0,8.944988569742305,0.0,0.0,4.290649125007212e-05,1.113399383766288,0.9463626819359487,0.3318965517241376
6.3331585887517,-2.0690960045916653,0.0,0.0,0.0,8.944988569742305,0.0,0.0,0.00012871947375021634,0.4718393794831072,3.0756787162918333,-0.7458094490628238
5.526397764357201,-0.4319190451500112,0.0,0.0,4.919380916392177,8.944988569742305,3.3256432633455386,3.038321572734365,0.656414463700542,1.179598448707768,1.4195440229039231,-0.2218487496163564
6.051856661653243,-2.5977402151032103,0.0,0.0,0.0,8.944988569742305,0.0,0.0,0.656414463700542,1.179598448707768,0.4726021670066296,-1.577881593704157
6.3134657690840275,-2.7866670655630124,0.0,0.0,0.0,8.944988569742305,0.0,0.0,0.7140970245240753,2.359196897415536,0.9463626819359487,-0.129219291822582
6.370091377394571,-0.48521415725108064,2.1528407992791307,0.0,0.0,8.944988569742305,0.0,0.0,0.3779413991113478,2.359196897415536,1.4195440229039231,0.6052964725395565
6.3134657690840275,-2.7866670655630124,0.0,0.0,0.0,8.944988569742305,0.0,0.0,4.290649125007212e-05,2.359196897415536,2.8390880458078462,0.6211762817750351
6.382242841808487,-2.163668266710802,0.0,0.0,0.0,8.944988569742305,0.0,0.0,0.656414463700542,1.179598448707768,2.79692285651419,0.6754239863370415
6.3134657690840275,-2.7866670655630124,0.0,0.0,0.0,8.944988569742305,0.0,0.0,0.21453245625036058,0.17024908490509477,0.004731813409679744,0.7618945674400744
6.251633611065803,-2.0218098735320975,0.0,0.0,0.0,8.944988569742305,0.0,0.0,4.290649125007212e-05,0.27865654153823605,0.9463626819359487,-0.9827586206896575
6.000954685003887,-1.2097777645319656,0.0,0.0,4.919380916392177,8.944988569742305,3.3256432633455386,3.038321572734365,0.21453245625036058,1.179598448707768,1.6561346933879104,0.2430380486862944
6.3331585887517,-2.0690960045916653,0.0,0.0,0.0,8.944988569742305,0.0,0.0,3.604145265006058e-06,2.359196897415536,0.14392330985016005,-0.9285714285714313
6.3134657690840275,-2.7866670655630124,0.0,0.0,0.0,8.944988569742305,0.0,0.0,4.290649125007212e-05,2.359196897415536,1.4195440229039231,0.3747483460101039
6.0242946674161635,-0.4368697950326277,0.0,0.0,0.0,8.944988569742305,0.0,0.0,0.656414463700542,1.843901131787851,1.4195440229039231,0.3459994779145614
6.3134657690840275,-2.7866670655630124,0.0,0.0,0.0,8.944988569742305,0.0,0.0,0.21453245625036058,0.45097936051615906,0.48027906108249396,-2.144640275261264
6.3331585887517,-2.0690960045916653,0.0,0.0,0.0,8.944988569742305,0.0,0.0,0.656414463700542,1.6842990817749763,0.4731813409679744,-0.3154362416107405
6.000954685003887,-1.2097777645319656,0.0,0.0,4.919380916392177,8.944988569742305,0.0,3.038321572734365,0.656414463700542,2.2648290215189144,2.355946237612496,0.981279216850904
6.3331585887517,-2.0690960045916653,0.0,0.0,0.0,8.944988569742305,0.0,0.0,0.00012871947375021634,0.2359196897415536,3.0756787162918333,-1.114147993293855
6.808924577243043,-1.8933295938434873,0.0,0.0,4.919380916392177,0.0,0.0,0.0,0.656414463700542,1.179598448707768,0.2365906704839872,0.8805963907349271
6.3134657690840275,-2.7866670655630124,0.0,0.0,0.0,8.944988569742305,0.0,0.0,4.290649125007212e-05,2.359196897415536,3.785450727743795,0.5185139398778874
6.3134657690840275,-2.7866670655630124,0.0,0.0,0.0,8.944988569742305,0.0,0.0,0.0004290649125007212,2.359196897415536,1.4195440229039231,0.04139268515822508
6.3134657690840275,-2.7866670655630124,0.0,0.0,0.0,8.944988569742305,0.0,0.0,0.656414463700542,2.359196897415536,0.3558371002213264,-0.7827067862373733
6.63623325428249,-1.3377016275135372,0.0,0.0,0.0,8.944988569742305,0.0,0.0,0.656414463700542,1.184861816985902,0.9463626819359487,-0.2446720795208597
6.051856661653243,-2.5977402151032103,0.0,0.0,0.0,8.944988569742305,0.0,0.0,0.656414463700542,1.179598448707768,1.1583763135700593,-0.4165682858734546
6.382242841808487,-2.163668266710802,0.0,0.0,0.0,8.944988569742305,0.0,0.0,0.656414463700542,3.5265511142257173,0.4637177141486149,0.1485380116959049
6.3062322149123,-2.1410708048321774,0.0,0.0,0.0,8.944988569742305,0.0,0.0,4.290649125007212e-05,0.9860098288965414,1.4195440229039231,-0.4353448275862056
6.207008896919573,-0.46643840803057535,2.1528407992791307,0.0,0.0,8.944988569742305,0.0,0.0,0.656414463700542,1.1561975746823034,1.6561346933879104,0.5443965170527658
6.3134657690840275,-2.7866670655630124,0.0,0.0,0.0,8.944988569742305,0.0,0.0,0.656414463700542,1.843901131787851,1.8927253638718975,0.4487098600393338
6.3134657690840275,-2.7866670655630124,0.0,0.0,0.0,8.944988569742305,0.0,0.0,0.656414463700542,1.136573774889601,2.365906704839872,0.009925308530127852
6.880207652694256,-1.0356744295656077,0.0,0.0,0.0,8.944988569742305,0.0,0.0,1.7162596500028847e-06,0.09436787589662145,0.4731813409679744,-1.397940008672037
1.3981016395739596,-4.682388127177302,0.0,0.0,0.0,8.944988569742305,0.0,0.0,0.018020726325030288,0.4718393794831072,1.4195440229039231,0.3979400086720376
6.3134657690840275,-2.7866670655630124,0.0,0.0,0.0,8.944988569742305,0.0,0.0,5.363311406259014,3.538795346123304,0.4731813409679744,-0.02672178766989199
6.370091377394571,-0.48521415725108064,2.1528407992791307,0.0,0.0,8.944988569742305,0.0,0.0,4.290649125007212e-05,2.59511658715709,1.4195440229039231,0.8777912162775305
5.43793827463018,-0.3778099189120131,0.0,0.0,4.919380916392177,8.944988569742305,3.3256432633455386,3.038321572734365,0.656414463700542,1.179598448707768,2.8390880458078462,0.6532125137753437
6.517363800215063,-0.49805078972453065,2.1528407992791307,0.0,0.0,8.944988569742305,0.0,0.0,4.290649125007212e-05,2.59511658715709,1.4195440229039231,1.209515014542631
6.370091377394571,-0.48521415725108064,2.1528407992791307,0.0,0.0,8.944988569742305,0.0,3.038321572734365,0.656414463700542,2.2648290215189144,0.2646162549468384,0.08880429497466488
6.3134657690840275,-2.7866670655630124,0.0,0.0,0.0,8.944988569742305,0.0,0.0,4.290649125007212e-05,2.359196897415536,1.4195440229039231,0.3747483460101039
6.483834559988072,-2.1367138545539226,2.1528407992791307,0.0,0.0,8.944988569742305,0.0,0.0,0.656414463700542,1.843901131787851,0.357557587577086,-0.7933871979013215
6.3134657690840275,-2.7866670655630124,0.0,0.0,0.0,8.944988569742305,0.0,0.0,0.42906491250072115,3.538795346123304,0.4731813409679744,-0.1986570869544228
6.370091377394571,-0.48521415725108064,2.1528407992791307,0.0,0.0,8.944988569742305,0.0,3.038321572734365,2.6870662116761412,2.359196897415536,1.4195440229039231,-0.001233048413828201
6.3134657690840275,-2.7866670655630124,0.0,0.0,0.0,8.944988569742305,0.0,0.0,0.032745633431177534,2.359196897415536,0.9463626819359487,-0.04261660721896531
6.3134657690840275,-2.7866670655630124,0.0,0.0,0.0,8.944988569742305,0.0,0.0,0.656414463700542,2.1198422169913456,4.826449677873338,0.1641903726520483
6.370091377394571,-0.48521415725108064,2.1528407992791307,0.0,0.0,8.944988569742305,0.0,0.0,0.0004290649125007212,2.359196897415536,1.4195440229039231,0.9931205342354806
5.5751958586328065,-0.39931829659161844,0.0,0.0,4.919380916392177,8.944988569742305,3.3256432633455386,3.038321572734365,0.656414463700542,0.4734837397206058,1.4195440229039231,0.05335735049852605
6.3331585887517,-2.0690960045916653,0.0,0.0,0.0,8.944988569742305,0.0,0.0,0.656414463700542,4.726674575941001,2.460542973033467,1.608501118568232
6.3331585887517,-2.0690960045916653,0.0,0.0,0.0,8.944988569742305,0.0,0.0,0.656414463700542,3.07231134359733,0.4731813409679744,0.3020134228187899
6.517363800215063,-0.49805078972453065,2.1528407992791307,0.0,0.0,8.944988569742305,0.0,0.0,4.290649125007212e-05,2.588628795689197,1.4195440229039231,1.00893042575285
6.651635099206121,-0.5108874221979807,2.1528407992791307,0.0,0.0,8.944988569742305,0.0,0.0,0.656414463700542,1.179598448707768,0.9337287401321039,0.1208778733641796
6.370091377394571,-0.48521415725108064,2.1528407992791307,0.0,0.0,8.944988569742305,0.0,0.0,0.656414463700542,1.225244190278964,4.022041398227782,0.6456180461285638
6.3134657690840275,-2.7866670655630124,0.0,0.0,0.0,8.944988569742305,0.0,0.0,0.656414463700542,0.2891125021875817,4.826449677873338,-1.234704354653622
6.3062322149123,-2.1410708048321774,0.0,0.0,0.0,8.944988569742305,0.0,0.0,3.604145265006058e-06,2.359196897415536,0.22980051824109676,-1.885678391959799
6.3134657690840275,-2.7866670655630124,0.0,0.0,0.0,8.944988569742305,0.0,0.0,4.290649125007212e-05,2.359196897415536,1.4195440229039231,0.3747483460101039
6.3134657690840275,-2.7866670655630124,0.0,0.0,0.0,8.944988569742305,0.0,0.0,2.145324562503606,3.538795346123304,2.365906704839872,0.4126109061603624
6.3331585887517,-2.0690960045916653,0.0,0.0,0.0,8.944988569742305,0.0,0.0,0.656414463700542,2.359196897415536,0.3870150187777062,0.1173491877479526
6.3134657690840275,-2.7866670655630124,0.0,0.0,0.0,8.944988569742305,0.0,0.0,0.0004290649125007212,2.359196897415536,1.8927253638718975,0.568201724066995
6.370091377394571,-0.48521415725108064,2.1528407992791307,0.0,0.0,8.944988569742305,0.0,0.0,1.8414822447162202,2.59511658715709,1.8927253638718975,0.6760563380281691
6.251633611065803,-2.0218098735320975,0.0,0.0,0.0,8.944988569742305,0.0,0.0,4.290649125007212e-05,2.359196897415536,0.9463626819359487,0.5546959574620433
6.889163033067114,-0.5330199125051337,2.1528407992791307,0.0,0.0,8.944988569742305,3.3256432633455386,3.038321572734365,0.656414463700542,0.7057089271208067,1.4194045335023762,0.3726162606770048
6.3134657690840275,-2.7866670655630124,0.0,0.0,0.0,8.944988569742305,0.0,0.0,4.290649125007212e-05,2.359196897415536,1.4195440229039231,0.3502480183341629
6.3331585887517,-2.0690960045916653,0.0,0.0,0.0,8.944988569742305,0.0,0.0,0.656414463700542,2.359196897415536,0.2365906704839872,-0.2992233682875201
5.5751958586328065,-0.39931829659161844,0.0,0.0,4.919380916392177,8.944988569742305,3.3256432633455386,3.038321572734365,0.21453245625036058,1.179598448707768,1.6561346933879104,0.3483048630481607
6.651635099206121,-0.5108874221979807,2.1528407992791307,0.0,0.0,8.944988569742305,0.0,0.0,0.656414463700542,1.179598448707768,2.3382539872737036,0.6151940149681981
5.816384390599623,-0.4288869095895661,2.1528407992791307,0.0,4.919380916392177,8.944988569742305,3.3256432633455386,3.038321572734365,0.21453245625036058,1.179598448707768,1.6561346933879104,0.3856062735983122
1.452241771504827,-1.1151453338180135,0.0,0.0,0.0,8.944988569742305,0.0,0.0,0.656414463700542,0.2359196897415536,1.8857222800255715,1.082621082621084
6.3134657690840275,-2.7866670655630124,0.0,0.0,0.0,8.944988569742305,0.0,0.0,3.604145265006058e-06,2.359196897415536,1.4195440229039231,0.436162647040756
6.3331585887517,-2.0690960045916653,0.0,0.0,0.0,8.944988569742305,0.0,0.0,0.656414463700542,0.23469267143520778,0.9463626819359487,-1.972093023255811
6.370091377394571,-0.48521415725108064,2.1528407992791307,0.0,0.0,8.944988569742305,0.0,0.0,1.0790510577989387,2.359196897415536,1.4195440229039231,0.5910646070264992
6.207008896919573,-0.46643840803057535,2.1528407992791307,0.0,0.0,8.944988569742305,0.0,0.0,0.8286659374600178,2.359196897415536,1.6561346933879104,0.8426092396105621
6.000249476922834,-1.0892890509418929,0.0,0.0,0.0,8.944988569742305,0.0,0.0,0.656414463700542,1.843901131787851,2.365906704839872,0.2477360902479951
6.023948969606698,-0.4106579231213278,2.1528407992791307,0.0,0.0,8.944988569742305,3.3256432633455386,3.038321572734365,0.656414463700542,1.843901131787851,1.4195440229039231,-0.053666651000876
6.3331585887517,-2.0690960045916653,0.0,0.0,0.0,8.944988569742305,0.0,0.0,0.656414463700542,1.843901131787851,0.9463626819359487,0.4329710789008698
6.166840866694848,-1.9621794078820578,0.0,5.231902810406923,0.0,8.944988569742305,0.0,0.0,4.290649125007212e-05,2.359196897415536,1.8927253638718975,1.283198266190026
6.370091377394571,-0.48521415725108064,2.1528407992791307,0.0,0.0,8.944988569742305,0.0,0.0,0.656414463700542,1.007117563537718,4.022041398227782,0.5046261715629264
6.207008896919573,-0.46643840803057535,2.1528407992791307,0.0,0.0,8.944988569742305,0.0,0.0,0.656414463700542,1.179598448707768,1.6561346933879104,0.4082399653118496
6.251633611065803,-2.0218098735320975,0.0,0.0,0.0,8.944988569742305,0.0,0.0,4.290649125007212e-05,2.359196897415536,0.4731813409679744,-0.01749782701560991
6.370091377394571,-0.48521415725108064,2.1528407992791307,0.0,0.0,8.944988569742305,3.3256432633455386,3.038321572734365,0.21453245625036058,1.179598448707768,0.2365906704839872,-0.01635820640686767
6.000954685003887,-1.2097777645319656,0.0,0.0,4.919380916392177,8.944988569742305,0.0,3.038321572734365,0.17227299488833955,2.359196897415536,1.4195440229039231,0.9386591389737827
6.3134657690840275,-2.7866670655630124,0.0,0.0,0.0,8.944988569742305,0.0,0.0,2.145324562503606,2.359196897415536,1.4195440229039231,-0.03476210625921197
6.3134657690840275,-2.7866670655630124,0.0,0.0,0.0,8.944988569742305,0.0,0.0,0.656414463700542,1.9291860789236062,2.365906704839872,0.4275633669545613
6.3331585887517,-2.0690960045916653,0.0,0.0,0.0,8.944988569742305,0.0,0.0,0.21453245625036058,1.9457523595372583,0.48027906108249396,0.05803546917037159
5.479484356108198,-2.2709973279238995,0.0,0.0,0.0,8.944988569742305,3.3256432633455386,3.038321572734365,0.656414463700542,1.179598448707768,1.4195440229039231,0.3010299956639812
6.370091377394571,-0.48521415725108064,2.1528407992791307,0.0,0.0,8.944988569742305,0.0,0.0,4.360629612236079,2.359196897415536,1.4195440229039231,-0.08633414873527591
6.3134657690840275,-2.7866670655630124,0.0,0.0,0.0,8.944988569742305,0.0,0.0,3.217986843755409,3.538795346123304,0.04731813409679744,-0.3113613671456985
1.452241771504827,-1.1151453338180135,0.0,0.0,0.0,8.944988569742305,0.0,0.0,0.656414463700542,0.2359196897415536,0.01069389830587622,-1.851851851851851
6.370091377394571,-0.48521415725108064,2.1528407992791307,0.0,0.0,8.944988569742305,0.0,0.0,0.656414463700542,0.9997615876115765,1.4194045335023762,1.656589559399379
6.3062322149123,-2.1410708048321774,0.0,0.0,0.0,8.944988569742305,0.0,0.0,4.290649125007212e-05,2.359196897415536,0.4731813409679744,-0.9021734110319146
6.251633611065803,-2.0218098735320975,0.0,0.0,0.0,8.944988569742305,0.0,0.0,4.290649125007212e-05,0.27865654153823605,0.9463626819359487,-0.9827586206896575
6.370079216007953,-0.4697951491172244,2.1528407992791307,0.0,4.919380916392177,8.944988569742305,3.3256432633455386,3.038321572734365,0.656414463700542,0.4718393794831072,1.4194045335023762,0.07675507020280567
6.023948969606698,-0.4106579231213278,2.1528407992791307,0.0,0.0,8.944988569742305,3.3256432633455386,3.038321572734365,0.656414463700542,1.1816769011743913,1.4194045335023762,0.5814674032073606
6.350916602354423,-1.141612178518159,0.0,0.0,0.0,8.944988569742305,0.0,0.0,0.656414463700542,1.843901131787851,2.365906704839872,0.2259691527869807
6.351541690632111,-1.2853784999372788,0.0,0.0,0.0,8.944988569742305,3.3256432633455386,3.038321572734365,0.42906491250072115,0.6950571531289755,1.4195440229039231,-0.005465586003222508
6.3134657690840275,-2.7866670655630124,0.0,0.0,0.0,8.944988569742305,0.0,0.0,4.290649125007212e-05,2.359196897415536,2.8390880458078462,0.648364110491845
6.3134657690840275,-2.7866670655630124,0.0,0.0,0.0,8.944988569742305,0.0,0.0,0.8581298250014423,2.359196897415536,0.004731813409679744,0.7505083948513462
6.023948969606698,-0.4106579231213278,2.1528407992791307,0.0,0.0,8.944988569742305,3.3256432633455386,3.038321572734365,0.656414463700542,0.18866096525159484,1.4194045335023762,-0.8086184995011162
5.673394347164686,0.0,0.0,0.0,0.0,0.0,0.0,0.0,0.656414463700542,2.59511658715709,0.4731813409679744,0.7910868478099096
6.3062322149123,-2.1410708048321774,0.0,0.0,0.0,8.944988569742305,0.0,0.0,3.604145265006058e-06,2.359196897415536,3.374639419328809,1.559045226130653
6.3331585887517,-2.0690960045916653,0.0,0.0,0.0,8.944988569742305,0.0,0.0,0.656414463700542,2.312079016980353,0.9463626819359487,-0.2372093023255822
6.251633611065803,-2.0218098735320975,0.0,0.0,0.0,8.944988569742305,0.0,0.0,4.290649125007212e-05,0.8340162095836482,0.9463626819359487,0.1206896551724121
6.3331585887517,-2.0690960045916653,0.0,0.0,0.0,8.944988569742305,0.0,0.0,0.656414463700542,3.088259514623859,2.460542973033467,1.308724832214764
6.3134657690840275,-2.7866670655630124,0.0,0.0,0.0,8.944988569742305,0.0,0.0,4.290649125007212e-05,2.359196897415536,1.4195440229039231,0.3344537511509309
6.166840866694848,-1.9621794078820578,0.0,5.231902810406923,0.0,8.944988569742305,0.0,0.0,4.290649125007212e-05,2.359196897415536,1.4195440229039231,1.205965557619709
6.3331585887517,-2.0690960045916653,0.0,0.0,0.0,8.944988569742305,0.0,0.0,0.04012529248724245,2.3120129594672254,0.004731813409679744,0.05690485133647256
6.483834559988072,-2.1367138545539226,2.1528407992791307,0.0,0.0,8.944988569742305,0.0,0.0,0.656414463700542,0.47595617806909735,2.3185885707430747,0.04561403508771715
6.023948969606698,-0.4106579231213278,2.1528407992791307,0.0,0.0,8.944988569742305,3.3256432633455386,3.038321572734365,0.656414463700542,0.7080091440957869,0.9463626819359487,0.2003166498975227
6.3134657690840275,-2.7866670655630124,0.0,0.0,0.0,8.944988569742305,0.0,0.0,0.656414463700542,1.2747802475339978,4.826449677873338,-0.1464838638239616
6.382242841808487,-2.163668266710802,0.0,0.0,0.0,8.944988569742305,0.0,0.0,0.656414463700542,3.011208143954268,0.4637177141486149,-0.1087719298245615
6.166840866694848,-1.9621794078820578,0.0,5.231902810406923,0.0,8.944988569742305,0.0,0.0,4.290649125007212e-05,2.359196897415536,2.8390880458078462,1.266940635346726
6.370091377394571,-0.48521415725108064,2.1528407992791307,0.0,0.0,8.944988569742305,0.0,0.0,0.2396031481526902,2.359196897415536,1.4195440229039231,0.5265032835812309
1.452241771504827,-1.1151453338180135,0.0,0.0,0.0,8.944988569742305,0.0,0.0,0.656414463700542,0.2359196897415536,0.4731813409679744,-1.096910013008056
6.370091377394571,-0.48521415725108064,2.1528407992791307,0.0,0.0,8.944988569742305,0.0,0.0,1.8414822447162202,2.59511658715709,0.4731813409679744,0.1950162513542781
6.023948969606698,-0.4106579231213278,2.1528407992791307,0.0,0.0,8.944988569742305,3.3256432633455386,3.038321572734365,0.656414463700542,0.589799224353884,1.4194045335023762,0.06427457098283858
6.3134657690840275,-2.7866670655630124,0.0,0.0,0.0,8.944988569742305,0.0,0.0,0.8581298250014423,2.359196897415536,0.004731813409679744,0.8122446968003693
6.251633611065803,-2.0218098735320975,0.0,0.0,0.0,8.944988569742305,0.0,0.0,4.290649125007212e-05,1.113399383766288,0.9463626819359487,0.3318965517241376
6.3134657690840275,-2.7866670655630124,0.0,0.0,0.0,8.944988569742305,0.0,0.0,4.290649125007212e-05,2.359196897415536,2.8390880458078462,0.6242820958356683
6.351541690632111,-1.2853784999372788,0.0,0.0,0.0,8.944988569742305,3.3256432633455386,3.038321572734365,0.21453245625036058,1.179598448707768,2.365906704839872,0.5383765017273076
6.3134657690840275,-2.7866670655630124,0.0,0.0,0.0,8.944988569742305,0.0,0.0,0.656414463700542,1.843901131787851,0.4731813409679744,-0.7451810935152875
6.370091377394571,-0.48521415725108064,2.1528407992791307,0.0,0.0,8.944988569742305,0.0,0.0,0.656414463700542,0.2514573605079323,4.022041398227782,-0.4658517416748432
6.889163033067114,-0.5330199125051337,2.1528407992791307,0.0,0.0,8.944988569742305,3.3256432633455386,3.038321572734365,0.656414463700542,0.4718393794831072,1.4194045335023762,-0.0767550702028087
6.517363800215063,-0.49805078972453065,2.1528407992791307,0.0,0.0,8.944988569742305,0.0,0.0,0.656414463700542,1.179598448707768,1.6561346933879104,0.436162647040756
6.3134657690840275,-2.7866670655630124,0.0,0.0,0.0,8.944988569742305,0.0,0.0,1.072662281251803,3.538795346123304,2.365906704839872,0.7189234367587567
6.370091377394571,-0.48521415725108064,2.1528407992791307,0.0,0.0,8.944988569742305,0.0,0.0,1.898487808991066,2.359196897415536,1.4195440229039231,0.4070585517469932
6.3331585887517,-2.0690960045916653,0.0,0.0,0.0,8.944988569742305,0.0,0.0,0.656414463700542,3.07231134359733,0.4731813409679744,0.3020134228187899
6.3062322149123,-2.1410708048321774,0.0,0.0,0.0,8.944988569742305,0.0,0.0,3.604145265006058e-06,2.359196897415536,2.34495423506181,0.9711055276381912
6.370091377394571,-0.48521415725108064,2.1528407992791307,0.0,0.0,8.944988569742305,0.0,0.0,2.535370311861511,2.359196897415536,1.4195440229039231,0.2880888597640699
6.370091377394571,-0.48521415725108064,2.1528407992791307,0.0,0.0,8.944988569742305,0.0,0.0,0.656414463700542,1.179598448707768,1.6561346933879104,0.5587085705331657
6.3134657690840275,-2.7866670655630124,0.0,0.0,0.0,8.944988569742305,0.0,0.0,0.21453245625036058,0.06683982281881799,0.004731813409679744,0.1319863281682527
6.351541690632111,-1.2853784999372788,0.0,0.0,0.0,8.944988569742305,0.0,0.0,3.604145265006058e-06,2.359196897415536,0.23763119625277573,-1.135338345864661
6.3134657690840275,-2.7866670655630124,0.0,0.0,0.0,8.944988569742305,0.0,0.0,4.290649125007212e-05,2.359196897415536,3.312269386775821,0.5797835966168101
6.166840866694848,-1.9621794078820578,0.0,5.231902810406923,0.0,8.944988569742305,0.0,0.0,4.290649125007212e-05,2.359196897415536,2.8390880458078462,1.266940635346726
6.370091377394571,-0.48521415725108064,2.1528407992791307,0.0,0.0,8.944988569742305,0.0,0.0,1.0183040474870866,2.359196897415536,1.4195440229039231,0.5265032835812309
6.251633611065803,-2.0218098735320975,0.0,0.0,0.0,8.944988569742305,0.0,0.0,4.290649125007212e-05,2.359196897415536,1.8927253638718975,0.9881114906350605
6.3331585887517,-2.0690960045916653,0.0,0.0,0.0,8.944988569742305,0.0,0.0,0.00012871947375021634,0.2359196897415536,2.365906704839872,-1.114147993293855
6.862931093951993,-2.2390440352924985,2.1528407992791307,0.0,0.0,8.944988569742305,0.0,0.0,0.656414463700542,1.179598448707768,1.8930897135044429,0.7388055682705498
6.3331585887517,-2.0690960045916653,0.0,0.0,0.0,8.944988569742305,0.0,0.0,0.656414463700542,0.9317860474063427,0.9463626819359487,-0.9651162790697718
6.3062322149123,-2.1410708048321774,0.0,0.0,0.0,8.944988569742305,0.0,0.0,3.604145265006058e-06,2.359196897415536,1.4195440229039231,0.1760912590556812
6.3331585887517,-2.0690960045916653,0.0,0.0,0.0,8.944988569742305,0.0,0.0,4.290649125007212,3.538795346123304,1.4195440229039231,0.249877473216598
6.3134657690840275,-2.7866670655630124,0.0,0.0,0.0,8.944988569742305,0.0,0.0,0.0004290649125007212,1.179598448707768,2.8390880458078462,0.1888069379391503
6.3331585887517,-2.0690960045916653,0.0,0.0,0.0,8.944988569742305,0.0,0.0,0.656414463700542,1.843901131787851,0.4731813409679744,-0.1053444761515942
1.452241771504827,-1.1151453338180135,0.0,0.0,0.0,8.944988569742305,0.0,0.0,0.018026432888366545,0.23827888663896915,1.4195440229039231,0.7417816961431667
6.370091377394571,-0.48521415725108064,2.1528407992791307,0.0,0.0,8.944988569742305,3.3256432633455386,3.038321572734365,0.42906491250072115,0.6837094160524069,1.4195440229039231,0.1705521196219227
6.3062322149123,-2.1410708048321774,0.0,0.0,0.0,8.944988569742305,0.0,0.0,4.290649125007212e-05,0.3285488375247798,1.4195440229039231,-1.448275862068967
6.3331585887517,-2.0690960045916653,0.0,0.0,0.0,8.944988569742305,0.0,0.0,5.577843862509375e-05,2.359196897415536,1.8927253638718975,1.012034255098913
6.370091377394571,-0.48521415725108064,2.1528407992791307,0.0,0.0,8.944988569742305,0.0,0.0,0.0021766291385196582,2.359196897415536,1.4195440229039231,0.3617278360175928
6.0242946674161635,-0.4368697950326277,0.0,0.0,0.0,8.944988569742305,0.0,0.0,0.656414463700542,0.7077590692246608,1.4194045335023762,-0.428990367220233
6.3331585887517,-2.0690960045916653,0.0,0.0,0.0,8.944988569742305,0.0,0.0,0.656414463700542,0.4695132113422555,0.9463626819359487,-1.567441860465111
6.370091377394571,-0.48521415725108064,2.1528407992791307,0.0,0.0,8.944988569742305,3.3256432633455386,3.038321572734365,0.42906491250072115,1.1674344295046937,1.4195440229039231,0.5586226439045551
6.3331585887517,-2.0690960045916653,0.0,0.0,0.0,8.944988569742305,0.0,0.0,0.656414463700542,2.359196897415536,0.7773565023824174,0.6526722071108372
1.3981016395739596,-4.682388127177302,0.0,0.0,0.0,8.944988569742305,0.0,0.0,1.7162596500028847e-06,0.47419857638052276,0.4731813409679744,-0.6073030467403343
6.3134657690840275,-2.7866670655630124,0.0,0.0,0.0,8.944988569742305,0.0,0.0,0.004308326599402241,2.359196897415536,0.9463626819359487,0.2050678430236896
6.3331585887517,-2.0690960045916653,0.0,0.0,0.0,8.944988569742305,0.0,0.0,0.21453245625036058,0.304426049248706,0.004731813409679744,0.2647773159802437
6.166840866694848,-1.9621794078820578,0.0,5.231902810406923,0.0,8.944988569742305,0.0,0.0,4.290649125007212e-05,2.359196897415536,0.004731813409679744,-2.323341080224196
6.517363800215063,-0.49805078972453065,2.1528407992791307,0.0,0.0,8.944988569742305,0.0,0.0,4.290649125007212e-05,2.59511658715709,0.9463626819359487,0.7957746478873244
6.251633611065803,-2.0218098735320975,0.0,0.0,0.0,8.944988569742305,0.0,0.0,4.290649125007212e-05,2.359196897415536,1.4195440229039231,0.7971694225490045
6.3062322149123,-2.1410708048321774,0.0,0.0,0.0,8.944988569742305,0.0,0.0,0.0004290649125007212,2.359196897415536,1.4195440229039231,-0.09691001300805639
1.452241771504827,-1.1151453338180135,0.0,0.0,0.0,8.944988569742305,0.0,0.0,0.004290649125007212,0.4718393794831072,1.4615199396611922,0.7294593264839196
6.3134657690840275,-2.7866670655630124,0.0,0.0,0.0,8.944988569742305,0.0,0.0,0.656414463700542,0.5794918931090756,4.826449677873338,-0.7907934207082596
6.382242841808487,-2.163668266710802,0.0,0.0,0.0,8.944988569742305,0.0,0.0,0.656414463700542,0.2570415795641149,2.3185885707430747,-0.3824561403508766
6.3134657690840275,-2.7866670655630124,0.0,0.0,0.0,8.944988569742305,0.0,0.0,0.0004290649125007212,2.359196897415536,1.4195440229039231,0.4913616938342727
6.651635099206121,-0.5108874221979807,2.1528407992791307,0.0,0.0,8.944988569742305,0.0,0.0,0.656414463700542,0.07582388052386611,0.9463626819359487,-1.965416298346072
6.3134657690840275,-2.7866670655630124,0.0,0.0,0.0,8.944988569742305,0.0,0.0,4.290649125007212e-05,2.359196897415536,4.731813409679744,0.380211241711606
6.517363800215063,-0.49805078972453065,2.1528407992791307,0.0,0.0,8.944988569742305,0.0,0.0,4.290649125007212e-05,1.8823937676602667,1.4195440229039231,0.806230529595015
6.3134657690840275,-2.7866670655630124,0.0,0.0,0.0,8.944988569742305,0.0,0.0,3.217986843755409,3.538795346123304,1.4195440229039231,0.2017575408454702
5.5751958586328065,-0.39931829659161844,0.0,0.0,4.919380916392177,8.944988569742305,3.3256432633455386,3.038321572734365,0.656414463700542,1.179598448707768,2.8390880458078462,0.6720978579357175
6.3134657690840275,-2.7866670655630124,0.0,0.0,0.0,8.944988569742305,0.0,0.0,4.290649125007212e-05,0.5498957680309976,0.9463626819359487,-0.9145720716388055
5.5751958586328065,-0.39931829659161844,0.0,0.0,4.919380916392177,8.944988569742305,3.3256432633455386,3.038321572734365,0.656414463700542,1.694113340868225,1.4195440229039231,1.103190095954383
6.3134657690840275,-2.7866670655630124,0.0,0.0,0.0,8.944988569742305,0.0,0.0,5.363311406259014,3.538795346123304,0.9463626819359487,-0.08471373464762134
6.3062322149123,-2.1410708048321774,0.0,0.0,0.0,8.944988569742305,0.0,0.0,4.290649125007212e-05,0.9860098288965414,1.4195440229039231,-0.4353448275862056
6.023948969606698,-0.4106579231213278,2.1528407992791307,0.0,0.0,8.944988569742305,3.3256432633455386,3.038321572734365,0.656414463700542,0.7077590692246608,1.4195440229039231,0.4703209205104826
6.370091377394571,-0.48521415725108064,2.1528407992791307,0.0,0.0,8.944988569742305,0.0,0.0,0.18075517914356629,2.359196897415536,1.4195440229039231,0.7160033436347992
6.207008896919573,-0.46643840803057535,2.1528407992791307,0.0,0.0,8.944988569742305,0.0,0.0,0.656414463700542,0.45840139395542834,3.0756787162918333,-0.04488919723294831
6.370091377394571,-0.48521415725108064,2.1528407992791307,0.0,0.0,8.944988569742305,0.0,0.0,2.879300164423839,2.359196897415536,1.4195440229039231,0.07918124604762482
6.3331585887517,-2.0690960045916653,0.0,0.0,0.0,8.944988569742305,0.0,0.0,0.009978333605116772,2.3120129594672254,0.004731813409679744,0.01703333929878037
1.452241771504827,-1.1151453338180135,0.0,0.0,0.0,8.944988569742305,0.0,0.0,0.004290649125007212,0.4718393794831072,0.9654413536037775,0.4393326938302626
6.370091377394571,-0.48521415725108064,2.1528407992791307,0.0,0.0,8.944988569742305,0.0,0.0,3.987712134185202,2.359196897415536,1.4195440229039231,-0.00620308796527328
6.370091377394571,-0.48521415725108064,2.1528407992791307,0.0,0.0,8.944988569742305,0.0,0.0,3.6829601987833156,2.59511658715709,0.2365906704839872,0.04550379198266516
6.3331585887517,-2.0690960045916653,0.0,0.0,0.0,8.944988569742305,0.0,0.0,0.21453245625036058,2.4297368846482605,0.48027906108249396,0.3119932648840557
5.526397764357201,-0.4319190451500112,0.0,0.0,4.919380916392177,8.944988569742305,3.3256432633455386,3.038321572734365,0.656414463700542,1.179598448707768,2.8390880458078462,0.146128035678238
6.370091377394571,-0.48521415725108064,2.1528407992791307,0.0,0.0,8.944988569742305,0.0,3.038321572734365,0.656414463700542,2.2648290215189144,2.1297560930029853,1.027249205777354
6.3062322149123,-2.1410708048321774,0.0,0.0,0.0,8.944988569742305,0.0,0.0,4.290649125007212e-05,1.316306831322306,1.4195440229039231,-0.1767241379310328
6.370091377394571,-0.48521415725108064,2.1528407992791307,0.0,0.0,8.944988569742305,0.0,0.0,0.656414463700542,1.2771016972810547,1.4194045335023762,1.80846742823059
6.3134657690840275,-2.7866670655630124,0.0,0.0,0.0,8.944988569742305,0.0,0.0,2.145324562503606,3.538795346123304,1.8927253638718975,0.3778487999011506
6.370091377394571,-0.48521415725108064,2.1528407992791307,0.0,0.0,8.944988569742305,3.3256432633455386,3.038321572734365,0.21453245625036058,1.179598448707768,0.2365906704839872,0.8274660015984828
6.356930827510932,-0.9233880013487746,0.0,0.0,4.919380916392177,8.944988569742305,0.0,3.038321572734365,0.656414463700542,0.2359196897415536,0.9463626819359487,-0.09151498112135022
6.207008896919573,-0.46643840803057535,2.1528407992791307,0.0,0.0,8.944988569742305,0.0,0.0,0.656414463700542,1.179598448707768,1.6561346933879104,0.3074960379132129
6.862931093951993,-2.2390440352924985,2.1528407992791307,0.0,0.0,8.944988569742305,0.0,0.0,0.656414463700542,1.179598448707768,0.13418665739706204,-1.615697591672981
6.370091377394571,-0.48521415725108064,2.1528407992791307,0.0,0.0,8.944988569742305,0.0,0.0,0.0014510846621300642,2.359196897415536,1.4195440229039231,0.5185139398778874
6.3134657690840275,-2.7866670655630124,0.0,0.0,0.0,8.944988569742305,0.0,0.0,0.42906491250072115,3.538795346123304,2.365906704839872,0.8577031944274324
6.651635099206121,-0.5108874221979807,2.1528407992791307,0.0,0.0,8.944988569742305,0.0,0.0,0.656414463700542,1.179598448707768,0.243966621226996,-0.6426046233183135
6.370091377394571,-0.48521415725108064,2.1528407992791307,0.0,0.0,8.944988569742305,0.0,0.0,2.1777919044325356,2.359196897415536,1.4195440229039231,0.2550304776875136
6.808924577243043,-1.8933295938434873,0.0,0.0,4.919380916392177,0.0,0.0,0.0,0.656414463700542,1.179598448707768,0.04731813409679744,-0.4626847268879903
6.889163033067114,-0.5330199125051337,2.1528407992791307,0.0,0.0,8.944988569742305,3.3256432633455386,3.038321572734365,0.656414463700542,1.843901131787851,1.8927253638718975,0.1532051216061021
6.3134657690840275,-2.7866670655630124,0.0,0.0,0.0,8.944988569742305,0.0,0.0,0.0004290649125007212,2.359196897415536,0.4731813409679744,-0.6189591078066927
6.862931093951993,-2.2390440352924985,2.1528407992791307,0.0,0.0,8.944988569742305,0.0,0.0,0.656414463700542,1.179598448707768,2.4014946734940734,0.8067164667100035
6.370091377394571,-0.48521415725108064,2.1528407992791307,0.0,0.0,8.944988569742305,0.0,0.0,4.290649125007212e-05,2.59511658715709,1.8927253638718975,0.9453191100762133
6.207008896919573,-0.46643840803057535,2.1528407992791307,0.0,0.0,8.944988569742305,0.0,0.0,0.004290649125007212,2.359196897415536,1.6561346933879104,1.130976691605617
6.862931093951993,-2.2390440352924985,2.1528407992791307,0.0,0.0,8.944988569742305,0.0,0.0,0.656414463700542,1.179598448707768,0.4889572068758466,-0.4607016882522424
