tSNE1,tSNE2,group
-78.9945,59.185898,Development-set ligand
-78.80021,59.164616,Development-set ligand
-80.02623,56.6444,Development-set ligand
-80.950165,46.67622,Development-set ligand
-80.04137,46.923576,Development-set ligand
-81.489815,57.066315,Development-set ligand
-80.949585,46.67528,Development-set ligand
-79.870094,46.98338,Development-set ligand
-74.64612,55.277145,Development-set ligand
-81.46511,57.06886,Development-set ligand
-80.26951,56.83308,Development-set ligand
-79.75494,47.03319,Development-set ligand
-78.00065,58.616512,Development-set ligand
-81.54047,57.108067,Development-set ligand
-76.848,57.43827,Development-set ligand
-77.16508,59.615612,Development-set ligand
-77.02885,59.568523,Development-set ligand
-76.58986,57.257282,Development-set ligand
-79.505424,47.143417,Development-set ligand
-76.94789,59.4844,Development-set ligand
-76.42624,57.884216,Development-set ligand
-76.041176,56.270138,Development-set ligand
-75.31506,56.012913,Development-set ligand
-80.2414,51.33276,Development-set ligand
-80.240135,52.81161,Development-set ligand
-76.92148,57.559418,Development-set ligand
-76.42623,55.9204,Development-set ligand
-76.73536,57.478065,Development-set ligand
-76.415794,56.586235,Development-set ligand
-74.81469,55.461525,Development-set ligand
-77.099,59.61483,Development-set ligand
-77.721825,58.285534,Development-set ligand
-76.90095,55.39194,Development-set ligand
-77.60673,58.155804,Development-set ligand
-77.33862,57.79168,Development-set ligand
-75.00316,55.674046,Development-set ligand
-78.81717,59.14939,Development-set ligand
-78.59131,59.106327,Development-set ligand
-78.359535,59.20923,Development-set ligand
-78.519775,59.080185,Development-set ligand
-78.31371,59.314342,Development-set ligand
-77.02362,57.379402,Development-set ligand
44.887135,-82.64894,PubChem candidate
-40.098896,-24.509188,PubChem candidate
96.01204,21.184826,PubChem candidate
56.594463,-43.905766,PubChem candidate
-29.259344,-14.190303,PubChem candidate
25.350666,-34.41287,PubChem candidate
-88.8811,26.36043,PubChem candidate
11.064998,16.923193,PubChem candidate
53.009758,-21.701862,PubChem candidate
-46.530945,-13.490577,PubChem candidate
8.112209,-63.681126,PubChem candidate
-15.184028,117.95537,PubChem candidate
-9.317428,3.976926,PubChem candidate
-30.606586,-86.39116,PubChem candidate
-35.800205,38.760593,PubChem candidate
115.41259,-29.272549,PubChem candidate
21.01459,-65.08731,PubChem candidate
-51.705418,35.49616,PubChem candidate
3.2072759,-10.3715,PubChem candidate
96.16986,-18.073545,PubChem candidate
-17.712929,38.665356,PubChem candidate
7.0638905,-60.5477,PubChem candidate
6.315013,-76.96519,PubChem candidate
-3.7706406,20.061579,PubChem candidate
97.40857,-7.315196,PubChem candidate
-48.0554,-81.68922,PubChem candidate
100.79386,-36.242516,PubChem candidate
-104.61689,-11.005044,PubChem candidate
-94.294716,-0.24205989,PubChem candidate
-51.17258,79.01759,PubChem candidate
93.65508,-23.301147,PubChem candidate
-15.804806,-32.399937,PubChem candidate
6.71666,-104.96152,PubChem candidate
67.16478,1.8672905,PubChem candidate
63.87076,-67.20334,PubChem candidate
-72.90554,-58.37477,PubChem candidate
59.514236,-51.140114,PubChem candidate
-11.361118,-20.353703,PubChem candidate
69.853645,3.0034678,PubChem candidate
-29.433224,-44.209328,PubChem candidate
-71.23479,-50.48295,PubChem candidate
43.778538,-53.33468,PubChem candidate
-11.766453,-16.204308,PubChem candidate
24.831348,27.281769,PubChem candidate
65.78776,-0.3213786,PubChem candidate
-124.37986,-9.149668,PubChem candidate
-0.6011646,6.719441,PubChem candidate
-4.9124193,-100.79365,PubChem candidate
-43.238052,-78.57687,PubChem candidate
-41.249012,-11.858386,PubChem candidate
85.073906,57.251144,PubChem candidate
-68.340706,11.245301,PubChem candidate
-32.55442,21.957275,PubChem candidate
-77.40413,-57.16886,PubChem candidate
-42.465042,-69.19293,PubChem candidate
-14.537709,-18.358273,PubChem candidate
-37.21318,-14.074746,PubChem candidate
-18.2077,-21.839987,PubChem candidate
-69.142944,-47.9253,PubChem candidate
-30.168245,24.831358,PubChem candidate
-33.78845,-60.485367,PubChem candidate
-106.74492,-10.239521,PubChem candidate
44.727013,-87.40182,PubChem candidate
69.64778,-14.415053,PubChem candidate
-34.58179,-96.96717,PubChem candidate
66.6753,-74.51309,PubChem candidate
-34.591503,-35.849716,PubChem candidate
49.539925,-5.4754076,PubChem candidate
-68.57831,-63.544292,PubChem candidate
-52.14243,-36.824425,PubChem candidate
-78.62041,54.85527,PubChem candidate
11.607085,112.034,PubChem candidate
-111.0659,-29.035688,PubChem candidate
-46.85246,-36.180317,PubChem candidate
46.372902,27.983635,PubChem candidate
-101.50253,13.007748,PubChem candidate
-101.71443,-11.95757,PubChem candidate
64.837975,-80.41006,PubChem candidate
-11.622315,-104.35319,PubChem candidate
-4.3821926,-105.27254,PubChem candidate
-10.908524,-16.547424,PubChem candidate
8.962927,22.74597,PubChem candidate
-83.79814,5.360258,PubChem candidate
4.269991,17.96751,PubChem candidate
-28.043608,-11.648812,PubChem candidate
-109.7767,-0.05538187,PubChem candidate
-96.99447,-40.610687,PubChem candidate
-59.164825,-57.889244,PubChem candidate
43.555298,-64.44083,PubChem candidate
-94.34532,0.057176027,PubChem candidate
47.717136,-7.742832,PubChem candidate
-70.16811,-55.6109,PubChem candidate
-66.44303,0.16756475,PubChem candidate
-26.507076,-97.07549,PubChem candidate
-21.31751,-25.9052,PubChem candidate
-13.034672,19.08359,PubChem candidate
6.9477086,-11.116857,PubChem candidate
58.93178,-51.824787,PubChem candidate
-44.510864,-18.228424,PubChem candidate
9.890972,109.04036,PubChem candidate
-71.05796,3.9906452,PubChem candidate
-73.23647,-9.795135,PubChem candidate
-7.202703,75.12947,PubChem candidate
-8.3201885,-11.49307,PubChem candidate
-31.105646,-39.263893,PubChem candidate
26.814262,33.07593,PubChem candidate
-45.566196,-26.590336,PubChem candidate
-32.243587,-97.29637,PubChem candidate
-98.298,10.297633,PubChem candidate
51.485683,-23.170267,PubChem candidate
-7.373628,-21.307196,PubChem candidate
-124.74392,1.3058667,PubChem candidate
-106.430916,8.7345495,PubChem candidate
43.18951,-69.20518,PubChem candidate
89.7296,27.588116,PubChem candidate
-0.946485,-103.04247,PubChem candidate
-78.61124,-15.238097,PubChem candidate
-37.381195,-41.75914,PubChem candidate
114.71378,-27.769777,PubChem candidate
-53.558945,35.549137,PubChem candidate
55.57869,48.855045,PubChem candidate
-39.961716,-76.23109,PubChem candidate
-69.82863,-59.52314,PubChem candidate
13.146264,64.15797,PubChem candidate
-9.967072,-104.22267,PubChem candidate
-25.935429,-22.5471,PubChem candidate
68.03641,1.0928969,PubChem candidate
-53.70863,68.20517,PubChem candidate
-10.443035,-28.081648,PubChem candidate
15.671472,-8.45443,PubChem candidate
-8.344569,-100.76833,PubChem candidate
3.5527585,0.05242717,PubChem candidate
-36.88158,-19.432163,PubChem candidate
-41.90667,-67.77528,PubChem candidate
-51.377647,-79.84226,PubChem candidate
62.552475,5.3543983,PubChem candidate
4.4676538,9.317212,PubChem candidate
-1.7140753,18.53488,PubChem candidate
-73.110886,4.4129252,PubChem candidate
46.687077,-82.740486,PubChem candidate
36.918224,-73.96099,PubChem candidate
-68.50109,18.11017,PubChem candidate
13.368799,15.600108,PubChem candidate
-101.81421,-40.491184,PubChem candidate
-56.013245,-62.713493,PubChem candidate
-126.83601,0.34198967,PubChem candidate
92.71574,-42.53974,PubChem candidate
-107.46355,-20.592497,PubChem candidate
-41.38185,68.39922,PubChem candidate
-52.267967,-79.84562,PubChem candidate
-9.36026,-25.24045,PubChem candidate
-21.324575,-30.669315,PubChem candidate
-71.502365,-47.533115,PubChem candidate
-47.95973,-81.96751,PubChem candidate
33.353527,37.927532,PubChem candidate
-9.87219,-92.85305,PubChem candidate
7.1278853,-111.94129,PubChem candidate
-74.16898,-62.77734,PubChem candidate
-39.183304,-12.5427065,PubChem candidate
-51.75717,79.71545,PubChem candidate
-48.13903,-28.347294,PubChem candidate
-15.77271,44.593685,PubChem candidate
-50.191555,-75.02313,PubChem candidate
-51.830376,-10.765846,PubChem candidate
-47.40414,-11.4630995,PubChem candidate
63.793854,-61.53216,PubChem candidate
94.4862,18.94044,PubChem candidate
15.999521,-8.061752,PubChem candidate
-28.323,70.44313,PubChem candidate
-1.8243425,96.96253,PubChem candidate
-21.973824,91.171265,PubChem candidate
47.631218,78.87462,PubChem candidate
91.97677,26.651577,PubChem candidate
37.76346,18.439196,PubChem candidate
-94.38282,-29.193022,PubChem candidate
16.245962,-107.19694,PubChem candidate
47.556194,98.90857,PubChem candidate
-42.983875,-65.560005,PubChem candidate
-6.8396153,-93.41216,PubChem candidate
-66.41807,10.286574,PubChem candidate
54.025936,35.345043,PubChem candidate
-70.747185,12.270689,PubChem candidate
-18.507797,-22.451221,PubChem candidate
-50.651676,67.379684,PubChem candidate
-44.23263,-79.71541,PubChem candidate
5.800689,-63.785282,PubChem candidate
8.08716,101.08791,PubChem candidate
-2.1114376,28.422962,PubChem candidate
-101.24347,-39.095005,PubChem candidate
-21.167284,-93.95127,PubChem candidate
-94.72208,26.835564,PubChem candidate
-38.24145,38.55374,PubChem candidate
-17.36296,-87.804665,PubChem candidate
-2.9731507,-100.76155,PubChem candidate
1.5087389,-106.57388,PubChem candidate
-25.556707,-80.89476,PubChem candidate
14.556576,-7.674741,PubChem candidate
-17.771688,59.972404,PubChem candidate
54.02931,-27.15952,PubChem candidate
51.761826,-18.045918,PubChem candidate
26.647116,-51.734207,PubChem candidate
-99.98338,-39.323536,PubChem candidate
-48.474842,-33.779873,PubChem candidate
68.6605,8.037487,PubChem candidate
2.648199,-71.06455,PubChem candidate
-65.65025,6.0444217,PubChem candidate
-28.75858,-43.132675,PubChem candidate
51.772354,-6.331508,PubChem candidate
105.613686,-0.90877193,PubChem candidate
-93.7232,0.65784526,PubChem candidate
-50.822453,-27.929907,PubChem candidate
57.23635,-51.364025,PubChem candidate
5.6065774,-50.407127,PubChem candidate
-94.174545,-30.971214,PubChem candidate
31.329552,45.36669,PubChem candidate
-13.344231,1.2777052,PubChem candidate
-8.204907,74.19398,PubChem candidate
13.71531,4.848297,PubChem candidate
-125.61332,0.42317384,PubChem candidate
12.820246,-55.651497,PubChem candidate
-93.784424,-30.652725,PubChem candidate
-56.422485,65.27785,PubChem candidate
-60.69714,35.8599,PubChem candidate
-66.004395,-2.1848953,PubChem candidate
92.023155,26.72704,PubChem candidate
-76.468094,-13.383872,PubChem candidate
-40.446957,21.33259,PubChem candidate
-31.858353,-25.563713,PubChem candidate
-27.382284,70.47737,PubChem candidate
33.165783,44.012547,PubChem candidate
42.896965,86.07641,PubChem candidate
-38.22411,-20.437239,PubChem candidate
15.465811,16.479143,PubChem candidate
-51.176037,70.07481,PubChem candidate
65.71618,9.772412,PubChem candidate
-105.611336,-7.69141,PubChem candidate
-52.00877,78.204216,PubChem candidate
-2.2241373,107.89651,PubChem candidate
-88.16486,-18.134556,PubChem candidate
-50.058914,-75.26631,PubChem candidate
-93.73963,28.233477,PubChem candidate
-20.137396,90.46739,PubChem candidate
-131.47122,-0.65974367,PubChem candidate
20.963264,42.116947,PubChem candidate
-73.39069,-10.22708,PubChem candidate
54.560406,-6.497388,PubChem candidate
105.49803,37.269802,PubChem candidate
33.601044,-42.96919,PubChem candidate
-93.75239,-29.67335,PubChem candidate
-24.010303,-82.162926,PubChem candidate
2.372729,-64.57013,PubChem candidate
-30.188791,-89.94925,PubChem candidate
8.416747,-69.1393,PubChem candidate
11.6572695,-103.3327,PubChem candidate
117.90309,32.223873,PubChem candidate
20.791206,6.348776,PubChem candidate
-30.36997,-85.35258,PubChem candidate
56.74165,-21.074907,PubChem candidate
55.94667,-25.873596,PubChem candidate
-16.040787,17.465223,PubChem candidate
-29.993395,-6.3349943,PubChem candidate
16.847343,-38.21009,PubChem candidate
-8.309948,-33.457012,PubChem candidate
23.486624,42.63483,PubChem candidate
87.65488,52.1375,PubChem candidate
-32.49465,-72.49094,PubChem candidate
96.511505,-38.705555,PubChem candidate
-12.354661,69.28679,PubChem candidate
69.83118,29.884905,PubChem candidate
-11.931195,-4.7639356,PubChem candidate
-19.711775,75.64408,PubChem candidate
-2.3668494,5.902833,PubChem candidate
-15.775619,120.72908,PubChem candidate
-9.969278,13.7354,PubChem candidate
-18.013239,-51.010048,PubChem candidate
-96.51156,30.071657,PubChem candidate
10.394962,97.47746,PubChem candidate
71.65584,38.730003,PubChem candidate
1.5708783,80.80029,PubChem candidate
-22.479805,-95.28589,PubChem candidate
-13.74638,-8.446649,PubChem candidate
-38.44085,-76.1308,PubChem candidate
32.501907,10.270747,PubChem candidate
109.037186,-32.813297,PubChem candidate
-15.205913,-87.87972,PubChem candidate
8.381222,48.2933,PubChem candidate
41.90061,-88.22998,PubChem candidate
-74.721565,6.326634,PubChem candidate
-23.726398,-37.37816,PubChem candidate
-6.1273584,92.40515,PubChem candidate
70.89249,-63.058052,PubChem candidate
-68.650826,-47.696297,PubChem candidate
-61.937294,3.7579093,PubChem candidate
67.585594,-64.54988,PubChem candidate
-132.47925,-1.9773575,PubChem candidate
-35.64959,22.460007,PubChem candidate
-67.52063,14.781507,PubChem candidate
12.234465,69.22063,PubChem candidate
-32.53354,-95.57634,PubChem candidate
50.43589,-42.837093,PubChem candidate
67.71661,-60.34608,PubChem candidate
-133.76096,-8.133862,PubChem candidate
0.84636486,-3.4051402,PubChem candidate
-96.26876,8.748889,PubChem candidate
15.846806,16.564669,PubChem candidate
-19.364958,-52.288204,PubChem candidate
-18.4542,7.676196,PubChem candidate
-6.8343015,-32.96908,PubChem candidate
61.100685,-50.862656,PubChem candidate
61.05602,-66.52758,PubChem candidate
8.498283,-104.54714,PubChem candidate
52.24149,-41.092068,PubChem candidate
-65.72582,8.495704,PubChem candidate
-59.28255,-63.81726,PubChem candidate
-51.30709,-83.3922,PubChem candidate
-103.221405,17.906588,PubChem candidate
-42.296627,72.13099,PubChem candidate
99.466095,23.513374,PubChem candidate
8.615646,-5.776633,PubChem candidate
-66.56157,2.4708219,PubChem candidate
-27.411055,23.748985,PubChem candidate
-76.92661,-58.038193,PubChem candidate
27.044174,-35.387707,PubChem candidate
103.17108,-17.81804,PubChem candidate
-94.7406,-28.568228,PubChem candidate
-20.144983,40.27469,PubChem candidate
21.758429,-5.4818273,PubChem candidate
50.56581,-83.12797,PubChem candidate
45.36446,-88.80833,PubChem candidate
-34.43268,-45.835384,PubChem candidate
-102.195564,20.04798,PubChem candidate
-39.833206,-6.9470024,PubChem candidate
21.200218,0.036452964,PubChem candidate
-71.07424,-7.4413986,PubChem candidate
-29.611046,-95.74006,PubChem candidate
-72.630424,-51.50403,PubChem candidate
-3.0149925,-110.57061,PubChem candidate
-60.11722,10.614546,PubChem candidate
-76.944145,10.163921,PubChem candidate
-38.556652,-24.096025,PubChem candidate
-18.056438,-51.96526,PubChem candidate
10.119314,-108.50561,PubChem candidate
-30.181786,-88.477905,PubChem candidate
25.438564,-31.76125,PubChem candidate
16.211405,0.8125163,PubChem candidate
-96.67686,-29.437202,PubChem candidate
48.901157,79.53602,PubChem candidate
-63.54598,0.935112,PubChem candidate
-21.136354,90.58171,PubChem candidate
-2.5410159,26.989103,PubChem candidate
9.640845,104.20064,PubChem candidate
-37.613037,-23.5008,PubChem candidate
-10.8933735,44.211884,PubChem candidate
26.996452,-29.027529,PubChem candidate
44.08946,53.435627,PubChem candidate
86.66708,51.135277,PubChem candidate
24.59562,-59.27011,PubChem candidate
41.37455,82.59908,PubChem candidate
-79.457504,-2.4432309,PubChem candidate
76.56156,9.220088,PubChem candidate
2.9376757,15.5473175,PubChem candidate
-21.146255,42.301586,PubChem candidate
-45.349255,-16.73095,PubChem candidate
-126.27223,4.586315,PubChem candidate
-21.300114,4.9831657,PubChem candidate
57.537003,-48.137463,PubChem candidate
-49.13476,-72.969864,PubChem candidate
-23.33469,-7.9161654,PubChem candidate
-93.73203,5.3256593,PubChem candidate
13.545012,6.4826922,PubChem candidate
-18.387737,-107.32436,PubChem candidate
-133.58083,-4.621117,PubChem candidate
-2.8122728,27.75924,PubChem candidate
36.569332,27.318735,PubChem candidate
-8.720098,-93.193344,PubChem candidate
23.930786,39.62908,PubChem candidate
-37.035187,67.00766,PubChem candidate
-42.62146,56.47459,PubChem candidate
-1.6821162,16.849588,PubChem candidate
65.031654,8.448948,PubChem candidate
63.831863,-61.696747,PubChem candidate
112.97491,-26.034721,PubChem candidate
93.27657,-40.291355,PubChem candidate
33.279095,34.604767,PubChem candidate
99.419205,-41.295795,PubChem candidate
-33.983883,99.261604,PubChem candidate
91.83832,-17.587072,PubChem candidate
-55.015285,40.373993,PubChem candidate
-26.963001,-81.750885,PubChem candidate
-15.16521,-108.1755,PubChem candidate
-97.27388,-39.05867,PubChem candidate
6.937021,-15.905432,PubChem candidate
-53.765472,-74.4518,PubChem candidate
-104.16821,-6.8137126,PubChem candidate
-38.277378,-19.266245,PubChem candidate
-11.7547,72.2043,PubChem candidate
-41.411983,-68.482414,PubChem candidate
43.443848,-53.704037,PubChem candidate
-26.237911,92.42333,PubChem candidate
-111.09654,-5.022095,PubChem candidate
-14.885348,-109.16325,PubChem candidate
-14.106847,-39.111572,PubChem candidate
98.17845,32.906853,PubChem candidate
-48.156284,-73.051926,PubChem candidate
105.100586,-5.7166595,PubChem candidate
39.33672,-90.177536,PubChem candidate
5.3119707,-59.20146,PubChem candidate
-43.904446,-77.29983,PubChem candidate
-95.96136,3.6980727,PubChem candidate
53.116055,-9.840547,PubChem candidate
89.6607,57.33628,PubChem candidate
1.9201229,-111.0343,PubChem candidate
-19.385506,59.314346,PubChem candidate
-61.094166,-45.446255,PubChem candidate
0.7689216,-108.20891,PubChem candidate
-53.74877,-63.66739,PubChem candidate
-109.96724,-27.97443,PubChem candidate
-85.59266,-3.8286173,PubChem candidate
-71.82734,-48.248466,PubChem candidate
5.7204237,-62.63897,PubChem candidate
29.68052,39.26824,PubChem candidate
-15.72816,-30.537369,PubChem candidate
73.01605,-38.77689,PubChem candidate
-1.0460792,26.171371,PubChem candidate
29.171307,114.68415,PubChem candidate
1.1552407,83.2067,PubChem candidate
-4.998917,94.416275,PubChem candidate
106.67335,36.92005,PubChem candidate
-43.163517,-67.75563,PubChem candidate
-50.769238,-82.73594,PubChem candidate
9.453354,-57.483322,PubChem candidate
61.919304,26.885805,PubChem candidate
-61.25446,-64.48196,PubChem candidate
4.8754444,-9.626919,PubChem candidate
-18.111105,-12.534719,PubChem candidate
59.613087,24.149643,PubChem candidate
42.69762,-58.412426,PubChem candidate
21.893064,5.947687,PubChem candidate
12.422773,-10.427053,PubChem candidate
46.28197,13.84901,PubChem candidate
36.657272,29.2801,PubChem candidate
28.219091,29.515587,PubChem candidate
-60.394268,13.389421,PubChem candidate
56.511185,-48.547913,PubChem candidate
36.624073,13.704902,PubChem candidate
-23.440996,-82.26091,PubChem candidate
10.830187,-109.4874,PubChem candidate
55.816315,-79.50796,PubChem candidate
-31.002373,-24.513998,PubChem candidate
80.79917,43.62505,PubChem candidate
26.056185,-28.902792,PubChem candidate
-45.52438,-17.312769,PubChem candidate
-15.962819,-8.937438,PubChem candidate
106.55437,-2.5982132,PubChem candidate
53.0221,-85.11406,PubChem candidate
-112.398575,1.8297757,PubChem candidate
-41.975853,-69.73324,PubChem candidate
95.925606,-5.0839067,PubChem candidate
114.906,-23.031734,PubChem candidate
-30.104023,-23.015715,PubChem candidate
-10.399424,45.243916,PubChem candidate
-86.54612,-2.928946,PubChem candidate
-17.251797,12.88403,PubChem candidate
-36.724827,-13.386153,PubChem candidate
91.05029,-21.531076,PubChem candidate
2.6447105,23.021467,PubChem candidate
-8.785869,9.085327,PubChem candidate
89.80524,52.914295,PubChem candidate
-6.4709578,-93.26902,PubChem candidate
51.180073,-82.35411,PubChem candidate
-35.265106,65.27119,PubChem candidate
-90.38644,-21.174728,PubChem candidate
-44.15625,-67.25011,PubChem candidate
-19.62293,42.937206,PubChem candidate
-40.93833,-11.0963545,PubChem candidate
-8.654882,-90.769615,PubChem candidate
-31.426098,69.12678,PubChem candidate
-101.98065,-26.47352,PubChem candidate
-68.31649,14.179534,PubChem candidate
-37.128056,39.365517,PubChem candidate
38.097103,-69.31727,PubChem candidate
-114.60418,-24.544733,PubChem candidate
9.585401,104.241974,PubChem candidate
36.06458,26.559803,PubChem candidate
-46.272022,82.95897,PubChem candidate
-51.51358,35.861633,PubChem candidate
-13.950516,-18.983032,PubChem candidate
-88.15577,-18.058098,PubChem candidate
66.73201,-56.018856,PubChem candidate
-34.837967,-76.49415,PubChem candidate
86.7616,45.34457,PubChem candidate
-69.42021,-49.88744,PubChem candidate
24.643755,-58.7233,PubChem candidate
57.86205,-81.64845,PubChem candidate
-67.60172,-49.3892,PubChem candidate
-1.9514692,-101.603714,PubChem candidate
59.18454,1.1800674,PubChem candidate
65.28785,23.432623,PubChem candidate
25.032007,40.767986,PubChem candidate
63.891533,-66.80946,PubChem candidate
-67.83112,-46.909637,PubChem candidate
72.090996,-41.57369,PubChem candidate
20.382938,-66.7511,PubChem candidate
-30.218956,-24.47002,PubChem candidate
9.396082,-13.365386,PubChem candidate
-61.948124,7.1131406,PubChem candidate
53.36801,49.348907,PubChem candidate
-21.285465,-38.028267,PubChem candidate
109.79472,1.671167,PubChem candidate
42.91264,29.341753,PubChem candidate
56.800602,49.23927,PubChem candidate
-126.179054,-7.7763553,PubChem candidate
43.750572,-49.060566,PubChem candidate
-13.51191,15.640439,PubChem candidate
47.415127,39.366558,PubChem candidate
-77.41909,6.617653,PubChem candidate
6.622628,-77.45271,PubChem candidate
-2.1146905,-1.4543929,PubChem candidate
-54.27189,40.877625,PubChem candidate
-44.758614,-66.13674,PubChem candidate
-26.246183,91.829346,PubChem candidate
-58.952446,11.92481,PubChem candidate
-29.00818,-11.795368,PubChem candidate
-2.3820877,1.6895459,PubChem candidate
-14.381292,-40.229763,PubChem candidate
-51.94129,-62.760468,PubChem candidate
95.3577,-23.694534,PubChem candidate
-33.371395,100.320404,PubChem candidate
-10.294146,-105.03375,PubChem candidate
-37.285095,-14.28516,PubChem candidate
-12.875883,9.405577,PubChem candidate
6.8534937,95.779594,PubChem candidate
-14.245819,113.41252,PubChem candidate
-47.0521,39.10241,PubChem candidate
-30.519686,-87.66163,PubChem candidate
10.860486,22.869476,PubChem candidate
61.62247,-54.028706,PubChem candidate
72.55502,35.796253,PubChem candidate
9.188693,101.98151,PubChem candidate
-87.54641,-18.937887,PubChem candidate
44.703476,-61.015568,PubChem candidate
-11.764108,-17.674889,PubChem candidate
-14.837678,-55.525215,PubChem candidate
9.253272,103.66956,PubChem candidate
-107.13726,-10.55152,PubChem candidate
37.973118,-70.86932,PubChem candidate
-5.6977396,94.632484,PubChem candidate
-15.526715,117.282646,PubChem candidate
-19.84948,-23.30221,PubChem candidate
11.071536,-5.154786,PubChem candidate
-79.675224,-61.06076,PubChem candidate
-55.984623,-54.91313,PubChem candidate
-15.721792,-51.08668,PubChem candidate
-12.67687,14.448167,PubChem candidate
-104.72934,-25.664934,PubChem candidate
-29.090488,-21.83319,PubChem candidate
-30.011559,-15.741188,PubChem candidate
-30.243004,-25.80402,PubChem candidate
78.010414,55.2373,PubChem candidate
-95.32564,-29.420883,PubChem candidate
106.54058,-6.597664,PubChem candidate
-52.90734,35.664055,PubChem candidate
-89.95458,-20.720078,PubChem candidate
-74.714966,6.1822906,PubChem candidate
-14.071087,17.074543,PubChem candidate
45.24532,-67.90852,PubChem candidate
-23.688452,71.68659,PubChem candidate
50.71599,-6.135601,PubChem candidate
-30.657488,-26.952295,PubChem candidate
-37.733906,-75.267,PubChem candidate
-37.16238,-46.153328,PubChem candidate
-107.97765,7.1503577,PubChem candidate
44.441345,15.947629,PubChem candidate
-103.2835,25.576107,PubChem candidate
6.601893,8.882132,PubChem candidate
13.796209,-104.55128,PubChem candidate
-61.847878,-64.554184,PubChem candidate
46.082527,102.84239,PubChem candidate
-1.6313571,118.993324,PubChem candidate
-9.786363,-1.2325013,PubChem candidate
34.48441,77.606476,PubChem candidate
-77.1136,-13.702033,PubChem candidate
24.42307,-58.041656,PubChem candidate
116.449455,28.694584,PubChem candidate
-101.16772,16.627459,PubChem candidate
111.76055,-12.784697,PubChem candidate
19.900482,0.47804588,PubChem candidate
-14.059699,-108.06268,PubChem candidate
-19.333797,-38.487362,PubChem candidate
3.1288965,17.14112,PubChem candidate
14.761802,-50.776726,PubChem candidate
-22.82796,-102.62757,PubChem candidate
16.659136,-33.253143,PubChem candidate
55.760784,25.095154,PubChem candidate
16.369236,-34.26147,PubChem candidate
7.8783984,49.21745,PubChem candidate
-90.00488,-21.722832,PubChem candidate
-15.465918,-87.39326,PubChem candidate
-30.46949,-70.83305,PubChem candidate
-54.609516,67.50276,PubChem candidate
-1.9858361,-101.58378,PubChem candidate
-107.50622,9.802314,PubChem candidate
-47.135677,-84.82522,PubChem candidate
6.2509365,17.920267,PubChem candidate
-71.76075,-9.082906,PubChem candidate
-52.853825,35.694965,PubChem candidate
-92.902794,-35.614372,PubChem candidate
95.6879,21.966381,PubChem candidate
32.806168,5.3726907,PubChem candidate
2.1794367,81.506195,PubChem candidate
68.71746,-78.05932,PubChem candidate
-20.421059,90.15099,PubChem candidate
111.8144,-12.996286,PubChem candidate
-12.332035,43.492443,PubChem candidate
-27.136097,98.8748,PubChem candidate
-29.56696,-5.3709292,PubChem candidate
-34.070396,-97.2723,PubChem candidate
92.25403,-17.777533,PubChem candidate
9.880419,45.93937,PubChem candidate
86.96701,49.74845,PubChem candidate
-39.42979,-76.29793,PubChem candidate
-134.4808,-6.7302036,PubChem candidate
-51.76822,79.67895,PubChem candidate
-65.82231,-2.1484141,PubChem candidate
-60.594006,-45.874264,PubChem candidate
76.14767,7.704008,PubChem candidate
-15.314783,99.32342,PubChem candidate
-52.788254,-19.193943,PubChem candidate
-24.483286,-96.126396,PubChem candidate
-21.108812,-6.7254324,PubChem candidate
92.887054,34.40859,PubChem candidate
-101.5903,-53.96213,PubChem candidate
13.205487,-108.35821,PubChem candidate
15.008443,-51.318375,PubChem candidate
-19.650406,39.8324,PubChem candidate
-74.18813,-62.66819,PubChem candidate
107.98589,-38.803413,PubChem candidate
-23.96881,-82.567154,PubChem candidate
-52.077614,-29.84372,PubChem candidate
24.877842,37.275097,PubChem candidate
26.759615,-34.919067,PubChem candidate
-78.93476,-60.812386,PubChem candidate
-61.562584,-64.5937,PubChem candidate
-50.91687,68.01551,PubChem candidate
-49.75771,35.623646,PubChem candidate
-41.566635,20.388597,PubChem candidate
-33.1442,-73.98147,PubChem candidate
-108.56192,6.002706,PubChem candidate
17.758913,-5.9691644,PubChem candidate
-17.592005,-39.50283,PubChem candidate
-78.31918,0.9538793,PubChem candidate
-33.398964,100.43241,PubChem candidate
-24.777721,42.92794,PubChem candidate
15.475286,-2.5301664,PubChem candidate
0.34010696,17.675978,PubChem candidate
36.601738,43.364906,PubChem candidate
-43.705975,69.35957,PubChem candidate
-122.71386,1.0775776,PubChem candidate
39.171402,-90.76417,PubChem candidate
58.484734,-83.30529,PubChem candidate
-70.1002,12.648667,PubChem candidate
17.282413,-3.7716727,PubChem candidate
69.93109,39.28872,PubChem candidate
-110.67726,-32.344883,PubChem candidate
5.3805857,-3.4174056,PubChem candidate
-32.81565,-52.216286,PubChem candidate
-17.002523,3.6307178,PubChem candidate
-10.996629,-106.58201,PubChem candidate
80.8223,50.04329,PubChem candidate
35.41357,-31.792183,PubChem candidate
64.469,8.2899475,PubChem candidate
-94.5321,-29.539883,PubChem candidate
37.927933,-91.20254,PubChem candidate
11.26452,12.309129,PubChem candidate
-14.190813,118.16335,PubChem candidate
-4.097446,-108.47702,PubChem candidate
6.81366,24.061321,PubChem candidate
112.034355,-23.010136,PubChem candidate
67.52493,-59.332363,PubChem candidate
-65.87211,-62.32581,PubChem candidate
-42.39071,-25.81047,PubChem candidate
84.46469,56.516758,PubChem candidate
-42.18989,-9.116867,PubChem candidate
1.9926978,-109.05929,PubChem candidate
19.739176,7.2004056,PubChem candidate
-27.433065,-34.970734,PubChem candidate
64.34898,-60.329258,PubChem candidate
-135.69276,-8.511569,PubChem candidate
-7.7914424,40.708298,PubChem candidate
-9.30129,5.9308915,PubChem candidate
12.990978,1.2491536,PubChem candidate
68.85319,-15.172566,PubChem candidate
99.29701,-6.2256937,PubChem candidate
21.988255,-3.8767488,PubChem candidate
-49.20145,-28.491232,PubChem candidate
-20.516441,-37.36901,PubChem candidate
-48.861813,-66.776474,PubChem candidate
-77.07113,0.71782964,PubChem candidate
40.94776,29.502096,PubChem candidate
-106.63785,-7.5999656,PubChem candidate
21.159353,-58.11463,PubChem candidate
-1.7737856,-101.16422,PubChem candidate
59.46724,-80.979416,PubChem candidate
-28.036674,-37.96093,PubChem candidate
98.199905,32.912598,PubChem candidate
-124.86696,1.1597273,PubChem candidate
-97.968544,-36.142033,PubChem candidate
53.684822,27.21412,PubChem candidate
43.5107,-68.37608,PubChem candidate
50.32843,-16.38639,PubChem candidate
115.402565,-22.884089,PubChem candidate
-64.51755,14.272013,PubChem candidate
-18.574312,-41.480698,PubChem candidate
-37.716846,-19.672327,PubChem candidate
-71.050835,13.782341,PubChem candidate
41.25176,-49.494465,PubChem candidate
-78.4909,-2.9188178,PubChem candidate
13.216607,-68.34047,PubChem candidate
-62.733856,6.4797716,PubChem candidate
66.0422,23.30808,PubChem candidate
-96.12666,5.8853707,PubChem candidate
8.050475,-15.682589,PubChem candidate
-116.6696,-28.517962,PubChem candidate
-6.893164,-101.208534,PubChem candidate
-48.890533,31.535585,PubChem candidate
-11.622798,-105.071686,PubChem candidate
-94.63727,1.3449067,PubChem candidate
-16.226383,118.681496,PubChem candidate
-21.509914,-18.652369,PubChem candidate
3.2694643,-56.535652,PubChem candidate
39.090637,13.753735,PubChem candidate
-50.578617,-17.229172,PubChem candidate
114.39222,25.575533,PubChem candidate
-33.64388,-70.62386,PubChem candidate
17.35255,-14.75938,PubChem candidate
10.088284,9.878319,PubChem candidate
-67.77571,-2.3390682,PubChem candidate
-60.706097,10.460347,PubChem candidate
-108.742676,-27.87331,PubChem candidate
-50.127094,-34.74712,PubChem candidate
37.84711,104.5385,PubChem candidate
-97.14155,-40.18331,PubChem candidate
-125.822044,-1.3152505,PubChem candidate
29.355291,40.98544,PubChem candidate
-14.671754,98.816154,PubChem candidate
-2.871593,114.41487,PubChem candidate
-14.9061165,10.495733,PubChem candidate
-50.471012,-16.119057,PubChem candidate
-23.879702,-81.41566,PubChem candidate
117.211136,-28.54407,PubChem candidate
-31.568745,-95.78707,PubChem candidate
-30.63068,-87.18233,PubChem candidate
106.68199,-7.0375156,PubChem candidate
-75.19529,-12.297776,PubChem candidate
-80.10877,-60.239334,PubChem candidate
74.332886,50.237576,PubChem candidate
-34.53448,22.593605,PubChem candidate
-39.735416,104.76553,PubChem candidate
51.688454,-41.053574,PubChem candidate
-72.224945,17.252295,PubChem candidate
-7.985101,-25.128855,PubChem candidate
32.382217,-41.846508,PubChem candidate
-3.10996,-100.924164,PubChem candidate
-69.99488,15.579914,PubChem candidate
-10.6715765,5.001563,PubChem candidate
-51.000965,-54.25864,PubChem candidate
13.671383,-108.31263,PubChem candidate
-2.3162777,-110.71455,PubChem candidate
-15.725628,115.464966,PubChem candidate
-40.56516,-68.86363,PubChem candidate
94.15811,-34.324535,PubChem candidate
-66.129036,14.312376,PubChem candidate
-86.53484,-17.358742,PubChem candidate
-16.248934,14.52883,PubChem candidate
7.4790287,-5.1166053,PubChem candidate
-5.413164,97.76962,PubChem candidate
-74.26334,-62.638836,PubChem candidate
108.1636,-29.680857,PubChem candidate
36.584934,-76.132034,PubChem candidate
-43.572678,-65.462395,PubChem candidate
-31.935831,26.092035,PubChem candidate
-93.55802,0.3824988,PubChem candidate
64.433105,-13.663258,PubChem candidate
101.53691,23.193815,PubChem candidate
-13.907469,0.5152234,PubChem candidate
-51.628826,-76.71659,PubChem candidate
-10.527265,4.5083265,PubChem candidate
-123.59802,-9.717517,PubChem candidate
-11.890212,107.18654,PubChem candidate
-22.665922,-42.78077,PubChem candidate
55.129124,100.8006,PubChem candidate
72.99989,-0.35569522,PubChem candidate
6.4320645,-73.28324,PubChem candidate
31.850039,-41.510223,PubChem candidate
11.10956,-48.02708,PubChem candidate
50.39562,-83.3094,PubChem candidate
-52.56744,-62.585815,PubChem candidate
37.425755,-75.337135,PubChem candidate
11.105086,4.0620003,PubChem candidate
48.90298,85.96713,PubChem candidate
76.66043,36.885426,PubChem candidate
-17.298376,9.433316,PubChem candidate
2.6833425,-102.58936,PubChem candidate
16.346378,-14.242872,PubChem candidate
54.316536,51.18408,PubChem candidate
-88.359215,25.546696,PubChem candidate
-94.55472,-29.621769,PubChem candidate
-29.416965,-5.7036767,PubChem candidate
86.437996,45.13799,PubChem candidate
-61.628765,-1.6849293,PubChem candidate
65.160965,-69.150406,PubChem candidate
-50.928307,-83.47908,PubChem candidate
-131.79538,-2.2292433,PubChem candidate
-26.66187,-23.862091,PubChem candidate
45.241302,-50.313637,PubChem candidate
32.930996,6.4603677,PubChem candidate
57.046356,-49.704414,PubChem candidate
-33.98333,-6.9083676,PubChem candidate
82.06245,49.07398,PubChem candidate
-75.05603,16.23401,PubChem candidate
25.290642,-51.91758,PubChem candidate
63.216404,-53.85449,PubChem candidate
-41.967484,32.266277,PubChem candidate
9.610585,-104.82605,PubChem candidate
76.93466,9.567307,PubChem candidate
96.757515,-14.684381,PubChem candidate
-90.949554,21.865173,PubChem candidate
94.129616,-21.18923,PubChem candidate
-47.824116,-13.587765,PubChem candidate
-63.56643,3.3190348,PubChem candidate
-32.166386,-71.841705,PubChem candidate
-9.143734,-23.67281,PubChem candidate
-4.737156,4.327022,PubChem candidate
38.693985,49.696663,PubChem candidate
-35.93691,30.459236,PubChem candidate
-65.44443,1.729611,PubChem candidate
12.115225,-107.28949,PubChem candidate
-96.26978,8.658518,PubChem candidate
-56.00357,-62.638847,PubChem candidate
-125.35641,-9.184651,PubChem candidate
-15.339048,54.884777,PubChem candidate
-24.216696,-82.98758,PubChem candidate
31.382631,-42.894207,PubChem candidate
9.038751,1.4860779,PubChem candidate
-24.87362,-27.705866,PubChem candidate
-3.112298,-110.53268,PubChem candidate
6.780686,-63.483093,PubChem candidate
107.781425,27.856384,PubChem candidate
-26.980946,-30.33449,PubChem candidate
22.007626,-66.143524,PubChem candidate
8.070979,-63.654175,PubChem candidate
59.073418,26.870504,PubChem candidate
-101.847275,-52.71975,PubChem candidate
42.785282,-62.120613,PubChem candidate
-94.74,1.9203006,PubChem candidate
-17.893042,8.591885,PubChem candidate
-31.254791,44.66118,PubChem candidate
59.275105,90.58185,PubChem candidate
72.75523,51.35738,PubChem candidate
-76.71938,10.533595,PubChem candidate
11.114066,24.493422,PubChem candidate
71.18645,-14.2769985,PubChem candidate
-77.27086,-59.011734,PubChem candidate
-55.89448,-52.908764,PubChem candidate
-101.46049,-39.227787,PubChem candidate
29.74479,-31.342499,PubChem candidate
-101.588165,15.058143,PubChem candidate
100.28873,-38.06374,PubChem candidate
-3.5533621,-2.2532346,PubChem candidate
2.8009548,-54.315517,PubChem candidate
-23.28292,-43.473843,PubChem candidate
108.1366,-9.8631735,PubChem candidate
49.563293,-87.10565,PubChem candidate
5.143961,-106.07471,PubChem candidate
-16.753027,-109.68311,PubChem candidate
-27.628807,-41.668262,PubChem candidate
38.259346,76.772545,PubChem candidate
93.763695,-16.70859,PubChem candidate
65.928444,11.033024,PubChem candidate
25.507303,29.972553,PubChem candidate
24.798769,41.076477,PubChem candidate
-3.5013525,5.3591547,PubChem candidate
21.193455,-67.95674,PubChem candidate
22.607754,-29.850441,PubChem candidate
33.94956,82.61056,PubChem candidate
-50.442387,-32.005436,PubChem candidate
-32.440155,-95.66652,PubChem candidate
58.518307,27.02775,PubChem candidate
-26.819036,38.050552,PubChem candidate
-16.141447,44.103962,PubChem candidate
-31.94991,-35.794575,PubChem candidate
-17.082941,8.618937,PubChem candidate
-64.23394,14.270232,PubChem candidate
-131.34563,-8.865557,PubChem candidate
-41.66836,20.608713,PubChem candidate
71.18922,-14.275842,PubChem candidate
6.7224817,-11.728728,PubChem candidate
-102.38374,19.64909,PubChem candidate
-39.186558,-75.98245,PubChem candidate
75.666145,47.585815,PubChem candidate
-93.719246,25.629427,PubChem candidate
-19.279268,-15.0341215,PubChem candidate
-32.244114,-35.744164,PubChem candidate
-35.305885,42.998978,PubChem candidate
60.88194,4.452591,PubChem candidate
-60.3775,10.837205,PubChem candidate
-53.7624,-74.52067,PubChem candidate
-20.863134,-93.817505,PubChem candidate
-49.756466,35.62523,PubChem candidate
68.947754,-14.328535,PubChem candidate
-24.98867,-82.24161,PubChem candidate
-4.313201,-107.67083,PubChem candidate
63.7729,3.2884073,PubChem candidate
-22.803173,-42.86752,PubChem candidate
-101.872696,19.304338,PubChem candidate
4.8124685,-56.643253,PubChem candidate
94.84914,20.478516,PubChem candidate
-30.852926,108.88781,PubChem candidate
74.56473,-38.80808,PubChem candidate
41.840115,104.15701,PubChem candidate
26.862186,43.325428,PubChem candidate
-55.95169,-62.51954,PubChem candidate
-6.3549695,27.099247,PubChem candidate
-125.30013,-13.805076,PubChem candidate
51.86061,-23.257948,PubChem candidate
-101.12618,-55.458233,PubChem candidate
-37.02702,-44.34691,PubChem candidate
-121.23899,-7.171716,PubChem candidate
-46.131355,70.52914,PubChem candidate
-105.06316,-24.47204,PubChem candidate
0.24339648,-6.1769404,PubChem candidate
0.7564877,-105.46497,PubChem candidate
-72.96668,4.14679,PubChem candidate
7.753912,-14.854081,PubChem candidate
-36.313866,38.281517,PubChem candidate
89.12002,-24.961182,PubChem candidate
-52.058598,34.06262,PubChem candidate
-54.669556,-62.311657,PubChem candidate
15.45546,-106.210434,PubChem candidate
69.915215,15.826377,PubChem candidate
-34.289837,99.262276,PubChem candidate
35.51881,14.151514,PubChem candidate
-78.93974,53.656315,PubChem candidate
3.8829536,-73.3453,PubChem candidate
-102.09419,-26.465063,PubChem candidate
11.658178,-73.00826,PubChem candidate
-105.61072,-7.691093,PubChem candidate
-98.04571,-33.495705,PubChem candidate
62.691586,-49.09589,PubChem candidate
73.32365,30.991308,PubChem candidate
4.9102716,-58.717545,PubChem candidate
74.48523,49.6218,PubChem candidate
14.700307,16.828156,PubChem candidate
-44.273052,83.24467,PubChem candidate
-101.66156,-53.69676,PubChem candidate
-88.46069,25.790346,PubChem candidate
-32.44412,-91.63183,PubChem candidate
109.5714,20.481487,PubChem candidate
21.698696,-68.406715,PubChem candidate
-104.76515,-25.759876,PubChem candidate
55.34114,-44.89644,PubChem candidate
64.25574,-73.010635,PubChem candidate
-15.772257,-32.2385,PubChem candidate
95.3067,20.584768,PubChem candidate
109.23869,-27.873394,PubChem candidate
-88.43986,25.754175,PubChem candidate
-38.51506,-25.63181,PubChem candidate
76.74848,-0.24530837,PubChem candidate
-62.546585,-63.50432,PubChem candidate
87.688416,53.12554,PubChem candidate
-34.528477,-15.642034,PubChem candidate
-34.948036,-10.057547,PubChem candidate
-33.439087,-93.45064,PubChem candidate
35.438423,37.895744,PubChem candidate
-16.514246,115.60582,PubChem candidate
-94.44508,31.05932,PubChem candidate
-20.072403,-24.065983,PubChem candidate
-30.505396,25.232325,PubChem candidate
39.868805,-92.82672,PubChem candidate
-41.401978,22.557127,PubChem candidate
86.60611,58.667618,PubChem candidate
-105.80682,29.59855,PubChem candidate
21.342382,-62.26666,PubChem candidate
107.87322,27.5002,PubChem candidate
-53.950138,-27.822351,PubChem candidate
-6.7254972,-21.656086,PubChem candidate
61.196712,5.0844746,PubChem candidate
75.396935,7.6135178,PubChem candidate
-7.165014,-102.99948,PubChem candidate
101.93757,-39.321976,PubChem candidate
-30.949303,-87.955345,PubChem candidate
-45.00253,-9.665024,PubChem candidate
64.21454,-19.673618,PubChem candidate
-41.33503,69.261055,PubChem candidate
-44.582695,70.55329,PubChem candidate
-76.26145,-12.529632,PubChem candidate
25.353981,-35.87798,PubChem candidate
109.3517,-13.72409,PubChem candidate
51.07553,-14.553824,PubChem candidate
41.17168,-67.030075,PubChem candidate
-27.290087,95.41298,PubChem candidate
42.732483,-59.266857,PubChem candidate
57.240826,-51.419067,PubChem candidate
-112.46168,-31.301506,PubChem candidate
-23.367685,42.442093,PubChem candidate
-8.890173,-10.918824,PubChem candidate
-34.79246,-35.92529,PubChem candidate
-0.5984936,10.80701,PubChem candidate
55.017155,24.322945,PubChem candidate
-43.456806,-79.417046,PubChem candidate
-44.086727,40.314774,PubChem candidate
-1.3883399,118.14481,PubChem candidate
-57.65002,-53.794243,PubChem candidate
-52.726334,-78.81487,PubChem candidate
30.091732,42.716187,PubChem candidate
5.8017235,-70.412544,PubChem candidate
12.401008,0.070721865,PubChem candidate
16.76408,-1.7522986,PubChem candidate
-97.80678,13.253372,PubChem candidate
43.128986,-89.328636,PubChem candidate
32.26615,106.670235,PubChem candidate
38.698597,18.021387,PubChem candidate
-69.87816,11.000085,PubChem candidate
16.881863,-16.563572,PubChem candidate
58.750053,27.446518,PubChem candidate
-28.145304,26.02299,PubChem candidate
-30.097363,-87.06824,PubChem candidate
-25.938065,40.638214,PubChem candidate
-25.952692,91.63162,PubChem candidate
38.40823,-69.00821,PubChem candidate
-7.3524127,26.561144,PubChem candidate
7.7105536,-5.7510223,PubChem candidate
-33.222298,-52.50844,PubChem candidate
-70.64455,-55.8141,PubChem candidate
-95.96665,8.0574465,PubChem candidate
39.231754,-65.80917,PubChem candidate
-97.7591,13.146798,PubChem candidate
-23.37804,72.15067,PubChem candidate
-18.712769,-48.77942,PubChem candidate
-129.68942,-0.6358377,PubChem candidate
11.219252,-72.87713,PubChem candidate
31.39944,115.279816,PubChem candidate
11.5791645,-103.63352,PubChem candidate
-76.29765,6.1501904,PubChem candidate
12.619874,-7.9862475,PubChem candidate
-42.678146,-80.27671,PubChem candidate
-6.7222157,26.90798,PubChem candidate
40.540844,-62.283367,PubChem candidate
2.2342057,22.409166,PubChem candidate
-52.205605,-15.300218,PubChem candidate
-76.30268,-12.511154,PubChem candidate
52.230064,-40.870888,PubChem candidate
86.074814,46.656143,PubChem candidate
-112.38595,1.2158656,PubChem candidate
40.453083,-63.797787,PubChem candidate
57.469555,-45.0401,PubChem candidate
-42.75688,56.754456,PubChem candidate
66.79074,-55.97965,PubChem candidate
-26.895464,-21.986645,PubChem candidate
5.6785583,15.318252,PubChem candidate
-15.760424,97.33718,PubChem candidate
-24.07111,-54.507008,PubChem candidate
-47.27561,82.22787,PubChem candidate
54.152653,23.420761,PubChem candidate
38.66918,26.612638,PubChem candidate
-72.70829,-3.4116726,PubChem candidate
-35.36495,103.19071,PubChem candidate
-60.03679,15.492937,PubChem candidate
46.286064,87.35227,PubChem candidate
-34.005596,69.336815,PubChem candidate
70.9175,37.583843,PubChem candidate
101.7965,3.513403,PubChem candidate
-74.303345,-10.708132,PubChem candidate
106.56356,-3.7342684,PubChem candidate
-61.822865,7.5727844,PubChem candidate
41.180794,-64.70417,PubChem candidate
-64.52401,0.49347925,PubChem candidate
-21.47797,39.285057,PubChem candidate
-96.52448,7.2002735,PubChem candidate
-11.6387825,-15.701243,PubChem candidate
84.198425,54.708775,PubChem candidate
-94.82007,1.6751804,PubChem candidate
-14.831227,115.50388,PubChem candidate
24.69576,-57.604935,PubChem candidate
4.4396653,-69.044754,PubChem candidate
-15.682086,43.647896,PubChem candidate
48.290142,-2.8405557,PubChem candidate
-101.671844,-53.656155,PubChem candidate
37.257336,47.797512,PubChem candidate
-77.047554,6.494277,PubChem candidate
-9.845811,-1.6184123,PubChem candidate
-66.718796,-46.96112,PubChem candidate
-26.148462,-83.51553,PubChem candidate
-41.02537,20.92605,PubChem candidate
76.15368,-4.248451,PubChem candidate
-74.99406,-59.088936,PubChem candidate
20.920715,-64.61108,PubChem candidate
-69.142204,0.39249533,PubChem candidate
-30.465271,43.79053,PubChem candidate
67.505905,-66.53617,PubChem candidate
-51.135086,42.106632,PubChem candidate
91.44235,26.95971,PubChem candidate
-28.675188,-5.207244,PubChem candidate
92.10508,-26.861897,PubChem candidate
-24.72007,-100.289925,PubChem candidate
9.012553,-56.440586,PubChem candidate
76.769424,37.069313,PubChem candidate
-7.6191,-32.751083,PubChem candidate
58.247795,2.1444268,PubChem candidate
-95.77434,4.4656053,PubChem candidate
-98.91127,12.912497,PubChem candidate
25.328135,36.266907,PubChem candidate
68.8618,3.9104197,PubChem candidate
18.94115,-34.531425,PubChem candidate
-78.78428,-1.9705305,PubChem candidate
64.105644,-75.698235,PubChem candidate
96.568794,20.407162,PubChem candidate
-58.100796,-45.65493,PubChem candidate
-14.862467,0.3339671,PubChem candidate
-90.10049,19.712887,PubChem candidate
20.626722,-2.458224,PubChem candidate
-4.572797,4.1396146,PubChem candidate
-44.85344,70.662766,PubChem candidate
-107.28532,8.696263,PubChem candidate
-14.862377,-54.611393,PubChem candidate
18.610693,7.4129987,PubChem candidate
-97.23276,-32.80528,PubChem candidate
29.04537,111.64236,PubChem candidate
-41.30059,-68.21249,PubChem candidate
-128.96817,1.6220843,PubChem candidate
-41.53582,36.44542,PubChem candidate
16.77228,67.750565,PubChem candidate
-21.508636,-31.266476,PubChem candidate
-31.699776,-51.143215,PubChem candidate
-50.774796,-71.9557,PubChem candidate
73.45917,4.7759776,PubChem candidate
-129.19691,-1.5048155,PubChem candidate
92.913994,-43.143677,PubChem candidate
29.795265,38.501305,PubChem candidate
8.268175,-68.37874,PubChem candidate
-22.67591,-36.95738,PubChem candidate
-72.251305,-52.466396,PubChem candidate
-88.49136,25.911165,PubChem candidate
31.384045,42.45388,PubChem candidate
-8.701825,40.476124,PubChem candidate
-42.723858,-66.56739,PubChem candidate
-34.447773,103.03087,PubChem candidate
104.42105,-3.5347154,PubChem candidate
43.097878,52.48686,PubChem candidate
65.58644,-77.84096,PubChem candidate
-71.05815,3.1589432,PubChem candidate
78.782936,-2.7937355,PubChem candidate
19.423601,7.0500116,PubChem candidate
-52.746445,-63.285564,PubChem candidate
42.471157,-70.559235,PubChem candidate
-3.7523165,-53.947613,PubChem candidate
85.27695,56.37699,PubChem candidate
42.37367,45.31946,PubChem candidate
-32.017788,-35.67002,PubChem candidate
43.896233,-50.812336,PubChem candidate
-60.539207,9.141827,PubChem candidate
-50.441853,-32.1089,PubChem candidate
94.21318,-40.444454,PubChem candidate
61.87304,13.844747,PubChem candidate
-33.117462,-96.77083,PubChem candidate
15.571059,-106.23523,PubChem candidate
-35.867046,-23.56026,PubChem candidate
-6.304501,26.05194,PubChem candidate
36.751896,42.809746,PubChem candidate
-18.541199,14.469865,PubChem candidate
86.71285,42.17098,PubChem candidate
115.11942,27.456978,PubChem candidate
76.306244,6.9748807,PubChem candidate
-34.384876,-15.694215,PubChem candidate
10.453666,97.40222,PubChem candidate
-49.40394,43.506477,PubChem candidate
34.640327,80.33512,PubChem candidate
-21.896004,71.70193,PubChem candidate
-59.479824,-45.63831,PubChem candidate
14.932286,-50.689552,PubChem candidate
40.2999,-48.331425,PubChem candidate
44.40073,51.55337,PubChem candidate
-67.575485,14.867449,PubChem candidate
47.642387,44.677284,PubChem candidate
-50.673897,70.25654,PubChem candidate
-98.33581,14.283705,PubChem candidate
-111.148895,-1.6341305,PubChem candidate
-87.48902,-24.464703,PubChem candidate
-30.80285,108.75215,PubChem candidate
-73.92065,-10.794138,PubChem candidate
-90.50176,-20.291218,PubChem candidate
-42.31857,44.11763,PubChem candidate
54.825863,-1.4030875,PubChem candidate
6.088994,-42.978897,PubChem candidate
-111.172066,-5.851082,PubChem candidate
-123.5371,-9.330935,PubChem candidate
-44.524002,39.055584,PubChem candidate
-71.59259,-47.893436,PubChem candidate
95.02227,-39.170803,PubChem candidate
-50.473778,-83.83337,PubChem candidate
-106.74986,-12.003521,PubChem candidate
49.329502,37.51489,PubChem candidate
-94.89438,7.404437,PubChem candidate
-29.666973,-85.60068,PubChem candidate
103.85268,36.390526,PubChem candidate
-10.6392565,5.0176864,PubChem candidate
-35.459953,69.27947,PubChem candidate
-33.848137,99.17991,PubChem candidate
-46.73168,44.257923,PubChem candidate
106.27686,37.00868,PubChem candidate
66.99774,-77.67528,PubChem candidate
51.490086,-81.38394,PubChem candidate
-35.753445,64.70107,PubChem candidate
35.73761,74.64575,PubChem candidate
69.83743,38.99778,PubChem candidate
4.480845,-74.91213,PubChem candidate
-25.40702,91.51953,PubChem candidate
-67.69577,-49.684193,PubChem candidate
-97.728455,-40.568203,PubChem candidate
-40.4557,69.6045,PubChem candidate
-11.666327,108.722694,PubChem candidate
-49.583378,-32.227165,PubChem candidate
-22.749977,-51.599304,PubChem candidate
-27.40697,-22.556265,PubChem candidate
-46.266125,-81.7257,PubChem candidate
-101.42715,15.429313,PubChem candidate
57.42538,-52.40736,PubChem candidate
-101.06381,-26.486444,PubChem candidate
-5.6961813,20.791643,PubChem candidate
-73.63017,-8.0628395,PubChem candidate
112.56412,-19.61865,PubChem candidate
-56.058914,-51.434086,PubChem candidate
0.32147104,1.7749343,PubChem candidate
-29.090498,-9.619208,PubChem candidate
-110.568306,-1.7110642,PubChem candidate
-130.17447,-2.3969488,PubChem candidate
10.307326,97.098915,PubChem candidate
-9.865038,38.931103,PubChem candidate
53.9476,88.79081,PubChem candidate
32.2527,35.530556,PubChem candidate
-28.732674,-34.29483,PubChem candidate
2.4702592,14.724129,PubChem candidate
65.09798,-79.579285,PubChem candidate
-22.370668,-31.22148,PubChem candidate
74.482994,53.02043,PubChem candidate
62.752186,-54.420143,PubChem candidate
5.7721786,-64.19189,PubChem candidate
-59.347805,-55.84382,PubChem candidate
51.96714,-40.735935,PubChem candidate
-19.555407,-23.643658,PubChem candidate
-45.074493,-24.80197,PubChem candidate
51.533413,-81.34367,PubChem candidate
96.123116,20.54455,PubChem candidate
-17.47569,-50.692616,PubChem candidate
-62.928265,14.083874,PubChem candidate
11.851145,-57.18874,PubChem candidate
35.80243,78.71652,PubChem candidate
1.8153398,-11.480705,PubChem candidate
-16.026102,58.40246,PubChem candidate
51.961742,-19.429804,PubChem candidate
-17.680698,-14.790538,PubChem candidate
7.311348,-45.59321,PubChem candidate
99.97944,23.206598,PubChem candidate
52.983814,52.516907,PubChem candidate
-38.146797,22.806757,PubChem candidate
-128.07645,-10.766881,PubChem candidate
-24.007208,-95.40987,PubChem candidate
-67.89563,-3.701099,PubChem candidate
105.10745,-37.164104,PubChem candidate
69.17002,28.30101,PubChem candidate
-49.256596,-65.88745,PubChem candidate
-10.810512,-36.343372,PubChem candidate
8.678473,-52.116146,PubChem candidate
-42.399693,-65.51497,PubChem candidate
14.506896,2.8951106,PubChem candidate
-14.463828,-21.213211,PubChem candidate
-40.980896,-17.077797,PubChem candidate
24.04714,3.8435955,PubChem candidate
15.5679655,-8.286684,PubChem candidate
-6.6475987,26.705873,PubChem candidate
-53.18615,-74.16615,PubChem candidate
-31.236723,69.45639,PubChem candidate
54.834763,50.90536,PubChem candidate
-29.68068,-57.755,PubChem candidate
-14.460911,-9.985028,PubChem candidate
-25.883944,-22.633642,PubChem candidate
-110.55183,6.4465685,PubChem candidate
-11.064685,110.83019,PubChem candidate
22.724691,-33.37531,PubChem candidate
-13.919711,68.79513,PubChem candidate
28.732466,112.45622,PubChem candidate
-31.590773,-14.702703,PubChem candidate
-10.995449,40.30373,PubChem candidate
-98.385704,12.497113,PubChem candidate
-32.73713,23.236013,PubChem candidate
-129.49327,1.4292585,PubChem candidate
1.0360857,81.31736,PubChem candidate
64.01653,-71.643425,PubChem candidate
-9.545579,0.5754378,PubChem candidate
84.54572,43.490498,PubChem candidate
94.11385,-41.038685,PubChem candidate
-52.277996,34.82831,PubChem candidate
46.20018,-79.79599,PubChem candidate
-12.2050495,-4.0608726,PubChem candidate
24.692087,-32.5094,PubChem candidate
-11.2192135,-15.437994,PubChem candidate
112.56637,-10.961704,PubChem candidate
71.01005,1.67975,PubChem candidate
-42.601574,66.17429,PubChem candidate
105.59868,23.067898,PubChem candidate
-28.696362,-26.928156,PubChem candidate
-18.784185,-22.728561,PubChem candidate
-60.628265,-45.96745,PubChem candidate
-45.299175,-36.34321,PubChem candidate
22.179525,42.3257,PubChem candidate
-6.711626,0.17487578,PubChem candidate
42.778244,-68.66799,PubChem candidate
-97.49514,-30.323269,PubChem candidate
91.78771,-17.694765,PubChem candidate
-70.74561,-6.449123,PubChem candidate
48.010315,86.00847,PubChem candidate
-49.633984,77.68826,PubChem candidate
-94.59956,26.270561,PubChem candidate
26.098343,-52.286774,PubChem candidate
-60.885372,36.205383,PubChem candidate
-129.6075,-2.0632927,PubChem candidate
-70.83738,11.977918,PubChem candidate
54.66684,-6.325074,PubChem candidate
-30.884941,-85.96391,PubChem candidate
-74.31632,5.91085,PubChem candidate
-29.591536,-32.57306,PubChem candidate
42.03693,31.02431,PubChem candidate
-9.466896,44.937424,PubChem candidate
-15.6149645,-87.38177,PubChem candidate
26.162943,36.455246,PubChem candidate
80.93998,43.77146,PubChem candidate
6.0430164,-61.907677,PubChem candidate
-11.620474,110.059814,PubChem candidate
-2.9303207,108.39128,PubChem candidate
-43.220722,-79.00184,PubChem candidate
-90.20189,-22.06903,PubChem candidate
-54.56268,34.774067,PubChem candidate
-75.35902,-59.59659,PubChem candidate
-8.592055,-35.309757,PubChem candidate
94.30684,-41.363316,PubChem candidate
-13.2030325,6.0130053,PubChem candidate
-13.980737,-10.138001,PubChem candidate
54.01779,-27.24067,PubChem candidate
36.54833,17.956608,PubChem candidate
-72.17204,-51.792507,PubChem candidate
30.401136,-30.825878,PubChem candidate
-18.736261,-16.20833,PubChem candidate
-7.702982,-10.951055,PubChem candidate
-7.0642176,-101.66884,PubChem candidate
39.526257,48.448017,PubChem candidate
-13.24114,-8.325668,PubChem candidate
-19.834488,8.253101,PubChem candidate
43.01122,36.00733,PubChem candidate
-43.61373,44.91877,PubChem candidate
-77.45777,8.966235,PubChem candidate
-72.42152,1.880674,PubChem candidate
-29.751541,-98.20118,PubChem candidate
43.355537,30.316393,PubChem candidate
-76.317795,5.9871373,PubChem candidate
-11.896495,111.5446,PubChem candidate
-32.265697,-46.103214,PubChem candidate
-2.373211,24.843935,PubChem candidate
-24.523535,-96.4921,PubChem candidate
65.74053,-53.665543,PubChem candidate
-130.3809,-10.498386,PubChem candidate
-6.333515,45.989735,PubChem candidate
-56.570713,64.67842,PubChem candidate
-30.840174,70.87713,PubChem candidate
51.34058,-76.77067,PubChem candidate
33.90354,43.36159,PubChem candidate
106.46506,-37.3203,PubChem candidate
-50.28931,-33.2099,PubChem candidate
8.247837,-74.373405,PubChem candidate
-14.792715,59.775925,PubChem candidate
0.51921993,-104.596855,PubChem candidate
-129.41997,-2.1800888,PubChem candidate
-96.67351,4.0194206,PubChem candidate
6.173129,-43.728405,PubChem candidate
103.329185,23.932247,PubChem candidate
-33.5255,-46.95488,PubChem candidate
-51.770477,31.593761,PubChem candidate
-66.00275,-1.3779418,PubChem candidate
-6.802458,27.238806,PubChem candidate
46.39417,27.960348,PubChem candidate
47.00537,-81.676575,PubChem candidate
-45.916718,-27.188011,PubChem candidate
-11.238781,-39.94613,PubChem candidate
47.692253,82.3345,PubChem candidate
-20.59406,-54.789448,PubChem candidate
-13.463189,5.8865056,PubChem candidate
9.895819,-107.37804,PubChem candidate
-26.865135,-16.90019,PubChem candidate
16.882944,-38.216274,PubChem candidate
-37.820415,-73.352776,PubChem candidate
-93.52807,23.701443,PubChem candidate
6.2148843,24.277054,PubChem candidate
39.05749,-66.066055,PubChem candidate
-25.721539,-94.666306,PubChem candidate
-77.25343,8.989386,PubChem candidate
-37.38332,-7.721805,PubChem candidate
-52.580902,-78.40744,PubChem candidate
10.232044,108.26708,PubChem candidate
-23.521452,-94.73646,PubChem candidate
-131.0269,-8.184755,PubChem candidate
-17.099531,-10.841634,PubChem candidate
35.76145,23.610659,PubChem candidate
-41.90689,42.189816,PubChem candidate
-40.909363,-16.597769,PubChem candidate
9.2408085,17.319664,PubChem candidate
46.98266,-40.588108,PubChem candidate
-15.996218,-97.368706,PubChem candidate
40.300518,50.56735,PubChem candidate
-43.287304,-37.923775,PubChem candidate
8.511281,-64.955956,PubChem candidate
-125.419136,0.6714752,PubChem candidate
42.932312,101.33953,PubChem candidate
-34.60861,90.428566,PubChem candidate
-43.15723,-45.14284,PubChem candidate
9.2662115,-4.808625,PubChem candidate
-62.333874,-60.227615,PubChem candidate
-31.738726,-34.77064,PubChem candidate
-67.50309,-4.420623,PubChem candidate
9.483815,46.604816,PubChem candidate
-27.450499,-55.431248,PubChem candidate
-127.500145,-0.14133061,PubChem candidate
-78.42305,-2.1216605,PubChem candidate
-75.22732,16.166767,PubChem candidate
-9.983317,-20.915379,PubChem candidate
-98.24664,24.531055,PubChem candidate
45.047176,50.929695,PubChem candidate
-110.60942,-1.5555029,PubChem candidate
45.492313,-52.55441,PubChem candidate
-33.66977,42.883526,PubChem candidate
81.907585,49.76217,PubChem candidate
-33.374336,-92.105125,PubChem candidate
104.5149,-24.087688,PubChem candidate
-23.761858,41.953407,PubChem candidate
87.81032,52.75882,PubChem candidate
114.47953,-23.440357,PubChem candidate
-59.890137,14.722711,PubChem candidate
-103.9612,-21.63622,PubChem candidate
91.456604,-19.890146,PubChem candidate
-42.756424,19.460688,PubChem candidate
38.40509,-68.98618,PubChem candidate
-34.91704,98.86373,PubChem candidate
46.280285,29.882685,PubChem candidate
107.967606,-33.215176,PubChem candidate
-15.453688,116.35624,PubChem candidate
-68.8215,11.123315,PubChem candidate
10.0310755,45.510857,PubChem candidate
-89.83858,-1.291194,PubChem candidate
-33.307865,-72.39325,PubChem candidate
9.921419,-109.10416,PubChem candidate
45.60965,-47.869587,PubChem candidate
13.842865,-67.31626,PubChem candidate
-29.438868,-56.99735,PubChem candidate
93.56294,33.169304,PubChem candidate
57.905315,-1.0505391,PubChem candidate
-110.74186,-5.9964595,PubChem candidate
32.926765,96.150375,PubChem candidate
67.800545,-76.79187,PubChem candidate
93.437256,27.67202,PubChem candidate
43.50359,51.91242,PubChem candidate
-60.03111,11.813151,PubChem candidate
95.61018,20.536314,PubChem candidate
43.28398,-49.08969,PubChem candidate
16.058296,-16.812746,PubChem candidate
-77.46578,7.3843775,PubChem candidate
13.739827,16.54039,PubChem candidate
72.2026,47.83622,PubChem candidate
-42.780193,-12.981124,PubChem candidate
115.27058,-15.249543,PubChem candidate
53.73487,-5.351379,PubChem candidate
-100.94747,16.14482,PubChem candidate
-13.8360815,67.98595,PubChem candidate
62.979862,0.8038138,PubChem candidate
26.894665,-35.460136,PubChem candidate
65.870544,7.802527,PubChem candidate
80.992935,43.12626,PubChem candidate
15.391404,-2.2481413,PubChem candidate
-52.489082,-63.415558,PubChem candidate
-12.418096,105.11343,PubChem candidate
105.07191,-25.451027,PubChem candidate
-51.44117,-13.851885,PubChem candidate
-127.771645,1.1763569,PubChem candidate
50.38467,38.36907,PubChem candidate
-29.498848,25.423338,PubChem candidate
1.9344531,23.372208,PubChem candidate
-30.895653,-87.674194,PubChem candidate
67.14038,12.243706,PubChem candidate
45.841652,80.597626,PubChem candidate
36.970642,32.05279,PubChem candidate
-69.08288,-47.450462,PubChem candidate
61.880207,-49.427776,PubChem candidate
-42.20721,43.644497,PubChem candidate
49.548336,-10.3108835,PubChem candidate
-106.37305,-12.686683,PubChem candidate
-26.741003,72.16615,PubChem candidate
-86.54965,-2.9520721,PubChem candidate
6.535521,-15.41457,PubChem candidate
4.024704,-51.991127,PubChem candidate
-43.068787,-81.36465,PubChem candidate
9.862378,-52.913994,PubChem candidate
-14.955127,23.003298,PubChem candidate
-13.786781,-107.78025,PubChem candidate
-24.172352,-43.862705,PubChem candidate
-25.44679,28.969837,PubChem candidate
-102.90378,5.051142,PubChem candidate
-77.16862,-13.619896,PubChem candidate
-50.04128,-34.708435,PubChem candidate
0.84706867,7.880707,PubChem candidate
-104.134636,-23.371307,PubChem candidate
42.3275,-63.573826,PubChem candidate
-30.373476,-24.87129,PubChem candidate
-1.5973997,117.45743,PubChem candidate
38.365593,-69.35373,PubChem candidate
-10.331034,-96.97961,PubChem candidate
-36.903805,-27.376095,PubChem candidate
-54.992928,38.8693,PubChem candidate
-26.82807,-50.02154,PubChem candidate
15.428908,45.45703,PubChem candidate
-32.684414,-95.133354,PubChem candidate
-36.276497,-23.715528,PubChem candidate
-20.53167,-15.533228,PubChem candidate
-98.86524,13.149392,PubChem candidate
-0.57019556,0.6544182,PubChem candidate
36.581356,11.070543,PubChem candidate
-30.387678,-96.47469,PubChem candidate
-30.37414,-24.118725,PubChem candidate
28.364801,-34.776394,PubChem candidate
-103.782776,-22.709284,PubChem candidate
-97.989624,-36.286644,PubChem candidate
-17.122995,3.6436892,PubChem candidate
-51.84627,-55.121056,PubChem candidate
-112.64213,0.64053684,PubChem candidate
-55.829407,68.437485,PubChem candidate
66.89727,-74.980515,PubChem candidate
-6.681868,-33.290394,PubChem candidate
40.999023,-69.86308,PubChem candidate
-23.365282,-42.947,PubChem candidate
-17.403955,69.0444,PubChem candidate
-16.8415,12.956177,PubChem candidate
5.499808,-72.17344,PubChem candidate
-21.44614,-54.132755,PubChem candidate
-15.631406,-53.632977,PubChem candidate
-4.4290223,-101.01508,PubChem candidate
-54.269844,66.438354,PubChem candidate
-14.87476,10.672835,PubChem candidate
24.642746,-59.948685,PubChem candidate
-16.18389,-38.08738,PubChem candidate
41.06865,-68.29915,PubChem candidate
-36.642258,-97.585365,PubChem candidate
115.22766,-17.32162,PubChem candidate
-11.107456,-21.8462,PubChem candidate
112.6302,-14.09532,PubChem candidate
-62.27682,-2.1893237,PubChem candidate
25.725431,-33.686054,PubChem candidate
-26.726185,70.2618,PubChem candidate
-131.6091,-3.859228,PubChem candidate
-69.23123,-51.25786,PubChem candidate
-108.202736,6.9884834,PubChem candidate
94.25881,32.501995,PubChem candidate
-17.847658,-99.88577,PubChem candidate
6.525394,-64.82945,PubChem candidate
9.0962305,102.398506,PubChem candidate
-4.1644673,-100.89563,PubChem candidate
67.17583,-60.113438,PubChem candidate
-98.759026,21.491146,PubChem candidate
-57.27178,64.23763,PubChem candidate
-67.46531,18.978973,PubChem candidate
44.373775,78.90898,PubChem candidate
-15.858007,39.804863,PubChem candidate
-73.24587,-10.008569,PubChem candidate
20.403969,-8.759909,PubChem candidate
-27.948,94.70004,PubChem candidate
71.09294,38.827404,PubChem candidate
6.8016186,-2.2720182,PubChem candidate
-109.09328,9.947769,PubChem candidate
-20.25097,-29.229034,PubChem candidate
-78.55561,-10.830504,PubChem candidate
-54.200054,65.417404,PubChem candidate
45.202454,78.28834,PubChem candidate
60.724964,86.499725,PubChem candidate
-76.633934,-13.685084,PubChem candidate
62.64586,-82.05064,PubChem candidate
-23.968908,-54.26436,PubChem candidate
14.91943,45.6873,PubChem candidate
14.522982,-3.2077887,PubChem candidate
94.4305,19.15989,PubChem candidate
38.193485,36.411167,PubChem candidate
5.560913,-57.653893,PubChem candidate
-20.375208,-26.447866,PubChem candidate
-51.958527,-62.79241,PubChem candidate
-15.739467,-10.990473,PubChem candidate
2.7320104,-2.4659913,PubChem candidate
-20.795197,-7.024598,PubChem candidate
-26.662113,72.39324,PubChem candidate
-12.347714,-39.71059,PubChem candidate
-68.63299,17.910793,PubChem candidate
64.749664,-66.00567,PubChem candidate
-126.4785,-8.922391,PubChem candidate
-101.2526,24.278343,PubChem candidate
-94.56173,1.9322321,PubChem candidate
-61.641514,-1.58734,PubChem candidate
-23.675137,-36.922913,PubChem candidate
34.637672,43.81876,PubChem candidate
9.602209,22.832901,PubChem candidate
-8.170822,-101.78259,PubChem candidate
-49.606503,79.90371,PubChem candidate
10.851266,109.81029,PubChem candidate
79.510284,46.966377,PubChem candidate
14.709187,13.928626,PubChem candidate
-83.79628,5.2884474,PubChem candidate
-10.99758,-104.58319,PubChem candidate
70.18753,11.86184,PubChem candidate
40.052612,94.361435,PubChem candidate
20.907957,0.636325,PubChem candidate
40.67788,51.514378,PubChem candidate
13.8339815,-58.669605,PubChem candidate
11.318282,12.967143,PubChem candidate
-8.689822,-33.325447,PubChem candidate
-21.0494,94.22122,PubChem candidate
46.517635,-47.610657,PubChem candidate
-71.31285,11.65262,PubChem candidate
-40.9379,-28.338404,PubChem candidate
19.851686,-65.58949,PubChem candidate
-8.344851,8.410837,PubChem candidate
-36.21894,102.084785,PubChem candidate
-98.56188,12.7403145,PubChem candidate
-18.365496,11.323825,PubChem candidate
-15.729279,-51.124863,PubChem candidate
54.127655,-44.96169,PubChem candidate
92.33918,-18.036749,PubChem candidate
67.257935,-59.802567,PubChem candidate
-15.472842,80.67355,PubChem candidate
-68.48514,-62.091705,PubChem candidate
-53.51185,-83.34494,PubChem candidate
30.854662,-43.612663,PubChem candidate
-29.877155,-44.699455,PubChem candidate
110.970116,20.535027,PubChem candidate
49.251656,42.33467,PubChem candidate
-22.037811,-90.92054,PubChem candidate
-16.936476,44.493034,PubChem candidate
57.65822,-49.505196,PubChem candidate
-95.09425,1.6245432,PubChem candidate
5.5329967,15.217617,PubChem candidate
-70.55659,13.134666,PubChem candidate
-76.73762,-13.23405,PubChem candidate
-24.66499,-52.95453,PubChem candidate
-68.420265,16.83033,PubChem candidate
44.84767,50.56427,PubChem candidate
-14.075512,-88.212364,PubChem candidate
-100.19416,19.024632,PubChem candidate
93.172325,-30.571337,PubChem candidate
61.527626,-49.035343,PubChem candidate
27.907484,112.43892,PubChem candidate
-63.288624,13.531328,PubChem candidate
-99.45036,16.935726,PubChem candidate
-32.290894,-73.23948,PubChem candidate
-16.521587,-15.296738,PubChem candidate
26.575542,-32.594948,PubChem candidate
51.679436,-18.091375,PubChem candidate
-5.2092786,46.338276,PubChem candidate
-18.764193,-48.735046,PubChem candidate
12.409633,-103.908646,PubChem candidate
9.182891,1.025575,PubChem candidate
82.50448,45.694572,PubChem candidate
31.274553,-43.53464,PubChem candidate
106.25424,-7.71493,PubChem candidate
36.940918,18.722591,PubChem candidate
-19.507029,12.301477,PubChem candidate
-72.75882,12.807444,PubChem candidate
5.416267,-9.375085,PubChem candidate
-41.483917,23.655542,PubChem candidate
105.79461,-21.472393,PubChem candidate
-63.756523,12.053796,PubChem candidate
1.1125271,20.169935,PubChem candidate
4.466117,9.317858,PubChem candidate
-14.591223,15.93104,PubChem candidate
-53.06538,-56.483406,PubChem candidate
-7.171066,-12.845371,PubChem candidate
-19.792114,12.501729,PubChem candidate
74.60053,-38.737885,PubChem candidate
65.16277,-68.71965,PubChem candidate
20.079607,-66.03166,PubChem candidate
11.565937,19.642601,PubChem candidate
-18.606302,-54.70959,PubChem candidate
-26.44666,-27.552353,PubChem candidate
-39.19375,-20.599066,PubChem candidate
-2.6833534,22.182163,PubChem candidate
-9.513225,-105.3978,PubChem candidate
-12.513606,-14.738788,PubChem candidate
-24.073917,115.419716,PubChem candidate
-6.790933,-91.93617,PubChem candidate
7.095795,8.395781,PubChem candidate
-37.159157,105.15372,PubChem candidate
-27.07094,-49.904465,PubChem candidate
-14.845102,99.33715,PubChem candidate
-18.168589,-39.61393,PubChem candidate
-52.48986,-63.216,PubChem candidate
59.29676,-77.65353,PubChem candidate
79.534195,46.728,PubChem candidate
-98.23757,-39.2001,PubChem candidate
-28.158842,-41.65743,PubChem candidate
12.80953,16.950861,PubChem candidate
-66.024734,-2.5191057,PubChem candidate
45.801758,-89.79921,PubChem candidate
-12.6283455,-10.641147,PubChem candidate
-19.999365,-23.86409,PubChem candidate
-46.489227,-36.97171,PubChem candidate
44.047718,-90.84298,PubChem candidate
6.999555,-107.31009,PubChem candidate
73.25082,45.836964,PubChem candidate
-16.895592,83.43836,PubChem candidate
71.884636,-42.5834,PubChem candidate
-106.95799,-9.844147,PubChem candidate
-0.31375438,-103.82747,PubChem candidate
37.236374,31.677366,PubChem candidate
-14.005494,-19.347553,PubChem candidate
-43.102276,-13.108257,PubChem candidate
7.531919,94.58821,PubChem candidate
50.809414,82.5866,PubChem candidate
8.43303,-56.508648,PubChem candidate
-43.766296,-65.13003,PubChem candidate
-27.668736,-99.68963,PubChem candidate
-90.644745,-20.148594,PubChem candidate
-40.290497,41.52484,PubChem candidate
-19.004398,-106.66352,PubChem candidate
-27.762714,69.914894,PubChem candidate
-105.48454,-25.09285,PubChem candidate
-53.386955,-29.958551,PubChem candidate
-56.988163,35.772102,PubChem candidate
-63.73851,-57.201523,PubChem candidate
26.77194,-29.163168,PubChem candidate
-64.31687,-54.128227,PubChem candidate
-13.355578,-105.89681,PubChem candidate
-68.69761,14.136683,PubChem candidate
-2.7044387,1.4872733,PubChem candidate
107.89588,36.820446,PubChem candidate
57.461674,95.94757,PubChem candidate
46.60717,50.501465,PubChem candidate
49.662743,37.38922,PubChem candidate
-38.92157,-15.680654,PubChem candidate
2.8555305,13.271867,PubChem candidate
-116.87827,-26.25879,PubChem candidate
42.65108,-50.82388,PubChem candidate
7.8737044,-51.800747,PubChem candidate
-25.43928,43.83639,PubChem candidate
-9.050193,46.934814,PubChem candidate
-10.67952,106.94582,PubChem candidate
-15.487317,81.72409,PubChem candidate
60.158455,90.76667,PubChem candidate
-56.22608,-53.026333,PubChem candidate
-133.80008,-5.3017535,PubChem candidate
115.45313,-15.145655,PubChem candidate
-6.225958,-100.250336,PubChem candidate
-94.37152,0.38102004,PubChem candidate
25.73767,24.960676,PubChem candidate
1.1172875,-110.46138,PubChem candidate
52.898666,95.40167,PubChem candidate
65.31101,-15.142056,PubChem candidate
5.9360237,-58.96829,PubChem candidate
-4.6715484,-1.6636531,PubChem candidate
-42.756836,43.145645,PubChem candidate
60.20287,90.46143,PubChem candidate
115.49012,-23.009495,PubChem candidate
-52.619736,-64.02246,PubChem candidate
-53.67227,-63.295288,PubChem candidate
-107.39024,-9.971487,PubChem candidate
-95.86638,5.069295,PubChem candidate
-37.21744,-23.056349,PubChem candidate
38.595097,12.548362,PubChem candidate
21.021235,-6.714303,PubChem candidate
-29.497105,105.40161,PubChem candidate
70.57493,2.4213262,PubChem candidate
-29.849571,-22.576363,PubChem candidate
-31.4571,-15.96335,PubChem candidate
8.025897,48.909233,PubChem candidate
-66.85819,-2.6849842,PubChem candidate
4.7254124,-72.48986,PubChem candidate
-117.71206,-26.876097,PubChem candidate
10.897308,24.506695,PubChem candidate
-129.11833,-12.23533,PubChem candidate
-0.8666048,10.232363,PubChem candidate
21.898058,-31.832197,PubChem candidate
-64.294334,14.609034,PubChem candidate
55.76342,-2.1223142,PubChem candidate
-12.791329,-103.84382,PubChem candidate
69.8517,1.6947827,PubChem candidate
-86.68728,-19.437595,PubChem candidate
-33.825092,43.778683,PubChem candidate
-134.86221,-5.3782473,PubChem candidate
-17.867168,74.56774,PubChem candidate
-47.235023,77.06849,PubChem candidate
-18.71856,73.68485,PubChem candidate
-42.197346,-69.15077,PubChem candidate
-120.13774,2.8629346,PubChem candidate
39.382946,16.429647,PubChem candidate
11.7258625,67.93173,PubChem candidate
106.59521,-2.7686467,PubChem candidate
12.025667,-103.59788,PubChem candidate
3.58891,-60.57885,PubChem candidate
103.116356,35.927086,PubChem candidate
52.96211,-18.412937,PubChem candidate
-21.370722,-47.30441,PubChem candidate
-15.950237,-9.545208,PubChem candidate
10.119387,-108.50649,PubChem candidate
-93.46585,-31.4053,PubChem candidate
-103.9899,-23.29865,PubChem candidate
-60.252605,-64.125885,PubChem candidate
56.666443,-4.625432,PubChem candidate
-32.779385,44.77615,PubChem candidate
-108.67689,-8.492368,PubChem candidate
-49.847397,35.603638,PubChem candidate
-115.28413,-27.518265,PubChem candidate
-2.5041392,16.67455,PubChem candidate
-64.74065,4.4164267,PubChem candidate
64.525345,-56.214424,PubChem candidate
-44.968803,-27.026121,PubChem candidate
108.51783,-28.642193,PubChem candidate
-23.718388,71.39355,PubChem candidate
-13.244028,83.924995,PubChem candidate
32.929626,5.2628603,PubChem candidate
42.31068,32.33062,PubChem candidate
-74.074615,-62.107574,PubChem candidate
-45.453983,-10.409643,PubChem candidate
-18.281536,-107.48903,PubChem candidate
-29.21241,-43.997913,PubChem candidate
-71.47814,4.5367785,PubChem candidate
46.973343,82.377304,PubChem candidate
16.348972,-31.89606,PubChem candidate
-3.9860148,-3.936913,PubChem candidate
-49.905064,-12.135911,PubChem candidate
6.1283574,-76.927284,PubChem candidate
-48.557583,-82.85759,PubChem candidate
-34.647488,24.309294,PubChem candidate
-119.58549,-10.047636,PubChem candidate
-58.975803,-63.80676,PubChem candidate
-104.5781,-25.474018,PubChem candidate
-32.687504,-58.867233,PubChem candidate
-55.86533,37.952217,PubChem candidate
-52.209732,-16.055658,PubChem candidate
-35.102436,105.11108,PubChem candidate
-74.11275,-10.943284,PubChem candidate
-38.46816,-8.8064375,PubChem candidate
-31.861017,-15.303142,PubChem candidate
43.327347,28.004211,PubChem candidate
104.57494,-24.754898,PubChem candidate
83.58289,42.962204,PubChem candidate
38.574696,49.753155,PubChem candidate
-28.545774,-6.0415344,PubChem candidate
55.85186,-48.695507,PubChem candidate
73.88642,-38.546753,PubChem candidate
-59.072193,35.116417,PubChem candidate
47.38333,-11.010024,PubChem candidate
110.08068,24.32183,PubChem candidate
-10.611045,-11.40571,PubChem candidate
-65.22141,6.1106744,PubChem candidate
3.4395797,0.2686807,PubChem candidate
-103.29341,26.34854,PubChem candidate
-95.4813,30.712381,PubChem candidate
62.60382,-59.563965,PubChem candidate
-131.90791,-2.0739067,PubChem candidate
-57.255417,-54.527046,PubChem candidate
-25.334873,-94.50093,PubChem candidate
-25.383791,-13.040116,PubChem candidate
11.009578,4.1203027,PubChem candidate
102.71786,35.396023,PubChem candidate
-31.724777,-34.389698,PubChem candidate
34.201813,-31.1786,PubChem candidate
64.788,-12.911834,PubChem candidate
-35.605217,-62.071377,PubChem candidate
114.29671,28.03629,PubChem candidate
63.49242,-58.02875,PubChem candidate
-36.99823,-13.426378,PubChem candidate
-4.263676,-107.89615,PubChem candidate
-89.13549,26.9813,PubChem candidate
99.28686,35.712296,PubChem candidate
-92.27868,-34.890293,PubChem candidate
-7.915125,26.016674,PubChem candidate
-79.27623,-61.160713,PubChem candidate
-132.57227,-10.593477,PubChem candidate
-52.411076,-62.783478,PubChem candidate
-63.507957,-57.0271,PubChem candidate
5.6616755,6.28073,PubChem candidate
-17.362144,71.4282,PubChem candidate
-12.792172,-36.576107,PubChem candidate
41.240383,36.06261,PubChem candidate
46.271587,28.02836,PubChem candidate
-28.997326,-8.933475,PubChem candidate
8.662608,-62.946766,PubChem candidate
33.399055,8.67378,PubChem candidate
-13.935119,106.75591,PubChem candidate
-112.959335,0.769268,PubChem candidate
43.763313,-53.367165,PubChem candidate
10.026614,-103.603035,PubChem candidate
-37.68798,-76.091255,PubChem candidate
20.5822,-65.40374,PubChem candidate
-13.204972,-102.85637,PubChem candidate
42.047245,-91.37937,PubChem candidate
43.22247,-60.032944,PubChem candidate
-95.199135,3.6402671,PubChem candidate
-75.86373,-13.366197,PubChem candidate
47.388645,38.51487,PubChem candidate
67.54905,-12.746234,PubChem candidate
68.364,1.6898897,PubChem candidate
-94.18078,28.65781,PubChem candidate
-16.730164,5.0205417,PubChem candidate
-11.443891,-105.490875,PubChem candidate
110.58564,-27.083914,PubChem candidate
-70.749214,3.9851255,PubChem candidate
89.87689,52.855732,PubChem candidate
-3.8637676,106.86318,PubChem candidate
-73.541824,-54.508007,PubChem candidate
42.355873,-69.805145,PubChem candidate
9.436185,-42.21868,PubChem candidate
-40.66567,-16.65112,PubChem candidate
-97.989044,-34.767548,PubChem candidate
-15.93767,97.62524,PubChem candidate
-42.97472,-26.419744,PubChem candidate
-55.886345,-62.620445,PubChem candidate
-5.3152003,-93.102036,PubChem candidate
-88.38253,-1.9449807,PubChem candidate
-30.898643,-37.521374,PubChem candidate
16.582033,-1.7300487,PubChem candidate
16.648092,-16.275005,PubChem candidate
-7.4367833,-100.873085,PubChem candidate
-131.88072,0.49233747,PubChem candidate
41.555138,71.35798,PubChem candidate
-38.34392,-8.157726,PubChem candidate
-17.107725,-33.213867,PubChem candidate
-23.908125,-25.42371,PubChem candidate
-6.4717093,3.5471802,PubChem candidate
-1.518006,114.67841,PubChem candidate
-76.06864,-58.608524,PubChem candidate
61.72891,7.4405994,PubChem candidate
-9.008533,9.262643,PubChem candidate
-19.00957,-28.28337,PubChem candidate
-102.003784,16.90648,PubChem candidate
-28.621948,-43.47946,PubChem candidate
65.56179,-58.127903,PubChem candidate
-45.052395,-79.8744,PubChem candidate
70.42969,15.405927,PubChem candidate
-13.579838,-107.44762,PubChem candidate
-29.709429,94.98894,PubChem candidate
2.8499146,-10.465435,PubChem candidate
-75.35087,16.191868,PubChem candidate
-28.331318,70.07915,PubChem candidate
73.321724,48.1985,PubChem candidate
-20.057436,-30.450651,PubChem candidate
-70.64862,14.033768,PubChem candidate
-91.94599,-39.503326,PubChem candidate
-108.63082,9.401046,PubChem candidate
-108.89853,-26.898394,PubChem candidate
107.34308,-8.1766,PubChem candidate
-63.16874,5.8370996,PubChem candidate
-15.133423,-87.50322,PubChem candidate
-29.177805,-32.347233,PubChem candidate
-71.97037,17.304157,PubChem candidate
5.5292034,-65.28635,PubChem candidate
-93.42229,-40.328827,PubChem candidate
27.041323,-35.05726,PubChem candidate
58.306976,1.252596,PubChem candidate
-33.38236,-92.09453,PubChem candidate
13.431708,22.659496,PubChem candidate
-31.298243,-24.771852,PubChem candidate
-57.20672,36.083668,PubChem candidate
-15.221092,-5.5002804,PubChem candidate
-78.0205,-59.912247,PubChem candidate
-28.81584,-87.31929,PubChem candidate
-104.99901,-24.45334,PubChem candidate
-1.9816242,82.82385,PubChem candidate
-104.70006,24.599588,PubChem candidate
-39.816463,-20.823719,PubChem candidate
-74.57881,9.676487,PubChem candidate
55.468094,-25.663322,PubChem candidate
-23.022463,-51.22234,PubChem candidate
-1.2322363,-7.5594563,PubChem candidate
113.463295,25.768215,PubChem candidate
25.765469,42.544945,PubChem candidate
-75.171135,16.195425,PubChem candidate
22.005228,42.175755,PubChem candidate
44.26421,88.049515,PubChem candidate
-45.560223,-74.74265,PubChem candidate
-98.371544,29.685093,PubChem candidate
42.47834,-58.77243,PubChem candidate
-43.877377,-10.926365,PubChem candidate
-11.571606,-4.450718,PubChem candidate
0.07970195,-105.88884,PubChem candidate
-107.519455,-10.150706,PubChem candidate
-9.549677,-100.81186,PubChem candidate
-96.161964,1.8130347,PubChem candidate
69.43066,-47.839455,PubChem candidate
-107.479774,4.2403755,PubChem candidate
69.12908,-43.314133,PubChem candidate
52.637383,-17.626972,PubChem candidate
50.064777,-20.411812,PubChem candidate
-32.845394,-46.313602,PubChem candidate
-64.47833,0.6011595,PubChem candidate
-114.65143,-31.506575,PubChem candidate
-103.41846,25.504969,PubChem candidate
-33.60408,-48.145874,PubChem candidate
19.663383,3.589643,PubChem candidate
7.1930866,-56.281754,PubChem candidate
106.42249,-20.734112,PubChem candidate
16.862268,-34.959045,PubChem candidate
-45.14739,-18.697092,PubChem candidate
-2.5657241,21.573517,PubChem candidate
-17.864426,1.8551834,PubChem candidate
11.332024,12.0709305,PubChem candidate
109.5664,-29.881386,PubChem candidate
-47.105328,39.08946,PubChem candidate
-45.466396,-11.589372,PubChem candidate
115.91075,29.00915,PubChem candidate
-78.20254,-60.34858,PubChem candidate
-40.682487,-28.25254,PubChem candidate
4.890492,-68.797844,PubChem candidate
-50.22167,-16.233557,PubChem candidate
9.393857,1.5762615,PubChem candidate
-31.398874,-71.8949,PubChem candidate
-7.070081,-21.136173,PubChem candidate
-72.08999,-5.1817603,PubChem candidate
-61.77077,9.850555,PubChem candidate
23.045397,72.396576,PubChem candidate
25.55483,-54.484253,PubChem candidate
-1.19571,16.912924,PubChem candidate
-27.362099,27.369127,PubChem candidate
40.068104,50.96693,PubChem candidate
23.626612,-29.601076,PubChem candidate
-27.47699,-30.226315,PubChem candidate
-34.25545,23.195354,PubChem candidate
-34.51897,69.979164,PubChem candidate
-89.41652,21.985199,PubChem candidate
-12.620096,72.290985,PubChem candidate
46.49027,76.86188,PubChem candidate
32.5159,111.301865,PubChem candidate
-36.842346,-14.099901,PubChem candidate
23.272673,-40.7593,PubChem candidate
-33.46327,-59.837677,PubChem candidate
-52.235733,-80.07367,PubChem candidate
5.5843706,6.8738136,PubChem candidate
86.39713,57.926704,PubChem candidate
-93.24233,24.451962,PubChem candidate
36.845615,43.19032,PubChem candidate
82.18085,48.51766,PubChem candidate
-94.06907,-0.96759766,PubChem candidate
38.988876,-75.625496,PubChem candidate
55.909233,49.402973,PubChem candidate
-29.355618,27.062738,PubChem candidate
-24.155432,-36.7528,PubChem candidate
71.780525,38.964165,PubChem candidate
95.62813,20.308704,PubChem candidate
-54.77216,34.84289,PubChem candidate
-18.927546,7.3534455,PubChem candidate
16.926718,-29.45422,PubChem candidate
92.68256,-25.594086,PubChem candidate
116.16382,-29.505676,PubChem candidate
-43.61415,42.279335,PubChem candidate
43.629906,73.64622,PubChem candidate
95.81972,-21.315763,PubChem candidate
-130.91989,-1.3428922,PubChem candidate
-27.347652,-22.12764,PubChem candidate
10.35612,-13.955913,PubChem candidate
9.161004,20.491978,PubChem candidate
-94.31178,22.770208,PubChem candidate
49.385033,-9.72023,PubChem candidate
-7.7397733,74.42036,PubChem candidate
13.001531,-9.677332,PubChem candidate
-13.352122,-26.323471,PubChem candidate
-65.95671,-48.446957,PubChem candidate
-43.037025,-81.65037,PubChem candidate
114.43587,-7.881588,PubChem candidate
-67.88547,9.653745,PubChem candidate
-101.33018,-54.873158,PubChem candidate
49.676785,-6.228338,PubChem candidate
108.62302,36.151123,PubChem candidate
6.510598,107.123436,PubChem candidate
38.941784,-58.2464,PubChem candidate
43.93669,89.29247,PubChem candidate
-68.58336,-3.8346488,PubChem candidate
-108.41186,6.567021,PubChem candidate
-28.531033,-84.72795,PubChem candidate
-68.76353,-63.367573,PubChem candidate
-27.658627,95.55564,PubChem candidate
33.491505,26.668522,PubChem candidate
-122.74952,-8.166296,PubChem candidate
-112.039375,-30.086845,PubChem candidate
61.498528,-78.57619,PubChem candidate
91.76032,-24.430397,PubChem candidate
-23.579357,-8.6828985,PubChem candidate
18.38645,-31.89711,PubChem candidate
114.20706,-7.3347836,PubChem candidate
-45.56162,-9.786833,PubChem candidate
7.7054152,-103.006805,PubChem candidate
71.2478,-43.14413,PubChem candidate
53.003006,52.4844,PubChem candidate
-73.18518,12.265515,PubChem candidate
-80.14362,-2.2846935,PubChem candidate
62.224133,-79.902374,PubChem candidate
-30.551725,-86.891266,PubChem candidate
-27.899878,-45.75197,PubChem candidate
11.05555,23.472206,PubChem candidate
48.046604,-18.855957,PubChem candidate
-59.05916,-45.66616,PubChem candidate
24.889639,-54.140274,PubChem candidate
-32.877876,-56.498814,PubChem candidate
-126.61642,1.0653355,PubChem candidate
-22.248756,-90.00779,PubChem candidate
-68.99881,-1.4319373,PubChem candidate
22.22808,-64.981544,PubChem candidate
-56.09379,-62.896404,PubChem candidate
-73.960014,16.417635,PubChem candidate
-103.7205,-6.2727866,PubChem candidate
-20.520987,113.54551,PubChem candidate
-51.93886,-63.759468,PubChem candidate
10.408823,-109.827415,PubChem candidate
-32.925106,-72.054474,PubChem candidate
16.169884,-34.01781,PubChem candidate
-10.240269,-96.76267,PubChem candidate
-22.242392,-89.85688,PubChem candidate
-72.11796,-51.79433,PubChem candidate
-31.253862,43.3565,PubChem candidate
-20.438757,-6.813854,PubChem candidate
-13.038992,-9.185595,PubChem candidate
-72.01524,-9.176551,PubChem candidate
94.854965,-9.51799,PubChem candidate
80.21316,44.535297,PubChem candidate
-30.240644,-89.89122,PubChem candidate
-22.573708,-102.723656,PubChem candidate
-52.142654,68.21871,PubChem candidate
8.407063,-57.48823,PubChem candidate
-55.680683,-44.261665,PubChem candidate
13.631184,-48.5655,PubChem candidate
68.88481,24.84064,PubChem candidate
-10.495146,-27.187391,PubChem candidate
-51.57659,-55.955414,PubChem candidate
-24.770449,-29.821154,PubChem candidate
67.63926,-13.214073,PubChem candidate
-7.007444,-12.6424675,PubChem candidate
10.443203,65.693726,PubChem candidate
-41.193806,-28.500542,PubChem candidate
53.892838,49.69344,PubChem candidate
38.153465,37.74043,PubChem candidate
-23.797283,90.32153,PubChem candidate
-42.83268,-37.882626,PubChem candidate
-4.6302395,-12.090303,PubChem candidate
-35.970776,-11.453825,PubChem candidate
35.96009,43.44309,PubChem candidate
74.42742,52.60146,PubChem candidate
-54.56176,-62.29952,PubChem candidate
-27.602005,-31.188768,PubChem candidate
-36.512253,-28.328768,PubChem candidate
-106.21143,9.664451,PubChem candidate
-67.58478,-50.43453,PubChem candidate
-58.22779,-57.93783,PubChem candidate
-93.984634,-24.509682,PubChem candidate
-106.541885,-7.6292934,PubChem candidate
49.171192,-83.72139,PubChem candidate
38.26977,-90.71066,PubChem candidate
38.854668,16.952715,PubChem candidate
115.49256,29.45553,PubChem candidate
-54.595985,68.980064,PubChem candidate
-48.556576,43.704395,PubChem candidate
-54.596146,30.598644,PubChem candidate
-14.147305,-88.1844,PubChem candidate
-58.370316,-63.70204,PubChem candidate
7.2238812,8.597228,PubChem candidate
1.5030936,84.02776,PubChem candidate
-63.259575,-45.05523,PubChem candidate
86.8908,-26.30465,PubChem candidate
13.759783,-58.560932,PubChem candidate
-42.930836,41.598133,PubChem candidate
-64.78276,-59.972584,PubChem candidate
-9.612221,-100.78221,PubChem candidate
89.452896,58.816372,PubChem candidate
9.843997,46.006207,PubChem candidate
13.075956,15.34406,PubChem candidate
94.88586,-40.477104,PubChem candidate
-17.779478,-97.604576,PubChem candidate
68.482735,2.8635588,PubChem candidate
60.09421,-76.17187,PubChem candidate
-28.374662,54.572487,PubChem candidate
-34.412457,-45.89772,PubChem candidate
-33.455837,-72.587036,PubChem candidate
-97.97735,-32.85983,PubChem candidate
74.46689,52.75602,PubChem candidate
-50.021236,-32.42505,PubChem candidate
8.364715,-57.591732,PubChem candidate
46.219616,-40.494385,PubChem candidate
89.85056,-28.24929,PubChem candidate
-74.005264,-11.082009,PubChem candidate
-15.955756,39.643055,PubChem candidate
-109.10777,-28.035938,PubChem candidate
-53.18363,-28.535362,PubChem candidate
-3.0788848,16.910337,PubChem candidate
-101.891594,-11.844891,PubChem candidate
-3.3849137,25.535322,PubChem candidate
-102.42642,21.671066,PubChem candidate
-26.874893,95.27896,PubChem candidate
-42.853104,41.81733,PubChem candidate
43.41736,-50.413074,PubChem candidate
-51.855095,67.69135,PubChem candidate
54.481693,-20.67562,PubChem candidate
14.354887,-3.2019205,PubChem candidate
87.153404,24.423552,PubChem candidate
64.75734,-79.68773,PubChem candidate
-6.0372143,2.2696822,PubChem candidate
6.518541,-15.969228,PubChem candidate
-67.2852,-4.0672593,PubChem candidate
44.23895,14.697051,PubChem candidate
-2.2609477,107.63891,PubChem candidate
-27.23057,-26.246983,PubChem candidate
-11.062072,1.8200493,PubChem candidate
-24.14444,-55.417187,PubChem candidate
-94.72899,23.000984,PubChem candidate
1.7774172,81.343094,PubChem candidate
-93.73647,2.782062,PubChem candidate
-88.81824,-1.9256306,PubChem candidate
38.13997,-67.68689,PubChem candidate
-74.57428,-55.995243,PubChem candidate
-7.1781836,0.20541722,PubChem candidate
-18.110558,6.7335105,PubChem candidate
-68.21146,-46.597046,PubChem candidate
-51.703316,-18.685247,PubChem candidate
-14.927848,113.23587,PubChem candidate
-38.50395,38.926937,PubChem candidate
-37.557358,-7.870222,PubChem candidate
-62.18732,-44.41558,PubChem candidate
-67.28212,-62.31416,PubChem candidate
-94.95308,-20.58134,PubChem candidate
-25.13918,-54.761253,PubChem candidate
83.4277,56.51618,PubChem candidate
-57.94828,39.01051,PubChem candidate
-33.63555,-60.474426,PubChem candidate
31.136526,26.211143,PubChem candidate
-19.499752,7.5691934,PubChem candidate
-101.54201,25.108664,PubChem candidate
21.631561,-61.134033,PubChem candidate
3.5096738,-11.154374,PubChem candidate
-10.002177,74.611664,PubChem candidate
-37.614758,-74.32198,PubChem candidate
-52.346363,-81.54562,PubChem candidate
-46.39598,-13.0755205,PubChem candidate
-40.41951,-10.88403,PubChem candidate
-17.8883,-28.47072,PubChem candidate
6.531491,-44.731876,PubChem candidate
-20.803047,-23.296774,PubChem candidate
-101.381584,17.799324,PubChem candidate
-24.577057,-11.315445,PubChem candidate
42.712883,-59.049328,PubChem candidate
-106.713745,-26.248419,PubChem candidate
-20.992924,-15.862108,PubChem candidate
-113.18619,-26.656092,PubChem candidate
-105.584724,8.656818,PubChem candidate
116.090744,29.871485,PubChem candidate
-43.681004,-78.604034,PubChem candidate
-60.884647,36.193413,PubChem candidate
-16.870676,59.228485,PubChem candidate
94.181404,-13.212445,PubChem candidate
-28.947819,-97.53097,PubChem candidate
-15.49197,116.31357,PubChem candidate
-104.81428,-13.5107155,PubChem candidate
-46.523552,-81.4956,PubChem candidate
-62.913803,2.9914665,PubChem candidate
-43.98393,-11.541991,PubChem candidate
-56.982502,71.352776,PubChem candidate
-78.102516,-57.54738,PubChem candidate
43.156525,-50.517292,PubChem candidate
-104.44749,28.1776,PubChem candidate
-33.319286,98.21416,PubChem candidate
-72.11759,3.926298,PubChem candidate
-68.989456,11.490468,PubChem candidate
43.621456,-57.03784,PubChem candidate
-61.898952,7.9852324,PubChem candidate
-26.001549,-37.068317,PubChem candidate
0.63739705,-106.34541,PubChem candidate
95.19266,22.210033,PubChem candidate
26.451385,-52.5489,PubChem candidate
21.0237,-64.03808,PubChem candidate
-59.468246,12.908846,PubChem candidate
-19.258554,-48.34815,PubChem candidate
-77.46713,-15.225454,PubChem candidate
101.14877,-38.30666,PubChem candidate
-30.858175,-4.6578116,PubChem candidate
-98.00784,-32.80324,PubChem candidate
-31.191875,-37.45912,PubChem candidate
-32.557632,-52.063217,PubChem candidate
112.276215,-10.17697,PubChem candidate
115.15481,-17.214304,PubChem candidate
79.8367,9.416243,PubChem candidate
-77.37224,0.103183635,PubChem candidate
-97.057785,-21.65523,PubChem candidate
-49.859165,-67.43881,PubChem candidate
-48.656647,-11.914081,PubChem candidate
-21.34025,70.090836,PubChem candidate
-24.149458,-25.599226,PubChem candidate
-67.17723,15.764808,PubChem candidate
81.20204,45.391296,PubChem candidate
24.846596,-57.717403,PubChem candidate
-26.81741,-46.142254,PubChem candidate
85.524826,45.317802,PubChem candidate
-113.63607,1.1895088,PubChem candidate
-3.5672097,5.451759,PubChem candidate
22.62218,-32.99739,PubChem candidate
-63.828144,14.3700905,PubChem candidate
-22.575207,40.56714,PubChem candidate
-97.92576,-36.094185,PubChem candidate
42.203316,49.55159,PubChem candidate
-0.8120108,-1.8790761,PubChem candidate
-89.39106,27.155928,PubChem candidate
38.525467,-91.81549,PubChem candidate
-33.254734,-17.284998,PubChem candidate
-17.787052,7.342553,PubChem candidate
108.45954,22.904613,PubChem candidate
-30.945124,68.4603,PubChem candidate
-17.726374,-100.02217,PubChem candidate
-61.458847,-44.803856,PubChem candidate
-47.11475,-28.513718,PubChem candidate
49.05287,-6.241873,PubChem candidate
-69.069405,0.25168622,PubChem candidate
-25.496876,90.27112,PubChem candidate
111.660194,-5.6570883,PubChem candidate
98.74115,-41.02638,PubChem candidate
-17.774637,-54.671783,PubChem candidate
11.245098,23.806849,PubChem candidate
57.102406,-51.668545,PubChem candidate
26.445251,31.66124,PubChem candidate
-36.040474,101.328,PubChem candidate
-26.435513,-84.19979,PubChem candidate
-45.19093,38.950813,PubChem candidate
-107.21561,-10.005426,PubChem candidate
100.69962,21.783234,PubChem candidate
-59.645966,14.641632,PubChem candidate
-15.33266,-53.103695,PubChem candidate
37.824173,36.87475,PubChem candidate
-32.525333,23.32378,PubChem candidate
41.93971,-89.56532,PubChem candidate
-38.01551,-75.02421,PubChem candidate
0.464348,8.091263,PubChem candidate
-11.961922,44.109165,PubChem candidate
-42.49151,-46.64052,PubChem candidate
-24.15937,-38.451176,PubChem candidate
104.25835,35.982777,PubChem candidate
-129.05544,-1.4465148,PubChem candidate
-26.28564,-27.265774,PubChem candidate
65.368065,23.746407,PubChem candidate
109.995636,24.052086,PubChem candidate
-20.711739,-52.958008,PubChem candidate
-62.54185,-60.197388,PubChem candidate
-50.57852,38.3598,PubChem candidate
101.54721,-37.93929,PubChem candidate
8.661899,23.186617,PubChem candidate
10.418076,-48.413845,PubChem candidate
-10.119904,-104.60656,PubChem candidate
-95.06007,-31.849417,PubChem candidate
-51.147373,42.07527,PubChem candidate
71.16449,23.240314,PubChem candidate
-88.39015,-1.9774163,PubChem candidate
-12.250394,-3.903905,PubChem candidate
-24.670254,-96.08622,PubChem candidate
-25.975685,71.7954,PubChem candidate
-36.012768,68.63165,PubChem candidate
-56.054832,-54.946285,PubChem candidate
-10.632987,-26.934174,PubChem candidate
-101.61228,17.481165,PubChem candidate
-3.86052,27.959003,PubChem candidate
-15.556282,40.896606,PubChem candidate
70.922615,-63.121098,PubChem candidate
8.72408,9.022193,PubChem candidate
76.58081,37.396988,PubChem candidate
-110.88755,-4.8848624,PubChem candidate
-116.533455,-27.29833,PubChem candidate
-108.08137,6.9011493,PubChem candidate
109.634926,28.646255,PubChem candidate
8.99515,21.462534,PubChem candidate
65.21096,23.295218,PubChem candidate
-27.576954,38.05322,PubChem candidate
95.21404,25.231089,PubChem candidate
5.9463973,94.87186,PubChem candidate
-28.371897,-6.968732,PubChem candidate
-8.863907,-11.101707,PubChem candidate
-25.398056,-44.82929,PubChem candidate
-13.1980715,-3.7427135,PubChem candidate
-108.039406,-8.955975,PubChem candidate
-22.91965,-50.362698,PubChem candidate
-32.37197,-91.0395,PubChem candidate
89.56828,57.723972,PubChem candidate
-47.179344,-84.78144,PubChem candidate
96.25307,-18.673992,PubChem candidate
47.388668,42.059834,PubChem candidate
103.25833,23.381027,PubChem candidate
-76.37905,-12.415594,PubChem candidate
0.37156838,1.5346438,PubChem candidate
8.6480255,-103.71785,PubChem candidate
-12.726996,109.57608,PubChem candidate
113.78918,-12.304794,PubChem candidate
-62.20926,-2.2450712,PubChem candidate
-6.581295,9.314312,PubChem candidate
6.6665483,109.13958,PubChem candidate
-131.6185,-1.7742945,PubChem candidate
65.28957,-14.048631,PubChem candidate
-87.48369,-24.49967,PubChem candidate
-20.770092,41.30094,PubChem candidate
-97.81775,-39.922443,PubChem candidate
-27.815102,-95.93762,PubChem candidate
-26.383732,24.96354,PubChem candidate
-31.868073,-84.81961,PubChem candidate
95.70268,-10.760973,PubChem candidate
42.241646,-89.418884,PubChem candidate
-13.547873,82.62578,PubChem candidate
-11.693042,-4.24097,PubChem candidate
-32.632748,-95.72053,PubChem candidate
-0.93583256,10.415312,PubChem candidate
-38.742466,-10.230747,PubChem candidate
-42.643867,-67.45455,PubChem candidate
-34.307007,-47.808655,PubChem candidate
41.24724,-65.37079,PubChem candidate
84.961105,44.083267,PubChem candidate
-61.925518,3.1690562,PubChem candidate
-13.6384325,13.227005,PubChem candidate
19.633259,-8.256729,PubChem candidate
-25.266962,-81.31165,PubChem candidate
56.731663,-1.6713861,PubChem candidate
41.680935,102.91312,PubChem candidate
-7.84289,-103.26287,PubChem candidate
-99.50775,12.969366,PubChem candidate
-8.525397,-10.471443,PubChem candidate
-18.678198,13.4762335,PubChem candidate
-61.68802,6.707422,PubChem candidate
6.255342,-106.3562,PubChem candidate
-74.66362,5.5939236,PubChem candidate
-45.184944,-83.98089,PubChem candidate
-69.86086,-49.71251,PubChem candidate
8.820812,47.450306,PubChem candidate
-13.643002,11.639327,PubChem candidate
-132.58232,-2.7955794,PubChem candidate
53.641724,-44.356644,PubChem candidate
-52.8182,66.63441,PubChem candidate
66.75611,8.690288,PubChem candidate
-31.898266,-35.936996,PubChem candidate
-46.75921,-32.08496,PubChem candidate
10.7720375,-14.457884,PubChem candidate
-22.876507,114.6162,PubChem candidate
-27.059546,98.47652,PubChem candidate
38.56999,16.762327,PubChem candidate
1.0655247,-105.53446,PubChem candidate
4.678012,-72.73715,PubChem candidate
49.823654,-87.44412,PubChem candidate
-97.873314,-32.228878,PubChem candidate
55.866512,-48.76938,PubChem candidate
-97.220535,15.114086,PubChem candidate
-30.439941,-8.634019,PubChem candidate
-52.583233,78.76859,PubChem candidate
-53.049732,-28.328499,PubChem candidate
-49.55317,-68.6292,PubChem candidate
104.976295,-25.635279,PubChem candidate
-50.966217,70.179085,PubChem candidate
93.81672,-16.699654,PubChem candidate
-68.71537,-47.313408,PubChem candidate
-4.255972,-107.91217,PubChem candidate
-95.0651,23.33633,PubChem candidate
-61.231533,-63.850613,PubChem candidate
-15.033691,-15.521121,PubChem candidate
-134.33008,-7.5425196,PubChem candidate
10.809266,21.81346,PubChem candidate
-11.817931,15.052495,PubChem candidate
-45.545265,-80.27667,PubChem candidate
-45.00634,-27.198984,PubChem candidate
-9.831487,-27.157278,PubChem candidate
1.7286516,-112.34978,PubChem candidate
-112.51728,0.8932562,PubChem candidate
70.70516,15.814585,PubChem candidate
7.592917,100.36412,PubChem candidate
-114.205956,-26.614138,PubChem candidate
-2.0593202,28.365925,PubChem candidate
67.168846,-76.700554,PubChem candidate
-14.557357,-87.968956,PubChem candidate
24.59647,-58.847584,PubChem candidate
-23.727201,-35.52374,PubChem candidate
-24.157215,-25.345829,PubChem candidate
-1.9925143,-1.5917637,PubChem candidate
-127.815865,-0.9316994,PubChem candidate
-59.33721,-45.643147,PubChem candidate
-1.5201876,8.107671,PubChem candidate
38.94963,-65.99578,PubChem candidate
24.149183,27.229317,PubChem candidate
31.637144,-42.777466,PubChem candidate
-45.548687,67.7093,PubChem candidate
-59.298683,9.580474,PubChem candidate
-53.6136,-12.749936,PubChem candidate
-44.257195,-68.20288,PubChem candidate
-51.944862,-74.55321,PubChem candidate
-33.09804,38.55772,PubChem candidate
-34.118893,69.11021,PubChem candidate
21.852724,-66.38613,PubChem candidate
-10.39576,-33.762623,PubChem candidate
41.744926,-69.75208,PubChem candidate
12.193972,10.4427805,PubChem candidate
48.586746,-2.832302,PubChem candidate
-93.468605,-39.705605,PubChem candidate
-89.5801,22.548317,PubChem candidate
-30.439272,109.11526,PubChem candidate
-29.072016,-40.98949,PubChem candidate
-123.25987,0.5205692,PubChem candidate
-17.759687,-36.071095,PubChem candidate
45.631943,-51.257614,PubChem candidate
-66.77967,-0.97337276,PubChem candidate
84.43093,57.123604,PubChem candidate
-77.137985,-12.767254,PubChem candidate
-3.1398075,-100.90821,PubChem candidate
-47.6016,-72.32374,PubChem candidate
-28.60609,-85.29823,PubChem candidate
-0.055196196,-59.115585,PubChem candidate
11.085622,12.537878,PubChem candidate
3.5075185,-71.71992,PubChem candidate
63.464355,-81.48345,PubChem candidate
63.96838,-17.348837,PubChem candidate
-67.91118,9.661203,PubChem candidate
44.08521,-48.576595,PubChem candidate
22.745497,-33.322235,PubChem candidate
-73.03979,3.3712242,PubChem candidate
104.15419,-4.1473527,PubChem candidate
-103.21512,26.238043,PubChem candidate
-21.426071,-30.908813,PubChem candidate
-3.21263,-110.33713,PubChem candidate
-44.698048,-66.19342,PubChem candidate
-1.1047618,-17.948675,PubChem candidate
-41.155598,41.03764,PubChem candidate
68.34995,2.6292665,PubChem candidate
62.819862,84.7699,PubChem candidate
-99.096115,25.615538,PubChem candidate
-88.434685,-1.950054,PubChem candidate
-106.730484,-9.773515,PubChem candidate
7.6297755,49.723152,PubChem candidate
-42.48577,-47.650925,PubChem candidate
107.76233,-31.134512,PubChem candidate
-102.38344,23.38302,PubChem candidate
6.8759513,51.35309,PubChem candidate
-17.903175,1.7974784,PubChem candidate
15.227168,-8.570916,PubChem candidate
74.975204,15.58124,PubChem candidate
43.73412,-89.73855,PubChem candidate
-44.534824,-27.061031,PubChem candidate
59.703636,97.80821,PubChem candidate
-57.45131,70.04468,PubChem candidate
-13.279252,14.143815,PubChem candidate
72.20993,47.700264,PubChem candidate
-10.273994,-103.46733,PubChem candidate
-65.6818,-46.882347,PubChem candidate
-27.988987,-41.9512,PubChem candidate
31.458725,-41.673203,PubChem candidate
-72.24336,-9.329521,PubChem candidate
-40.440517,-24.386879,PubChem candidate
-99.25908,25.135347,PubChem candidate
17.012611,-38.085636,PubChem candidate
-17.901941,42.609024,PubChem candidate
65.554886,-64.01034,PubChem candidate
104.97929,-22.80558,PubChem candidate
110.03217,-4.5616355,PubChem candidate
41.43774,87.71251,PubChem candidate
-71.73506,4.696116,PubChem candidate
40.428425,50.66312,PubChem candidate
-23.812778,-25.956118,PubChem candidate
-48.550716,-13.323811,PubChem candidate
57.446747,-52.410213,PubChem candidate
-20.27564,-36.620975,PubChem candidate
2.655886,-2.0462534,PubChem candidate
-9.803777,-39.945152,PubChem candidate
-24.406706,-37.96559,PubChem candidate
-18.082823,84.68079,PubChem candidate
-35.102238,105.11056,PubChem candidate
37.312134,-31.19007,PubChem candidate
9.105006,-54.544292,PubChem candidate
-31.980131,-89.03351,PubChem candidate
76.41872,6.140066,PubChem candidate
7.1574273,-104.70677,PubChem candidate
41.03409,36.578304,PubChem candidate
42.79654,49.174385,PubChem candidate
-56.844357,70.478745,PubChem candidate
53.352715,-13.525231,PubChem candidate
62.11611,-19.181162,PubChem candidate
-12.665363,-88.66779,PubChem candidate
11.314069,10.277153,PubChem candidate
55.974644,-49.248386,PubChem candidate
21.071259,0.56635547,PubChem candidate
-13.398913,-10.938857,PubChem candidate
-105.99474,8.497275,PubChem candidate
-12.936399,-88.26728,PubChem candidate
74.24824,33.885715,PubChem candidate
-94.43001,31.16172,PubChem candidate
-108.43249,-27.784159,PubChem candidate
0.55453837,83.97333,PubChem candidate
28.806606,38.755524,PubChem candidate
-72.19097,13.962768,PubChem candidate
65.9666,-77.63158,PubChem candidate
-26.704437,-21.726677,PubChem candidate
-69.79366,-59.555656,PubChem candidate
-49.066513,68.777,PubChem candidate
23.987549,3.8565044,PubChem candidate
-73.78863,-61.865643,PubChem candidate
-11.03279,70.425446,PubChem candidate
-126.460304,-13.2146435,PubChem candidate
32.46715,41.363605,PubChem candidate
-10.98238,-96.37548,PubChem candidate
80.099236,44.125015,PubChem candidate
-106.48669,-10.981586,PubChem candidate
-110.088646,-7.100348,PubChem candidate
94.37031,-5.5525055,PubChem candidate
-45.376194,43.55574,PubChem candidate
-108.29476,6.832221,PubChem candidate
-42.66108,-68.482056,PubChem candidate
7.254271,8.4938545,PubChem candidate
-99.67318,12.7645,PubChem candidate
-78.53403,-2.583193,PubChem candidate
-11.961866,-19.905697,PubChem candidate
-74.868,-12.014122,PubChem candidate
-32.81553,-72.370926,PubChem candidate
-78.53315,-1.6737988,PubChem candidate
-100.12119,18.917654,PubChem candidate
57.195972,-52.14977,PubChem candidate
-34.617306,21.775478,PubChem candidate
-37.178017,-44.25403,PubChem candidate
49.828423,-19.0524,PubChem candidate
-6.091013,3.7704341,PubChem candidate
6.203773,8.040245,PubChem candidate
66.486664,7.7017198,PubChem candidate
-40.421974,66.654526,PubChem candidate
-26.138159,-37.117756,PubChem candidate
-32.258953,22.761671,PubChem candidate
89.76281,57.366,PubChem candidate
60.891846,-72.53326,PubChem candidate
30.173664,-44.477936,PubChem candidate
-10.875357,78.27352,PubChem candidate
-16.772156,11.808164,PubChem candidate
-103.998505,-23.290344,PubChem candidate
-49.22118,79.64972,PubChem candidate
-40.207417,-46.28436,PubChem candidate
-8.073216,-6.519058,PubChem candidate
44.253418,27.456564,PubChem candidate
-26.392725,-16.18579,PubChem candidate
103.153366,-36.670322,PubChem candidate
-105.81529,8.809975,PubChem candidate
-70.94322,10.151985,PubChem candidate
-9.355921,3.9449422,PubChem candidate
-33.062546,-25.057413,PubChem candidate
-99.29224,17.89963,PubChem candidate
34.466225,37.49689,PubChem candidate
-107.3613,-8.935427,PubChem candidate
-1.8916271,18.267784,PubChem candidate
-13.935131,-103.956024,PubChem candidate
92.113686,-25.32026,PubChem candidate
95.9411,-18.867964,PubChem candidate
98.50363,-36.68733,PubChem candidate
93.50634,-39.638767,PubChem candidate
-97.94321,-31.699535,PubChem candidate
-106.75145,-7.813853,PubChem candidate
47.454094,-82.01236,PubChem candidate
108.960396,-28.248526,PubChem candidate
73.34467,31.874798,PubChem candidate
56.12231,-5.2784777,PubChem candidate
8.081208,-44.241413,PubChem candidate
-45.932827,70.48744,PubChem candidate
-72.839836,-57.14091,PubChem candidate
-3.1022744,6.352884,PubChem candidate
-131.48404,-1.753373,PubChem candidate
5.9705615,-50.81333,PubChem candidate
10.083738,23.993511,PubChem candidate
105.8753,-21.11339,PubChem candidate
-16.49589,79.92571,PubChem candidate
63.725403,-0.31841883,PubChem candidate
2.5174665,-13.770096,PubChem candidate
-51.540195,-63.055424,PubChem candidate
-121.17564,-6.9108753,PubChem candidate
67.698326,-59.281532,PubChem candidate
91.25222,31.570778,PubChem candidate
-112.66912,1.91964,PubChem candidate
-0.36265084,19.921822,PubChem candidate
99.46423,23.514158,PubChem candidate
-20.998955,-18.63985,PubChem candidate
-13.537591,-11.3342,PubChem candidate
-34.5072,-25.456215,PubChem candidate
-42.41833,-79.43785,PubChem candidate
-26.847881,-43.96172,PubChem candidate
-18.227396,-107.78715,PubChem candidate
76.19947,55.146385,PubChem candidate
-107.74801,3.8864102,PubChem candidate
-21.487936,-94.58781,PubChem candidate
69.52262,27.554853,PubChem candidate
0.037250396,-103.99793,PubChem candidate
62.83617,-18.199999,PubChem candidate
-40.65863,-69.7889,PubChem candidate
-126.26947,-7.649812,PubChem candidate
1.802397,3.8823235,PubChem candidate
6.013982,-8.725717,PubChem candidate
1.4335091,-106.02369,PubChem candidate
-68.4937,10.198896,PubChem candidate
-92.301765,21.680178,PubChem candidate
67.33875,10.416682,PubChem candidate
42.803368,-66.31342,PubChem candidate
-39.307446,-44.26283,PubChem candidate
-38.418438,23.493822,PubChem candidate
-61.19535,-56.938297,PubChem candidate
-18.77627,87.17894,PubChem candidate
-11.372443,-105.97887,PubChem candidate
89.65453,-27.476402,PubChem candidate
54.92022,26.894793,PubChem candidate
-58.597836,35.26686,PubChem candidate
-72.43298,3.9552023,PubChem candidate
-26.985611,-83.90301,PubChem candidate
9.734822,-109.97309,PubChem candidate
-28.58491,-14.841146,PubChem candidate
29.639215,110.23719,PubChem candidate
44.30966,-60.443535,PubChem candidate
-43.298172,-22.262348,PubChem candidate
51.485916,-5.9023256,PubChem candidate
52.528122,93.19989,PubChem candidate
-19.237003,-27.76952,PubChem candidate
-10.738484,4.218912,PubChem candidate
40.871975,-88.873695,PubChem candidate
-9.499664,73.296555,PubChem candidate
-15.737794,-99.39992,PubChem candidate
79.479454,47.123413,PubChem candidate
40.83109,49.966736,PubChem candidate
-18.217482,7.7878084,PubChem candidate
-49.793106,-82.58158,PubChem candidate
-108.83456,-8.363951,PubChem candidate
56.46929,25.182272,PubChem candidate
93.21498,-20.228474,PubChem candidate
67.3092,10.303401,PubChem candidate
49.996593,-84.565605,PubChem candidate
-114.73121,-24.699886,PubChem candidate
1.5563694,80.87944,PubChem candidate
89.53187,-29.624372,PubChem candidate
-96.402336,23.114697,PubChem candidate
74.164986,45.51649,PubChem candidate
91.89435,-19.374338,PubChem candidate
44.806877,-47.970367,PubChem candidate
-68.7745,11.04659,PubChem candidate
-42.673992,-67.99722,PubChem candidate
53.35779,48.470238,PubChem candidate
35.556744,37.690258,PubChem candidate
-72.29254,2.087851,PubChem candidate
-36.02301,-14.98756,PubChem candidate
8.413953,-57.430267,PubChem candidate
-56.202824,65.23135,PubChem candidate
-101.30621,24.4124,PubChem candidate
25.388958,43.55334,PubChem candidate
-24.274385,94.2671,PubChem candidate
-71.029396,-50.334972,PubChem candidate
-35.245907,-52.394794,PubChem candidate
-22.853065,40.5357,PubChem candidate
25.497852,41.887424,PubChem candidate
-76.85415,-56.850746,PubChem candidate
7.2552404,97.066025,PubChem candidate
68.23283,3.3142595,PubChem candidate
6.893789,18.004,PubChem candidate
53.30742,93.03445,PubChem candidate
-33.935223,72.223015,PubChem candidate
111.495125,-5.5301847,PubChem candidate
-6.507455,26.901255,PubChem candidate
98.29072,-37.135296,PubChem candidate
59.08413,-80.61756,PubChem candidate
-9.059721,-23.700983,PubChem candidate
14.555145,-105.34854,PubChem candidate
-42.4952,-68.644875,PubChem candidate
-13.541801,56.075016,PubChem candidate
-12.571998,-87.61131,PubChem candidate
86.01191,43.995586,PubChem candidate
111.71774,-26.06727,PubChem candidate
-21.448238,-94.37678,PubChem candidate
104.11316,-5.21666,PubChem candidate
-106.193054,5.9342074,PubChem candidate
65.44541,23.536547,PubChem candidate
-44.58904,-44.804813,PubChem candidate
52.751217,-24.383907,PubChem candidate
28.588589,37.677353,PubChem candidate
-94.818924,1.6236547,PubChem candidate
-51.886497,-74.54582,PubChem candidate
-57.414436,-46.009853,PubChem candidate
43.349678,26.389427,PubChem candidate
-36.21,-27.074059,PubChem candidate
7.1732345,-104.57604,PubChem candidate
29.658993,30.15582,PubChem candidate
113.6203,-11.626179,PubChem candidate
-103.55678,28.861954,PubChem candidate
-67.065056,-60.669212,PubChem candidate
8.965357,-103.88203,PubChem candidate
49.44086,83.67831,PubChem candidate
32.045006,-40.94386,PubChem candidate
-36.07742,69.55934,PubChem candidate
-104.75511,-12.952265,PubChem candidate
-32.861126,-12.142794,PubChem candidate
-6.942056,23.583885,PubChem candidate
-23.403273,-93.35594,PubChem candidate
43.56615,-91.352425,PubChem candidate
35.58736,8.693369,PubChem candidate
9.621422,-104.93431,PubChem candidate
-116.78311,-26.41456,PubChem candidate
-3.7635002,27.909256,PubChem candidate
-25.553057,-29.867992,PubChem candidate
-60.66663,36.42481,PubChem candidate
23.38944,42.08653,PubChem candidate
-93.36098,-35.56456,PubChem candidate
-33.53308,-73.00756,PubChem candidate
-53.687393,-63.182472,PubChem candidate
-7.9110827,-92.01266,PubChem candidate
63.676662,-18.702084,PubChem candidate
-53.71474,33.824184,PubChem candidate
96.76205,-40.324345,PubChem candidate
33.027065,44.001583,PubChem candidate
52.476818,48.271442,PubChem candidate
-99.58328,-33.23908,PubChem candidate
96.23037,24.278662,PubChem candidate
34.104755,-41.614506,PubChem candidate
-112.50336,1.8984119,PubChem candidate
84.14876,55.987873,PubChem candidate
52.969685,52.539333,PubChem candidate
-15.301545,58.048195,PubChem candidate
9.189877,103.168015,PubChem candidate
-12.907022,-24.926283,PubChem candidate
-46.404503,81.85695,PubChem candidate
-23.316341,-93.86122,PubChem candidate
-16.564964,49.775032,PubChem candidate
-59.768974,8.538019,PubChem candidate
69.7585,15.563175,PubChem candidate
66.862015,9.671893,PubChem candidate
1.8325266,-109.69234,PubChem candidate
9.814115,-42.87446,PubChem candidate
-52.25344,-37.185978,PubChem candidate
42.641613,49.19689,PubChem candidate
62.65446,-55.362225,PubChem candidate
-34.11583,20.88213,PubChem candidate
9.637779,0.028585013,PubChem candidate
64.98089,-61.017143,PubChem candidate
87.41335,49.644085,PubChem candidate
38.98214,-91.551315,PubChem candidate
-64.02913,-50.223633,PubChem candidate
-103.81394,29.11889,PubChem candidate
-31.478617,-50.80894,PubChem candidate
-30.813509,108.7809,PubChem candidate
-52.976112,-83.33633,PubChem candidate
9.703371,106.114136,PubChem candidate
-23.163849,-43.454273,PubChem candidate
-45.270016,82.89138,PubChem candidate
59.830288,-72.27666,PubChem candidate
-2.9247477,-6.9465537,PubChem candidate
-113.73602,-31.038397,PubChem candidate
75.60516,14.453735,PubChem candidate
-20.797318,-25.526018,PubChem candidate
-45.789936,-81.664764,PubChem candidate
-97.81207,-37.95016,PubChem candidate
-3.2812521,3.7458043,PubChem candidate
24.586086,-56.390873,PubChem candidate
-1.0282661,117.62143,PubChem candidate
-39.477386,-39.112087,PubChem candidate
43.36462,-66.708885,PubChem candidate
-38.175583,-45.23038,PubChem candidate
-113.47409,-25.61486,PubChem candidate
48.924343,-12.948768,PubChem candidate
-24.26924,-82.11753,PubChem candidate
-15.651026,-87.21268,PubChem candidate
-13.993249,-28.708282,PubChem candidate
13.317209,-104.556885,PubChem candidate
112.36274,-27.5101,PubChem candidate
92.922195,34.308514,PubChem candidate
70.41335,30.111916,PubChem candidate
117.61944,29.309305,PubChem candidate
-114.0424,-2.249964,PubChem candidate
-31.41225,97.8284,PubChem candidate
13.622101,-48.557304,PubChem candidate
-95.76086,26.191137,PubChem candidate
-22.648146,-47.984177,PubChem candidate
-13.117967,43.314774,PubChem candidate
-18.557072,87.76315,PubChem candidate
-70.06309,10.773365,PubChem candidate
33.139374,79.789314,PubChem candidate
-13.818166,0.70627886,PubChem candidate
-63.63769,-59.56393,PubChem candidate
-23.217337,-42.359367,PubChem candidate
51.891834,-17.280712,PubChem candidate
-42.454285,-67.55527,PubChem candidate
44.54749,-91.5654,PubChem candidate
-62.62262,2.384386,PubChem candidate
60.515133,85.33713,PubChem candidate
90.76572,-21.876146,PubChem candidate
-35.18532,-50.949417,PubChem candidate
-29.898808,-86.717766,PubChem candidate
-43.729797,-9.329635,PubChem candidate
38.38217,-90.925995,PubChem candidate
-25.63091,-7.0419245,PubChem candidate
-29.036592,-32.01518,PubChem candidate
9.88888,-75.1385,PubChem candidate
-14.72579,-108.68985,PubChem candidate
52.80417,93.41203,PubChem candidate
43.287266,-59.989174,PubChem candidate
-37.516823,102.40751,PubChem candidate
-48.372856,-20.889402,PubChem candidate
-22.34544,41.90285,PubChem candidate
93.444595,28.061995,PubChem candidate
-32.844315,-98.14039,PubChem candidate
-14.46719,-33.264046,PubChem candidate
-68.056244,-55.72397,PubChem candidate
-23.623167,-80.666176,PubChem candidate
-104.31458,29.507738,PubChem candidate
-6.8614845,-93.039986,PubChem candidate
-2.5732028,1.5848677,PubChem candidate
94.297966,19.244883,PubChem candidate
57.760914,-52.03099,PubChem candidate
-104.038765,-25.85344,PubChem candidate
-10.896664,4.687455,PubChem candidate
-15.160053,56.7225,PubChem candidate
108.06177,-30.272867,PubChem candidate
43.6978,-65.74424,PubChem candidate
-30.135967,108.71023,PubChem candidate
57.52774,-45.20112,PubChem candidate
-9.855141,44.711033,PubChem candidate
-104.97479,30.421368,PubChem candidate
-13.460605,108.06409,PubChem candidate
-105.37727,29.027254,PubChem candidate
53.89754,-8.183971,PubChem candidate
-56.013023,-62.18699,PubChem candidate
41.214916,-49.366318,PubChem candidate
1.8006375,2.8266938,PubChem candidate
53.627346,-4.816963,PubChem candidate
-1.9999697,-1.3270316,PubChem candidate
45.24435,-88.29999,PubChem candidate
-31.528574,23.492426,PubChem candidate
-23.329094,-94.28244,PubChem candidate
-105.6028,8.425857,PubChem candidate
-108.49716,5.692114,PubChem candidate
-132.82141,-11.404416,PubChem candidate
39.86819,29.416004,PubChem candidate
-41.345974,37.936104,PubChem candidate
9.492824,-3.8105752,PubChem candidate
-15.75798,-52.335262,PubChem candidate
17.05717,-29.516476,PubChem candidate
-4.1120853,98.57737,PubChem candidate
-33.217136,-92.84261,PubChem candidate
106.72479,-7.061511,PubChem candidate
-6.581265,-33.174698,PubChem candidate
82.03027,45.708958,PubChem candidate
46.27061,41.22033,PubChem candidate
-91.72869,-30.326593,PubChem candidate
-110.00423,-32.341675,PubChem candidate
-39.80231,21.33005,PubChem candidate
-26.506083,97.82329,PubChem candidate
27.940296,35.23137,PubChem candidate
50.618855,-16.883417,PubChem candidate
106.98966,-2.2414656,PubChem candidate
-0.6884949,-65.34924,PubChem candidate
-22.725098,-33.7804,PubChem candidate
-109.91674,-28.59133,PubChem candidate
-47.26514,-32.05486,PubChem candidate
10.37144,97.58621,PubChem candidate
-34.341656,-32.129154,PubChem candidate
-22.76269,-47.535473,PubChem candidate
-66.57723,-47.26065,PubChem candidate
95.60732,-9.663096,PubChem candidate
-12.777355,-88.453255,PubChem candidate
106.25862,-9.334194,PubChem candidate
-17.947353,15.469628,PubChem candidate
-42.52227,-43.95294,PubChem candidate
-10.075244,71.47869,PubChem candidate
-1.5834713,-2.6315756,PubChem candidate
7.5149326,-1.7602047,PubChem candidate
-15.055888,107.04506,PubChem candidate
-69.30308,-0.82807887,PubChem candidate
-30.161955,25.599571,PubChem candidate
19.742598,5.6964498,PubChem candidate
11.158452,23.763718,PubChem candidate
-14.540137,-41.55987,PubChem candidate
-74.09949,-62.94822,PubChem candidate
-66.20531,14.303817,PubChem candidate
-63.31615,3.9074366,PubChem candidate
-29.664627,72.28014,PubChem candidate
-134.44072,-8.050283,PubChem candidate
2.0201154,-12.044836,PubChem candidate
-101.855606,-52.63439,PubChem candidate
35.255745,41.352642,PubChem candidate
-36.84306,-14.100447,PubChem candidate
-1.2733356,-112.26097,PubChem candidate
-1.8270841,96.96088,PubChem candidate
62.09552,7.660966,PubChem candidate
-68.37908,-61.511272,PubChem candidate
7.743806,-104.62489,PubChem candidate
-9.760542,-90.58021,PubChem candidate
59.99617,25.63987,PubChem candidate
-68.60661,-46.43646,PubChem candidate
-9.965813,-103.776665,PubChem candidate
48.572758,-82.545395,PubChem candidate
-51.61229,-54.45816,PubChem candidate
35.001472,9.0077305,PubChem candidate
-69.88894,-59.898743,PubChem candidate
-41.17164,39.59214,PubChem candidate
8.726335,-71.52482,PubChem candidate
113.96108,-29.665085,PubChem candidate
2.591007,-2.783671,PubChem candidate
-49.634266,-75.49407,PubChem candidate
42.61769,52.864166,PubChem candidate
-37.547108,-28.33241,PubChem candidate
17.119947,-1.9670906,PubChem candidate
4.843548,-8.209815,PubChem candidate
7.5706806,49.841923,PubChem candidate
55.372387,-1.9018875,PubChem candidate
52.958065,52.3802,PubChem candidate
-7.2952037,-93.33946,PubChem candidate
-60.063164,-45.476536,PubChem candidate
90.15052,-42.060764,PubChem candidate
-52.20793,-63.04254,PubChem candidate
-17.79373,-54.040752,PubChem candidate
38.01767,29.298193,PubChem candidate
70.59526,32.37967,PubChem candidate
9.718203,11.885863,PubChem candidate
7.5992985,-15.1297245,PubChem candidate
24.350712,-59.081867,PubChem candidate
6.20492,-65.39663,PubChem candidate
-79.33783,-7.263255,PubChem candidate
-1.0107414,117.15489,PubChem candidate
70.19684,-9.358332,PubChem candidate
21.764969,-67.07395,PubChem candidate
-67.705765,-2.9757705,PubChem candidate
93.23065,28.719559,PubChem candidate
-33.604355,-48.155968,PubChem candidate
-33.568974,-93.83719,PubChem candidate
8.209375,21.385542,PubChem candidate
1.5901123,-110.31652,PubChem candidate
-27.070976,-8.48138,PubChem candidate
61.374054,98.16403,PubChem candidate
-14.136181,67.74158,PubChem candidate
-35.936844,-8.508896,PubChem candidate
89.80707,27.499699,PubChem candidate
-80.15068,-5.3375816,PubChem candidate
1.2867616,-105.568924,PubChem candidate
-93.88613,-25.022024,PubChem candidate
-12.854673,2.3958046,PubChem candidate
29.741817,43.316345,PubChem candidate
20.511541,-31.503983,PubChem candidate
60.831615,1.1094569,PubChem candidate
92.09212,-25.31753,PubChem candidate
-19.329245,-42.34853,PubChem candidate
-41.76139,-77.73052,PubChem candidate
34.02431,26.24192,PubChem candidate
52.151936,-19.353745,PubChem candidate
-76.40684,-12.750573,PubChem candidate
-66.18645,-2.871691,PubChem candidate
-19.787804,-50.287548,PubChem candidate
-118.585464,-9.334699,PubChem candidate
-35.667076,105.81246,PubChem candidate
-40.562008,-24.16546,PubChem candidate
38.683,-73.45437,PubChem candidate
114.02938,-7.2697244,PubChem candidate
64.75081,-63.450436,PubChem candidate
-24.323795,-25.781635,PubChem candidate
11.75574,-103.46373,PubChem candidate
-34.105564,-60.36951,PubChem candidate
-105.12134,28.79129,PubChem candidate
-31.121254,44.146828,PubChem candidate
47.958096,79.09275,PubChem candidate
62.401245,-76.26699,PubChem candidate
94.14408,-22.184958,PubChem candidate
-16.996214,72.4274,PubChem candidate
42.140137,30.027052,PubChem candidate
-18.639437,87.16113,PubChem candidate
6.0709543,-111.58097,PubChem candidate
-55.973526,-55.0095,PubChem candidate
-90.85732,-0.47874233,PubChem candidate
-33.27214,39.989765,PubChem candidate
-67.53979,-46.8793,PubChem candidate
-12.753678,68.72948,PubChem candidate
48.21239,79.19008,PubChem candidate
99.78188,26.525122,PubChem candidate
-49.23745,80.05849,PubChem candidate
-13.254576,110.0045,PubChem candidate
-96.303795,5.867433,PubChem candidate
-35.136734,-50.927372,PubChem candidate
57.177452,-50.877098,PubChem candidate
-130.9494,-3.525092,PubChem candidate
-56.851513,34.545513,PubChem candidate
-127.96872,-10.467784,PubChem candidate
-24.513712,84.45916,PubChem candidate
6.500493,-15.28715,PubChem candidate
-10.054268,7.444088,PubChem candidate
-1.579527,18.265785,PubChem candidate
-111.13115,-30.894686,PubChem candidate
21.313082,-0.40434235,PubChem candidate
-33.09694,-59.53937,PubChem candidate
103.26067,2.681432,PubChem candidate
-17.047672,68.86425,PubChem candidate
16.551756,-33.404243,PubChem candidate
-35.981403,67.06333,PubChem candidate
-42.554646,56.10899,PubChem candidate
77.052376,-2.5001347,PubChem candidate
-13.935944,-25.864859,PubChem candidate
-26.747944,-96.6873,PubChem candidate
-14.534232,-7.1404886,PubChem candidate
-3.3738987,-4.8989887,PubChem candidate
-34.610817,22.795347,PubChem candidate
5.5952935,-62.82735,PubChem candidate
106.493416,-21.793798,PubChem candidate
-55.010868,69.59668,PubChem candidate
-96.167244,8.388467,PubChem candidate
-30.21719,25.029707,PubChem candidate
-14.239453,-20.489187,PubChem candidate
102.29068,1.2962533,PubChem candidate
95.78796,-4.987948,PubChem candidate
-123.83619,0.34337032,PubChem candidate
-94.916985,-32.825478,PubChem candidate
-126.36398,1.3883994,PubChem candidate
-23.307983,-94.936,PubChem candidate
45.94335,101.022575,PubChem candidate
-58.131077,68.66825,PubChem candidate
4.8954773,-15.212402,PubChem candidate
116.62177,28.758205,PubChem candidate
-45.79298,43.419373,PubChem candidate
-14.1703615,-40.801716,PubChem candidate
-64.343994,1.0902416,PubChem candidate
64.62535,24.154577,PubChem candidate
35.067287,76.85702,PubChem candidate
-25.425457,-17.915878,PubChem candidate
-79.50671,-60.48762,PubChem candidate
-11.075855,-20.600288,PubChem candidate
24.794285,-59.093304,PubChem candidate
17.277771,15.672539,PubChem candidate
-14.00221,82.37176,PubChem candidate
10.873853,-45.78908,PubChem candidate
103.44709,1.7402445,PubChem candidate
-52.36181,-78.479614,PubChem candidate
-64.50694,-0.7782318,PubChem candidate
43.48972,-48.659622,PubChem candidate
111.59924,-9.177251,PubChem candidate
39.40141,15.914807,PubChem candidate
-35.747818,66.53616,PubChem candidate
-43.182285,-23.035353,PubChem candidate
-112.41277,-0.73097235,PubChem candidate
-32.98383,-16.258173,PubChem candidate
36.33801,-73.00436,PubChem candidate
33.66675,29.887718,PubChem candidate
100.466896,24.385557,PubChem candidate
-47.09579,77.41531,PubChem candidate
19.392992,-63.998417,PubChem candidate
40.781685,-58.79195,PubChem candidate
-15.284923,115.36572,PubChem candidate
-105.32561,-14.547286,PubChem candidate
-105.74803,6.296998,PubChem candidate
-48.104904,38.835747,PubChem candidate
-88.10503,25.012459,PubChem candidate
-21.756912,-44.35131,PubChem candidate
104.142975,-3.7725961,PubChem candidate
24.51427,3.9944804,PubChem candidate
-56.00022,-62.057026,PubChem candidate
13.901161,6.2961187,PubChem candidate
-5.51114,26.65114,PubChem candidate
-17.32177,-27.438334,PubChem candidate
-33.98516,72.21625,PubChem candidate
66.32067,-13.466536,PubChem candidate
-55.3121,-62.796318,PubChem candidate
-75.803955,-13.298372,PubChem candidate
-71.89772,-8.921001,PubChem candidate
9.675426,110.980354,PubChem candidate
14.913367,45.66063,PubChem candidate
108.448105,-32.403088,PubChem candidate
-28.414581,25.876396,PubChem candidate
-46.140182,41.460712,PubChem candidate
-10.794598,-11.921751,PubChem candidate
88.37504,55.7696,PubChem candidate
-8.506734,12.2761755,PubChem candidate
7.151733,-103.91468,PubChem candidate
53.79166,88.69742,PubChem candidate
6.0834265,-66.26951,PubChem candidate
-51.37102,-13.803959,PubChem candidate
114.06124,-29.665606,PubChem candidate
110.671936,-3.3465443,PubChem candidate
54.804394,-5.1295147,PubChem candidate
-1.2767273,98.5036,PubChem candidate
-10.968522,-3.6318252,PubChem candidate
-19.956532,-6.888043,PubChem candidate
-32.853146,108.148674,PubChem candidate
29.639221,79.24992,PubChem candidate
-102.45745,20.410727,PubChem candidate
-91.18835,21.367773,PubChem candidate
60.22727,-66.13611,PubChem candidate
-49.831684,-38.267326,PubChem candidate
66.1484,-14.415303,PubChem candidate
-60.718697,-46.827995,PubChem candidate
-4.558099,95.4352,PubChem candidate
26.779495,-52.652195,PubChem candidate
64.68561,88.82658,PubChem candidate
-12.901693,-106.12423,PubChem candidate
-94.31536,30.957436,PubChem candidate
-15.718195,85.455376,PubChem candidate
-33.738007,-95.26021,PubChem candidate
116.88074,-8.454522,PubChem candidate
-42.28882,-65.6887,PubChem candidate
-36.82361,-74.9806,PubChem candidate
-53.044643,-12.429977,PubChem candidate
-9.653358,10.015881,PubChem candidate
-65.36613,6.1363516,PubChem candidate
90.723335,28.899334,PubChem candidate
24.677103,-50.952354,PubChem candidate
-50.513107,-31.94343,PubChem candidate
66.789764,-74.41437,PubChem candidate
13.42503,-8.180808,PubChem candidate
67.64574,-70.72727,PubChem candidate
8.452145,-57.160404,PubChem candidate
-21.184097,-7.6307597,PubChem candidate
-76.171776,-56.159058,PubChem candidate
-49.877686,-73.76187,PubChem candidate
-131.19089,-8.748346,PubChem candidate
10.818516,-48.84689,PubChem candidate
-39.148,-75.88862,PubChem candidate
-35.149387,-96.66546,PubChem candidate
-19.609264,-23.150795,PubChem candidate
-32.636806,-95.72413,PubChem candidate
114.85816,-8.408258,PubChem candidate
-130.29402,-2.4260623,PubChem candidate
-124.595406,1.3113576,PubChem candidate
-33.47744,-37.36293,PubChem candidate
49.82808,101.4768,PubChem candidate
35.870968,42.49488,PubChem candidate
-16.586523,118.85102,PubChem candidate
-99.66071,18.14922,PubChem candidate
36.643734,-31.876757,PubChem candidate
-33.502384,72.34874,PubChem candidate
-2.4461858,114.73542,PubChem candidate
-49.36123,-82.45141,PubChem candidate
-39.31166,67.21788,PubChem candidate
-19.112652,-51.919,PubChem candidate
8.410357,20.65131,PubChem candidate
-78.6966,-10.708295,PubChem candidate
-106.751274,-12.22199,PubChem candidate
-59.92653,-45.56843,PubChem candidate
-40.005287,41.942467,PubChem candidate
48.386578,40.1035,PubChem candidate
-104.74231,-24.201117,PubChem candidate
42.088207,49.55629,PubChem candidate
-16.61962,8.470698,PubChem candidate
8.764412,1.6091261,PubChem candidate
14.024606,-46.73179,PubChem candidate
-50.197544,-35.97006,PubChem candidate
-44.479107,-16.994156,PubChem candidate
-49.353344,-32.30714,PubChem candidate
-73.976776,-54.33748,PubChem candidate
67.31923,-10.146036,PubChem candidate
-43.93156,-16.545486,PubChem candidate
-37.657867,41.634285,PubChem candidate
-24.057566,-101.576996,PubChem candidate
62.26914,-69.02831,PubChem candidate
-98.40292,-40.576927,PubChem candidate
45.775932,-88.13243,PubChem candidate
-14.349334,-0.36104992,PubChem candidate
68.51563,-71.01279,PubChem candidate
-26.747255,95.92405,PubChem candidate
-77.62027,0.04467309,PubChem candidate
-12.218186,80.005905,PubChem candidate
-29.53228,-58.176792,PubChem candidate
41.404964,-67.895935,PubChem candidate
36.763317,17.939228,PubChem candidate
-76.92454,-14.007,PubChem candidate
-2.5040848,94.482635,PubChem candidate
-42.12719,37.560184,PubChem candidate
-48.96762,31.532413,PubChem candidate
29.776848,116.43596,PubChem candidate
-50.673634,-25.261326,PubChem candidate
37.96327,-91.187965,PubChem candidate
-73.1179,18.500204,PubChem candidate
-14.394681,108.731415,PubChem candidate
117.172905,-23.618958,PubChem candidate
-101.62925,26.606573,PubChem candidate
-30.223358,-6.8344994,PubChem candidate
1.0210034,108.43542,PubChem candidate
-0.39610428,-7.4402,PubChem candidate
-97.61774,-40.669365,PubChem candidate
14.700335,-105.37566,PubChem candidate
40.949356,-89.01673,PubChem candidate
-111.79863,0.29382265,PubChem candidate
-64.087845,1.7706374,PubChem candidate
17.341574,-33.090904,PubChem candidate
-10.570164,-26.884212,PubChem candidate
-91.8406,-30.601591,PubChem candidate
-39.984993,-16.081564,PubChem candidate
-52.030285,-25.111095,PubChem candidate
66.50475,9.413858,PubChem candidate
-93.75146,28.253038,PubChem candidate
37.29203,86.72995,PubChem candidate
-45.158825,83.06586,PubChem candidate
-26.743584,-22.222973,PubChem candidate
7.0064383,51.06268,PubChem candidate
44.686058,-82.64976,PubChem candidate
76.26229,8.421421,PubChem candidate
43.37097,-67.716606,PubChem candidate
68.84728,28.429304,PubChem candidate
-30.781982,69.554,PubChem candidate
-45.343628,-82.068245,PubChem candidate
89.66563,-29.568462,PubChem candidate
115.39946,-27.262491,PubChem candidate
-34.473347,22.792294,PubChem candidate
-27.659357,-55.304695,PubChem candidate
-94.17072,22.525782,PubChem candidate
-51.46718,-77.30993,PubChem candidate
-41.59614,-24.878553,PubChem candidate
-15.348332,-8.4389,PubChem candidate
47.546204,-8.314545,PubChem candidate
-88.01291,-0.21849264,PubChem candidate
49.09116,-85.96487,PubChem candidate
14.366985,-105.24305,PubChem candidate
1.1016681,19.2631,PubChem candidate
-42.96883,-66.911514,PubChem candidate
-11.977344,-5.1025324,PubChem candidate
6.8548813,-15.91122,PubChem candidate
-28.311522,-44.017254,PubChem candidate
-73.16365,-11.403162,PubChem candidate
-14.654708,0.29383758,PubChem candidate
-44.00355,69.54607,PubChem candidate
18.068182,-101.65936,PubChem candidate
109.680786,20.62498,PubChem candidate
-1.8754698,16.59192,PubChem candidate
8.01424,48.94619,PubChem candidate
-79.47894,-6.514486,PubChem candidate
19.967478,-62.66202,PubChem candidate
35.039173,34.378044,PubChem candidate
-100.68529,15.7463455,PubChem candidate
116.51482,30.626684,PubChem candidate
-36.781403,-7.838856,PubChem candidate
96.337585,-19.44486,PubChem candidate
63.287613,-15.223776,PubChem candidate
-33.114006,71.056564,PubChem candidate
73.40593,34.076263,PubChem candidate
29.014082,-33.193718,PubChem candidate
-48.786346,80.69459,PubChem candidate
7.8532443,7.371811,PubChem candidate
-112.01881,0.64547455,PubChem candidate
-22.447788,-49.380543,PubChem candidate
-133.5074,-9.494006,PubChem candidate
-104.76691,-21.617142,PubChem candidate
73.513374,4.8505764,PubChem candidate
-12.3534355,69.28385,PubChem candidate
66.65523,-78.71209,PubChem candidate
-79.25821,-6.5196085,PubChem candidate
-127.18294,-8.729773,PubChem candidate
66.3947,88.388985,PubChem candidate
21.661585,39.033524,PubChem candidate
-97.892624,-43.240883,PubChem candidate
114.77994,-8.775517,PubChem candidate
-33.12032,-36.395798,PubChem candidate
91.24843,-20.544315,PubChem candidate
-47.296333,81.354744,PubChem candidate
38.41853,-63.894146,PubChem candidate
19.422174,7.0541325,PubChem candidate
-102.60827,-33.505665,PubChem candidate
-71.621346,-9.048745,PubChem candidate
-13.650039,-28.214926,PubChem candidate
38.42837,-63.693497,PubChem candidate
-78.93974,53.656315,PubChem candidate
75.56739,-38.61129,PubChem candidate
4.092464,-3.6024559,PubChem candidate
7.1633306,-104.65175,PubChem candidate
10.813779,108.46929,PubChem candidate
-123.7723,-10.928052,PubChem candidate
-7.6808767,-101.31745,PubChem candidate
35.98621,43.691704,PubChem candidate
26.00829,42.21624,PubChem candidate
54.60965,26.641098,PubChem candidate
35.92326,28.612316,PubChem candidate
-61.45268,-55.91094,PubChem candidate
-45.083538,82.21736,PubChem candidate
21.988708,-67.65726,PubChem candidate
8.799111,47.5934,PubChem candidate
12.882833,-55.717796,PubChem candidate
-48.259678,-73.463196,PubChem candidate
-66.69259,-2.274852,PubChem candidate
7.057982,-14.0593815,PubChem candidate
37.69213,8.179301,PubChem candidate
94.02867,-12.712064,PubChem candidate
28.938337,40.65365,PubChem candidate
-129.37573,-1.8342263,PubChem candidate
-94.73902,22.953775,PubChem candidate
-47.690216,-81.913795,PubChem candidate
-133.90152,-5.6026597,PubChem candidate
-24.040003,-101.5294,PubChem candidate
4.484195,-64.66276,PubChem candidate
92.41623,-17.267433,PubChem candidate
-7.036263,46.310493,PubChem candidate
-18.077137,55.763435,PubChem candidate
-48.87741,-80.230705,PubChem candidate
-14.768626,-21.118126,PubChem candidate
1.439231,-12.050181,PubChem candidate
-19.739733,7.8776503,PubChem candidate
-35.731182,70.638535,PubChem candidate
102.32422,23.415243,PubChem candidate
-115.328255,-32.158257,PubChem candidate
-53.614998,-28.390545,PubChem candidate
-99.69195,-38.758354,PubChem candidate
38.183353,-66.94646,PubChem candidate
71.66559,38.542183,PubChem candidate
-45.620865,-31.78965,PubChem candidate
-38.703976,-7.936362,PubChem candidate
-13.898549,-23.839159,PubChem candidate
-65.15378,-1.2334515,PubChem candidate
16.176739,-106.923836,PubChem candidate
-14.349308,-23.782701,PubChem candidate
-30.537823,43.344223,PubChem candidate
-97.21271,-29.740835,PubChem candidate
24.185513,42.479046,PubChem candidate
-42.49125,-80.00709,PubChem candidate
60.413555,-77.3559,PubChem candidate
59.754738,98.07273,PubChem candidate
-95.981926,6.315455,PubChem candidate
-17.114607,-14.946705,PubChem candidate
-35.60043,-62.080017,PubChem candidate
66.39573,-59.651848,PubChem candidate
-9.555522,-100.62896,PubChem candidate
-66.6682,-60.644386,PubChem candidate
-6.567052,24.09604,PubChem candidate
91.006615,-22.347944,PubChem candidate
106.152855,-2.4685369,PubChem candidate
-66.34772,4.4270234,PubChem candidate
36.06312,43.483215,PubChem candidate
-50.865337,-73.037315,PubChem candidate
63.171204,-83.4243,PubChem candidate
47.568535,83.00989,PubChem candidate
-43.855,-17.928734,PubChem candidate
-93.83734,31.251484,PubChem candidate
13.378279,-8.282171,PubChem candidate
-12.484627,68.96004,PubChem candidate
41.21163,85.899086,PubChem candidate
-42.524174,-44.67504,PubChem candidate
16.129227,-31.721859,PubChem candidate
-49.11952,37.226925,PubChem candidate
-73.9045,-10.793279,PubChem candidate
61.956074,-61.28838,PubChem candidate
108.23622,-32.92167,PubChem candidate
-33.04863,-36.9212,PubChem candidate
-68.346664,-47.02593,PubChem candidate
21.170797,4.418805,PubChem candidate
-9.970427,74.822815,PubChem candidate
2.2032063,111.07326,PubChem candidate
-110.60394,-29.535263,PubChem candidate
22.666754,42.33895,PubChem candidate
-24.042694,-82.10482,PubChem candidate
13.772664,-6.0411444,PubChem candidate
-67.207985,-3.3683612,PubChem candidate
1.5853544,-4.4117317,PubChem candidate
-11.14757,4.603796,PubChem candidate
-30.016666,-26.230188,PubChem candidate
-52.527695,-16.154835,PubChem candidate
-12.373019,7.196269,PubChem candidate
3.1002965,-54.059837,PubChem candidate
10.426297,0.52247554,PubChem candidate
-102.53902,19.80504,PubChem candidate
91.31251,27.096828,PubChem candidate
7.648924,49.681095,PubChem candidate
60.626514,1.7390509,PubChem candidate
-34.138683,-73.40405,PubChem candidate
-45.508694,83.60043,PubChem candidate
-108.73687,-8.732996,PubChem candidate
-15.747634,40.322403,PubChem candidate
-63.7579,5.377146,PubChem candidate
39.297974,27.383846,PubChem candidate
-29.31776,-20.912823,PubChem candidate
5.889704,16.194204,PubChem candidate
-18.73807,-51.68884,PubChem candidate
114.61825,-28.454298,PubChem candidate
-58.997307,-55.152683,PubChem candidate
-46.254486,-30.818987,PubChem candidate
-105.887215,-10.41195,PubChem candidate
-35.660385,-26.774782,PubChem candidate
-8.524619,-102.163315,PubChem candidate
-117.162094,-25.642412,PubChem candidate
-68.18121,-4.1302056,PubChem candidate
7.8867707,95.56579,PubChem candidate
-51.86977,78.38641,PubChem candidate
-37.39594,-46.636074,PubChem candidate
7.8028545,-45.961815,PubChem candidate
-29.304749,25.576948,PubChem candidate
-48.636097,-74.04044,PubChem candidate
-125.69047,-8.173608,PubChem candidate
83.80529,54.491577,PubChem candidate
6.5287986,-106.132675,PubChem candidate
-78.93974,53.656315,PubChem candidate
79.67754,46.856636,PubChem candidate
-15.125872,-31.924505,PubChem candidate
-88.67453,26.131844,PubChem candidate
54.391678,-20.391836,PubChem candidate
37.93824,-72.51147,PubChem candidate
108.599205,25.439407,PubChem candidate
105.72107,0.89971524,PubChem candidate
6.555808,-104.200424,PubChem candidate
-11.56883,-105.84578,PubChem candidate
-78.64022,-60.572628,PubChem candidate
20.27647,-3.648828,PubChem candidate
-97.95021,-36.9024,PubChem candidate
33.31722,26.884472,PubChem candidate
38.0649,-65.75847,PubChem candidate
71.678444,38.983574,PubChem candidate
-29.19988,-33.991215,PubChem candidate
-80.240135,52.81161,PubChem candidate
-10.644387,17.77546,PubChem candidate
-40.770493,-16.539413,PubChem candidate
-29.527498,24.806997,PubChem candidate
7.604652,49.772324,PubChem candidate
-9.5524,-99.79038,PubChem candidate
7.429064,-105.01914,PubChem candidate
-0.8157732,10.017588,PubChem candidate
60.898853,2.7577276,PubChem candidate
-1.9769425,27.373232,PubChem candidate
-132.26645,-4.1317654,PubChem candidate
29.931772,-44.75807,PubChem candidate
-34.782585,-61.22495,PubChem candidate
-132.49338,-2.6397557,PubChem candidate
15.750135,-48.760143,PubChem candidate
-96.99288,-40.61076,PubChem candidate
-27.171614,98.38977,PubChem candidate
-33.151115,25.430891,PubChem candidate
-21.366585,-55.127983,PubChem candidate
-13.220976,-7.763483,PubChem candidate
-18.389128,3.3859024,PubChem candidate
-25.878819,69.223976,PubChem candidate
31.325119,-24.89464,PubChem candidate
110.05845,-4.767707,PubChem candidate
114.31112,28.232237,PubChem candidate
-93.90551,28.269493,PubChem candidate
89.952896,-29.48054,PubChem candidate
-31.986914,-14.890015,PubChem candidate
-1.2046925,-63.211475,PubChem candidate
-17.768965,-97.55002,PubChem candidate
-57.862225,69.405556,PubChem candidate
-28.757624,-43.127136,PubChem candidate
8.410424,-104.38848,PubChem candidate
38.21303,-92.17611,PubChem candidate
-11.391069,-23.571615,PubChem candidate
-116.71141,-26.053015,PubChem candidate
-15.93122,39.808933,PubChem candidate
-98.91835,19.779028,PubChem candidate
-21.47367,39.11432,PubChem candidate
-32.463913,69.4806,PubChem candidate
-28.162077,-45.205288,PubChem candidate
-31.059544,-85.814285,PubChem candidate
57.224785,0.0040655746,PubChem candidate
-68.15007,-51.107685,PubChem candidate
13.681972,13.455388,PubChem candidate
2.8463228,-62.88213,PubChem candidate
104.48053,2.3176162,PubChem candidate
0.485845,-104.604675,PubChem candidate
54.88205,87.51201,PubChem candidate
2.4958384,14.206439,PubChem candidate
10.453115,65.93937,PubChem candidate
-26.920279,38.02064,PubChem candidate
-41.30162,-17.074656,PubChem candidate
-43.94721,-65.40819,PubChem candidate
-52.233677,-11.443998,PubChem candidate
69.76801,-10.008687,PubChem candidate
15.034119,15.565191,PubChem candidate
62.10725,-60.94644,PubChem candidate
-96.65001,4.0109158,PubChem candidate
11.741882,-1.7722982,PubChem candidate
-80.78847,54.07649,PubChem candidate
-104.30619,-6.9745927,PubChem candidate
-30.516832,-33.40946,PubChem candidate
-41.604355,20.744251,PubChem candidate
-101.13507,13.640788,PubChem candidate
64.713234,-76.50393,PubChem candidate
-61.737705,-57.540268,PubChem candidate
-23.827854,-92.63568,PubChem candidate
-28.202627,-86.70154,PubChem candidate
-24.358067,84.545235,PubChem candidate
-68.64488,-45.9526,PubChem candidate
-134.90102,-8.14158,PubChem candidate
59.580734,0.7151168,PubChem candidate
14.119435,-46.227863,PubChem candidate
-80.13804,54.368305,PubChem candidate
66.1735,-67.328064,PubChem candidate
-17.016012,42.48083,PubChem candidate
-31.047731,-47.17048,PubChem candidate
-22.16934,34.27359,PubChem candidate
-63.582916,-59.98396,PubChem candidate
-99.00732,11.886788,PubChem candidate
33.020416,5.4016857,PubChem candidate
-36.299015,-13.980655,PubChem candidate
-93.5815,-28.811264,PubChem candidate
-49.551136,-82.55906,PubChem candidate
49.588333,-5.7318087,PubChem candidate
-107.69709,3.9206583,PubChem candidate
106.69539,-7.2277055,PubChem candidate
-88.34243,-2.1119006,PubChem candidate
60.809444,2.600653,PubChem candidate
-4.790739,25.534653,PubChem candidate
-62.473125,-63.51001,PubChem candidate
-1.9146858,8.142978,PubChem candidate
90.67012,-22.463654,PubChem candidate
61.82803,-56.894943,PubChem candidate
-92.8847,25.99678,PubChem candidate
-77.909515,-1.0901026,PubChem candidate
112.840065,-13.3214855,PubChem candidate
11.473123,12.52547,PubChem candidate
-71.29047,-52.55832,PubChem candidate
-34.9467,102.35827,PubChem candidate
27.500185,-31.545341,PubChem candidate
-5.639115,94.74591,PubChem candidate
39.315685,48.182026,PubChem candidate
-95.750145,4.1971374,PubChem candidate
69.60991,-48.048904,PubChem candidate
67.02027,2.1516473,PubChem candidate
-29.418945,-98.941124,PubChem candidate
34.056713,13.336197,PubChem candidate
44.883488,-46.752472,PubChem candidate
-13.064718,-88.26883,PubChem candidate
26.634663,-29.276073,PubChem candidate
-76.37255,-2.5946367,PubChem candidate
-23.55851,36.99202,PubChem candidate
-8.84062,-10.576237,PubChem candidate
-16.574863,44.82553,PubChem candidate
-95.271255,4.922406,PubChem candidate
-57.931374,33.48128,PubChem candidate
-20.6528,8.654712,PubChem candidate
-23.747177,-44.547886,PubChem candidate
-27.326305,25.949343,PubChem candidate
-77.26784,8.984051,PubChem candidate
22.051535,42.215027,PubChem candidate
108.13767,-0.8960925,PubChem candidate
41.32116,-49.586926,PubChem candidate
-98.24231,12.288803,PubChem candidate
-34.737972,44.801178,PubChem candidate
-119.73916,-8.328591,PubChem candidate
-96.237495,8.773104,PubChem candidate
-53.95849,-64.243286,PubChem candidate
-102.43555,19.443907,PubChem candidate
30.173822,42.47454,PubChem candidate
-42.75661,-21.066267,PubChem candidate
24.49465,-52.18859,PubChem candidate
37.928345,-66.18333,PubChem candidate
-6.800819,23.557402,PubChem candidate
-56.760357,67.99495,PubChem candidate
44.210743,-92.926476,PubChem candidate
24.575804,27.430838,PubChem candidate
-11.606499,3.540712,PubChem candidate
-107.35119,-10.2874565,PubChem candidate
66.132744,-60.013905,PubChem candidate
27.36344,41.869015,PubChem candidate
0.4398317,-9.128561,PubChem candidate
43.903095,53.542347,PubChem candidate
-48.517597,-80.834335,PubChem candidate
-22.97736,-48.83222,PubChem candidate
-109.02519,-27.91047,PubChem candidate
-99.8602,17.983572,PubChem candidate
-29.7983,-4.747006,PubChem candidate
-35.978024,32.813385,PubChem candidate
-125.658844,0.5056238,PubChem candidate
-18.637608,40.97261,PubChem candidate
75.835625,10.125873,PubChem candidate
-33.62639,-70.66873,PubChem candidate
-22.944382,40.879536,PubChem candidate
-124.98157,0.0928387,PubChem candidate
-94.644615,26.202,PubChem candidate
48.294327,38.635212,PubChem candidate
69.111595,27.736805,PubChem candidate
62.05824,-60.074368,PubChem candidate
8.345941,48.31896,PubChem candidate
-10.833821,-101.878456,PubChem candidate
48.841084,36.110348,PubChem candidate
-63.53357,0.47845513,PubChem candidate
23.5418,0.84316325,PubChem candidate
-32.856106,72.57035,PubChem candidate
26.629568,-35.20589,PubChem candidate
-109.23206,-0.0014170612,PubChem candidate
-32.30178,105.80643,PubChem candidate
26.444956,-55.139366,PubChem candidate
-47.372807,-13.537313,PubChem candidate
-3.6845787,-100.96649,PubChem candidate
27.811268,30.016146,PubChem candidate
-11.026701,-38.47636,PubChem candidate
-42.45364,21.617517,PubChem candidate
-50.740448,33.70171,PubChem candidate
-8.795256,6.759513,PubChem candidate
60.95481,-48.36869,PubChem candidate
-14.243888,-108.00991,PubChem candidate
33.920326,43.848717,PubChem candidate
-24.212582,-25.615585,PubChem candidate
0.17230467,-17.5151,PubChem candidate
-15.736456,106.9562,PubChem candidate
-19.660238,71.739784,PubChem candidate
80.605156,50.854763,PubChem candidate
61.541515,-72.65596,PubChem candidate
-67.268974,8.963294,PubChem candidate
-37.690186,-23.534748,PubChem candidate
-101.566696,18.175787,PubChem candidate
-99.9925,-40.170654,PubChem candidate
1.6934072,2.2224197,PubChem candidate
-97.85864,29.6273,PubChem candidate
-99.778275,18.174576,PubChem candidate
-55.574856,40.038944,PubChem candidate
-4.3997507,4.4882464,PubChem candidate
48.96843,-2.7422616,PubChem candidate
3.7755392,-2.7783146,PubChem candidate
-71.68541,-9.212019,PubChem candidate
67.408714,-66.772194,PubChem candidate
-43.658276,-65.252525,PubChem candidate
56.800682,-19.666431,PubChem candidate
-78.22124,-59.041676,PubChem candidate
111.152885,-24.925535,PubChem candidate
-34.768173,22.940586,PubChem candidate
15.027278,-7.4708757,PubChem candidate
-2.8070285,-100.65768,PubChem candidate
6.481569,7.4179363,PubChem candidate
-59.395485,-63.816868,PubChem candidate
39.64708,16.321026,PubChem candidate
-27.242214,95.0076,PubChem candidate
-18.615011,10.353106,PubChem candidate
-102.4062,21.612892,PubChem candidate
7.664593,-50.22869,PubChem candidate
-67.693794,-49.684517,PubChem candidate
-96.40326,9.219961,PubChem candidate
-93.56957,-34.943863,PubChem candidate
-97.817154,-39.803288,PubChem candidate
5.4345503,-106.98427,PubChem candidate
-70.41413,13.002297,PubChem candidate
12.762994,20.18213,PubChem candidate
-10.935388,-106.54986,PubChem candidate
7.755596,-58.746704,PubChem candidate
68.76371,13.047747,PubChem candidate
-1.9886754,-2.872422,PubChem candidate
-47.09016,32.720367,PubChem candidate
-97.939995,-32.299725,PubChem candidate
-75.12744,-9.768076,PubChem candidate
115.27404,30.227274,PubChem candidate
-6.0195622,-94.04126,PubChem candidate
46.115124,100.23157,PubChem candidate
-37.62866,24.669178,PubChem candidate
23.888407,-60.29741,PubChem candidate
42.12891,-92.50086,PubChem candidate
-70.28185,-55.701283,PubChem candidate
-32.741207,-95.23604,PubChem candidate
7.1548653,-50.126667,PubChem candidate
-32.502735,35.886208,PubChem candidate
-77.10705,0.8629422,PubChem candidate
20.40796,72.20172,PubChem candidate
-15.329537,83.36175,PubChem candidate
-13.77955,106.15359,PubChem candidate
-51.816345,-54.92848,PubChem candidate
-105.28842,-24.986414,PubChem candidate
35.23669,41.1544,PubChem candidate
41.15767,36.72707,PubChem candidate
19.481396,-11.863327,PubChem candidate
16.08391,-52.644165,PubChem candidate
-91.15732,7.9512687,PubChem candidate
-5.845389,10.305786,PubChem candidate
-91.03595,20.908955,PubChem candidate
-37.357113,67.865776,PubChem candidate
35.520226,38.698483,PubChem candidate
-9.80062,-95.11688,PubChem candidate
-31.374002,-58.03965,PubChem candidate
106.97353,-0.7942799,PubChem candidate
-14.639591,55.285492,PubChem candidate
-99.59999,17.440945,PubChem candidate
96.3687,-6.1622086,PubChem candidate
-72.824585,-10.621296,PubChem candidate
100.949646,-35.08767,PubChem candidate
-102.04304,-26.348953,PubChem candidate
21.576355,0.69209874,PubChem candidate
40.127068,-90.43357,PubChem candidate
31.72836,-43.01401,PubChem candidate
-45.431507,-26.995308,PubChem candidate
19.879545,-5.718043,PubChem candidate
-3.2669365,7.5982337,PubChem candidate
-44.925964,82.99957,PubChem candidate
40.09203,29.721233,PubChem candidate
-36.900883,-97.598854,PubChem candidate
53.16829,36.21743,PubChem candidate
32.898643,97.20121,PubChem candidate
-126.9439,0.88776094,PubChem candidate
-43.31537,-25.653812,PubChem candidate
-11.1335535,105.78877,PubChem candidate
-34.070137,-59.774258,PubChem candidate
89.80032,52.835457,PubChem candidate
-135.3286,-8.085736,PubChem candidate
6.6238623,-77.4293,PubChem candidate
-14.525562,115.52126,PubChem candidate
-51.76919,-74.25266,PubChem candidate
-53.02423,-56.38637,PubChem candidate
107.4987,36.66629,PubChem candidate
-52.38545,-20.288643,PubChem candidate
94.42453,18.98679,PubChem candidate
-12.362571,-25.30948,PubChem candidate
-123.9796,1.1269757,PubChem candidate
-113.84745,-6.702626,PubChem candidate
-97.89533,29.279936,PubChem candidate
-104.308945,-6.974556,PubChem candidate
-45.563614,-17.751204,PubChem candidate
-15.169316,-5.5284553,PubChem candidate
51.362938,-84.1191,PubChem candidate
73.48671,31.536976,PubChem candidate
-28.955452,25.69831,PubChem candidate
22.717867,42.422935,PubChem candidate
-34.160183,-96.594345,PubChem candidate
-29.920237,42.810944,PubChem candidate
-73.996605,16.436409,PubChem candidate
-74.794655,-59.211178,PubChem candidate
-70.45199,-49.302006,PubChem candidate
-75.00571,10.169866,PubChem candidate
-42.132328,44.99986,PubChem candidate
68.012276,-70.14462,PubChem candidate
-2.107623,115.744965,PubChem candidate
-62.835976,6.2987704,PubChem candidate
-56.522945,-45.46278,PubChem candidate
-40.50402,22.351225,PubChem candidate
-107.78704,10.071802,PubChem candidate
-55.352573,-62.858414,PubChem candidate
-65.23323,-46.435688,PubChem candidate
55.334328,-3.3129556,PubChem candidate
-13.605587,-88.68253,PubChem candidate
-27.936382,-53.282482,PubChem candidate
92.43744,32.308323,PubChem candidate
-75.94978,-13.353749,PubChem candidate
41.983006,-63.227425,PubChem candidate
67.95715,-63.430794,PubChem candidate
-76.02664,-10.843586,PubChem candidate
7.612206,-40.965782,PubChem candidate
-36.517017,-7.3492794,PubChem candidate
64.35247,-63.25552,PubChem candidate
115.30271,-15.265086,PubChem candidate
51.794205,-14.303901,PubChem candidate
93.30025,29.04158,PubChem candidate
-108.021996,7.0005794,PubChem candidate
-3.4939053,26.827742,PubChem candidate
72.5488,-38.382828,PubChem candidate
27.480633,33.318703,PubChem candidate
-59.534794,11.11943,PubChem candidate
67.94581,-70.916855,PubChem candidate
-94.1972,-0.37849823,PubChem candidate
-38.136692,66.92008,PubChem candidate
-34.583984,41.262638,PubChem candidate
-26.908672,26.781748,PubChem candidate
-6.576092,-100.382614,PubChem candidate
10.202725,-107.13714,PubChem candidate
-15.812206,120.501656,PubChem candidate
-96.46309,8.969945,PubChem candidate
-28.080818,39.86679,PubChem candidate
-36.27592,106.333015,PubChem candidate
-16.194239,39.637882,PubChem candidate
-63.572495,-57.022255,PubChem candidate
-38.0446,-14.547881,PubChem candidate
44.38146,14.823954,PubChem candidate
-103.83877,16.795223,PubChem candidate
60.964863,86.901794,PubChem candidate
-53.726913,33.84946,PubChem candidate
-23.6621,42.73488,PubChem candidate
73.19929,5.858409,PubChem candidate
84.88699,56.373505,PubChem candidate
-40.88096,-24.617086,PubChem candidate
60.054417,101.05013,PubChem candidate
46.06709,-81.84286,PubChem candidate
-20.199429,42.741657,PubChem candidate
-51.827625,-32.736313,PubChem candidate
-51.613018,37.41412,PubChem candidate
75.28599,-1.3118768,PubChem candidate
40.29521,50.88376,PubChem candidate
43.5558,32.96539,PubChem candidate
53.934715,-18.181581,PubChem candidate
-105.979965,8.32785,PubChem candidate
-92.70643,7.538047,PubChem candidate
-32.11199,-35.340096,PubChem candidate
31.304956,42.745117,PubChem candidate
-63.533474,-59.41747,PubChem candidate
-61.66304,-45.490017,PubChem candidate
-16.464499,-23.00006,PubChem candidate
71.731995,-14.03564,PubChem candidate
-71.54332,-48.51342,PubChem candidate
33.838116,26.182976,PubChem candidate
-107.190155,-20.485752,PubChem candidate
-74.30329,-11.289274,PubChem candidate
51.395126,-20.176884,PubChem candidate
-54.270153,-27.440306,PubChem candidate
-0.88317865,114.6993,PubChem candidate
-104.96362,17.406012,PubChem candidate
-53.371742,65.926796,PubChem candidate
95.68999,-23.708488,PubChem candidate
-94.91505,-32.823574,PubChem candidate
-108.045235,6.5736365,PubChem candidate
-2.181277,4.0466914,PubChem candidate
-16.001442,119.67503,PubChem candidate
89.72054,52.74221,PubChem candidate
-66.17924,-59.009586,PubChem candidate
-59.66621,-57.232105,PubChem candidate
-29.65015,-22.088476,PubChem candidate
-63.90901,-59.351883,PubChem candidate
-114.030014,-26.23295,PubChem candidate
31.064835,-31.207935,PubChem candidate
91.15388,-20.890682,PubChem candidate
-30.507753,45.139687,PubChem candidate
-114.16795,-26.034649,PubChem candidate
38.66723,37.58026,PubChem candidate
7.193855,94.9666,PubChem candidate
24.608847,42.99314,PubChem candidate
-37.397568,-46.090908,PubChem candidate
108.03193,-31.273201,PubChem candidate
6.4829755,9.182499,PubChem candidate
-38.6262,-11.312789,PubChem candidate
-88.434494,25.744787,PubChem candidate
0.51457095,82.72613,PubChem candidate
9.542733,-15.60411,PubChem candidate
19.954056,-65.72052,PubChem candidate
-29.078455,95.136,PubChem candidate
-71.85359,-54.867207,PubChem candidate
107.40694,36.787315,PubChem candidate
-15.3607645,-87.37498,PubChem candidate
-69.742714,-59.559086,PubChem candidate
-43.564014,-37.291004,PubChem candidate
-27.118795,-38.92457,PubChem candidate
11.5583935,-103.345055,PubChem candidate
-10.895027,-20.446009,PubChem candidate
62.14896,27.318907,PubChem candidate
-94.72118,9.154736,PubChem candidate
-24.040262,-101.52897,PubChem candidate
-35.105614,-76.49845,PubChem candidate
-39.76956,-42.10498,PubChem candidate
-111.27853,-4.2058887,PubChem candidate
11.884636,109.59141,PubChem candidate
-2.1804593,-2.6472054,PubChem candidate
-35.904,39.958885,PubChem candidate
-45.627014,-74.777245,PubChem candidate
-92.51327,24.998932,PubChem candidate
-14.605637,-7.470883,PubChem candidate
107.62134,-8.317096,PubChem candidate
42.529785,-90.688385,PubChem candidate
10.878716,-109.74511,PubChem candidate
-30.114872,95.17272,PubChem candidate
37.59532,-66.98723,PubChem candidate
-29.12706,25.193295,PubChem candidate
-68.103485,11.007862,PubChem candidate
-101.264015,-11.274985,PubChem candidate
-29.445335,-56.837086,PubChem candidate
-41.857307,-86.463326,PubChem candidate
-79.35126,-6.8645577,PubChem candidate
23.487982,42.635403,PubChem candidate
10.601668,-102.79354,PubChem candidate
110.68606,-3.5149035,PubChem candidate
16.619799,-14.022641,PubChem candidate
-16.610119,106.506546,PubChem candidate
-93.08078,29.195707,PubChem candidate
-42.66187,-46.42883,PubChem candidate
-53.701595,-83.510704,PubChem candidate
-5.2795005,46.220085,PubChem candidate
7.5199633,-72.22031,PubChem candidate
91.00515,-23.295916,PubChem candidate
19.139236,-29.906658,PubChem candidate
83.790405,54.11513,PubChem candidate
106.33329,-6.838636,PubChem candidate
48.170784,90.07663,PubChem candidate
107.99939,0.1306314,PubChem candidate
-104.27386,28.854248,PubChem candidate
-31.819933,-14.854921,PubChem candidate
-96.16219,8.295808,PubChem candidate
-51.45796,79.84093,PubChem candidate
-34.161484,-97.42678,PubChem candidate
-32.244503,-92.56107,PubChem candidate
-48.789783,-74.23878,PubChem candidate
-94.764946,-28.688631,PubChem candidate
7.5357027,-6.5681405,PubChem candidate
4.8456435,-50.94292,PubChem candidate
-41.4048,20.783903,PubChem candidate
104.754074,-37.5576,PubChem candidate
-1.4377835,108.01928,PubChem candidate
-69.06674,0.552828,PubChem candidate
63.611824,-53.554546,PubChem candidate
106.86407,22.477358,PubChem candidate
-74.89316,-53.369602,PubChem candidate
-24.845844,-95.11867,PubChem candidate
53.169033,37.75929,PubChem candidate
-16.521112,19.312597,PubChem candidate
45.087,-82.20119,PubChem candidate
9.625454,21.344418,PubChem candidate
-59.184975,-45.54069,PubChem candidate
52.929363,-39.992672,PubChem candidate
47.823563,-11.811003,PubChem candidate
-14.664519,0.73921925,PubChem candidate
-31.838722,-46.465935,PubChem candidate
-70.981,-7.938883,PubChem candidate
114.73563,-18.030283,PubChem candidate
-11.114186,-11.047844,PubChem candidate
-32.829945,-59.189407,PubChem candidate
-88.432465,-1.9715624,PubChem candidate
6.6403594,-70.12535,PubChem candidate
2.7663684,17.785877,PubChem candidate
-13.263498,-88.80479,PubChem candidate
45.286087,-45.696365,PubChem candidate
110.68846,-7.0726447,PubChem candidate
-74.00317,-56.0392,PubChem candidate
64.228,-80.420525,PubChem candidate
44.26745,-11.421973,PubChem candidate
-3.423136,-3.5630884,PubChem candidate
-42.37749,32.549385,PubChem candidate
-13.877551,16.564558,PubChem candidate
-43.442825,-26.668615,PubChem candidate
-32.66589,40.106262,PubChem candidate
42.525524,54.13939,PubChem candidate
-30.22139,24.935375,PubChem candidate
-50.59977,67.20693,PubChem candidate
-39.6517,-15.288055,PubChem candidate
-52.225044,-80.209335,PubChem candidate
32.79544,5.399391,PubChem candidate
43.057766,-59.1088,PubChem candidate
117.30203,-13.505273,PubChem candidate
-11.605695,-34.319,PubChem candidate
32.149353,-31.032043,PubChem candidate
-5.392912,44.407345,PubChem candidate
14.10289,-2.7900007,PubChem candidate
9.082712,-42.367737,PubChem candidate
-38.828823,-14.781168,PubChem candidate
-113.82477,-1.2667844,PubChem candidate
45.0506,76.60545,PubChem candidate
-42.757576,-66.08753,PubChem candidate
-51.423313,-25.293388,PubChem candidate
-57.362507,70.1966,PubChem candidate
-13.650034,-86.087845,PubChem candidate
49.346493,-86.26403,PubChem candidate
-0.88076794,-106.422676,PubChem candidate
35.750973,83.50947,PubChem candidate
-16.024529,20.776218,PubChem candidate
-74.751305,-54.73778,PubChem candidate
-9.051436,-23.326899,PubChem candidate
-96.94534,-33.358665,PubChem candidate
67.84519,-68.92358,PubChem candidate
16.474997,16.5832,PubChem candidate
-48.074993,-32.038307,PubChem candidate
-113.799736,-1.5661509,PubChem candidate
-132.04729,-4.808585,PubChem candidate
-24.61484,70.06905,PubChem candidate
-78.87804,52.313618,PubChem candidate
-37.20547,-10.013881,PubChem candidate
64.60245,-79.461174,PubChem candidate
67.77027,1.6188152,PubChem candidate
-24.41644,-37.469154,PubChem candidate
-96.81995,26.923635,PubChem candidate
-95.43763,-20.357279,PubChem candidate
31.013943,36.543472,PubChem candidate
74.907455,47.004265,PubChem candidate
-6.690486,-34.619175,PubChem candidate
0.15573736,7.61527,PubChem candidate
48.03863,-18.854073,PubChem candidate
0.45139715,-8.998314,PubChem candidate
-12.04714,7.215402,PubChem candidate
-4.683564,23.155823,PubChem candidate
55.615166,-25.798872,PubChem candidate
3.5208592,-51.859203,PubChem candidate
-8.534033,40.200146,PubChem candidate
-10.175085,-33.475697,PubChem candidate
-35.097687,-76.3983,PubChem candidate
13.414186,-105.0302,PubChem candidate
-27.280737,71.306175,PubChem candidate
-38.296246,65.065346,PubChem candidate
-97.12402,9.424933,PubChem candidate
-5.6088,9.278575,PubChem candidate
-27.741945,59.662483,PubChem candidate
67.851585,5.238896,PubChem candidate
-67.46659,13.596116,PubChem candidate
-51.28601,-64.24752,PubChem candidate
55.834297,-57.892193,PubChem candidate
56.92721,-20.936625,PubChem candidate
-22.500675,-37.32249,PubChem candidate
-27.155952,97.94245,PubChem candidate
36.237072,106.09301,PubChem candidate
96.262924,-40.220905,PubChem candidate
16.498106,16.475328,PubChem candidate
-124.45725,-1.1075989,PubChem candidate
-125.46476,3.1840568,PubChem candidate
-66.712845,9.383199,PubChem candidate
7.6575994,94.577255,PubChem candidate
-5.491497,44.188744,PubChem candidate
55.442627,-24.953127,PubChem candidate
-37.151665,107.418144,PubChem candidate
-35.633827,42.253666,PubChem candidate
106.43027,-31.060482,PubChem candidate
-127.05581,4.3169174,PubChem candidate
-41.163956,38.010513,PubChem candidate
70.68612,9.726323,PubChem candidate
-104.79214,24.801985,PubChem candidate
114.93745,-4.1314354,PubChem candidate
-3.2610457,27.851048,PubChem candidate
-52.395473,-53.133785,PubChem candidate
-24.718496,-29.83177,PubChem candidate
55.54335,-86.02533,PubChem candidate
-18.507479,42.634796,PubChem candidate
33.086243,39.606113,PubChem candidate
17.097641,-102.536766,PubChem candidate
-11.730228,112.1252,PubChem candidate
-31.513172,-34.56672,PubChem candidate
-22.319353,-89.344536,PubChem candidate
-34.566803,-96.95136,PubChem candidate
5.236079,-68.13054,PubChem candidate
-90.91855,22.839376,PubChem candidate
-11.195194,-17.51871,PubChem candidate
23.301321,-40.729115,PubChem candidate
-58.376656,-45.566,PubChem candidate
-21.273417,-54.2233,PubChem candidate
-37.641685,106.96418,PubChem candidate
-22.771242,92.1099,PubChem candidate
-11.394835,-2.787382,PubChem candidate
19.601002,-68.391655,PubChem candidate
-8.38611,49.99487,PubChem candidate
-107.456955,-20.58304,PubChem candidate
-58.497383,38.700054,PubChem candidate
-19.14733,-14.793307,PubChem candidate
-50.64889,-72.79332,PubChem candidate
107.54589,-24.986553,PubChem candidate
26.6383,-28.597178,PubChem candidate
-93.19361,29.648062,PubChem candidate
-2.8050742,1.7079718,PubChem candidate
-23.99001,-37.475117,PubChem candidate
-132.2746,-4.044259,PubChem candidate
-68.47747,16.539576,PubChem candidate
39.919903,-72.700386,PubChem candidate
-92.043724,-39.949287,PubChem candidate
-5.5517774,20.758883,PubChem candidate
-41.214962,42.653023,PubChem candidate
-72.67522,3.8842943,PubChem candidate
17.321985,-103.97452,PubChem candidate
74.976685,36.799118,PubChem candidate
7.599683,-1.4759651,PubChem candidate
20.847368,-64.6348,PubChem candidate
0.46217033,-64.5227,PubChem candidate
-7.4463377,20.971972,PubChem candidate
-38.758698,65.39282,PubChem candidate
93.407005,-41.474663,PubChem candidate
-59.99413,35.850998,PubChem candidate
-18.368937,55.102222,PubChem candidate
9.861891,-43.754997,PubChem candidate
55.488716,-87.011894,PubChem candidate
37.3561,77.14366,PubChem candidate
-18.692652,-52.195045,PubChem candidate
-51.43707,-33.122944,PubChem candidate
-21.700546,7.4807754,PubChem candidate
68.311615,9.450885,PubChem candidate
110.90584,-2.9906292,PubChem candidate
11.818676,-72.58249,PubChem candidate
-3.763685,-53.98361,PubChem candidate
45.83332,32.59675,PubChem candidate
-97.20246,8.7488165,PubChem candidate
-109.8508,-28.53415,PubChem candidate
17.190517,-102.85731,PubChem candidate
-104.16809,16.898973,PubChem candidate
-14.171216,-36.06051,PubChem candidate
16.048168,-6.3915386,PubChem candidate
-23.29549,41.887486,PubChem candidate
-64.80501,-60.393818,PubChem candidate
-32.08547,-51.55561,PubChem candidate
18.7523,-31.493412,PubChem candidate
-54.69881,-80.35433,PubChem candidate
-14.858891,-55.04059,PubChem candidate
-12.681605,107.39988,PubChem candidate
-39.476257,-15.284042,PubChem candidate
16.360659,-33.944336,PubChem candidate
7.9993377,7.993686,PubChem candidate
-18.578402,-54.26417,PubChem candidate
10.029923,-107.5117,PubChem candidate
12.948389,-103.616486,PubChem candidate
47.429134,-9.008997,PubChem candidate
2.5860171,-59.74278,PubChem candidate
-14.941354,10.570837,PubChem candidate
26.425585,-51.85594,PubChem candidate
17.157553,-102.393074,PubChem candidate
-15.897518,15.529115,PubChem candidate
46.858448,38.917046,PubChem candidate
-92.010086,21.77303,PubChem candidate
11.556363,111.977196,PubChem candidate
44.19668,-11.544127,PubChem candidate
38.783134,-66.15522,PubChem candidate
-24.785175,95.38935,PubChem candidate
-71.97213,-7.7499347,PubChem candidate
-0.7877905,-59.836178,PubChem candidate
-37.573795,-44.327614,PubChem candidate
-76.31145,6.2286706,PubChem candidate
107.76054,-34.952286,PubChem candidate
-40.488678,35.150127,PubChem candidate
44.94446,-88.41555,PubChem candidate
7.4178696,104.53132,PubChem candidate
-58.603733,-55.382957,PubChem candidate
-2.6698334,20.963936,PubChem candidate
39.713024,91.133736,PubChem candidate
17.792398,-102.77744,PubChem candidate
-66.35255,17.472973,PubChem candidate
-114.67743,-24.495827,PubChem candidate
-13.029624,109.173454,PubChem candidate
-85.50552,-3.8810563,PubChem candidate
9.151005,20.445597,PubChem candidate
105.96586,-32.605537,PubChem candidate
-44.45702,81.82394,PubChem candidate
6.565329,93.76907,PubChem candidate
94.88198,-7.029276,PubChem candidate
103.27709,-39.672363,PubChem candidate
-34.58244,90.17149,PubChem candidate
-32.034058,-91.17235,PubChem candidate
-5.5325484,18.277275,PubChem candidate
-57.388966,35.127136,PubChem candidate
33.479343,-42.70802,PubChem candidate
106.21005,-37.464348,PubChem candidate
8.320731,-74.45394,PubChem candidate
-38.583885,50.96752,PubChem candidate
101.923485,36.215633,PubChem candidate
-66.04508,16.481146,PubChem candidate
-33.786373,-72.26306,PubChem candidate
-31.02624,-47.336437,PubChem candidate
-130.10295,-11.240307,PubChem candidate
-94.918274,1.9497728,PubChem candidate
50.663742,-39.91886,PubChem candidate
-1.4825872,-7.742413,PubChem candidate
-40.959126,21.532576,PubChem candidate
-71.626434,-54.430576,PubChem candidate
-49.23678,-66.00847,PubChem candidate
-6.8244104,-92.92852,PubChem candidate
-15.143652,-37.81609,PubChem candidate
-6.6178265,27.117546,PubChem candidate
-89.164314,22.230425,PubChem candidate
-14.202042,-25.60487,PubChem candidate
-25.28728,-92.96051,PubChem candidate
6.154092,25.134783,PubChem candidate
-22.032087,7.772972,PubChem candidate
53.354992,-4.6498203,PubChem candidate
11.257479,23.271246,PubChem candidate
95.5036,30.913172,PubChem candidate
-38.69276,103.59558,PubChem candidate
-12.2555065,81.479416,PubChem candidate
-62.68536,-57.897724,PubChem candidate
19.694754,-61.892418,PubChem candidate
-4.3481874,18.138601,PubChem candidate
-9.030258,74.29908,PubChem candidate
-40.022636,-76.71895,PubChem candidate
5.397009,25.126778,PubChem candidate
-45.097534,68.69933,PubChem candidate
-27.627926,-51.173073,PubChem candidate
-23.739685,-54.731804,PubChem candidate
35.477547,37.249237,PubChem candidate
2.0096476,-110.76646,PubChem candidate
-9.619558,-98.82734,PubChem candidate
38.923386,-73.65425,PubChem candidate
-32.783466,-38.10388,PubChem candidate
65.16131,-12.072295,PubChem candidate
15.676064,16.556864,PubChem candidate
-108.66717,-29.40387,PubChem candidate
43.479176,53.103367,PubChem candidate
7.8141623,-43.55409,PubChem candidate
61.93345,-82.79445,PubChem candidate
-16.45647,-52.143677,PubChem candidate
41.17241,103.76578,PubChem candidate
-15.0750675,23.575407,PubChem candidate
-55.28144,37.177574,PubChem candidate
60.494434,23.966675,PubChem candidate
-58.104183,64.78582,PubChem candidate
-1.8489883,-101.54947,PubChem candidate
4.7691727,5.795255,PubChem candidate
-1.0281149,117.7607,PubChem candidate
-14.85753,56.604317,PubChem candidate
-0.5537122,-112.63356,PubChem candidate
-43.566097,-80.43238,PubChem candidate
-19.72277,39.986237,PubChem candidate
-16.923758,-33.15923,PubChem candidate
13.821352,-8.040537,PubChem candidate
43.208374,44.360577,PubChem candidate
52.959927,37.164158,PubChem candidate
41.575928,-70.00666,PubChem candidate
-132.08032,0.40979898,PubChem candidate
-37.223755,103.843994,PubChem candidate
-31.147013,108.42021,PubChem candidate
-31.693056,-24.648136,PubChem candidate
-40.2977,43.109432,PubChem candidate
1.7383485,81.32305,PubChem candidate
-24.154732,-44.496826,PubChem candidate
105.44865,2.4326382,PubChem candidate
-14.321333,105.78188,PubChem candidate
-27.961475,-52.87268,PubChem candidate
-16.314522,-31.063225,PubChem candidate
-29.914188,-86.327805,PubChem candidate
0.32183272,-109.471016,PubChem candidate
-18.710346,42.467476,PubChem candidate
103.39323,36.13396,PubChem candidate
3.5061798,-65.651,PubChem candidate
-28.09025,-42.082767,PubChem candidate
28.495575,113.36769,PubChem candidate
1.6035204,19.613516,PubChem candidate
8.357376,-41.99445,PubChem candidate
-10.491481,-20.192873,PubChem candidate
-8.271971,-33.438274,PubChem candidate
-27.535868,39.93501,PubChem candidate
82.02487,49.49223,PubChem candidate
-102.231094,17.914164,PubChem candidate
-6.4294443,23.804155,PubChem candidate
-31.84205,-87.89214,PubChem candidate
-24.03294,-94.7011,PubChem candidate
82.48777,46.34141,PubChem candidate
61.050926,-73.52308,PubChem candidate
29.78374,112.40134,PubChem candidate
-86.39536,-17.351454,PubChem candidate
-7.2785373,44.685585,PubChem candidate
-95.874565,7.7711215,PubChem candidate
-22.465122,41.465626,PubChem candidate
-21.790888,-44.344517,PubChem candidate
-13.967957,14.996918,PubChem candidate
-37.139706,103.93095,PubChem candidate
-27.186306,-16.54568,PubChem candidate
-30.522924,-39.683575,PubChem candidate
43.267788,80.97163,PubChem candidate
7.1895623,-107.430405,PubChem candidate
-42.370125,32.74988,PubChem candidate
-52.850494,-79.09039,PubChem candidate
-17.174627,116.92223,PubChem candidate
-34.92633,-16.615957,PubChem candidate
-44.412605,-40.819508,PubChem candidate
-58.827038,36.450462,PubChem candidate
-11.491897,106.77787,PubChem candidate
-31.821264,-95.67511,PubChem candidate
-45.970413,42.02068,PubChem candidate
-18.260344,-41.550022,PubChem candidate
-51.612675,79.05877,PubChem candidate
68.700195,-74.54782,PubChem candidate
101.51155,-36.088314,PubChem candidate
7.7492175,100.86087,PubChem candidate
-70.67969,-12.151758,PubChem candidate
17.313972,-103.62843,PubChem candidate
6.7886705,95.70136,PubChem candidate
17.373692,-102.399025,PubChem candidate
-95.72806,23.5195,PubChem candidate
6.846169,-104.35557,PubChem candidate
-36.437542,-92.53782,PubChem candidate
16.358147,-103.821976,PubChem candidate
9.092494,10.903758,PubChem candidate
7.051723,-13.872178,PubChem candidate
53.35375,-13.525683,PubChem candidate
-10.529755,106.055305,PubChem candidate
-86.71799,19.44672,PubChem candidate
-27.160934,98.56976,PubChem candidate
6.206584,94.86722,PubChem candidate
-11.420723,-104.77768,PubChem candidate
-97.76186,30.50445,PubChem candidate
-24.165892,-54.728775,PubChem candidate
51.983093,-76.54075,PubChem candidate
30.039938,79.34284,PubChem candidate
48.621006,-11.530184,PubChem candidate
40.048626,91.31257,PubChem candidate
-70.986176,-47.18598,PubChem candidate
-31.178547,108.51457,PubChem candidate
-21.001389,-7.144208,PubChem candidate
-12.57867,-8.831859,PubChem candidate
-19.672804,-28.154305,PubChem candidate
-14.406194,-36.36379,PubChem candidate
107.62392,-24.589863,PubChem candidate
-27.28147,-57.086227,PubChem candidate
94.8964,-11.1461525,PubChem candidate
-48.237877,-73.895485,PubChem candidate
-74.65412,-52.21728,PubChem candidate
-4.173509,28.434671,PubChem candidate
110.565865,-31.274296,PubChem candidate
-18.433228,11.4671135,PubChem candidate
-71.25536,11.654343,PubChem candidate
-14.584145,118.14134,PubChem candidate
44.121643,80.22009,PubChem candidate
50.57347,-40.046856,PubChem candidate
-36.333576,-77.49079,PubChem candidate
-42.763588,61.666107,PubChem candidate
83.53021,55.350723,PubChem candidate
49.256023,-39.25106,PubChem candidate
6.302838,-12.200162,PubChem candidate
32.308796,79.02765,PubChem candidate
1.7301173,110.56517,PubChem candidate
-13.055464,13.9473295,PubChem candidate
106.74555,23.434273,PubChem candidate
17.45721,67.41849,PubChem candidate
-8.748055,38.44211,PubChem candidate
3.1769133,-50.299923,PubChem candidate
-11.512641,-22.321316,PubChem candidate
52.78003,36.389084,PubChem candidate
-12.067411,-1.5366105,PubChem candidate
-21.505394,7.3805766,PubChem candidate
57.757236,-81.56745,PubChem candidate
-106.60936,-21.046839,PubChem candidate
105.87113,-39.795578,PubChem candidate
34.07635,29.45662,PubChem candidate
-69.76225,-46.83956,PubChem candidate
-31.98178,23.323067,PubChem candidate
-12.210797,-39.686447,PubChem candidate
48.27739,-18.440569,PubChem candidate
-15.907225,-53.73554,PubChem candidate
-74.676,-52.28815,PubChem candidate
-22.9096,-47.815166,PubChem candidate
46.106358,-81.7485,PubChem candidate
53.53616,37.766693,PubChem candidate
-93.98641,1.7714777,PubChem candidate
-34.810738,-26.675186,PubChem candidate
75.504105,7.1541348,PubChem candidate
113.25015,-11.042216,PubChem candidate
-67.12809,-58.242146,PubChem candidate
1.3377547,-111.38366,PubChem candidate
31.489103,25.450624,PubChem candidate
-60.978855,3.6051545,PubChem candidate
19.440874,5.987325,PubChem candidate
2.4436483,-7.6333632,PubChem candidate
66.83116,7.4980145,PubChem candidate
40.3645,-71.23387,PubChem candidate
-24.81135,41.96322,PubChem candidate
-5.159221,17.614262,PubChem candidate
7.158137,-10.474987,PubChem candidate
-52.743626,35.379704,PubChem candidate
35.70535,-34.29173,PubChem candidate
-100.72849,-39.004177,PubChem candidate
32.976532,-40.1359,PubChem candidate
-17.069927,85.343605,PubChem candidate
-7.8370075,-91.907295,PubChem candidate
-60.613945,-45.73152,PubChem candidate
17.120014,-102.56645,PubChem candidate
-8.643733,5.4025908,PubChem candidate
-25.237879,-81.56629,PubChem candidate
1.2968388,-4.930177,PubChem candidate
-76.895805,9.92202,PubChem candidate
-42.68365,60.353592,PubChem candidate
36.98926,9.280856,PubChem candidate
-19.665846,70.80986,PubChem candidate
-42.29563,34.867714,PubChem candidate
56.117893,-1.6415132,PubChem candidate
-33.286083,-97.19421,PubChem candidate
32.592876,-40.524998,PubChem candidate
49.541706,-9.532987,PubChem candidate
-2.480368,94.628296,PubChem candidate
-30.176014,72.3784,PubChem candidate
-17.01206,9.433325,PubChem candidate
-14.240782,105.71585,PubChem candidate
17.404175,-37.41778,PubChem candidate
0.82301706,-11.479031,PubChem candidate
-87.1004,-18.904125,PubChem candidate
-49.983463,-65.261406,PubChem candidate
16.884129,-33.349483,PubChem candidate
-37.868683,24.83925,PubChem candidate
55.60811,-57.58423,PubChem candidate
-51.864098,-81.018684,PubChem candidate
47.573586,-8.962181,PubChem candidate
-33.898502,-16.003738,PubChem candidate
-39.011658,-44.74807,PubChem candidate
-41.10096,38.452103,PubChem candidate
-51.44877,-75.61526,PubChem candidate
-8.389357,1.0747069,PubChem candidate
4.579018,-66.92019,PubChem candidate
7.6355357,-69.13659,PubChem candidate
-3.7522993,-53.958187,PubChem candidate
80.88593,43.894165,PubChem candidate
-13.649641,-28.403088,PubChem candidate
-68.74433,-63.36015,PubChem candidate
-2.6054895,114.27646,PubChem candidate
-16.050884,-51.457275,PubChem candidate
-50.82813,-72.881805,PubChem candidate
-50.454853,-72.568756,PubChem candidate
-23.837873,-29.688797,PubChem candidate
19.807678,-35.878204,PubChem candidate
15.217393,-8.647291,PubChem candidate
-78.62444,0.95917505,PubChem candidate
20.054415,-64.41106,PubChem candidate
-31.247179,-46.409027,PubChem candidate
-71.08384,11.472107,PubChem candidate
-63.300594,0.022748653,PubChem candidate
-34.817776,99.60504,PubChem candidate
-15.82662,-14.727762,PubChem candidate
-34.689327,107.20405,PubChem candidate
67.94575,-8.263901,PubChem candidate
115.50742,-18.33179,PubChem candidate
-12.017021,-37.76015,PubChem candidate
-106.73667,-7.659227,PubChem candidate
-29.488813,-44.729214,PubChem candidate
-28.378868,-43.15225,PubChem candidate
-44.697,-28.256292,PubChem candidate
28.668966,112.71485,PubChem candidate
-34.99116,-82.85715,PubChem candidate
-27.226328,-50.337395,PubChem candidate
11.617882,6.060539,PubChem candidate
21.070969,73.8734,PubChem candidate
-13.830148,4.251952,PubChem candidate
5.8357644,17.242737,PubChem candidate
9.321902,-104.505516,PubChem candidate
-58.936146,13.689888,PubChem candidate
-9.1984215,-23.547506,PubChem candidate
83.46788,55.21158,PubChem candidate
-40.622253,-17.968765,PubChem candidate
-40.45476,-68.9756,PubChem candidate
-14.7356415,115.48576,PubChem candidate
-18.141022,56.7281,PubChem candidate
-77.37006,-0.26703063,PubChem candidate
-15.686175,82.170166,PubChem candidate
108.99207,-20.559696,PubChem candidate
12.680752,7.2825127,PubChem candidate
35.774033,-34.20392,PubChem candidate
3.4704208,-15.036746,PubChem candidate
6.642542,-69.730415,PubChem candidate
-40.469376,34.974552,PubChem candidate
-52.234592,41.594757,PubChem candidate
111.619865,-30.454302,PubChem candidate
82.966774,45.30737,PubChem candidate
-52.899555,79.96317,PubChem candidate
112.879265,-14.488796,PubChem candidate
60.595917,-76.99584,PubChem candidate
-24.139795,-11.389502,PubChem candidate
-42.254517,41.97452,PubChem candidate
59.030495,-49.569946,PubChem candidate
-16.423399,75.90378,PubChem candidate
-14.133251,21.84539,PubChem candidate
16.16328,-14.71672,PubChem candidate
-2.518238,16.24146,PubChem candidate
18.100666,-35.620403,PubChem candidate
91.062256,-22.14017,PubChem candidate
-50.338554,-34.663055,PubChem candidate
-63.447834,13.102815,PubChem candidate
42.475864,31.395687,PubChem candidate
-13.3134365,-24.675886,PubChem candidate
-49.130993,-82.62147,PubChem candidate
-27.04873,93.7732,PubChem candidate
-16.881931,-10.300088,PubChem candidate
-72.310616,15.611744,PubChem candidate
-0.20246294,-54.52833,PubChem candidate
106.510735,-0.37775326,PubChem candidate
40.053577,92.1433,PubChem candidate
42.207188,-61.842842,PubChem candidate
54.15356,-7.6219254,PubChem candidate
-29.218176,54.831463,PubChem candidate
68.72452,1.2761639,PubChem candidate
44.64109,29.020144,PubChem candidate
-2.8247852,94.68515,PubChem candidate
66.42803,-56.56202,PubChem candidate
-14.686026,106.889435,PubChem candidate
43.394627,33.53234,PubChem candidate
-98.38887,29.249783,PubChem candidate
-50.477425,-71.01183,PubChem candidate
-19.844404,-48.053185,PubChem candidate
-10.7406225,-93.54918,PubChem candidate
-17.930094,-54.66101,PubChem candidate
48.00419,43.83072,PubChem candidate
48.371395,-5.8696303,PubChem candidate
38.132397,81.53968,PubChem candidate
-32.18149,40.28939,PubChem candidate
1.567855,4.8913426,PubChem candidate
-19.860172,-21.159634,PubChem candidate
101.578514,3.8713546,PubChem candidate
8.278178,-75.82996,PubChem candidate
-0.21546891,-105.7011,PubChem candidate
-78.93974,53.656315,PubChem candidate
-56.51094,-52.7994,PubChem candidate
-46.498627,43.97405,PubChem candidate
0.69499284,18.486046,PubChem candidate
-17.25126,12.092543,PubChem candidate
66.14339,-12.148987,PubChem candidate
-33.87276,-97.37533,PubChem candidate
-17.370838,86.74953,PubChem candidate
91.159676,-21.823685,PubChem candidate
-18.17251,-54.957207,PubChem candidate
-109.77978,-27.910734,PubChem candidate
-32.011707,-92.053,PubChem candidate
-16.055182,54.25635,PubChem candidate
45.914368,-52.39646,PubChem candidate
-28.22483,-42.529022,PubChem candidate
-0.9179658,110.87728,PubChem candidate
10.11723,109.794464,PubChem candidate
111.186745,-5.7611594,PubChem candidate
-3.2894301,22.068445,PubChem candidate
23.970259,-34.084805,PubChem candidate
-32.37798,-91.04271,PubChem candidate
37.589558,41.515556,PubChem candidate
12.76398,65.752975,PubChem candidate
-42.018185,-65.76912,PubChem candidate
-40.445953,-24.393095,PubChem candidate
7.353707,-60.684956,PubChem candidate
-42.852654,-44.70409,PubChem candidate
0.05392803,6.0399327,PubChem candidate
-58.798862,-54.917667,PubChem candidate
-49.37672,34.083786,PubChem candidate
-10.273474,-92.430046,PubChem candidate
-29.504753,54.842445,PubChem candidate
9.726216,0.24521403,PubChem candidate
-55.674927,66.57557,PubChem candidate
14.269049,2.966694,PubChem candidate
-10.804993,-102.515945,PubChem candidate
45.769566,-90.08467,PubChem candidate
-66.20037,-42.359936,PubChem candidate
-31.337315,67.84338,PubChem candidate
100.21426,-37.422546,PubChem candidate
-10.809714,-102.00896,PubChem candidate
-38.25713,71.409096,PubChem candidate
-33.682163,-52.570614,PubChem candidate
114.83823,-29.038527,PubChem candidate
77.20742,8.128899,PubChem candidate
-105.29499,31.166765,PubChem candidate
41.517914,102.62248,PubChem candidate
-9.512164,-36.906532,PubChem candidate
-22.404915,-52.374325,PubChem candidate
-107.225914,-10.553701,PubChem candidate
-54.101807,-20.12509,PubChem candidate
-39.188007,67.05872,PubChem candidate
51.758385,-88.976906,PubChem candidate
10.190939,-110.29999,PubChem candidate
10.4918,108.454636,PubChem candidate
-16.285162,22.260277,PubChem candidate
79.93674,9.411162,PubChem candidate
54.06748,-85.32308,PubChem candidate
62.456913,26.210312,PubChem candidate
-3.3299608,22.518509,PubChem candidate
-14.144001,106.10606,PubChem candidate
18.354914,7.3737097,PubChem candidate
-37.202263,-45.09976,PubChem candidate
70.76608,-83.28286,PubChem candidate
-60.520733,35.23122,PubChem candidate
51.598797,-21.38873,PubChem candidate
-68.772675,-46.506523,PubChem candidate
-48.759224,-13.271209,PubChem candidate
21.475048,-57.688698,PubChem candidate
-42.78877,36.82057,PubChem candidate
-35.01144,-82.82633,PubChem candidate
-17.152355,77.89219,PubChem candidate
-42.654926,-45.960278,PubChem candidate
-20.19508,13.261319,PubChem candidate
-4.9746823,18.402525,PubChem candidate
-52.00177,78.536766,PubChem candidate
28.708635,112.25261,PubChem candidate
-24.076147,-37.62655,PubChem candidate
-35.004807,32.128796,PubChem candidate
-10.852748,78.11977,PubChem candidate
44.684708,104.332375,PubChem candidate
-8.359783,-35.147358,PubChem candidate
-97.68613,24.140171,PubChem candidate
-15.306318,107.34986,PubChem candidate
-29.664915,108.62034,PubChem candidate
-4.255702,44.638023,PubChem candidate
-37.817226,-24.239323,PubChem candidate
24.290136,42.88454,PubChem candidate
-22.29482,-46.141453,PubChem candidate
-16.44488,20.680956,PubChem candidate
-12.121298,112.155685,PubChem candidate
-18.0513,-40.10044,PubChem candidate
-104.886696,27.419382,PubChem candidate
-7.037988,44.75565,PubChem candidate
-15.502932,-87.40452,PubChem candidate
106.006195,-33.552475,PubChem candidate
-38.89533,-27.695623,PubChem candidate
98.40034,24.447332,PubChem candidate
18.294685,-37.289116,PubChem candidate
-22.330837,89.15491,PubChem candidate
-71.64817,-49.24511,PubChem candidate
65.06616,-60.72489,PubChem candidate
-117.157585,-9.709836,PubChem candidate
-0.52517176,117.96009,PubChem candidate
-52.78221,-36.534824,PubChem candidate
-19.745598,13.762033,PubChem candidate
45.60374,-91.643,PubChem candidate
-10.380851,-90.662834,PubChem candidate
-29.554474,-34.33813,PubChem candidate
-49.870823,-16.527695,PubChem candidate
9.542229,104.74759,PubChem candidate
-60.0971,-64.33129,PubChem candidate
-57.57999,35.07101,PubChem candidate
65.94057,-63.23093,PubChem candidate
-1.4543879,14.38519,PubChem candidate
-1.7136856,18.31023,PubChem candidate
-18.33936,-52.14024,PubChem candidate
-15.884161,-97.21008,PubChem candidate
-51.939663,79.1643,PubChem candidate
56.58449,-50.37956,PubChem candidate
-12.903999,115.61926,PubChem candidate
8.952641,-55.414482,PubChem candidate
-16.794418,-108.152756,PubChem candidate
-78.93974,53.656315,PubChem candidate
-103.42446,18.392069,PubChem candidate
16.219807,-34.02469,PubChem candidate
-11.067662,-20.489202,PubChem candidate
68.102264,11.683456,PubChem candidate
-43.409946,-79.59178,PubChem candidate
-12.943216,15.852107,PubChem candidate
-19.83066,-28.064547,PubChem candidate
-34.421158,98.04864,PubChem candidate
-36.243977,35.90194,PubChem candidate
0.12225346,-64.30027,PubChem candidate
10.507308,97.09071,PubChem candidate
-24.929232,-57.177063,PubChem candidate
96.620316,26.672468,PubChem candidate
-10.50472,7.604713,PubChem candidate
-18.226362,7.3844733,PubChem candidate
53.928833,-24.704784,PubChem candidate
-39.074974,103.39574,PubChem candidate
20.529037,0.7883615,PubChem candidate
10.360352,4.696113,PubChem candidate
-41.33009,-42.887794,PubChem candidate
-13.860919,22.91726,PubChem candidate
67.4507,-62.249596,PubChem candidate
20.324158,-67.056076,PubChem candidate
-20.334078,113.80747,PubChem candidate
-18.588541,96.442375,PubChem candidate
-27.271318,-24.793043,PubChem candidate
-59.366375,-55.624855,PubChem candidate
71.09785,29.91217,PubChem candidate
13.492977,-6.0848775,PubChem candidate
-33.582996,-93.724014,PubChem candidate
-13.800265,-37.977173,PubChem candidate
-13.808972,107.43339,PubChem candidate
-28.40497,70.347824,PubChem candidate
-11.84627,-37.087307,PubChem candidate
-52.01089,77.86762,PubChem candidate
-8.578678,-36.59922,PubChem candidate
-54.802452,66.94602,PubChem candidate
-38.771713,50.94602,PubChem candidate
19.50785,2.637353,PubChem candidate
-127.723045,-13.075786,PubChem candidate
67.33772,-13.050639,PubChem candidate
-10.749246,5.052904,PubChem candidate
41.221714,-89.96051,PubChem candidate
-11.919314,-106.00606,PubChem candidate
-22.324535,69.258354,PubChem candidate
14.981159,-108.37119,PubChem candidate
-58.811592,-45.556908,PubChem candidate
-80.2414,51.33276,PubChem candidate
-29.478178,-86.425804,PubChem candidate
17.214048,-102.33908,PubChem candidate
-104.17374,26.155025,PubChem candidate
11.622807,-46.019844,PubChem candidate
-38.972687,23.1661,PubChem candidate
1.420583,82.279564,PubChem candidate
-13.958117,14.89363,PubChem candidate
-76.410385,6.0092635,PubChem candidate
59.24737,-73.26691,PubChem candidate
-76.98449,-59.892338,PubChem candidate
-18.58225,14.633944,PubChem candidate
-50.32789,-34.38103,PubChem candidate
-65.60516,-48.6426,PubChem candidate
-15.98066,20.838663,PubChem candidate
-94.93466,5.9645424,PubChem candidate
-115.53917,-27.43733,PubChem candidate
-23.173357,92.7435,PubChem candidate
-53.055725,34.97827,PubChem candidate
-55.638813,65.247154,PubChem candidate
-33.52806,-97.575066,PubChem candidate
-67.683334,-61.25459,PubChem candidate
-31.278902,-38.03861,PubChem candidate
85.88508,55.878822,PubChem candidate
-19.949974,-35.02511,PubChem candidate
44.56097,-57.11896,PubChem candidate
-28.5619,55.149235,PubChem candidate
0.8656542,18.708794,PubChem candidate
-31.13658,-25.229855,PubChem candidate
68.35521,27.438272,PubChem candidate
-104.7992,30.226755,PubChem candidate
-131.03792,-9.053921,PubChem candidate
-7.843453,-6.5253544,PubChem candidate
-73.08001,-8.872921,PubChem candidate
28.396528,114.116974,PubChem candidate
-65.993454,16.535107,PubChem candidate
56.287792,27.361467,PubChem candidate
-133.66753,-3.6952455,PubChem candidate
-15.502148,82.07514,PubChem candidate
-67.59352,17.32685,PubChem candidate
-16.247242,-51.50785,PubChem candidate
48.888462,-8.910569,PubChem candidate
15.31571,-103.297516,PubChem candidate
-66.50506,-62.099606,PubChem candidate
9.933409,-50.70517,PubChem candidate
-6.5117464,1.0291003,PubChem candidate
-29.383759,42.48126,PubChem candidate
-0.9479385,-6.6175942,PubChem candidate
-3.6064792,47.303875,PubChem candidate
9.800874,97.33551,PubChem candidate
14.007872,-104.966965,PubChem candidate
23.623892,-62.921738,PubChem candidate
38.61198,-62.72694,PubChem candidate
44.724823,77.45018,PubChem candidate
-65.59903,-46.587734,PubChem candidate
10.426444,97.02831,PubChem candidate
-11.131221,9.138542,PubChem candidate
96.01184,-21.354214,PubChem candidate
-10.3167515,-92.38465,PubChem candidate
115.182976,-14.122221,PubChem candidate
-25.257025,95.04322,PubChem candidate
46.47971,-40.225677,PubChem candidate
36.657032,93.76039,PubChem candidate
-1.7447004,114.51597,PubChem candidate
-49.419533,82.192314,PubChem candidate
-2.3594172,108.14917,PubChem candidate
-14.673786,106.427,PubChem candidate
41.061974,-89.32905,PubChem candidate
-45.843178,42.492588,PubChem candidate
-18.45849,3.6714747,PubChem candidate
-2.0239422,115.91968,PubChem candidate
-104.98431,-13.88222,PubChem candidate
-70.59037,-55.75161,PubChem candidate
4.5683384,-62.277317,PubChem candidate
105.46228,-27.523928,PubChem candidate
-67.62533,-47.122738,PubChem candidate
-132.53064,-6.860211,PubChem candidate
-24.077414,-54.275257,PubChem candidate
-18.31376,10.94642,PubChem candidate
-0.89246154,117.083,PubChem candidate
62.890453,-81.82441,PubChem candidate
-115.04794,-30.35014,PubChem candidate
97.34514,24.41561,PubChem candidate
30.47241,109.25193,PubChem candidate
-21.399803,-38.05022,PubChem candidate
-16.943377,50.727398,PubChem candidate
-31.973331,-91.69716,PubChem candidate
-19.929424,69.441605,PubChem candidate
31.121622,109.50897,PubChem candidate
-14.797408,23.98289,PubChem candidate
4.1942363,-45.368443,PubChem candidate
-9.471521,-93.043365,PubChem candidate
10.125441,110.95829,PubChem candidate
-10.158936,14.181228,PubChem candidate
-0.7978999,-63.411793,PubChem candidate
1.9757857,114.08576,PubChem candidate
-21.287031,-26.577946,PubChem candidate
17.087677,-101.03592,PubChem candidate
95.31534,-40.52995,PubChem candidate
-39.740776,-29.284986,PubChem candidate
-44.81208,81.90906,PubChem candidate
-51.82077,-80.969986,PubChem candidate
49.01048,-39.204575,PubChem candidate
6.0674233,-2.7033048,PubChem candidate
-34.9419,107.48645,PubChem candidate
-15.310502,-110.05169,PubChem candidate
11.277709,107.27202,PubChem candidate
-37.18682,-19.328836,PubChem candidate
-2.654759,114.28164,PubChem candidate
-51.679497,-79.482635,PubChem candidate
4.4273834,-45.239468,PubChem candidate
29.949944,112.394295,PubChem candidate
42.219254,81.82828,PubChem candidate
8.302477,-64.037994,PubChem candidate
-5.089317,44.07174,PubChem candidate
6.7167354,9.04503,PubChem candidate
-35.524326,41.652267,PubChem candidate
-57.032448,-45.595284,PubChem candidate
94.15689,32.40451,PubChem candidate
-7.9033213,5.76172,PubChem candidate
69.9229,-67.91894,PubChem candidate
-10.557009,-93.29796,PubChem candidate
36.866646,18.128452,PubChem candidate
9.48706,95.04885,PubChem candidate
1.0556861,83.398766,PubChem candidate
-86.643326,19.39281,PubChem candidate
-44.911907,-4.758583,PubChem candidate
-120.01664,-9.163692,PubChem candidate
-10.710693,105.57812,PubChem candidate
9.754182,-44.18439,PubChem candidate
5.9969993,-109.077324,PubChem candidate
-13.486888,-15.055176,PubChem candidate
-37.35224,60.652573,PubChem candidate
9.76595,110.8529,PubChem candidate
4.230964,-12.443579,PubChem candidate
-17.528406,-11.45998,PubChem candidate
-0.35911995,-104.468315,PubChem candidate
-79.04509,51.43945,PubChem candidate
-14.759082,-99.7475,PubChem candidate
45.25529,104.453545,PubChem candidate
3.1979055,-52.58542,PubChem candidate
5.9502735,-59.023125,PubChem candidate
-129.76274,0.6245339,PubChem candidate
-29.481853,-57.91374,PubChem candidate
54.447857,-41.97481,PubChem candidate
-39.85537,-44.118874,PubChem candidate
-14.325177,-18.595585,PubChem candidate
11.762269,110.63497,PubChem candidate
-11.657302,-36.968193,PubChem candidate
9.412238,95.84968,PubChem candidate
-13.899816,-11.076716,PubChem candidate
39.63834,-72.70431,PubChem candidate
-104.9813,-24.87634,PubChem candidate
-13.05309,-38.01607,PubChem candidate
97.19188,20.020243,PubChem candidate
6.3621373,8.5621805,PubChem candidate
-12.104549,79.571686,PubChem candidate
97.49818,32.36557,PubChem candidate
-7.168679,25.543484,PubChem candidate
8.458398,-57.28555,PubChem candidate
-55.991756,-62.822525,PubChem candidate
104.20261,1.1343082,PubChem candidate
-64.35176,-44.30241,PubChem candidate
2.8249707,-10.533009,PubChem candidate
59.736797,101.36476,PubChem candidate
31.573727,-25.026855,PubChem candidate
-50.276806,-83.412224,PubChem candidate
-115.50889,-27.611479,PubChem candidate
-32.34668,-46.260525,PubChem candidate
59.498436,101.8821,PubChem candidate
35.370728,-31.437376,PubChem candidate
25.866339,-51.572834,PubChem candidate
74.64879,33.786438,PubChem candidate
-27.016802,70.53034,PubChem candidate
4.2113967,-74.78453,PubChem candidate
-24.819555,-27.591976,PubChem candidate
-33.294537,-44.752377,PubChem candidate
-108.977844,-27.976301,PubChem candidate
-11.994956,72.332535,PubChem candidate
-26.615572,97.57946,PubChem candidate
-104.88971,-27.946522,PubChem candidate
-10.2650175,-27.5799,PubChem candidate
-108.07324,7.006778,PubChem candidate
20.899185,0.029498812,PubChem candidate
-41.62558,64.689,PubChem candidate
-134.78401,-8.3410225,PubChem candidate
62.22738,-80.511406,PubChem candidate
9.419646,103.83143,PubChem candidate
-20.615608,-7.91726,PubChem candidate
43.0596,102.64573,PubChem candidate
50.452686,-6.160097,PubChem candidate
74.501564,8.762052,PubChem candidate
103.207085,4.4239936,PubChem candidate
20.811436,-34.254894,PubChem candidate
54.23659,-42.244137,PubChem candidate
-20.393085,-24.909575,PubChem candidate
-16.621365,4.2930837,PubChem candidate
-13.964775,4.675672,PubChem candidate
-13.99184,16.201033,PubChem candidate
14.608665,-108.52021,PubChem candidate
-124.70626,2.5625277,PubChem candidate
-15.585499,-10.565601,PubChem candidate
-17.991838,86.62735,PubChem candidate
-26.337778,-8.77672,PubChem candidate
-40.02573,-10.597213,PubChem candidate
-113.02642,1.0169923,PubChem candidate
-44.001793,-17.910742,PubChem candidate
-10.220154,-101.26016,PubChem candidate
1.6059842,82.55265,PubChem candidate
5.097412,-51.21451,PubChem candidate
-22.344048,-88.94843,PubChem candidate
8.165425,-72.06669,PubChem candidate
24.396109,-55.134094,PubChem candidate
18.311655,-37.210938,PubChem candidate
64.23184,-13.758436,PubChem candidate
-29.01649,55.45204,PubChem candidate
-26.240812,27.083612,PubChem candidate
-43.81451,-65.0432,PubChem candidate
81.26933,49.86597,PubChem candidate
-3.7566252,-53.968235,PubChem candidate
0.17888735,-104.92264,PubChem candidate
68.71104,-66.16504,PubChem candidate
52.033073,-6.1651993,PubChem candidate
-27.372389,-56.161427,PubChem candidate
-23.599745,42.808132,PubChem candidate
5.619634,-75.20044,PubChem candidate
-41.42076,-77.35933,PubChem candidate
-67.54433,-63.806152,PubChem candidate
87.151596,45.291786,PubChem candidate
-8.773927,-104.580124,PubChem candidate
-80.2414,51.33276,PubChem candidate
-25.48625,-96.46131,PubChem candidate
-8.364097,-37.273136,PubChem candidate
-23.878122,-53.143433,PubChem candidate
-18.979507,-52.6079,PubChem candidate
-14.690902,13.552555,PubChem candidate
-27.200035,-30.747803,PubChem candidate
-113.34778,-25.564552,PubChem candidate
-42.58415,-68.87406,PubChem candidate
-16.703194,85.49142,PubChem candidate
39.24762,27.914362,PubChem candidate
-41.09554,22.548523,PubChem candidate
-24.229485,-44.6199,PubChem candidate
-31.63489,70.173416,PubChem candidate
-10.631825,-101.56652,PubChem candidate
37.321983,-74.255226,PubChem candidate
13.964088,-67.13491,PubChem candidate
-40.392723,-76.664375,PubChem candidate
2.1400623,-110.17699,PubChem candidate
41.47546,-68.34659,PubChem candidate
-19.89746,13.036622,PubChem candidate
-29.784468,-41.484856,PubChem candidate
-102.28596,4.672571,PubChem candidate
24.485512,27.73574,PubChem candidate
-88.05541,-21.148338,PubChem candidate
6.116223,-106.61402,PubChem candidate
25.814505,32.276703,PubChem candidate
-67.4576,19.021372,PubChem candidate
35.907814,-33.94057,PubChem candidate
-100.55198,27.029957,PubChem candidate
-42.529366,-79.0548,PubChem candidate
37.856792,87.10513,PubChem candidate
-49.78981,75.37047,PubChem candidate
-39.05093,-6.2563148,PubChem candidate
103.88766,3.9043279,PubChem candidate
-12.966173,-7.6444197,PubChem candidate
-15.356248,-88.16572,PubChem candidate
41.57878,102.75689,PubChem candidate
-70.09786,-50.323418,PubChem candidate
-100.93792,22.69209,PubChem candidate
-27.743153,-98.17608,PubChem candidate
-53.265217,-28.466936,PubChem candidate
-51.551674,-10.640483,PubChem candidate
-34.5795,-23.823912,PubChem candidate
-32.6487,43.97774,PubChem candidate
-101.79337,5.3425865,PubChem candidate
-9.25105,-100.85117,PubChem candidate
-14.146209,67.78641,PubChem candidate
49.030533,-39.19477,PubChem candidate
42.100227,85.2449,PubChem candidate
-31.642275,39.28582,PubChem candidate
-57.749725,65.06018,PubChem candidate
46.804085,-40.68262,PubChem candidate
-16.538189,-32.241924,PubChem candidate
7.405945,-107.26298,PubChem candidate
-72.817314,16.250286,PubChem candidate
-104.58893,-23.12018,PubChem candidate
-19.542027,69.52863,PubChem candidate
-47.714657,68.39517,PubChem candidate
41.54422,-92.4803,PubChem candidate
40.353054,-91.93194,PubChem candidate
7.9687853,-70.70458,PubChem candidate
-26.050049,27.192118,PubChem candidate
-66.40273,-42.335327,PubChem candidate
-16.318396,115.681435,PubChem candidate
1.6015242,81.685005,PubChem candidate
-37.219524,-28.305374,PubChem candidate
16.71831,-33.542812,PubChem candidate
7.2988544,-104.455055,PubChem candidate
-57.530293,38.810776,PubChem candidate
-123.01809,-11.696999,PubChem candidate
-20.77808,-15.837394,PubChem candidate
-42.354477,-65.64064,PubChem candidate
-103.25916,-5.941371,PubChem candidate
-48.485172,33.451447,PubChem candidate
-37.331726,-73.60295,PubChem candidate
-15.573571,83.90907,PubChem candidate
-42.409897,-65.39549,PubChem candidate
50.667427,-19.11949,PubChem candidate
-27.326227,-4.31951,PubChem candidate
-18.009022,-28.760765,PubChem candidate
-21.78316,-19.13331,PubChem candidate
-0.6143314,-6.807893,PubChem candidate
64.290634,-76.00328,PubChem candidate
-2.7208104,117.9128,PubChem candidate
-25.926455,91.70613,PubChem candidate
44.262794,-11.439696,PubChem candidate
-125.53072,-2.8699117,PubChem candidate
-31.740032,-89.601265,PubChem candidate
19.88183,-66.44765,PubChem candidate
0.5855928,-13.309532,PubChem candidate
-104.63544,-22.478985,PubChem candidate
91.75545,-24.429638,PubChem candidate
-80.2414,51.33276,PubChem candidate
-49.3849,32.892048,PubChem candidate
-46.390137,-82.644714,PubChem candidate
2.816197,-63.804634,PubChem candidate
-9.867933,73.50402,PubChem candidate
-26.893782,-16.815792,PubChem candidate
76.77902,9.653752,PubChem candidate
53.977646,-85.37695,PubChem candidate
-129.65306,-0.06643708,PubChem candidate
-41.39538,37.802544,PubChem candidate
-18.980436,-23.75649,PubChem candidate
-50.977093,-82.34269,PubChem candidate
-66.914986,16.146843,PubChem candidate
-51.398586,-55.9489,PubChem candidate
-28.201572,91.806076,PubChem candidate
-13.688663,107.031494,PubChem candidate
-35.76548,69.39177,PubChem candidate
112.339554,-13.838049,PubChem candidate
4.2679706,-73.4733,PubChem candidate
-8.0272045,-31.41352,PubChem candidate
108.26154,0.055394832,PubChem candidate
99.75251,34.01783,PubChem candidate
-37.234444,-44.4562,PubChem candidate
-28.834795,96.26456,PubChem candidate
12.769212,20.323671,PubChem candidate
-33.552185,22.895689,PubChem candidate
77.945145,-4.006405,PubChem candidate
-6.00784,9.365353,PubChem candidate
-14.623564,7.471011,PubChem candidate
67.57338,10.00638,PubChem candidate
67.781525,12.219754,PubChem candidate
-43.326492,-17.53803,PubChem candidate
-34.27783,-83.78208,PubChem candidate
102.40168,3.6325495,PubChem candidate
-27.230644,-57.411144,PubChem candidate
-41.244556,41.89151,PubChem candidate
-66.52944,8.642058,PubChem candidate
-32.352787,-12.419401,PubChem candidate
47.758656,90.74985,PubChem candidate
66.22329,-68.76175,PubChem candidate
-65.80014,-61.027626,PubChem candidate
-9.347358,108.195244,PubChem candidate
-0.9200459,-105.21841,PubChem candidate
-12.771113,-105.83099,PubChem candidate
39.138527,85.49537,PubChem candidate
-56.917267,64.53855,PubChem candidate
47.419373,-9.266884,PubChem candidate
-50.04863,39.31701,PubChem candidate
-40.87941,66.31917,PubChem candidate
-34.84084,22.744892,PubChem candidate
-42.995148,68.67921,PubChem candidate
-27.578558,-97.84284,PubChem candidate
-94.953606,-31.609661,PubChem candidate
-25.049278,69.09649,PubChem candidate
13.9140415,109.79113,PubChem candidate
-104.74461,17.473186,PubChem candidate
90.08093,-42.040867,PubChem candidate
43.966896,-67.13095,PubChem candidate
-7.814445,74.076035,PubChem candidate
-25.804352,69.50075,PubChem candidate
39.820316,84.79675,PubChem candidate
-42.0179,21.543152,PubChem candidate
66.84196,-56.193974,PubChem candidate
-52.03602,-75.423874,PubChem candidate
6.761151,94.71492,PubChem candidate
-16.379576,85.3638,PubChem candidate
-18.97448,7.6772614,PubChem candidate
53.12122,-17.526873,PubChem candidate
24.944687,3.3320646,PubChem candidate
-28.909645,-44.1817,PubChem candidate
-34.128952,-60.56647,PubChem candidate
9.255599,10.575409,PubChem candidate
75.02356,11.433589,PubChem candidate
-1.7383412,-0.9726735,PubChem candidate
-16.466398,-87.78078,PubChem candidate
6.0528145,-60.54756,PubChem candidate
-95.08111,3.471594,PubChem candidate
-51.285713,-33.713253,PubChem candidate
28.998266,43.289146,PubChem candidate
-45.186172,67.47649,PubChem candidate
-38.7064,104.13898,PubChem candidate
-89.2615,22.009733,PubChem candidate
-30.128267,-86.27123,PubChem candidate
-95.47171,7.7477455,PubChem candidate
102.820496,-35.273743,PubChem candidate
1.5350187,25.511719,PubChem candidate
-27.394953,23.76562,PubChem candidate
-125.157074,-2.768,PubChem candidate
87.97015,53.56836,PubChem candidate
16.74925,-103.356255,PubChem candidate
44.62752,-87.01558,PubChem candidate
-34.127205,-56.062653,PubChem candidate
-14.306111,-19.577728,PubChem candidate
114.83016,27.659874,PubChem candidate
6.2590165,-45.069305,PubChem candidate
73.237946,46.443775,PubChem candidate
6.2639036,-12.090655,PubChem candidate
35.810234,-30.140722,PubChem candidate
23.306427,-2.8159635,PubChem candidate
-55.909298,-51.29844,PubChem candidate
-128.85242,0.16510352,PubChem candidate
45.450806,80.23935,PubChem candidate
-45.418182,-74.94357,PubChem candidate
32.223465,-42.55242,PubChem candidate
-4.190934,108.18811,PubChem candidate
29.32795,110.94411,PubChem candidate
70.756905,-83.362785,PubChem candidate
16.98358,-103.58007,PubChem candidate
-26.676619,-85.14859,PubChem candidate
-102.69548,24.27559,PubChem candidate
61.69264,-52.865597,PubChem candidate
58.21475,48.46143,PubChem candidate
-43.319912,59.295414,PubChem candidate
67.73441,-69.13005,PubChem candidate
-96.22388,30.538044,PubChem candidate
0.95829654,-109.15845,PubChem candidate
-1.1821539,81.86989,PubChem candidate
93.26983,-42.95304,PubChem candidate
-31.544666,68.56342,PubChem candidate
-27.689045,-97.86799,PubChem candidate
-12.039893,-1.598248,PubChem candidate
-3.5702546,95.64626,PubChem candidate
94.45021,-24.12558,PubChem candidate
37.24432,47.234272,PubChem candidate
-41.739357,22.112654,PubChem candidate
0.84455186,18.922525,PubChem candidate
24.262344,-53.73869,PubChem candidate
-48.218056,68.75629,PubChem candidate
11.906408,13.237984,PubChem candidate
-51.310413,-62.95374,PubChem candidate
-51.3679,-25.497301,PubChem candidate
64.59492,-66.95347,PubChem candidate
14.904842,-7.430784,PubChem candidate
9.439223,-42.971874,PubChem candidate
4.131355,-12.572852,PubChem candidate
61.527412,-18.897793,PubChem candidate
-40.138256,22.35261,PubChem candidate
-9.537127,-39.361717,PubChem candidate
37.594887,73.87973,PubChem candidate
40.142677,103.53409,PubChem candidate
-14.297628,110.224045,PubChem candidate
-16.003878,-88.24123,PubChem candidate
-65.11756,17.516079,PubChem candidate
-29.976257,96.58019,PubChem candidate
23.788969,27.36532,PubChem candidate
-17.36315,-99.38385,PubChem candidate
56.598423,-0.7750586,PubChem candidate
-26.999222,73.50345,PubChem candidate
35.996456,82.46057,PubChem candidate
-52.560287,-64.34846,PubChem candidate
36.387123,90.59366,PubChem candidate
52.66862,-41.20898,PubChem candidate
-17.310331,12.760519,PubChem candidate
10.424658,97.40509,PubChem candidate
-74.61519,4.3807964,PubChem candidate
93.06282,-41.324085,PubChem candidate
-3.808519,-109.033714,PubChem candidate
-133.0521,-9.196234,PubChem candidate
-95.99092,28.456297,PubChem candidate
34.891907,-31.725454,PubChem candidate
23.740297,0.97718537,PubChem candidate
-35.781086,42.158318,PubChem candidate
-37.421272,104.86888,PubChem candidate
-46.331043,81.86007,PubChem candidate
-37.521046,-8.189952,PubChem candidate
-34.548096,-98.39652,PubChem candidate
-15.476155,-0.7670448,PubChem candidate
-28.872374,54.82339,PubChem candidate
6.617288,95.118355,PubChem candidate
95.615974,-40.55922,PubChem candidate
-9.438561,-6.8380485,PubChem candidate
-49.53121,-65.399704,PubChem candidate
57.075375,26.236744,PubChem candidate
23.136978,-40.927986,PubChem candidate
50.220474,-9.142398,PubChem candidate
-6.33215,-93.892,PubChem candidate
16.567791,-34.006012,PubChem candidate
92.55449,-42.818935,PubChem candidate
33.383152,-38.966087,PubChem candidate
-0.48268527,-110.03788,PubChem candidate
-29.638882,-6.3738623,PubChem candidate
-66.64438,-62.808823,PubChem candidate
-29.76952,95.07978,PubChem candidate
-87.56758,-18.086472,PubChem candidate
-22.873419,-51.309494,PubChem candidate
-45.96829,-31.027498,PubChem candidate
20.10641,-31.231382,PubChem candidate
-22.154783,91.96393,PubChem candidate
75.71839,7.2067165,PubChem candidate
45.44465,84.967125,PubChem candidate
-11.895595,-39.604713,PubChem candidate
75.14998,15.319038,PubChem candidate
-105.984856,-25.794333,PubChem candidate
-2.0667603,-111.77986,PubChem candidate
-58.406338,-0.6546392,PubChem candidate
35.33192,-32.267136,PubChem candidate
-36.704727,101.98373,PubChem candidate
1.5115203,-110.03348,PubChem candidate
95.661934,-8.972983,PubChem candidate
-69.818375,-47.34592,PubChem candidate
65.82087,-70.032074,PubChem candidate
-32.526455,37.086647,PubChem candidate
28.878305,112.07572,PubChem candidate
9.396749,103.72927,PubChem candidate
-27.2086,96.210365,PubChem candidate
-0.40750968,96.346794,PubChem candidate
56.933376,-50.962772,PubChem candidate
64.657135,-13.925341,PubChem candidate
-38.919792,-43.71656,PubChem candidate
-68.87366,-63.281395,PubChem candidate
-39.67387,41.857468,PubChem candidate
52.44093,-9.613406,PubChem candidate
106.66474,21.581333,PubChem candidate
9.81287,94.2258,PubChem candidate
70.390854,26.053951,PubChem candidate
45.68747,-90.261856,PubChem candidate
-23.767357,37.048637,PubChem candidate
20.602064,-59.865482,PubChem candidate
11.974355,67.78696,PubChem candidate
-10.444391,71.26513,PubChem candidate
12.359571,-57.648354,PubChem candidate
-16.052818,84.12244,PubChem candidate
67.94766,-44.832996,PubChem candidate
-43.579224,-38.253292,PubChem candidate
78.652084,9.902131,PubChem candidate
3.0074441,-59.38534,PubChem candidate
-0.7960853,83.44966,PubChem candidate
110.18698,-32.214798,PubChem candidate
-16.72567,-52.607967,PubChem candidate
6.377104,107.896935,PubChem candidate
-112.78419,-6.1648526,PubChem candidate
-33.966393,25.300968,PubChem candidate
43.01422,53.404133,PubChem candidate
-35.501995,-46.305115,PubChem candidate
-57.7932,0.5834044,PubChem candidate
-102.49531,21.290022,PubChem candidate
59.30021,-46.68739,PubChem candidate
-68.68064,17.950272,PubChem candidate
2.7783084,-109.42666,PubChem candidate
-1.2611507,-102.59511,PubChem candidate
-9.896784,74.77566,PubChem candidate
-29.279211,-45.724678,PubChem candidate
-11.111566,-26.449482,PubChem candidate
5.5344095,-68.00551,PubChem candidate
87.745224,52.793373,PubChem candidate
-46.27848,-14.860063,PubChem candidate
-74.74007,10.069957,PubChem candidate
-43.27273,-79.097786,PubChem candidate
-53.290134,-29.70438,PubChem candidate
-52.76444,40.760635,PubChem candidate
36.36944,-34.065605,PubChem candidate
5.7275352,-111.98546,PubChem candidate
13.305306,66.930336,PubChem candidate
-16.930023,105.38966,PubChem candidate
-97.633095,9.880698,PubChem candidate
50.8448,-43.862457,PubChem candidate
-3.261196,27.752531,PubChem candidate
104.9058,-20.367489,PubChem candidate
111.776794,26.505327,PubChem candidate
-14.480916,113.0871,PubChem candidate
6.2627096,-108.94781,PubChem candidate
-58.793156,38.351257,PubChem candidate
-47.301453,-31.18863,PubChem candidate
-8.866942,-18.64531,PubChem candidate
10.566999,22.323288,PubChem candidate
-66.428375,16.354424,PubChem candidate
49.556774,94.93709,PubChem candidate
-1.3206704,-2.601977,PubChem candidate
-14.313635,112.10079,PubChem candidate
41.637222,-70.33872,PubChem candidate
1.9344327,-104.0064,PubChem candidate
-30.442364,-96.5268,PubChem candidate
62.770054,-57.72269,PubChem candidate
-78.163956,-1.6634486,PubChem candidate
55.8841,-57.9765,PubChem candidate
4.0690722,-52.12937,PubChem candidate
-2.6427708,97.06776,PubChem candidate
-6.852375,-101.60682,PubChem candidate
-53.009106,-82.57786,PubChem candidate
-78.72341,-1.5585486,PubChem candidate
12.025592,-69.73892,PubChem candidate
27.22446,42.123848,PubChem candidate
-77.85718,52.653244,PubChem candidate
-19.4734,-36.510044,PubChem candidate
21.498302,-66.57458,PubChem candidate
6.991461,-72.85587,PubChem candidate
10.099746,-10.722991,PubChem candidate
-36.916683,69.00072,PubChem candidate
-0.19106893,81.44712,PubChem candidate
7.855886,-67.993065,PubChem candidate
7.620792,-50.247307,PubChem candidate
-55.286198,68.73916,PubChem candidate
-35.978706,100.61963,PubChem candidate
63.463768,-77.18861,PubChem candidate
-53.179543,-63.435593,PubChem candidate
-2.5809796,-112.06755,PubChem candidate
104.23536,2.1939,PubChem candidate
35.333115,37.68859,PubChem candidate
60.994022,-72.54,PubChem candidate
15.792574,16.181503,PubChem candidate
-76.07856,-13.964934,PubChem candidate
-37.577415,69.1255,PubChem candidate
-34.73192,-97.42246,PubChem candidate
-49.064777,36.692146,PubChem candidate
56.299877,98.49671,PubChem candidate
-17.200563,-11.395698,PubChem candidate
-109.220955,5.085605,PubChem candidate
-32.590145,-46.11253,PubChem candidate
81.29554,43.699104,PubChem candidate
-48.657,-20.949707,PubChem candidate
33.08699,44.139496,PubChem candidate
-18.35203,-107.33886,PubChem candidate
-31.385328,-24.85077,PubChem candidate
-12.905117,80.65416,PubChem candidate
39.565826,-91.008896,PubChem candidate
-53.01373,-17.538944,PubChem candidate
43.89773,-89.15965,PubChem candidate
-111.61184,0.17703597,PubChem candidate
9.486441,8.865035,PubChem candidate
-120.84125,3.2579837,PubChem candidate
-24.255226,-56.051083,PubChem candidate
32.662212,-40.48997,PubChem candidate
-5.8580623,25.874912,PubChem candidate
-41.658184,64.748924,PubChem candidate
0.8073451,-107.976654,PubChem candidate
0.71708286,83.74723,PubChem candidate
-38.15126,-21.285978,PubChem candidate
109.3005,25.800703,PubChem candidate
93.475945,-41.10066,PubChem candidate
38.64058,38.55305,PubChem candidate
-67.98538,-63.349087,PubChem candidate
41.635235,87.11583,PubChem candidate
70.74687,-83.82367,PubChem candidate
42.55761,75.56454,PubChem candidate
-2.1715176,-6.57638,PubChem candidate
9.579716,104.83918,PubChem candidate
-15.689449,120.1239,PubChem candidate
1.8356541,-112.47101,PubChem candidate
52.201782,-7.911708,PubChem candidate
-30.609432,39.9052,PubChem candidate
-31.556637,-42.25306,PubChem candidate
-53.0219,-21.01058,PubChem candidate
-51.486694,78.71992,PubChem candidate
3.1428041,-50.579536,PubChem candidate
-117.693535,-26.934834,PubChem candidate
38.688908,78.116745,PubChem candidate
45.994595,-88.37909,PubChem candidate
-31.21328,-71.85029,PubChem candidate
-35.84211,69.71614,PubChem candidate
12.110878,-102.221535,PubChem candidate
-80.2414,51.33276,PubChem candidate
-75.02919,-59.291286,PubChem candidate
13.909073,65.81703,PubChem candidate
-24.651197,-29.886501,PubChem candidate
2.2131453,114.16168,PubChem candidate
-103.56755,18.60968,PubChem candidate
-23.17182,-7.744565,PubChem candidate
-96.26886,29.27095,PubChem candidate
-19.818682,-50.312794,PubChem candidate
-0.11075558,-5.6042624,PubChem candidate
101.25637,24.53483,PubChem candidate
5.536945,-3.2105348,PubChem candidate
68.920425,3.1960847,PubChem candidate
-50.861935,-82.289925,PubChem candidate
-52.55666,-54.786827,PubChem candidate
66.38385,-56.85881,PubChem candidate
30.289625,37.791294,PubChem candidate
22.676939,-55.365055,PubChem candidate
-28.882135,96.440216,PubChem candidate
-14.836006,10.796315,PubChem candidate
30.839973,114.39839,PubChem candidate
36.417397,104.594444,PubChem candidate
-4.8467607,114.35904,PubChem candidate
66.649605,-74.32213,PubChem candidate
-56.930058,71.233246,PubChem candidate
-11.947039,-30.646124,PubChem candidate
-54.893906,69.49709,PubChem candidate
-29.088293,40.146824,PubChem candidate
-32.269573,24.639286,PubChem candidate
42.979862,46.761497,PubChem candidate
-31.180115,24.1482,PubChem candidate
-40.379208,-68.88485,PubChem candidate
9.316362,97.230865,PubChem candidate
7.3012023,-7.4083023,PubChem candidate
-93.904366,24.033175,PubChem candidate
7.0192866,-62.14039,PubChem candidate
-32.127064,-95.11712,PubChem candidate
-14.988919,94.75329,PubChem candidate
31.093653,78.276726,PubChem candidate
-28.439953,55.262634,PubChem candidate
35.511093,-74.70162,PubChem candidate
84.681046,56.522198,PubChem candidate
16.005516,-14.682535,PubChem candidate
-15.137392,-99.77178,PubChem candidate
-68.47904,-3.7835522,PubChem candidate
-11.579419,-36.76738,PubChem candidate
42.674362,84.120346,PubChem candidate
-19.291,-51.881123,PubChem candidate
-74.49143,-54.060814,PubChem candidate
65.34797,23.288626,PubChem candidate
43.114567,91.06262,PubChem candidate
0.73436326,-102.82151,PubChem candidate
-11.734226,-30.14117,PubChem candidate
-74.21385,-62.57978,PubChem candidate
-44.006535,-40.82689,PubChem candidate
-55.806553,-62.666653,PubChem candidate
115.79542,-18.079899,PubChem candidate
104.876686,-6.326182,PubChem candidate
-93.13197,23.11404,PubChem candidate
66.129745,-0.20778666,PubChem candidate
-49.65795,31.52951,PubChem candidate
43.557854,-89.772804,PubChem candidate
10.099864,110.798904,PubChem candidate
6.810736,-50.503838,PubChem candidate
-28.841845,-42.99181,PubChem candidate
-62.428516,-63.863586,PubChem candidate
66.69723,-56.620125,PubChem candidate
50.48602,-6.259999,PubChem candidate
1.9204277,112.50553,PubChem candidate
74.5008,46.94448,PubChem candidate
-0.4625729,2.598956,PubChem candidate
5.9557986,-44.945442,PubChem candidate
1.60152,8.172482,PubChem candidate
-75.17415,16.199623,PubChem candidate
-95.63124,-20.63645,PubChem candidate
-2.6020508,5.4278636,PubChem candidate
-39.892235,-44.30183,PubChem candidate
-52.3257,-12.450329,PubChem candidate
-23.011269,-48.002647,PubChem candidate
113.6769,26.513908,PubChem candidate
-10.50213,118.330246,PubChem candidate
45.21754,76.07401,PubChem candidate
65.70786,-63.302925,PubChem candidate
-29.3353,-85.96263,PubChem candidate
-41.570496,21.927536,PubChem candidate
-70.01556,-55.819614,PubChem candidate
38.219532,-66.315254,PubChem candidate
35.992004,84.434525,PubChem candidate
-35.828915,-24.039507,PubChem candidate
92.20458,-42.84817,PubChem candidate
-36.924183,-46.012756,PubChem candidate
27.743557,-50.675697,PubChem candidate
-69.431984,-5.5367055,PubChem candidate
7.0833597,95.52159,PubChem candidate
83.318474,53.164867,PubChem candidate
-44.226505,-77.70031,PubChem candidate
-52.29761,33.469425,PubChem candidate
-35.157463,102.50373,PubChem candidate
-110.38653,-1.2684995,PubChem candidate
-44.778194,-23.786263,PubChem candidate
33.968952,26.58897,PubChem candidate
-6.9838157,24.306484,PubChem candidate
-59.895115,36.872,PubChem candidate
-35.40919,-61.893654,PubChem candidate
43.767372,50.325237,PubChem candidate
100.44887,-18.006485,PubChem candidate
-12.912615,114.882965,PubChem candidate
-18.331936,-29.293512,PubChem candidate
-20.517754,-37.555435,PubChem candidate
52.40507,-88.268196,PubChem candidate
-0.89856315,96.29536,PubChem candidate
107.52368,23.304846,PubChem candidate
-23.158756,114.27659,PubChem candidate
1.1673408,-108.77201,PubChem candidate
-17.871408,13.948931,PubChem candidate
-100.20272,19.05328,PubChem candidate
-25.659443,-55.291477,PubChem candidate
-35.424747,-27.302494,PubChem candidate
-53.175972,-74.1752,PubChem candidate
-49.486538,-28.336609,PubChem candidate
-16.91152,96.4642,PubChem candidate
67.03514,1.8814335,PubChem candidate
38.978195,28.37136,PubChem candidate
-114.580215,-24.536726,PubChem candidate
44.450027,16.020115,PubChem candidate
88.30676,58.457275,PubChem candidate
21.17851,6.922257,PubChem candidate
-18.74071,87.04911,PubChem candidate
3.6993449,-53.987473,PubChem candidate
53.837906,-85.5552,PubChem candidate
-62.19911,-58.63865,PubChem candidate
114.34885,-17.198704,PubChem candidate
45.430965,76.5867,PubChem candidate
38.795853,47.012714,PubChem candidate
43.551548,-57.327583,PubChem candidate
7.2211018,-104.63952,PubChem candidate
-2.3269143,107.17938,PubChem candidate
-21.427298,-8.051727,PubChem candidate
-46.024246,-16.521559,PubChem candidate
-108.99013,4.8630967,PubChem candidate
21.08606,-59.23417,PubChem candidate
-3.8085768,27.674175,PubChem candidate
14.76474,-105.42401,PubChem candidate
-29.765995,-4.885053,PubChem candidate
40.204666,84.40543,PubChem candidate
-42.878555,-17.472944,PubChem candidate
10.530476,111.350395,PubChem candidate
-4.9760666,105.176254,PubChem candidate
7.393535,-75.20127,PubChem candidate
1.3373666,-60.659817,PubChem candidate
6.625334,9.061712,PubChem candidate
105.326614,1.1626062,PubChem candidate
-37.9239,36.631916,PubChem candidate
-20.03005,-13.85662,PubChem candidate
72.67851,18.40197,PubChem candidate
59.02821,101.626625,PubChem candidate
-16.437355,21.015099,PubChem candidate
67.755035,-47.698456,PubChem candidate
-30.290491,-88.580605,PubChem candidate
30.051014,42.985546,PubChem candidate
87.31484,-26.50507,PubChem candidate
12.419467,69.248726,PubChem candidate
-25.012735,-44.923588,PubChem candidate
-42.430458,43.295086,PubChem candidate
-80.240135,52.81161,PubChem candidate
2.2828038,-65.48161,PubChem candidate
-56.996452,39.003525,PubChem candidate
113.46872,-16.698505,PubChem candidate
-7.7337646,-92.00414,PubChem candidate
-108.68762,5.830161,PubChem candidate
-66.18202,-45.790615,PubChem candidate
-12.794731,-24.295607,PubChem candidate
-26.013456,40.39138,PubChem candidate
-49.644024,-81.42005,PubChem candidate
-51.852722,-20.207207,PubChem candidate
-29.119476,-41.26206,PubChem candidate
-13.615778,-88.21718,PubChem candidate
-104.72553,-27.96042,PubChem candidate
15.428068,-103.904305,PubChem candidate
93.25162,-30.337027,PubChem candidate
-34.33762,-97.87621,PubChem candidate
-130.9272,-10.986565,PubChem candidate
-24.068289,-53.984543,PubChem candidate
105.08885,-31.2497,PubChem candidate
103.10984,35.950405,PubChem candidate
-27.05482,-38.25776,PubChem candidate
2.7930522,-58.332607,PubChem candidate
-15.524356,107.57057,PubChem candidate
27.750187,41.0287,PubChem candidate
-52.661076,-78.922714,PubChem candidate
-36.85261,37.59232,PubChem candidate
-18.410719,71.29076,PubChem candidate
6.55937,-56.31982,PubChem candidate
-52.089005,-18.748415,PubChem candidate
-11.171714,-95.16154,PubChem candidate
87.39529,58.168808,PubChem candidate
-57.760685,65.060814,PubChem candidate
48.80211,-15.809828,PubChem candidate
-16.718086,-99.18248,PubChem candidate
-46.96613,-32.142166,PubChem candidate
-15.037418,118.17308,PubChem candidate
5.3073792,-75.978424,PubChem candidate
-23.750402,-39.320824,PubChem candidate
-11.653311,-105.930374,PubChem candidate
-28.798824,-98.55721,PubChem candidate
-74.8178,-59.187683,PubChem candidate
2.8739717,-59.161133,PubChem candidate
-110.33076,-6.4449997,PubChem candidate
-60.50332,-46.858704,PubChem candidate
-13.602249,-35.81116,PubChem candidate
5.880031,-2.974663,PubChem candidate
-10.903128,-100.845894,PubChem candidate
-135.95088,-8.740617,PubChem candidate
21.49006,-34.289288,PubChem candidate
-55.88858,-62.574062,PubChem candidate
-3.35358,96.5363,PubChem candidate
-73.06691,12.347171,PubChem candidate
-21.399946,5.375143,PubChem candidate
-50.42252,35.929836,PubChem candidate
10.492516,110.83248,PubChem candidate
-7.968473,-32.202847,PubChem candidate
62.62064,26.149937,PubChem candidate
-41.934742,-68.223885,PubChem candidate
-104.67669,30.06126,PubChem candidate
-38.29109,103.41759,PubChem candidate
80.01442,45.21203,PubChem candidate
-94.38534,22.723488,PubChem candidate
-17.751856,-51.732998,PubChem candidate
-33.58483,98.71989,PubChem candidate
62.52759,-54.714775,PubChem candidate
-43.29394,83.49326,PubChem candidate
-10.064236,10.445552,PubChem candidate
-18.050817,-98.02087,PubChem candidate
34.321514,-30.702307,PubChem candidate
-0.81101805,-104.360596,PubChem candidate
-89.67603,26.997004,PubChem candidate
-0.69687206,82.155846,PubChem candidate
-19.647642,-53.372147,PubChem candidate
-28.750582,26.00723,PubChem candidate
-122.19106,-7.7772446,PubChem candidate
109.307976,-33.92438,PubChem candidate
-51.779633,79.08442,PubChem candidate
43.604256,28.226974,PubChem candidate
19.470745,6.1776547,PubChem candidate
-20.677956,71.745224,PubChem candidate
-26.77716,-45.46233,PubChem candidate
39.207466,35.06049,PubChem candidate
-37.24908,104.964386,PubChem candidate
56.683155,92.44141,PubChem candidate
-70.60835,-51.364334,PubChem candidate
-40.025703,-16.381092,PubChem candidate
21.87104,39.048557,PubChem candidate
-3.7134736,-109.585365,PubChem candidate
60.090412,32.08916,PubChem candidate
-38.30627,-75.5497,PubChem candidate
-12.034467,-29.473946,PubChem candidate
-14.002112,-15.247413,PubChem candidate
-15.649806,-88.33183,PubChem candidate
-32.690517,-44.093815,PubChem candidate
101.149704,24.410294,PubChem candidate
65.53444,-77.54407,PubChem candidate
-79.04509,51.43945,PubChem candidate
-90.7985,-0.47901943,PubChem candidate
9.303281,0.32290345,PubChem candidate
97.51644,25.291908,PubChem candidate
115.61851,-21.356094,PubChem candidate
-37.49734,24.70576,PubChem candidate
43.008053,-71.60164,PubChem candidate
-27.10646,98.615875,PubChem candidate
34.506786,13.688331,PubChem candidate
11.771803,-72.59572,PubChem candidate
-19.296495,13.792848,PubChem candidate
11.031903,4.135888,PubChem candidate
-9.074611,-100.59441,PubChem candidate
-2.4665847,-111.63007,PubChem candidate
-18.016573,-40.131737,PubChem candidate
-77.57589,-60.604855,PubChem candidate
-59.436005,13.0684395,PubChem candidate
44.33872,-52.875275,PubChem candidate
-98.74677,-33.186543,PubChem candidate
-29.446224,39.720333,PubChem candidate
-120.57703,-10.418311,PubChem candidate
10.71624,20.061476,PubChem candidate
-36.818268,-96.43785,PubChem candidate
-20.985983,12.26352,PubChem candidate
60.681503,-65.24843,PubChem candidate
-10.491792,45.030205,PubChem candidate
44.82798,77.708595,PubChem candidate
-80.240135,52.81161,PubChem candidate
-7.074679,-32.395294,PubChem candidate
94.885025,-9.445501,PubChem candidate
-71.95114,-49.686394,PubChem candidate
-30.558416,-96.27822,PubChem candidate
39.610294,87.390076,PubChem candidate
39.63195,33.933655,PubChem candidate
-28.822683,-84.5169,PubChem candidate
94.515564,-10.619054,PubChem candidate
-10.338617,-6.2186313,PubChem candidate
-24.087677,-95.3538,PubChem candidate
-96.06488,29.853329,PubChem candidate
36.99229,87.81262,PubChem candidate
38.65243,73.55347,PubChem candidate
98.31205,-37.247066,PubChem candidate
-28.530998,99.63816,PubChem candidate
-22.694302,-94.0784,PubChem candidate
-14.829103,105.89976,PubChem candidate
-40.81544,-68.2368,PubChem candidate
-1.9891387,95.52836,PubChem candidate
-4.067312,9.15086,PubChem candidate
2.6786885,-71.236855,PubChem candidate
116.234245,-17.645668,PubChem candidate
117.22915,31.569847,PubChem candidate
-15.513498,-103.993645,PubChem candidate
-21.900528,41.97592,PubChem candidate
68.08584,-69.62893,PubChem candidate
-15.650191,22.808973,PubChem candidate
15.8279,-52.131172,PubChem candidate
-50.19668,31.403112,PubChem candidate
-26.698732,-7.9882307,PubChem candidate
-26.955746,-30.093319,PubChem candidate
-4.2948937,-107.79358,PubChem candidate
-93.84842,-34.977135,PubChem candidate
1.5929706,-110.17604,PubChem candidate
38.72976,79.28619,PubChem candidate
48.250626,42.784866,PubChem candidate
-21.485455,-54.296185,PubChem candidate
-2.754405,-111.02067,PubChem candidate
-10.2148285,-96.76416,PubChem candidate
89.71283,57.375862,PubChem candidate
63.435944,-81.52239,PubChem candidate
-23.940556,37.11242,PubChem candidate
10.636073,13.189657,PubChem candidate
-77.74816,-61.363297,PubChem candidate
-64.241264,1.170823,PubChem candidate
-19.165049,7.842256,PubChem candidate
55.36702,-26.091177,PubChem candidate
15.918515,-106.441154,PubChem candidate
6.7046022,109.33271,PubChem candidate
-3.2397683,17.176928,PubChem candidate
-89.88214,-20.834429,PubChem candidate
-13.158066,-37.553738,PubChem candidate
-60.783104,12.985663,PubChem candidate
-14.831349,20.691088,PubChem candidate
12.461599,-109.22486,PubChem candidate
5.838135,-2.9915166,PubChem candidate
40.927727,93.668236,PubChem candidate
-96.422264,8.94936,PubChem candidate
67.74383,-63.173443,PubChem candidate
-131.20107,-11.065381,PubChem candidate
-12.960391,108.81011,PubChem candidate
-42.776142,-67.37118,PubChem candidate
56.99993,99.26588,PubChem candidate
12.419232,-44.604183,PubChem candidate
-21.487791,-54.10706,PubChem candidate
-2.321616,28.45402,PubChem candidate
-43.007793,20.614807,PubChem candidate
-74.40111,5.080126,PubChem candidate
63.318413,-75.221565,PubChem candidate
-11.658403,-20.290146,PubChem candidate
-113.447495,-31.875595,PubChem candidate
23.867188,-59.44945,PubChem candidate
91.267654,-25.5057,PubChem candidate
-105.95509,-8.2961,PubChem candidate
9.492162,105.0776,PubChem candidate
-12.933315,-107.74026,PubChem candidate
-49.26907,-67.52763,PubChem candidate
47.93847,-18.650003,PubChem candidate
-31.281652,-90.10155,PubChem candidate
-60.47478,15.286775,PubChem candidate
100.86312,23.312302,PubChem candidate
46.71085,-85.94541,PubChem candidate
64.97529,-60.344067,PubChem candidate
42.93478,-57.720184,PubChem candidate
-50.375412,34.825607,PubChem candidate
6.3345094,-77.99676,PubChem candidate
-34.60166,-45.877346,PubChem candidate
100.98284,37.420925,PubChem candidate
0.86912936,83.6427,PubChem candidate
38.624725,-62.301086,PubChem candidate
35.90964,-33.945534,PubChem candidate
10.457699,13.1078005,PubChem candidate
-28.35895,-14.827919,PubChem candidate
-36.692814,-44.212082,PubChem candidate
-51.59707,-25.265394,PubChem candidate
33.725567,37.69746,PubChem candidate
-39.908157,73.460625,PubChem candidate
110.109604,-30.852232,PubChem candidate
-19.4946,-22.981394,PubChem candidate
-91.475624,-20.024124,PubChem candidate
-1.7761277,96.22563,PubChem candidate
106.21399,-9.573161,PubChem candidate
-55.18435,37.14867,PubChem candidate
-32.385834,-35.869,PubChem candidate
17.394083,-102.59469,PubChem candidate
-20.324528,13.291608,PubChem candidate
61.685074,-18.424686,PubChem candidate
-65.690926,0.081802905,PubChem candidate
54.049244,-19.593832,PubChem candidate
51.364403,90.33385,PubChem candidate
-24.605927,91.66603,PubChem candidate
-57.779003,-54.102592,PubChem candidate
39.53522,92.953804,PubChem candidate
26.5271,-52.141064,PubChem candidate
-26.76254,-85.07705,PubChem candidate
66.71757,-15.660344,PubChem candidate
35.885513,17.149523,PubChem candidate
106.25501,-30.375162,PubChem candidate
20.142256,5.098047,PubChem candidate
-43.822254,67.34108,PubChem candidate
-106.08251,-26.263317,PubChem candidate
-24.004917,71.29745,PubChem candidate
4.2204165,-59.98584,PubChem candidate
-4.7152996,114.55817,PubChem candidate
34.51235,-31.63989,PubChem candidate
-77.67055,53.707443,PubChem candidate
-79.04509,51.43945,PubChem candidate
37.080524,84.976074,PubChem candidate
2.576522,17.975992,PubChem candidate
-66.16401,-47.575336,PubChem candidate
-59.60072,11.265488,PubChem candidate
1.2202501,-5.7696586,PubChem candidate
-15.554099,20.044933,PubChem candidate
44.84582,-55.55917,PubChem candidate
-13.312852,-88.55201,PubChem candidate
7.896888,-56.371876,PubChem candidate
15.06784,-7.1338654,PubChem candidate
-60.699894,8.640453,PubChem candidate
25.103277,-52.49124,PubChem candidate
114.89723,-11.7332535,PubChem candidate
108.35341,0.080881,PubChem candidate
-44.17506,-46.177288,PubChem candidate
0.13441607,-104.79213,PubChem candidate
-14.982632,116.28296,PubChem candidate
0.31154004,-0.7006677,PubChem candidate
-35.213116,-16.09059,PubChem candidate
-34.22669,-83.82917,PubChem candidate
40.39755,50.36605,PubChem candidate
-51.710545,-81.18991,PubChem candidate
-68.59796,-63.059216,PubChem candidate
-25.381905,-22.620092,PubChem candidate
39.808125,36.392284,PubChem candidate
-106.91506,22.70177,PubChem candidate
-43.2773,37.102066,PubChem candidate
-1.9918666,-3.252667,PubChem candidate
39.427433,75.67376,PubChem candidate
9.418041,104.73071,PubChem candidate
-38.555542,22.541492,PubChem candidate
-73.823784,-54.29098,PubChem candidate
12.290283,22.244936,PubChem candidate
-29.304363,-86.532295,PubChem candidate
-89.613174,-20.997519,PubChem candidate
-15.675588,0.598749,PubChem candidate
-14.220051,21.563797,PubChem candidate
57.9964,100.00265,PubChem candidate
-15.952862,-108.3597,PubChem candidate
39.815742,-72.67214,PubChem candidate
-35.268646,-45.05421,PubChem candidate
69.10221,-13.892837,PubChem candidate
35.00972,34.34238,PubChem candidate
-14.282003,117.39683,PubChem candidate
-23.402605,42.806522,PubChem candidate
-35.174255,32.807606,PubChem candidate
64.56698,-78.02215,PubChem candidate
49.667152,-19.645569,PubChem candidate
-32.938896,69.983215,PubChem candidate
17.693455,-29.695614,PubChem candidate
-3.00243,82.89415,PubChem candidate
44.021667,50.394,PubChem candidate
41.61671,82.51028,PubChem candidate
-47.695297,-34.286873,PubChem candidate
-22.252075,40.23235,PubChem candidate
-77.85718,52.653244,PubChem candidate
-52.308712,80.64807,PubChem candidate
11.778301,-45.94424,PubChem candidate
23.546564,-40.46461,PubChem candidate
-14.144838,-39.43773,PubChem candidate
-50.555473,-31.351873,PubChem candidate
40.99052,36.155815,PubChem candidate
47.65584,44.636078,PubChem candidate
-38.74048,65.38972,PubChem candidate
-64.92695,2.6439178,PubChem candidate
-106.5283,8.354585,PubChem candidate
53.726345,-26.176702,PubChem candidate
92.42464,-17.514797,PubChem candidate
31.461256,-42.334515,PubChem candidate
94.15833,19.607994,PubChem candidate
42.972534,35.54586,PubChem candidate
42.132122,102.2541,PubChem candidate
-13.327729,5.087994,PubChem candidate
46.903793,-9.033797,PubChem candidate
13.781013,-3.0954895,PubChem candidate
65.46836,-71.64786,PubChem candidate
111.000984,-26.323126,PubChem candidate
-39.124,-12.428897,PubChem candidate
-7.1490912,-33.00587,PubChem candidate
-42.58811,-65.583405,PubChem candidate
-107.39118,-8.245238,PubChem candidate
16.860132,-36.203186,PubChem candidate
58.01231,-82.62946,PubChem candidate
68.2609,4.6781216,PubChem candidate
-20.13737,-23.017939,PubChem candidate
-3.9109356,44.350754,PubChem candidate
-25.862389,-96.938034,PubChem candidate
-79.039665,-60.595276,PubChem candidate
112.01039,-9.607156,PubChem candidate
64.192505,-53.3732,PubChem candidate
-27.737099,-52.699753,PubChem candidate
-3.7252886,107.83629,PubChem candidate
-54.057896,-13.66674,PubChem candidate
-65.84088,-61.087994,PubChem candidate
89.64627,-29.840567,PubChem candidate
-1.3136302,113.19806,PubChem candidate
0.5727672,-104.13095,PubChem candidate
70.76436,-83.29374,PubChem candidate
-8.2155285,10.758854,PubChem candidate
104.78428,-37.354847,PubChem candidate
2.4412937,110.954346,PubChem candidate
12.743182,-103.662704,PubChem candidate
35.478485,13.238113,PubChem candidate
-59.847763,10.0738735,PubChem candidate
-3.797501,-54.020718,PubChem candidate
-28.546804,-6.462698,PubChem candidate
-16.447147,-22.19949,PubChem candidate
75.961006,10.142428,PubChem candidate
-58.72664,64.99519,PubChem candidate
-23.332882,-52.436188,PubChem candidate
47.485184,45.01697,PubChem candidate
-16.9423,85.2067,PubChem candidate
-97.628716,-41.532207,PubChem candidate
3.0795627,-55.291355,PubChem candidate
-29.035183,40.094936,PubChem candidate
6.6158223,-51.13858,PubChem candidate
36.084053,28.540358,PubChem candidate
16.751259,71.746765,PubChem candidate
-89.000374,21.373571,PubChem candidate
-95.5466,-34.997265,PubChem candidate
-31.018085,-38.620247,PubChem candidate
57.752605,-0.8909125,PubChem candidate
-56.571964,-45.55511,PubChem candidate
-14.967072,19.45458,PubChem candidate
-74.569435,5.262967,PubChem candidate
54.966095,28.668987,PubChem candidate
-42.942204,21.143557,PubChem candidate
-28.588606,-84.03648,PubChem candidate
34.849434,25.16398,PubChem candidate
-18.791449,-106.76799,PubChem candidate
59.94764,32.243988,PubChem candidate
92.16182,-18.354946,PubChem candidate
-21.561762,-94.443375,PubChem candidate
52.478374,-17.97074,PubChem candidate
-38.400864,71.1628,PubChem candidate
-89.53567,21.63039,PubChem candidate
-51.586086,67.96352,PubChem candidate
22.059057,42.202442,PubChem candidate
-101.43926,23.925661,PubChem candidate
-64.92583,6.692245,PubChem candidate
16.89684,67.24208,PubChem candidate
36.407204,93.78655,PubChem candidate
10.39098,97.5543,PubChem candidate
-11.783604,8.13217,PubChem candidate
1.8591366,-64.72079,PubChem candidate
-14.989306,116.15791,PubChem candidate
63.182182,-53.824665,PubChem candidate
45.92887,-40.126114,PubChem candidate
-15.376737,-40.45862,PubChem candidate
-15.663634,84.38105,PubChem candidate
12.020235,-1.5296581,PubChem candidate
-22.801458,-32.87486,PubChem candidate
-29.468235,-32.288017,PubChem candidate
-74.06387,-11.144529,PubChem candidate
101.443504,23.179543,PubChem candidate
-13.297418,-24.52661,PubChem candidate
-15.451029,-51.63929,PubChem candidate
9.473875,104.23769,PubChem candidate
40.645348,-59.359768,PubChem candidate
-35.94031,102.45538,PubChem candidate
33.186333,81.70684,PubChem candidate
57.471,1.9627324,PubChem candidate
-56.69284,65.90911,PubChem candidate
-38.41094,102.86782,PubChem candidate
92.480576,-31.578835,PubChem candidate
9.918229,111.80886,PubChem candidate
44.729736,104.702324,PubChem candidate
-6.216344,10.1635,PubChem candidate
-130.76627,-9.285705,PubChem candidate
-68.00994,-63.092937,PubChem candidate
-27.673883,59.712063,PubChem candidate
-16.463522,-41.11603,PubChem candidate
10.853763,5.883288,PubChem candidate
-16.141148,117.66238,PubChem candidate
-29.071714,94.66808,PubChem candidate
-13.083697,81.41891,PubChem candidate
-27.531858,-97.68423,PubChem candidate
7.967622,-41.454044,PubChem candidate
114.8217,-20.661896,PubChem candidate
11.625912,-107.06663,PubChem candidate
-23.266386,69.43175,PubChem candidate
-1.9916974,113.3923,PubChem candidate
-0.9058082,19.230663,PubChem candidate
63.72923,-14.939767,PubChem candidate
17.67014,-102.2997,PubChem candidate
-40.095406,67.73351,PubChem candidate
35.69761,-32.37854,PubChem candidate
0.45704934,-110.46138,PubChem candidate
-18.024328,6.6284456,PubChem candidate
108.57932,-28.988312,PubChem candidate
-22.438934,70.439514,PubChem candidate
-22.953463,-47.55185,PubChem candidate
52.862362,-12.773695,PubChem candidate
18.500834,-41.39458,PubChem candidate
-18.822502,-53.941006,PubChem candidate
-58.595222,-46.720585,PubChem candidate
-4.5572457,114.75378,PubChem candidate
42.367573,83.120766,PubChem candidate
-105.706276,-25.344196,PubChem candidate
52.451477,-8.942919,PubChem candidate
-11.318557,-22.834766,PubChem candidate
94.32936,25.350983,PubChem candidate
-1.910746,27.138071,PubChem candidate
-24.783453,70.28968,PubChem candidate
-40.792984,67.44631,PubChem candidate
-107.74743,3.7423594,PubChem candidate
-9.309624,-93.159195,PubChem candidate
0.64360446,-104.226036,PubChem candidate
11.922892,68.956894,PubChem candidate
-16.97833,14.7096815,PubChem candidate
-28.528154,95.45921,PubChem candidate
-105.98576,-13.643254,PubChem candidate
106.6614,21.895575,PubChem candidate
30.575933,32.08678,PubChem candidate
-8.440248,45.309048,PubChem candidate
108.358604,-33.094826,PubChem candidate
-44.42236,-80.93881,PubChem candidate
-40.021667,104.19257,PubChem candidate
68.43705,-64.26084,PubChem candidate
-53.143803,-64.77993,PubChem candidate
-19.944632,-26.599972,PubChem candidate
-34.46087,-98.43373,PubChem candidate
-31.673422,-42.28152,PubChem candidate
-12.705014,-7.7114897,PubChem candidate
-102.35358,18.183306,PubChem candidate
36.61705,18.112381,PubChem candidate
45.54699,-89.89787,PubChem candidate
-101.05985,-34.124928,PubChem candidate
-29.541885,95.64407,PubChem candidate
-42.385406,38.051502,PubChem candidate
17.363024,67.40675,PubChem candidate
0.44167653,85.33017,PubChem candidate
-35.837498,-77.22221,PubChem candidate
-105.24959,30.339813,PubChem candidate
-32.193855,96.961494,PubChem candidate
36.856873,103.06201,PubChem candidate
3.4718378,-65.396416,PubChem candidate
42.81682,-59.35791,PubChem candidate
-4.51848,18.136248,PubChem candidate
-15.895135,20.93165,PubChem candidate
-108.80583,5.4785285,PubChem candidate
-44.57667,-26.983307,PubChem candidate
-37.133266,-46.386177,PubChem candidate
-75.69438,-58.950626,PubChem candidate
-72.36057,12.24567,PubChem candidate
8.23124,-56.795475,PubChem candidate
-61.799294,-55.373707,PubChem candidate
-106.75268,-10.434608,PubChem candidate
16.66111,-14.071009,PubChem candidate
12.455961,64.17125,PubChem candidate
-105.280075,29.989061,PubChem candidate
10.300592,97.919334,PubChem candidate
-52.36961,-81.77202,PubChem candidate
17.48214,-32.94635,PubChem candidate
9.242051,102.77486,PubChem candidate
95.726685,-20.604605,PubChem candidate
-14.275922,-40.11207,PubChem candidate
-33.42536,23.47208,PubChem candidate
-10.547882,75.02166,PubChem candidate
-35.599945,69.077,PubChem candidate
-26.38692,93.95919,PubChem candidate
-24.598736,-81.90388,PubChem candidate
-14.790709,106.504486,PubChem candidate
-18.363794,74.84584,PubChem candidate
42.873684,83.178474,PubChem candidate
12.85859,-56.054417,PubChem candidate
11.441237,5.7737417,PubChem candidate
68.77959,13.664262,PubChem candidate
9.117835,20.565193,PubChem candidate
112.413994,-19.469006,PubChem candidate
-14.287964,72.23508,PubChem candidate
-107.697105,9.263179,PubChem candidate
-65.47521,6.0545716,PubChem candidate
-0.59143955,-6.0495243,PubChem candidate
35.132355,107.2459,PubChem candidate
44.25883,-11.448201,PubChem candidate
40.25217,93.71414,PubChem candidate
42.517197,-88.49589,PubChem candidate
27.647665,112.0804,PubChem candidate
77.481705,7.052244,PubChem candidate
102.411514,3.640883,PubChem candidate
-12.60402,109.81506,PubChem candidate
-8.558913,-11.689011,PubChem candidate
68.52261,-14.478722,PubChem candidate
7.3085237,-104.08617,PubChem candidate
-64.39393,4.8423085,PubChem candidate
-18.53994,96.409676,PubChem candidate
-2.3705392,117.30375,PubChem candidate
-79.6405,-3.8866816,PubChem candidate
-8.992942,-10.910398,PubChem candidate
114.18131,-19.681124,PubChem candidate
-3.0815208,26.355612,PubChem candidate
92.63668,-31.584509,PubChem candidate
-11.178336,-30.870564,PubChem candidate
-25.391937,84.326454,PubChem candidate
-13.99935,4.304137,PubChem candidate
-78.043144,51.460842,PubChem candidate
6.865444,-55.664047,PubChem candidate
-111.6723,-32.01416,PubChem candidate
-0.6953097,-65.06745,PubChem candidate
-34.50568,-59.96291,PubChem candidate
-3.0529087,114.16938,PubChem candidate
-22.599155,-33.27559,PubChem candidate
20.177507,-68.90623,PubChem candidate
-53.852505,-74.4921,PubChem candidate
-12.456796,-4.4540496,PubChem candidate
35.07051,17.362991,PubChem candidate
-33.810932,-47.595978,PubChem candidate
-67.297676,14.384025,PubChem candidate
-30.41815,-12.732604,PubChem candidate
-78.043144,51.460842,PubChem candidate
-26.80462,39.521812,PubChem candidate
7.5397525,-112.056076,PubChem candidate
-47.621113,42.91275,PubChem candidate
8.850412,-56.165764,PubChem candidate
-22.055923,-49.170002,PubChem candidate
33.664837,26.664324,PubChem candidate
-46.79359,40.777023,PubChem candidate
-91.84047,23.176764,PubChem candidate
66.43455,-76.54891,PubChem candidate
-37.86121,38.30241,PubChem candidate
45.508484,-92.06497,PubChem candidate
-14.119974,67.82718,PubChem candidate
-14.6449175,-108.7943,PubChem candidate
-127.23752,-13.126406,PubChem candidate
-20.574844,-36.877136,PubChem candidate
-10.603793,39.84258,PubChem candidate
-12.176015,-104.67153,PubChem candidate
-35.210255,100.22508,PubChem candidate
116.29017,-16.200682,PubChem candidate
-12.503702,1.7699474,PubChem candidate
-18.695108,-106.93361,PubChem candidate
-32.306732,-58.64457,PubChem candidate
-56.208298,-51.53251,PubChem candidate
-42.66377,43.298832,PubChem candidate
10.244937,97.82052,PubChem candidate
-13.854251,-28.486404,PubChem candidate
12.671708,20.539898,PubChem candidate
-31.150023,42.4466,PubChem candidate
16.565903,-14.5130205,PubChem candidate
94.37224,-24.189917,PubChem candidate
-10.785496,-101.404564,PubChem candidate
62.026646,-19.62865,PubChem candidate
53.845455,-22.180817,PubChem candidate
-1.3064911,118.09723,PubChem candidate
-20.961641,5.884844,PubChem candidate
-1.6854773,12.268575,PubChem candidate
51.20819,-40.20309,PubChem candidate
108.02271,-9.68243,PubChem candidate
-40.39244,69.103325,PubChem candidate
-1.3344697,113.742355,PubChem candidate
-97.44387,14.666849,PubChem candidate
-126.14527,-8.502846,PubChem candidate
-62.400723,-58.603153,PubChem candidate
-20.543808,69.45141,PubChem candidate
-43.879375,-45.252506,PubChem candidate
-50.082176,79.61596,PubChem candidate
2.7515159,-59.884518,PubChem candidate
-20.310488,4.773785,PubChem candidate
39.721664,92.87624,PubChem candidate
61.8559,-19.576057,PubChem candidate
-17.709087,-54.805088,PubChem candidate
-11.068492,9.024391,PubChem candidate
-39.78276,-76.52441,PubChem candidate
-34.753643,-98.78419,PubChem candidate
-20.312288,60.47526,PubChem candidate
-1.930159,16.845303,PubChem candidate
-13.601377,-107.06523,PubChem candidate
12.895897,2.0112793,PubChem candidate
68.01493,-8.31259,PubChem candidate
-1.7800097,8.41382,PubChem candidate
57.31005,-1.0721697,PubChem candidate
-111.577,-26.53452,PubChem candidate
2.670771,-72.145874,PubChem candidate
94.07453,-44.54756,PubChem candidate
-17.193596,69.07523,PubChem candidate
-66.167114,-1.0450132,PubChem candidate
-78.93974,53.656315,PubChem candidate
37.76303,105.852646,PubChem candidate
-17.383358,-14.930163,PubChem candidate
-17.04774,83.94835,PubChem candidate
18.227818,-37.137142,PubChem candidate
-29.433903,93.92778,PubChem candidate
-129.93436,-10.320515,PubChem candidate
-22.724133,-36.79781,PubChem candidate
58.158527,-44.065155,PubChem candidate
-27.58133,40.191467,PubChem candidate
-77.82467,-59.371986,PubChem candidate
54.002514,-41.35377,PubChem candidate
-2.3211825,5.5945716,PubChem candidate
92.23971,30.297798,PubChem candidate
-38.452408,65.92035,PubChem candidate
-17.899605,1.7572682,PubChem candidate
98.4067,23.594069,PubChem candidate
28.721745,112.28704,PubChem candidate
-30.97203,-58.08966,PubChem candidate
-22.485157,91.392006,PubChem candidate
62.889175,-53.65429,PubChem candidate
68.57029,4.5678277,PubChem candidate
-25.46383,-29.99406,PubChem candidate
-75.632774,-55.635612,PubChem candidate
-18.692463,-106.96022,PubChem candidate
115.0412,-23.457115,PubChem candidate
5.584892,-111.75804,PubChem candidate
-32.98634,-95.84354,PubChem candidate
14.496305,-105.261505,PubChem candidate
-37.81079,106.96048,PubChem candidate
29.947172,43.37523,PubChem candidate
-19.025095,72.78057,PubChem candidate
-52.58194,40.115696,PubChem candidate
-80.240135,52.81161,PubChem candidate
-26.883997,-8.205377,PubChem candidate
-70.410866,12.713612,PubChem candidate
-37.035812,70.92263,PubChem candidate
-26.337057,-83.122856,PubChem candidate
-80.240135,52.81161,PubChem candidate
-9.54722,-39.015125,PubChem candidate
-44.05359,-45.31722,PubChem candidate
42.10683,-87.80677,PubChem candidate
1.8994612,82.57359,PubChem candidate
75.046585,-1.497121,PubChem candidate
-17.845621,-28.969769,PubChem candidate
-65.04447,16.294039,PubChem candidate
-37.854027,-20.141573,PubChem candidate
-42.996582,-80.00381,PubChem candidate
0.052089844,-0.76756036,PubChem candidate
-102.92282,25.627281,PubChem candidate
38.65838,94.713776,PubChem candidate
71.958694,51.38865,PubChem candidate
39.454437,-92.26015,PubChem candidate
-38.315205,65.21671,PubChem candidate
-66.716324,-46.217087,PubChem candidate
50.695847,-83.00942,PubChem candidate
64.10581,-79.32163,PubChem candidate
-53.375534,34.81228,PubChem candidate
32.80385,-41.71841,PubChem candidate
27.707989,29.258093,PubChem candidate
-2.766748,-100.33731,PubChem candidate
-16.3249,20.29064,PubChem candidate
-15.2653885,117.91149,PubChem candidate
-16.608496,60.02801,PubChem candidate
50.898617,-9.832139,PubChem candidate
-25.199833,-96.35978,PubChem candidate
-72.43551,15.459986,PubChem candidate
-44.146774,-80.253296,PubChem candidate
89.65436,-29.904602,PubChem candidate
-14.479189,-41.195908,PubChem candidate
-11.458418,-106.96938,PubChem candidate
91.49165,-30.406517,PubChem candidate
-49.484722,63.526295,PubChem candidate
8.425019,-57.610016,PubChem candidate
0.80456495,-109.333015,PubChem candidate
-80.240135,52.81161,PubChem candidate
-26.313515,41.49303,PubChem candidate
8.490443,-52.048794,PubChem candidate
106.84339,-5.3703437,PubChem candidate
-62.531406,2.181746,PubChem candidate
10.524703,105.24153,PubChem candidate
116.157974,30.28861,PubChem candidate
76.26518,6.5151086,PubChem candidate
36.666412,107.50403,PubChem candidate
-27.8064,59.36756,PubChem candidate
-12.4345665,108.7325,PubChem candidate
-66.94224,9.051852,PubChem candidate
-52.58806,35.088768,PubChem candidate
-6.982513,-91.553024,PubChem candidate
-14.409838,11.708269,PubChem candidate
-17.185606,16.771437,PubChem candidate
42.328896,-91.43889,PubChem candidate
-30.834652,-24.620432,PubChem candidate
-10.902675,15.331288,PubChem candidate
-28.386768,-55.14171,PubChem candidate
66.30006,-76.92765,PubChem candidate
-74.60983,-61.598583,PubChem candidate
-0.46284583,80.824715,PubChem candidate
30.069227,39.091984,PubChem candidate
29.591866,31.68186,PubChem candidate
39.93685,-94.20836,PubChem candidate
61.193302,-49.905006,PubChem candidate
19.59542,71.02202,PubChem candidate
-45.84544,-84.09293,PubChem candidate
-22.955498,114.63842,PubChem candidate
-38.075474,71.647446,PubChem candidate
-32.26406,22.061888,PubChem candidate
68.71399,1.1760371,PubChem candidate
-18.22209,-29.64235,PubChem candidate
0.46550447,80.38986,PubChem candidate
-56.744614,70.51023,PubChem candidate
-22.60792,-53.975975,PubChem candidate
113.04228,-17.845715,PubChem candidate
-1.9746573,107.77581,PubChem candidate
-23.326815,-93.68832,PubChem candidate
-11.410139,110.890144,PubChem candidate
32.984295,8.276132,PubChem candidate
24.422447,-53.92709,PubChem candidate
-22.256496,7.9756246,PubChem candidate
40.79955,-56.094994,PubChem candidate
-31.878378,-84.66963,PubChem candidate
-133.61877,-11.2020235,PubChem candidate
-91.85111,25.049835,PubChem candidate
-61.480667,-57.203274,PubChem candidate
-71.293945,-46.75896,PubChem candidate
-12.014037,-106.137665,PubChem candidate
-30.579832,-86.19956,PubChem candidate
1.6577797,15.077366,PubChem candidate
-4.423943,46.900013,PubChem candidate
-50.22976,-65.252205,PubChem candidate
92.69557,-29.030998,PubChem candidate
-65.47374,2.5917234,PubChem candidate
-22.369207,-89.75384,PubChem candidate
11.943522,-43.265877,PubChem candidate
10.165348,19.602636,PubChem candidate
-10.067421,-103.96658,PubChem candidate
7.6400332,-61.605125,PubChem candidate
43.60403,103.6058,PubChem candidate
-21.092747,-37.958992,PubChem candidate
42.58459,32.041782,PubChem candidate
5.880709,-111.35313,PubChem candidate
106.73574,-35.653053,PubChem candidate
0.18027216,83.17899,PubChem candidate
-0.90812886,6.4729676,PubChem candidate
-9.3599415,10.476121,PubChem candidate
-124.54825,2.3673222,PubChem candidate
-18.20513,-40.38348,PubChem candidate
52.987667,37.189983,PubChem candidate
-111.29177,-31.418709,PubChem candidate
-30.311905,-97.4493,PubChem candidate
69.940216,15.120199,PubChem candidate
-19.007687,58.774467,PubChem candidate
-27.442774,-56.096012,PubChem candidate
40.600163,-66.65663,PubChem candidate
-22.201763,-19.17809,PubChem candidate
14.12284,4.214238,PubChem candidate
-34.096928,-47.655533,PubChem candidate
0.74238133,-102.90485,PubChem candidate
25.829493,32.552647,PubChem candidate
-23.426119,-31.44379,PubChem candidate
-58.37958,34.102386,PubChem candidate
61.340874,-73.10366,PubChem candidate
4.759296,-55.42701,PubChem candidate
-9.935771,-95.736244,PubChem candidate
20.126875,0.77167183,PubChem candidate
-10.77822,8.70267,PubChem candidate
-41.990364,60.045994,PubChem candidate
-95.58688,3.7336576,PubChem candidate
6.3701806,17.791788,PubChem candidate
40.70706,30.659855,PubChem candidate
48.071808,-12.1600065,PubChem candidate
42.06874,84.54303,PubChem candidate
73.15413,-38.955868,PubChem candidate
2.1071885,15.430838,PubChem candidate
-27.39984,94.41516,PubChem candidate
6.5855684,-75.646736,PubChem candidate
35.555393,-31.836248,PubChem candidate
-22.363554,-92.366425,PubChem candidate
-50.143833,-79.701,PubChem candidate
-30.945362,-88.546555,PubChem candidate
-77.85718,52.653244,PubChem candidate
66.17154,-13.40234,PubChem candidate
116.927185,-11.992325,PubChem candidate
-5.323766,24.220932,PubChem candidate
-35.100258,-38.87452,PubChem candidate
37.390057,11.725498,PubChem candidate
29.630358,112.27752,PubChem candidate
-59.118874,-63.838524,PubChem candidate
-32.3625,105.63366,PubChem candidate
35.68671,-34.075882,PubChem candidate
66.66164,-14.467607,PubChem candidate
64.21009,-78.85683,PubChem candidate
-39.15084,-28.943573,PubChem candidate
0.08185665,-105.75683,PubChem candidate
70.772934,-42.835445,PubChem candidate
-59.029896,37.699646,PubChem candidate
11.762556,64.86751,PubChem candidate
-128.2914,-0.8874645,PubChem candidate
-10.186986,45.407578,PubChem candidate
-68.09614,18.585154,PubChem candidate
41.373775,-58.89034,PubChem candidate
6.715369,-105.981766,PubChem candidate
45.536068,-48.992462,PubChem candidate
-52.245056,-82.02787,PubChem candidate
-15.299766,121.021126,PubChem candidate
31.911077,25.920435,PubChem candidate
-80.240135,52.81161,PubChem candidate
85.92481,44.08113,PubChem candidate
-44.641994,68.09218,PubChem candidate
-18.47185,-39.3961,PubChem candidate
-47.838108,-67.55676,PubChem candidate
-12.920654,-7.7874284,PubChem candidate
18.624931,-42.028904,PubChem candidate
-24.162075,43.641808,PubChem candidate
-44.795143,-65.42477,PubChem candidate
-29.286062,-86.62387,PubChem candidate
25.905102,-53.391197,PubChem candidate
-13.300055,-36.234028,PubChem candidate
-27.247543,-39.61147,PubChem candidate
-11.750158,-37.62504,PubChem candidate
90.16227,-42.038853,PubChem candidate
-41.83265,-77.59138,PubChem candidate
-33.773,101.33501,PubChem candidate
4.790449,-9.542473,PubChem candidate
-38.9653,-16.543846,PubChem candidate
-12.989609,9.356543,PubChem candidate
9.286984,103.35767,PubChem candidate
29.924318,41.93355,PubChem candidate
17.862427,67.422356,PubChem candidate
-1.6804842,116.606926,PubChem candidate
-42.911633,20.052153,PubChem candidate
35.447292,-35.009354,PubChem candidate
-7.491432,-92.223976,PubChem candidate
67.766884,-60.5994,PubChem candidate
63.461624,-49.56199,PubChem candidate
-114.26277,-26.728767,PubChem candidate
92.35782,27.436432,PubChem candidate
6.4853663,-111.872086,PubChem candidate
-14.105971,111.93673,PubChem candidate
-14.491987,117.312515,PubChem candidate
-92.81125,22.237368,PubChem candidate
-57.24753,69.97317,PubChem candidate
-13.471053,-105.57734,PubChem candidate
6.9092,-71.22223,PubChem candidate
-0.28548625,81.52195,PubChem candidate
103.37748,35.610935,PubChem candidate
-71.52195,-8.461324,PubChem candidate
6.9355226,-73.0371,PubChem candidate
-13.529017,-25.777668,PubChem candidate
-28.403675,-98.40033,PubChem candidate
-15.956769,118.34489,PubChem candidate
-22.366093,-89.021324,PubChem candidate
-56.863575,65.22156,PubChem candidate
17.436335,-37.606503,PubChem candidate
-14.9026,82.97774,PubChem candidate
34.067818,13.374303,PubChem candidate
-10.04339,1.3095858,PubChem candidate
-111.16373,-28.176205,PubChem candidate
15.735926,-6.384542,PubChem candidate
64.2483,-58.92917,PubChem candidate
-44.488216,38.723415,PubChem candidate
-30.8078,-95.34638,PubChem candidate
10.427211,110.70434,PubChem candidate
13.96337,66.0206,PubChem candidate
0.5622921,-110.16687,PubChem candidate
-32.27136,22.783266,PubChem candidate
-125.3966,1.2860231,PubChem candidate
-35.585373,-23.906199,PubChem candidate
64.68448,-67.32367,PubChem candidate
-94.94875,2.622702,PubChem candidate
48.57096,40.247616,PubChem candidate
-29.413671,54.83234,PubChem candidate
0.16725102,-60.16751,PubChem candidate
-2.109188,-111.738365,PubChem candidate
13.372786,64.301186,PubChem candidate
-24.2072,-54.393425,PubChem candidate
109.42714,-30.168715,PubChem candidate
-79.08647,-1.1264474,PubChem candidate
-38.10878,24.230076,PubChem candidate
76.87813,9.597573,PubChem candidate
36.567333,87.64526,PubChem candidate
-70.04461,-51.827637,PubChem candidate
37.07996,108.04959,PubChem candidate
-101.90222,10.79112,PubChem candidate
-10.756533,17.631237,PubChem candidate
-59.33155,-45.646526,PubChem candidate
-95.165665,-20.178751,PubChem candidate
-4.855968,43.992054,PubChem candidate
-46.75018,70.549805,PubChem candidate
40.49688,93.537476,PubChem candidate
53.308746,-81.93945,PubChem candidate
-52.42372,-29.284296,PubChem candidate
-9.947675,1.4211258,PubChem candidate
-42.390358,-10.630906,PubChem candidate
-16.798746,4.0746026,PubChem candidate
-95.97487,7.1805325,PubChem candidate
-30.13382,93.88834,PubChem candidate
-23.194178,114.68909,PubChem candidate
-65.1637,-45.846645,PubChem candidate
-113.651665,-0.96907765,PubChem candidate
13.413784,19.896507,PubChem candidate
-60.107548,-45.371136,PubChem candidate
26.759361,-53.229115,PubChem candidate
-33.887794,-42.31115,PubChem candidate
2.6767254,-58.985817,PubChem candidate
107.7269,-31.69539,PubChem candidate
8.462676,-60.149723,PubChem candidate
-18.652138,-28.26212,PubChem candidate
-10.056962,-90.5392,PubChem candidate
-41.382397,-27.378702,PubChem candidate
9.157873,102.83016,PubChem candidate
-98.40714,-32.667988,PubChem candidate
-36.836536,-44.577713,PubChem candidate
-76.05027,-10.283379,PubChem candidate
-10.697546,-101.78118,PubChem candidate
-1.9600133,109.520775,PubChem candidate
59.38845,101.99574,PubChem candidate
44.22895,-87.53123,PubChem candidate
-48.06176,-81.97477,PubChem candidate
-19.708775,-29.27487,PubChem candidate
-60.433212,12.619063,PubChem candidate
92.90752,-43.262043,PubChem candidate
-96.39937,-19.719503,PubChem candidate
-7.131937,22.74668,PubChem candidate
-50.898884,-33.39819,PubChem candidate
-25.616594,90.54494,PubChem candidate
107.62949,-31.578445,PubChem candidate
12.744643,65.58562,PubChem candidate
-16.087646,22.621336,PubChem candidate
-59.89846,14.808216,PubChem candidate
-37.36148,25.044077,PubChem candidate
-5.457665,8.293598,PubChem candidate
-80.240135,52.81161,PubChem candidate
69.87739,16.329035,PubChem candidate
-0.22151062,96.39388,PubChem candidate
-19.180386,40.157368,PubChem candidate
-16.433842,21.154968,PubChem candidate
-18.657757,-107.00463,PubChem candidate
-43.94395,-17.89816,PubChem candidate
-32.36758,105.6538,PubChem candidate
5.598104,-57.09087,PubChem candidate
15.2944145,-105.45427,PubChem candidate
-18.344744,13.741703,PubChem candidate
-21.025427,-8.255834,PubChem candidate
-71.7287,3.8754678,PubChem candidate
-14.94663,94.70899,PubChem candidate
-13.5479355,68.16673,PubChem candidate
95.9247,-4.121627,PubChem candidate
10.449316,106.983025,PubChem candidate
-10.455003,-90.587494,PubChem candidate
-60.277042,12.405619,PubChem candidate
-27.417822,-5.473588,PubChem candidate
-29.166563,-31.824516,PubChem candidate
-33.77353,-93.848015,PubChem candidate
-116.89379,-26.324797,PubChem candidate
-4.519952,3.812596,PubChem candidate
-31.468916,-48.002872,PubChem candidate
-36.59462,43.333706,PubChem candidate
-25.067503,-93.909874,PubChem candidate
-27.859589,-11.2290325,PubChem candidate
-29.650694,-85.41822,PubChem candidate
23.218521,27.729647,PubChem candidate
117.90273,32.203625,PubChem candidate
101.094185,4.230147,PubChem candidate
-97.32191,-39.458527,PubChem candidate
-14.1899,-108.342354,PubChem candidate
69.02079,14.04402,PubChem candidate
46.314785,-79.25639,PubChem candidate
36.975365,105.29599,PubChem candidate
91.7313,-25.113121,PubChem candidate
-55.057938,69.622055,PubChem candidate
-19.885693,-53.15668,PubChem candidate
7.2756705,-77.38626,PubChem candidate
-33.625328,-36.8572,PubChem candidate
-72.097534,16.795715,PubChem candidate
66.82454,-73.46968,PubChem candidate
93.74909,-25.531588,PubChem candidate
-49.848835,79.633804,PubChem candidate
-14.904886,-41.191513,PubChem candidate
-12.328251,-46.877556,PubChem candidate
-29.555841,42.645004,PubChem candidate
65.657974,-63.119534,PubChem candidate
-111.48077,-30.132917,PubChem candidate
-64.48373,-47.631447,PubChem candidate
-78.93974,53.656315,PubChem candidate
-43.48702,-9.07167,PubChem candidate
3.4421535,-14.640221,PubChem candidate
7.455976,-76.78459,PubChem candidate
-24.881943,92.2358,PubChem candidate
-4.6529098,22.58296,PubChem candidate
40.89092,51.05786,PubChem candidate
-72.11409,13.851477,PubChem candidate
36.592026,83.60083,PubChem candidate
-18.169298,59.232697,PubChem candidate
-2.5355046,-100.99178,PubChem candidate
-80.2414,51.33276,PubChem candidate
49.607903,95.15298,PubChem candidate
-52.364197,-78.19763,PubChem candidate
-25.935545,-96.85172,PubChem candidate
109.96086,23.957018,PubChem candidate
-34.06104,22.883295,PubChem candidate
13.3105545,64.33778,PubChem candidate
33.96196,107.19245,PubChem candidate
-77.85718,52.653244,PubChem candidate
-41.590263,-77.69841,PubChem candidate
-7.525845,-92.60507,PubChem candidate
-16.03443,108.07741,PubChem candidate
110.73212,-26.881676,PubChem candidate
52.811607,-18.594524,PubChem candidate
-26.109936,-96.960014,PubChem candidate
-21.960552,-53.432304,PubChem candidate
-18.987171,59.15784,PubChem candidate
9.990407,0.4820079,PubChem candidate
6.9584866,109.65412,PubChem candidate
-55.93375,65.637856,PubChem candidate
-1.9879652,12.716512,PubChem candidate
-55.79416,66.03042,PubChem candidate
-19.444817,12.506863,PubChem candidate
12.6417265,-67.86643,PubChem candidate
35.803753,-69.72219,PubChem candidate
69.05934,-47.555607,PubChem candidate
-113.00672,-31.1819,PubChem candidate
-20.118973,60.254654,PubChem candidate
27.058582,-52.660896,PubChem candidate
1.1757437,3.0447412,PubChem candidate
3.7773323,-50.670456,PubChem candidate
-20.882303,40.14207,PubChem candidate
-69.54588,-2.2374883,PubChem candidate
25.141966,-53.23905,PubChem candidate
-52.776966,-63.35412,PubChem candidate
115.41222,-22.715435,PubChem candidate
7.3243146,-50.71482,PubChem candidate
43.00821,52.532753,PubChem candidate
24.631342,-58.53506,PubChem candidate
-74.06735,-10.921257,PubChem candidate
-43.29096,-66.74439,PubChem candidate
-29.382074,55.003468,PubChem candidate
-16.166828,18.273932,PubChem candidate
5.968133,-61.583363,PubChem candidate
-15.069796,-108.653305,PubChem candidate
106.21724,-35.77318,PubChem candidate
95.63029,-6.7208614,PubChem candidate
70.422554,2.9784925,PubChem candidate
0.674673,81.355354,PubChem candidate
-48.547813,-17.564793,PubChem candidate
-89.93524,-21.275152,PubChem candidate
-9.851275,-98.2444,PubChem candidate
16.1763,-107.11871,PubChem candidate
-9.958602,-101.27159,PubChem candidate
-13.584509,-103.243576,PubChem candidate
-93.76043,28.404762,PubChem candidate
-1.2339314,81.71993,PubChem candidate
-10.113704,-100.58053,PubChem candidate
33.715927,26.050697,PubChem candidate
-55.180073,65.01183,PubChem candidate
-53.900932,37.773956,PubChem candidate
43.985653,-92.54346,PubChem candidate
-28.559834,99.83526,PubChem candidate
-14.530629,-109.607735,PubChem candidate
-44.86752,-65.12425,PubChem candidate
-1.0889508,-112.39246,PubChem candidate
27.693817,37.081284,PubChem candidate
3.9133983,-56.152195,PubChem candidate
75.43499,53.750614,PubChem candidate
23.281128,-40.755703,PubChem candidate
44.072502,-89.88855,PubChem candidate
-22.980738,-52.528336,PubChem candidate
28.638994,112.01658,PubChem candidate
-64.38966,0.9460772,PubChem candidate
93.87688,29.930397,PubChem candidate
-10.823778,-94.073105,PubChem candidate
-23.499931,42.336647,PubChem candidate
-18.882374,72.93096,PubChem candidate
-20.020348,87.94986,PubChem candidate
43.936314,49.88963,PubChem candidate
8.29375,-75.93479,PubChem candidate
11.039373,111.340126,PubChem candidate
-124.684906,-1.7409347,PubChem candidate
34.360554,-30.923716,PubChem candidate
-18.067062,56.06839,PubChem candidate
-12.493582,106.40874,PubChem candidate
-11.25314,-96.1715,PubChem candidate
-16.559,-20.369751,PubChem candidate
41.444923,-93.386055,PubChem candidate
89.44764,-29.689178,PubChem candidate
-8.16912,-92.9953,PubChem candidate
15.7091465,-2.7689703,PubChem candidate
-6.50182,24.12188,PubChem candidate
-56.952816,39.155674,PubChem candidate
-99.40346,24.371958,PubChem candidate
41.7226,-89.12758,PubChem candidate
-59.672424,35.175133,PubChem candidate
-28.710709,-7.5202794,PubChem candidate
-65.30236,6.1307635,PubChem candidate
9.211071,-52.40468,PubChem candidate
-61.121834,-64.07744,PubChem candidate
3.354283,-60.077408,PubChem candidate
-2.7877781,23.866846,PubChem candidate
-37.32258,60.60591,PubChem candidate
-49.31024,-81.32234,PubChem candidate
-16.272545,76.40451,PubChem candidate
58.389393,29.181993,PubChem candidate
-24.18734,-26.99095,PubChem candidate
-104.28461,18.106625,PubChem candidate
6.9982452,96.34215,PubChem candidate
67.03903,-57.95567,PubChem candidate
7.3669252,-112.02461,PubChem candidate
-38.01569,65.08651,PubChem candidate
12.554253,-45.605545,PubChem candidate
-98.929756,21.222885,PubChem candidate
107.55131,-0.7774591,PubChem candidate
-32.493294,-94.90088,PubChem candidate
35.83356,89.55241,PubChem candidate
25.20414,-57.13838,PubChem candidate
93.58603,26.106356,PubChem candidate
-39.097614,-27.54273,PubChem candidate
21.904974,-66.19516,PubChem candidate
13.917692,65.91966,PubChem candidate
92.46479,30.149519,PubChem candidate
-8.470015,-37.255043,PubChem candidate
-1.7481034,12.127299,PubChem candidate
12.8750305,-55.641605,PubChem candidate
-59.24963,36.409477,PubChem candidate
-9.963954,74.52232,PubChem candidate
66.49508,-72.6566,PubChem candidate
-14.841665,-109.37465,PubChem candidate
105.60219,-33.714996,PubChem candidate
-67.22038,-0.27583838,PubChem candidate
9.826028,19.5175,PubChem candidate
11.848533,109.26276,PubChem candidate
-113.68132,-1.3001933,PubChem candidate
-24.15728,115.37186,PubChem candidate
-27.474947,-97.92879,PubChem candidate
-15.117873,-18.700312,PubChem candidate
3.0439873,5.0621285,PubChem candidate
52.063305,-87.60743,PubChem candidate
-45.46291,42.070324,PubChem candidate
98.213036,-6.25947,PubChem candidate
-66.28173,-42.351017,PubChem candidate
59.249714,102.48705,PubChem candidate
-53.484814,40.55848,PubChem candidate
-68.23741,-47.283184,PubChem candidate
107.50728,-31.168264,PubChem candidate
-10.11427,-101.43035,PubChem candidate
-15.944034,-32.469982,PubChem candidate
117.65583,-27.546207,PubChem candidate
49.39681,-9.715548,PubChem candidate
7.338084,106.47985,PubChem candidate
8.209264,94.4289,PubChem candidate
31.852688,42.989063,PubChem candidate
69.39366,-74.30765,PubChem candidate
65.42181,-69.97441,PubChem candidate
-61.991665,-44.51307,PubChem candidate
-13.637749,111.24344,PubChem candidate
-119.739586,2.79827,PubChem candidate
5.7697606,-109.03097,PubChem candidate
14.284141,67.01627,PubChem candidate
10.299265,109.33511,PubChem candidate
-18.725046,-30.018091,PubChem candidate
-60.435215,35.941303,PubChem candidate
-14.134093,21.08639,PubChem candidate
-0.23827857,-105.544525,PubChem candidate
60.937126,-75.82886,PubChem candidate
-2.9090743,117.4886,PubChem candidate
54.777344,-26.848078,PubChem candidate
112.64389,-11.170302,PubChem candidate
-16.407526,115.40115,PubChem candidate
0.2018043,8.318997,PubChem candidate
8.976496,-42.52723,PubChem candidate
-13.933938,-36.282692,PubChem candidate
-16.347897,18.177704,PubChem candidate
100.1674,22.613827,PubChem candidate
-8.858987,-18.619257,PubChem candidate
114.32714,-37.3425,PubChem candidate
-51.924164,79.15777,PubChem candidate
-51.632294,-13.917765,PubChem candidate
-43.05505,20.442148,PubChem candidate
33.49536,25.857023,PubChem candidate
-71.68717,-53.7127,PubChem candidate
57.58732,-6.8928285,PubChem candidate
-35.765465,-46.530533,PubChem candidate
82.83506,44.918182,PubChem candidate
16.50893,-38.453503,PubChem candidate
-7.884841,-31.70776,PubChem candidate
-20.481588,90.83027,PubChem candidate
-31.695095,-45.880615,PubChem candidate
-28.590893,92.4585,PubChem candidate
-34.873127,103.27812,PubChem candidate
-48.791668,-16.422695,PubChem candidate
-66.418335,16.420534,PubChem candidate
-39.7563,-76.29074,PubChem candidate
-33.405487,-72.75546,PubChem candidate
39.399086,90.06635,PubChem candidate
-13.943753,83.28853,PubChem candidate
35.445103,84.95907,PubChem candidate
11.298042,7.636854,PubChem candidate
3.8784482,-74.977295,PubChem candidate
-34.919888,-51.61292,PubChem candidate
-52.645245,34.241966,PubChem candidate
60.726162,-76.02284,PubChem candidate
-18.998463,42.65538,PubChem candidate
-127.072945,4.3746066,PubChem candidate
-16.394144,82.439865,PubChem candidate
-34.512054,-95.88656,PubChem candidate
-41.640568,-16.202087,PubChem candidate
-15.801378,-39.669334,PubChem candidate
0.46443474,8.09145,PubChem candidate
-23.342545,-93.76675,PubChem candidate
-40.404064,69.65283,PubChem candidate
-16.540415,49.868603,PubChem candidate
73.46778,4.9760356,PubChem candidate
8.88661,-56.10242,PubChem candidate
-33.243893,43.363667,PubChem candidate
-40.87694,22.554077,PubChem candidate
-56.61605,65.128944,PubChem candidate
-135.0688,-7.3167562,PubChem candidate
-1.414189,-103.289215,PubChem candidate
-10.700725,-17.704927,PubChem candidate
42.11323,84.49625,PubChem candidate
-20.801914,5.810192,PubChem candidate
13.469899,-51.756523,PubChem candidate
-101.61417,15.550731,PubChem candidate
66.57053,-58.289703,PubChem candidate
114.52811,-3.9072914,PubChem candidate
35.361633,107.16351,PubChem candidate
-30.64788,-34.504044,PubChem candidate
38.535614,-76.86507,PubChem candidate
-90.56999,22.239609,PubChem candidate
97.39268,32.328846,PubChem candidate
112.80851,-12.386404,PubChem candidate
-13.901586,23.117798,PubChem candidate
37.59637,48.67881,PubChem candidate
7.9609995,-74.77703,PubChem candidate
29.582853,32.673397,PubChem candidate
33.232754,26.658066,PubChem candidate
0.59390616,-8.070826,PubChem candidate
21.169827,-65.84041,PubChem candidate
-26.903223,39.960358,PubChem candidate
-26.41329,41.543007,PubChem candidate
-123.134094,0.571285,PubChem candidate
-79.04509,51.43945,PubChem candidate
-78.31973,-60.162365,PubChem candidate
-0.33421245,96.31777,PubChem candidate
-24.602262,92.71645,PubChem candidate
-42.857056,57.10817,PubChem candidate
25.167444,34.69656,PubChem candidate
9.743066,11.260802,PubChem candidate
-111.78706,-30.162123,PubChem candidate
-2.4235508,97.58304,PubChem candidate
-46.36207,-6.715555,PubChem candidate
-16.3146,15.393442,PubChem candidate
71.548065,-42.573246,PubChem candidate
10.09491,98.38728,PubChem candidate
1.8439143,1.231947,PubChem candidate
-29.479143,-26.010216,PubChem candidate
5.664019,-76.94627,PubChem candidate
-42.682808,-65.07252,PubChem candidate
-52.395382,69.03,PubChem candidate
-17.761238,-11.752545,PubChem candidate
23.355392,38.382236,PubChem candidate
-1.3895915,-2.5747669,PubChem candidate
22.539818,-33.323723,PubChem candidate
-18.36582,3.4043248,PubChem candidate
-56.741276,-53.063297,PubChem candidate
-23.118624,90.919365,PubChem candidate
-104.1152,25.731606,PubChem candidate
-9.943832,6.643307,PubChem candidate
107.4404,-34.81982,PubChem candidate
-21.579205,-26.526588,PubChem candidate
-0.19984925,-54.209774,PubChem candidate
20.455582,-32.7545,PubChem candidate
23.26459,-54.246387,PubChem candidate
21.248718,40.073418,PubChem candidate
-23.521118,-11.406917,PubChem candidate
114.69664,-27.542048,PubChem candidate
6.481426,-76.30523,PubChem candidate
36.36503,74.7311,PubChem candidate
-36.301613,-73.468155,PubChem candidate
-6.841131,-33.833385,PubChem candidate
35.90353,90.06989,PubChem candidate
-77.374504,8.719535,PubChem candidate
15.668509,16.856474,PubChem candidate
-1.7873896,96.141525,PubChem candidate
-74.28568,-55.073395,PubChem candidate
95.9116,25.45759,PubChem candidate
28.095802,-28.531143,PubChem candidate
77.07554,8.089918,PubChem candidate
-12.292152,-46.76752,PubChem candidate
-40.655952,-28.290169,PubChem candidate
-7.439037,41.476406,PubChem candidate
15.415338,-106.19248,PubChem candidate
-16.99535,-99.25299,PubChem candidate
-96.72526,8.70176,PubChem candidate
53.240032,52.272533,PubChem candidate
27.008,31.869505,PubChem candidate
-30.982393,-88.02849,PubChem candidate
-33.528446,69.81,PubChem candidate
-44.85337,-66.57938,PubChem candidate
65.48369,-70.6885,PubChem candidate
105.35281,-36.72362,PubChem candidate
17.566158,-36.24006,PubChem candidate
6.99859,-72.185074,PubChem candidate
110.39713,20.61356,PubChem candidate
9.847304,11.117669,PubChem candidate
95.82951,-4.9294033,PubChem candidate
-9.97341,-39.25706,PubChem candidate
-13.426407,0.8395836,PubChem candidate
49.75298,-5.1639714,PubChem candidate
56.78058,-21.512667,PubChem candidate
-40.650043,67.62808,PubChem candidate
41.070637,28.399513,PubChem candidate
-38.54404,65.42022,PubChem candidate
17.722837,-5.1476183,PubChem candidate
-7.070256,24.04054,PubChem candidate
41.25775,-58.15058,PubChem candidate
4.6552033,17.400908,PubChem candidate
-5.9179025,-99.845695,PubChem candidate
-9.818001,-24.950443,PubChem candidate
-22.502808,-8.457479,PubChem candidate
-52.674816,-78.99959,PubChem candidate
63.54863,-14.0622425,PubChem candidate
-74.332146,-58.10977,PubChem candidate
-30.732517,108.383575,PubChem candidate
38.71388,-77.475845,PubChem candidate
-63.901688,2.3986764,PubChem candidate
-5.5757656,18.612146,PubChem candidate
-125.09831,2.765992,PubChem candidate
-51.308735,41.026085,PubChem candidate
-15.347752,17.383589,PubChem candidate
-8.475719,-35.87418,PubChem candidate
-12.950164,104.90177,PubChem candidate
37.695145,105.98285,PubChem candidate
101.70055,3.85863,PubChem candidate
-88.34321,25.617424,PubChem candidate
-14.993589,11.981468,PubChem candidate
-15.23985,120.70006,PubChem candidate
-101.75245,10.661752,PubChem candidate
19.146881,-7.271853,PubChem candidate
-44.009552,73.03135,PubChem candidate
34.14514,-31.02057,PubChem candidate
114.82123,-8.614328,PubChem candidate
-42.606434,-67.11752,PubChem candidate
-5.2647796,10.97982,PubChem candidate
86.70417,57.197353,PubChem candidate
12.325798,6.0950565,PubChem candidate
-5.978487,45.76356,PubChem candidate
16.06236,-106.61972,PubChem candidate
32.768906,-40.296574,PubChem candidate
-12.465651,-3.9870229,PubChem candidate
-52.88054,-19.13032,PubChem candidate
-28.624601,54.837723,PubChem candidate
-61.341568,3.352003,PubChem candidate
-26.20855,-47.461395,PubChem candidate
0.22684267,-8.377225,PubChem candidate
2.6394227,-71.12728,PubChem candidate
0.5982091,-7.0711565,PubChem candidate
-105.6758,-20.40457,PubChem candidate
-13.793944,-104.068245,PubChem candidate
-71.55448,-5.159415,PubChem candidate
-29.913069,-24.298368,PubChem candidate
-14.820747,108.0312,PubChem candidate
-10.652576,-27.419636,PubChem candidate
44.89939,-52.576244,PubChem candidate
-120.43963,-9.565173,PubChem candidate
-66.02843,-46.83371,PubChem candidate
-17.369165,-34.11551,PubChem candidate
-52.21727,80.56057,PubChem candidate
-1.5494957,26.42092,PubChem candidate
105.33415,-20.96575,PubChem candidate
-39.241997,-20.881311,PubChem candidate
31.05059,25.786186,PubChem candidate
-13.43183,81.32851,PubChem candidate
-12.64483,-106.08427,PubChem candidate
-67.50203,-2.9986193,PubChem candidate
-10.638744,-17.851868,PubChem candidate
3.1622467,17.17446,PubChem candidate
-22.819946,71.67678,PubChem candidate
-49.255333,-32.376186,PubChem candidate
-16.933317,118.816216,PubChem candidate
-49.305,-66.99138,PubChem candidate
-66.61552,-48.805004,PubChem candidate
-77.16799,-14.239265,PubChem candidate
112.32463,-8.107265,PubChem candidate
-102.23193,17.24397,PubChem candidate
55.389866,50.193993,PubChem candidate
69.39105,14.907247,PubChem candidate
64.45066,8.126299,PubChem candidate
54.009087,-26.880066,PubChem candidate
-35.177773,32.843548,PubChem candidate
-48.09577,-28.084164,PubChem candidate
-10.298095,-19.612036,PubChem candidate
-7.7287307,21.263905,PubChem candidate
1.1287829,-108.21886,PubChem candidate
-41.760284,-16.74772,PubChem candidate
-51.34085,37.30758,PubChem candidate
77.87389,-3.825354,PubChem candidate
105.46927,35.9391,PubChem candidate
-9.649937,-1.2080085,PubChem candidate
-8.367239,-33.749588,PubChem candidate
-50.6767,67.46713,PubChem candidate
-36.273685,-96.28105,PubChem candidate
-18.658155,-99.11228,PubChem candidate
-1.7832607,98.95767,PubChem candidate
-15.925625,22.623999,PubChem candidate
53.847496,-72.59219,PubChem candidate
-78.82766,-2.7119033,PubChem candidate
44.046047,14.907253,PubChem candidate
-51.478462,-78.25941,PubChem candidate
74.806786,16.01387,PubChem candidate
-12.549625,81.15085,PubChem candidate
-24.713036,72.91065,PubChem candidate
-17.423323,69.05028,PubChem candidate
5.3516474,15.101581,PubChem candidate
-25.977339,-45.305145,PubChem candidate
-16.524681,-41.83296,PubChem candidate
20.971127,-36.11933,PubChem candidate
10.371153,13.3011055,PubChem candidate
-133.10231,-9.9440975,PubChem candidate
-24.753431,91.33781,PubChem candidate
43.38636,49.838142,PubChem candidate
-11.704427,-29.274221,PubChem candidate
-36.757656,35.876198,PubChem candidate
-28.948204,54.816757,PubChem candidate
44.171333,-90.16961,PubChem candidate
-100.194725,25.29698,PubChem candidate
81.64313,45.77335,PubChem candidate
-13.967994,-99.63073,PubChem candidate
47.58095,-8.129892,PubChem candidate
15.76116,71.78361,PubChem candidate
86.482635,46.107357,PubChem candidate
-49.01844,37.356434,PubChem candidate
-2.4621258,113.86543,PubChem candidate
-12.236723,69.398895,PubChem candidate
-134.31393,-7.97735,PubChem candidate
20.618511,72.78996,PubChem candidate
-39.490475,-39.12612,PubChem candidate
0.3982068,-106.10177,PubChem candidate
95.54871,-42.461433,PubChem candidate
63.46204,-81.42862,PubChem candidate
40.464634,-92.80678,PubChem candidate
-52.41998,-13.866321,PubChem candidate
117.69368,32.154728,PubChem candidate
-80.240135,52.81161,PubChem candidate
-97.7211,-40.23284,PubChem candidate
-21.54272,7.4243526,PubChem candidate
-114.921646,-26.10364,PubChem candidate
93.43105,33.205853,PubChem candidate
-19.62523,-21.370724,PubChem candidate
14.772608,-108.57443,PubChem candidate
-96.78776,30.999638,PubChem candidate
-15.688501,-98.459564,PubChem candidate
-0.64439535,-65.296394,PubChem candidate
-65.66565,-45.584892,PubChem candidate
-52.172768,78.982796,PubChem candidate
12.79578,64.15934,PubChem candidate
1.3372281,19.889631,PubChem candidate
102.554855,-17.61112,PubChem candidate
-15.980056,12.888056,PubChem candidate
65.18958,-13.145571,PubChem candidate
7.7230697,94.739,PubChem candidate
-22.243975,69.36607,PubChem candidate
-49.885864,35.71946,PubChem candidate
-54.46352,-80.191925,PubChem candidate
-43.958332,-77.29872,PubChem candidate
70.64797,32.15813,PubChem candidate
-44.637306,-18.483427,PubChem candidate
-29.053463,-41.103344,PubChem candidate
-41.56157,66.95394,PubChem candidate
29.163052,41.226097,PubChem candidate
-14.704052,119.06205,PubChem candidate
-35.944847,30.240425,PubChem candidate
-97.78598,13.449718,PubChem candidate
55.277653,-48.502342,PubChem candidate
-0.66052735,80.991425,PubChem candidate
-41.023186,35.864006,PubChem candidate
-97.81751,-32.07023,PubChem candidate
-16.213472,5.0903378,PubChem candidate
3.6746979,-56.151363,PubChem candidate
-0.19829288,-0.7051928,PubChem candidate
-36.530342,-31.96503,PubChem candidate
46.81716,-86.1751,PubChem candidate
6.363435,-74.73263,PubChem candidate
-24.759142,-11.986394,PubChem candidate
32.669212,78.49792,PubChem candidate
-9.239955,-103.15125,PubChem candidate
6.652897,-105.48738,PubChem candidate
-12.994096,-107.77716,PubChem candidate
-5.4434047,97.60089,PubChem candidate
-7.02443,24.3201,PubChem candidate
69.91068,-67.42009,PubChem candidate
-129.86633,-0.10150382,PubChem candidate
-2.4011765,-111.92078,PubChem candidate
-14.30051,-108.76594,PubChem candidate
-23.466793,-43.370537,PubChem candidate
-74.35679,-11.413321,PubChem candidate
-35.4944,-52.647926,PubChem candidate
17.052324,-101.65686,PubChem candidate
-42.40744,-80.52248,PubChem candidate
-109.313225,4.6695385,PubChem candidate
-14.918794,-40.954647,PubChem candidate
-35.425407,39.099007,PubChem candidate
42.41756,104.24714,PubChem candidate
54.544262,-72.093895,PubChem candidate
-14.633962,-21.531538,PubChem candidate
55.668537,-44.599304,PubChem candidate
110.173515,25.217182,PubChem candidate
51.92833,49.27423,PubChem candidate
-35.68241,-46.321774,PubChem candidate
53.13998,-3.873956,PubChem candidate
-14.624113,-41.598362,PubChem candidate
53.618656,-9.117445,PubChem candidate
53.431816,37.373543,PubChem candidate
-49.692497,-67.57208,PubChem candidate
-57.11742,36.08878,PubChem candidate
-71.03336,-7.236944,PubChem candidate
-36.60704,39.443367,PubChem candidate
-16.378958,-21.03304,PubChem candidate
14.871766,-108.51494,PubChem candidate
-73.388016,-9.821591,PubChem candidate
-56.30486,64.40972,PubChem candidate
-87.752426,-19.497374,PubChem candidate
48.424244,-14.85743,PubChem candidate
34.662323,17.623034,PubChem candidate
-87.09527,-19.195114,PubChem candidate
-94.90509,27.80148,PubChem candidate
-36.074814,71.99032,PubChem candidate
-17.77173,-99.946846,PubChem candidate
-6.8522487,0.168197,PubChem candidate
1.642449,25.697165,PubChem candidate
-75.03289,-8.98641,PubChem candidate
-6.9688773,-91.830475,PubChem candidate
68.8678,2.9601922,PubChem candidate
-95.68833,29.72716,PubChem candidate
-12.615048,43.4324,PubChem candidate
6.189763,-77.40201,PubChem candidate
-78.496,-15.056926,PubChem candidate
-24.714163,-52.3568,PubChem candidate
58.504803,29.407713,PubChem candidate
-2.3398302,-111.0132,PubChem candidate
-18.372498,-29.498882,PubChem candidate
-12.496704,69.29952,PubChem candidate
-101.99656,-40.645298,PubChem candidate
-29.970798,-86.73889,PubChem candidate
-59.727833,35.489002,PubChem candidate
-23.463757,-93.98024,PubChem candidate
-110.356766,-28.220318,PubChem candidate
50.537045,-39.84466,PubChem candidate
-49.860104,-33.95345,PubChem candidate
-98.90036,19.519962,PubChem candidate
-29.318783,-44.40845,PubChem candidate
-17.209356,9.148612,PubChem candidate
-1.1138657,98.659904,PubChem candidate
-54.250813,-81.19753,PubChem candidate
-106.00317,-21.661707,PubChem candidate
43.890835,79.54695,PubChem candidate
0.5993074,-64.48752,PubChem candidate
10.35842,-109.83942,PubChem candidate
-1.9211867,114.610985,PubChem candidate
-42.854,21.054007,PubChem candidate
62.23543,-82.477776,PubChem candidate
-21.199932,-26.128582,PubChem candidate
-10.67921,-90.34449,PubChem candidate
-27.275679,-84.224945,PubChem candidate
-78.043144,51.460842,PubChem candidate
-54.049488,-81.21488,PubChem candidate
34.393505,79.89851,PubChem candidate
-17.755663,53.99392,PubChem candidate
13.65375,-50.102974,PubChem candidate
-19.608524,-14.952435,PubChem candidate
112.76712,-20.89428,PubChem candidate
-56.99789,71.42701,PubChem candidate
-6.605467,-92.76971,PubChem candidate
-107.62705,6.820836,PubChem candidate
-66.903984,-4.7153363,PubChem candidate
-19.0753,41.62489,PubChem candidate
-14.14222,21.294188,PubChem candidate
-26.695887,97.90506,PubChem candidate
22.606966,-31.881031,PubChem candidate
3.1615508,15.243272,PubChem candidate
61.49953,-52.48435,PubChem candidate
16.66912,-34.547207,PubChem candidate
-33.18133,-12.225439,PubChem candidate
38.29654,-72.39763,PubChem candidate
9.646165,104.787506,PubChem candidate
9.881515,-104.93633,PubChem candidate
106.53715,0.5352501,PubChem candidate
29.80039,38.694904,PubChem candidate
-130.1388,-0.35608578,PubChem candidate
32.94849,-31.328077,PubChem candidate
41.905888,87.03208,PubChem candidate
95.96979,-21.037975,PubChem candidate
40.095066,103.62607,PubChem candidate
110.84665,-7.553563,PubChem candidate
-3.0220118,109.11449,PubChem candidate
-20.921501,5.882975,PubChem candidate
73.42033,32.34271,PubChem candidate
6.9353642,-108.67116,PubChem candidate
95.364624,-7.442904,PubChem candidate
-71.54529,11.6647625,PubChem candidate
-15.491561,13.395551,PubChem candidate
-96.06623,28.92995,PubChem candidate
-75.97381,-56.435978,PubChem candidate
-13.674507,108.38138,PubChem candidate
106.205635,-31.33512,PubChem candidate
107.3932,-33.46038,PubChem candidate
-52.38529,-78.130646,PubChem candidate
1.3363695,81.41793,PubChem candidate
17.170805,-103.52927,PubChem candidate
-96.60732,7.303518,PubChem candidate
3.4616246,17.251657,PubChem candidate
11.424814,-103.207016,PubChem candidate
-32.83422,99.14378,PubChem candidate
-71.304756,-48.698635,PubChem candidate
-66.099236,3.5479097,PubChem candidate
-35.32158,102.45253,PubChem candidate
11.866475,8.11731,PubChem candidate
-80.240135,52.81161,PubChem candidate
-0.0066440213,-54.10903,PubChem candidate
8.575148,-75.45687,PubChem candidate
7.28333,-69.22677,PubChem candidate
60.407326,2.0503144,PubChem candidate
-42.832752,-8.982658,PubChem candidate
114.34005,-17.676683,PubChem candidate
-31.480928,97.81252,PubChem candidate
-26.8565,92.61127,PubChem candidate
-23.029972,91.9346,PubChem candidate
-52.444427,-36.782524,PubChem candidate
104.75319,2.0939612,PubChem candidate
-47.287315,-31.846592,PubChem candidate
92.99661,-43.149254,PubChem candidate
-42.239048,-10.335347,PubChem candidate
-39.30601,-76.57984,PubChem candidate
-101.68843,24.619392,PubChem candidate
-24.434212,-43.559395,PubChem candidate
-10.127508,-101.01228,PubChem candidate
45.839947,104.49112,PubChem candidate
-108.94986,-8.440148,PubChem candidate
-43.626247,-80.77723,PubChem candidate
-61.44548,-57.253345,PubChem candidate
-104.70648,30.15655,PubChem candidate
-68.287025,-61.548847,PubChem candidate
-43.195873,-26.179224,PubChem candidate
49.316845,-13.59033,PubChem candidate
-51.715218,-11.096431,PubChem candidate
-11.617987,-107.23123,PubChem candidate
-13.401926,-34.70941,PubChem candidate
-35.991573,39.76219,PubChem candidate
-56.813435,-45.59699,PubChem candidate
13.607531,-9.2419,PubChem candidate
-134.26321,-5.8086286,PubChem candidate
-11.016099,71.10057,PubChem candidate
41.839027,76.15406,PubChem candidate
20.935295,-34.222435,PubChem candidate
45.31228,-65.11195,PubChem candidate
-23.436544,-38.585804,PubChem candidate
-58.421543,37.238914,PubChem candidate
8.215426,-52.979683,PubChem candidate
-32.245956,-89.87403,PubChem candidate
-89.57171,-0.41984293,PubChem candidate
-10.480485,-27.4025,PubChem candidate
-40.5919,-18.040293,PubChem candidate
105.12423,-34.244774,PubChem candidate
-10.624166,4.259601,PubChem candidate
9.382468,109.00703,PubChem candidate
-17.769129,7.800839,PubChem candidate
-49.277454,-37.984577,PubChem candidate
-52.906673,-54.71373,PubChem candidate
0.10219091,20.493153,PubChem candidate
-14.709972,108.14743,PubChem candidate
8.605048,-42.620464,PubChem candidate
-40.200615,40.029034,PubChem candidate
46.697704,-81.19382,PubChem candidate
0.16313007,80.75232,PubChem candidate
-17.494392,116.94828,PubChem candidate
-15.319536,-104.14759,PubChem candidate
109.350006,-13.723881,PubChem candidate
40.886723,93.754395,PubChem candidate
65.820915,-63.438366,PubChem candidate
95.52911,-42.41664,PubChem candidate
-70.61041,10.612479,PubChem candidate
55.6286,-57.61203,PubChem candidate
-52.38702,-81.732346,PubChem candidate
-9.558649,0.23691213,PubChem candidate
-45.726707,68.44881,PubChem candidate
-38.836918,50.93234,PubChem candidate
18.1504,-102.23672,PubChem candidate
41.092953,-64.83402,PubChem candidate
-18.66163,-106.86246,PubChem candidate
-27.842146,-99.470024,PubChem candidate
7.8398843,-55.783764,PubChem candidate
-18.667028,73.77703,PubChem candidate
70.7773,-83.21165,PubChem candidate
-14.770308,-14.096332,PubChem candidate
47.206066,-9.626197,PubChem candidate
6.401352,-64.67089,PubChem candidate
-116.46836,-28.451397,PubChem candidate
-13.822058,-39.76754,PubChem candidate
-61.440426,-57.872017,PubChem candidate
-36.27429,-92.38477,PubChem candidate
-52.868305,33.80933,PubChem candidate
2.5594604,-64.719215,PubChem candidate
-34.469734,-83.55982,PubChem candidate
-1.6677657,113.77078,PubChem candidate
-27.81618,-10.255795,PubChem candidate
-94.71635,27.554363,PubChem candidate
10.512626,97.06536,PubChem candidate
-14.106618,11.557529,PubChem candidate
28.650677,-51.338894,PubChem candidate
36.486526,87.08558,PubChem candidate
69.43468,27.232868,PubChem candidate
-92.40781,0.78642005,PubChem candidate
-25.022163,-57.16817,PubChem candidate
-50.2382,-35.91114,PubChem candidate
-41.990067,21.30071,PubChem candidate
67.045395,1.8897874,PubChem candidate
-11.178358,4.585381,PubChem candidate
-72.241585,17.347363,PubChem candidate
-23.648352,70.772705,PubChem candidate
48.31945,-9.794834,PubChem candidate
-6.1170197,9.229249,PubChem candidate
-42.16576,41.928368,PubChem candidate
-17.60789,70.88467,PubChem candidate
-39.114273,41.940407,PubChem candidate
-3.8847222,-109.05011,PubChem candidate
-68.54215,-49.86812,PubChem candidate
-29.8616,-92.42136,PubChem candidate
-29.793858,-43.395435,PubChem candidate
-8.927254,-38.014168,PubChem candidate
-14.271339,-15.3583765,PubChem candidate
13.567626,13.004815,PubChem candidate
-41.204876,-11.850785,PubChem candidate
46.1905,104.30317,PubChem candidate
-71.970085,-4.9610033,PubChem candidate
-37.463512,102.73914,PubChem candidate
47.47375,80.86135,PubChem candidate
-94.42586,31.158077,PubChem candidate
-28.8449,55.315422,PubChem candidate
6.0058784,94.98985,PubChem candidate
-3.015155,109.224236,PubChem candidate
35.358,74.89248,PubChem candidate
-42.200626,21.735106,PubChem candidate
-35.45827,40.68506,PubChem candidate
-2.393179,22.12191,PubChem candidate
56.123024,-22.483173,PubChem candidate
-126.20832,-13.518882,PubChem candidate
-119.33118,-9.645967,PubChem candidate
-8.197203,-35.524303,PubChem candidate
-17.19097,-11.739103,PubChem candidate
1.6666821,21.04839,PubChem candidate
34.74776,41.28328,PubChem candidate
-114.5705,-32.064808,PubChem candidate
93.9395,-40.93713,PubChem candidate
9.233496,-110.81137,PubChem candidate
-26.992662,-5.287578,PubChem candidate
17.985285,-38.61975,PubChem candidate
-60.672497,15.180704,PubChem candidate
60.34442,26.032793,PubChem candidate
-21.259033,71.69632,PubChem candidate
38.071693,-75.02954,PubChem candidate
46.8062,85.95721,PubChem candidate
-19.14138,-51.98149,PubChem candidate
-59.92323,11.65044,PubChem candidate
-56.04792,39.84982,PubChem candidate
-17.458,76.96633,PubChem candidate
-108.25144,6.9776883,PubChem candidate
-7.299789,-92.6256,PubChem candidate
-5.175447,44.32447,PubChem candidate
65.37499,-80.59113,PubChem candidate
36.03453,-31.644554,PubChem candidate
23.532888,-40.47631,PubChem candidate
-25.986073,41.60829,PubChem candidate
6.6883883,-54.82855,PubChem candidate
-12.337956,-30.344517,PubChem candidate
-41.018177,42.052258,PubChem candidate
3.2646463,5.363486,PubChem candidate
15.4789915,-32.524567,PubChem candidate
60.66383,-47.815662,PubChem candidate
-18.085924,3.7658892,PubChem candidate
-46.05273,67.783005,PubChem candidate
-53.945312,-19.544754,PubChem candidate
-2.7931795,27.753616,PubChem candidate
106.659424,21.980148,PubChem candidate
-44.261433,-40.56973,PubChem candidate
86.490974,50.86415,PubChem candidate
-29.772997,-99.00313,PubChem candidate
6.148167,94.86813,PubChem candidate
-43.721607,44.35986,PubChem candidate
-18.68414,-22.560667,PubChem candidate
-36.676926,-96.28776,PubChem candidate
-24.405256,-54.099167,PubChem candidate
-45.34582,35.778194,PubChem candidate
4.7129254,-70.14173,PubChem candidate
-27.715775,71.20923,PubChem candidate
-125.236626,-0.050467305,PubChem candidate
18.565304,-37.057106,PubChem candidate
67.1583,-10.198191,PubChem candidate
106.65385,-34.912086,PubChem candidate
-66.07447,-1.2490971,PubChem candidate
-100.68645,15.745787,PubChem candidate
7.696943,-46.861874,PubChem candidate
77.00676,-3.6162307,PubChem candidate
43.472816,-58.285664,PubChem candidate
-50.46535,35.04939,PubChem candidate
48.398132,76.76271,PubChem candidate
-26.824553,95.30093,PubChem candidate
21.947704,-33.496483,PubChem candidate
-65.911766,1.3996768,PubChem candidate
-37.705433,-31.19668,PubChem candidate
63.63566,-78.73958,PubChem candidate
106.136444,24.021824,PubChem candidate
-47.21709,42.248875,PubChem candidate
-95.77228,7.6455264,PubChem candidate
-36.962837,103.18523,PubChem candidate
-49.34923,80.15475,PubChem candidate
-22.485186,115.636765,PubChem candidate
-123.57267,-0.58640164,PubChem candidate
45.579445,-87.068054,PubChem candidate
73.43234,5.061508,PubChem candidate
-51.99913,-54.543674,PubChem candidate
87.556786,24.502281,PubChem candidate
-37.80545,65.548744,PubChem candidate
44.89168,104.539314,PubChem candidate
-14.683995,117.76867,PubChem candidate
62.716026,25.45759,PubChem candidate
-11.191171,107.11963,PubChem candidate
-12.109555,84.87564,PubChem candidate
6.3229914,-108.57509,PubChem candidate
-37.08227,-45.589146,PubChem candidate
105.311035,-23.75411,PubChem candidate
65.5371,24.168394,PubChem candidate
-98.01746,-32.94619,PubChem candidate
-50.949512,-83.674095,PubChem candidate
44.07591,91.02175,PubChem candidate
-58.753174,12.849177,PubChem candidate
-72.736244,-53.798824,PubChem candidate
-20.428617,-20.085215,PubChem candidate
90.05293,-28.855782,PubChem candidate
39.726944,94.11873,PubChem candidate
-51.206,33.480354,PubChem candidate
-16.869099,-109.63309,PubChem candidate
-36.25696,-92.30076,PubChem candidate
25.507998,42.017563,PubChem candidate
-35.60697,39.97885,PubChem candidate
-11.384672,106.79423,PubChem candidate
-102.85942,16.779163,PubChem candidate
37.619076,-74.68705,PubChem candidate
112.59895,-24.225513,PubChem candidate
-17.901936,-40.86052,PubChem candidate
9.322476,-110.86401,PubChem candidate
-32.181606,99.51042,PubChem candidate
68.55026,7.7770886,PubChem candidate
-15.371863,54.10005,PubChem candidate
-58.111416,37.537605,PubChem candidate
-59.986656,8.555239,PubChem candidate
18.107626,-36.55438,PubChem candidate
-21.464891,92.34963,PubChem candidate
45.420555,-47.012817,PubChem candidate
16.400414,-4.2146873,PubChem candidate
44.26216,-53.706654,PubChem candidate
-5.72118,-37.609646,PubChem candidate
-24.28175,-13.732113,PubChem candidate
72.45289,47.3489,PubChem candidate
17.073004,-32.211845,PubChem candidate
-12.1336355,108.84695,PubChem candidate
-15.877287,-32.21671,PubChem candidate
107.77832,-36.93775,PubChem candidate
-98.139015,11.084363,PubChem candidate
-40.966057,-77.149345,PubChem candidate
95.63425,27.019892,PubChem candidate
-47.114605,82.2874,PubChem candidate
-30.422098,-24.850168,PubChem candidate
-18.752487,77.16631,PubChem candidate
-23.649511,-46.365364,PubChem candidate
56.015274,-48.405376,PubChem candidate
-36.8064,107.588135,PubChem candidate
-21.392965,-47.36913,PubChem candidate
-49.111652,-13.431164,PubChem candidate
-76.29121,6.410523,PubChem candidate
-103.86431,26.060135,PubChem candidate
-80.240135,52.81161,PubChem candidate
106.9465,-39.262592,PubChem candidate
-39.092644,-18.943441,PubChem candidate
-23.348438,41.053986,PubChem candidate
38.80203,-72.12051,PubChem candidate
-29.733927,72.27586,PubChem candidate
-23.490894,69.79727,PubChem candidate
-35.213474,63.60612,PubChem candidate
5.3058224,-56.878548,PubChem candidate
-44.781174,83.19736,PubChem candidate
112.954094,-17.640802,PubChem candidate
-20.561653,88.17301,PubChem candidate
50.86828,-39.813583,PubChem candidate
0.4436736,115.9139,PubChem candidate
-4.9722476,114.595375,PubChem candidate
113.69164,-19.625721,PubChem candidate
-14.013604,0.78662,PubChem candidate
-29.920938,-11.172653,PubChem candidate
61.15965,-17.791834,PubChem candidate
-50.52384,36.472847,PubChem candidate
-2.0215063,115.15106,PubChem candidate
-21.731878,43.599823,PubChem candidate
-54.69791,65.823845,PubChem candidate
-21.07532,-53.0723,PubChem candidate
-36.4488,-11.866651,PubChem candidate
85.38979,46.857197,PubChem candidate
-90.01922,-0.44038746,PubChem candidate
-11.889223,14.578171,PubChem candidate
108.20814,-32.991642,PubChem candidate
-28.989372,25.565851,PubChem candidate
98.2358,24.0602,PubChem candidate
29.743206,112.22794,PubChem candidate
-5.253857,46.224506,PubChem candidate
34.897747,27.495344,PubChem candidate
-10.479772,-32.82848,PubChem candidate
53.08065,-9.674173,PubChem candidate
-20.617262,-11.032926,PubChem candidate
-59.8561,11.119525,PubChem candidate
-51.517315,-32.890556,PubChem candidate
-0.4472387,116.05204,PubChem candidate
-89.25459,20.666641,PubChem candidate
9.071947,-104.23055,PubChem candidate
61.47326,-44.010365,PubChem candidate
63.662304,-14.423591,PubChem candidate
-20.892742,93.18527,PubChem candidate
-76.126495,6.591643,PubChem candidate
11.858849,-109.450554,PubChem candidate
-17.259937,-99.61942,PubChem candidate
70.814445,-83.10727,PubChem candidate
95.19137,-23.652168,PubChem candidate
-20.123127,-35.99967,PubChem candidate
-63.65299,12.841622,PubChem candidate
-14.697529,42.120525,PubChem candidate
-58.460125,-0.79074603,PubChem candidate
-28.447454,-22.607811,PubChem candidate
71.42175,-43.76701,PubChem candidate
-65.93932,-47.700977,PubChem candidate
97.88545,-42.175686,PubChem candidate
-18.015934,71.43061,PubChem candidate
-76.63984,-0.47956076,PubChem candidate
-31.080196,-91.45428,PubChem candidate
58.151276,103.12992,PubChem candidate
70.53621,16.379087,PubChem candidate
-17.409416,-27.002655,PubChem candidate
0.19813825,20.49261,PubChem candidate
-93.830956,24.23856,PubChem candidate
-98.31376,24.382168,PubChem candidate
16.627909,16.777687,PubChem candidate
-15.627326,115.2582,PubChem candidate
-21.936192,-48.46294,PubChem candidate
105.40442,37.587143,PubChem candidate
-2.0135915,110.73559,PubChem candidate
-95.99037,8.27277,PubChem candidate
67.48299,-63.60176,PubChem candidate
-12.429559,-29.688137,PubChem candidate
-94.55322,26.096184,PubChem candidate
68.49258,-64.41285,PubChem candidate
47.808594,-7.6159425,PubChem candidate
-3.5715985,-101.50421,PubChem candidate
100.247444,24.817898,PubChem candidate
30.069729,43.315094,PubChem candidate
-56.09645,39.19479,PubChem candidate
-33.206047,71.47992,PubChem candidate
-11.597307,7.8735666,PubChem candidate
-92.16411,-1.1432565,PubChem candidate
104.091125,-36.749146,PubChem candidate
8.555265,-57.00737,PubChem candidate
-78.18611,-57.713173,PubChem candidate
110.466324,25.327118,PubChem candidate
-21.694698,87.98369,PubChem candidate
-37.94899,67.51081,PubChem candidate
-0.6192746,80.5769,PubChem candidate
-46.04344,41.399933,PubChem candidate
107.563934,-38.262085,PubChem candidate
-79.87585,-3.224454,PubChem candidate
-12.252084,-38.09216,PubChem candidate
-17.05102,96.366806,PubChem candidate
-32.993298,98.42858,PubChem candidate
-43.00326,-45.775032,PubChem candidate
8.113556,-42.505203,PubChem candidate
-58.18271,-57.945946,PubChem candidate
28.885635,115.98639,PubChem candidate
-0.9415758,-66.35438,PubChem candidate
5.5407352,-111.41438,PubChem candidate
-25.68154,-37.448944,PubChem candidate
32.869793,8.875356,PubChem candidate
-38.304455,102.76808,PubChem candidate
55.78955,-81.75321,PubChem candidate
-27.209436,-60.024105,PubChem candidate
113.448425,26.810417,PubChem candidate
-15.649883,98.929306,PubChem candidate
114.32896,-37.340504,PubChem candidate
53.203823,-17.151484,PubChem candidate
17.272034,-5.8027577,PubChem candidate
-20.270014,-17.712725,PubChem candidate
9.986976,96.93461,PubChem candidate
-78.93974,53.656315,PubChem candidate
-13.016996,-37.58649,PubChem candidate
51.33448,-8.182512,PubChem candidate
-6.4673386,-10.590528,PubChem candidate
-41.524147,-42.867374,PubChem candidate
-18.906885,-14.935352,PubChem candidate
-111.25468,-29.372915,PubChem candidate
1.9253447,-112.11957,PubChem candidate
-14.359914,-9.99714,PubChem candidate
-74.1293,4.989076,PubChem candidate
-108.89465,5.544325,PubChem candidate
-17.283617,-87.94872,PubChem candidate
-33.129864,-96.04248,PubChem candidate
-20.585981,93.26179,PubChem candidate
19.531925,-5.6868863,PubChem candidate
-50.356007,67.5736,PubChem candidate
-48.981285,68.94208,PubChem candidate
-15.79213,-108.97675,PubChem candidate
-26.272757,92.46849,PubChem candidate
-126.53195,-8.645875,PubChem candidate
93.97006,-22.938334,PubChem candidate
-55.325466,66.22008,PubChem candidate
46.56361,83.019844,PubChem candidate
41.935856,85.75299,PubChem candidate
57.68742,1.4278591,PubChem candidate
-78.51033,-60.289925,PubChem candidate
84.685524,56.56298,PubChem candidate
14.874781,-48.149082,PubChem candidate
35.83625,-33.975975,PubChem candidate
-29.650248,93.133156,PubChem candidate
-60.448868,35.345303,PubChem candidate
-71.409386,-51.933544,PubChem candidate
-133.50468,-11.304333,PubChem candidate
5.778922,-111.533356,PubChem candidate
-61.93574,-58.22511,PubChem candidate
-97.21447,-30.084934,PubChem candidate
65.50312,-59.57201,PubChem candidate
-70.15682,-1.0877429,PubChem candidate
-28.456732,108.995766,PubChem candidate
108.255424,-32.959003,PubChem candidate
5.414175,-74.9999,PubChem candidate
-38.953,50.960697,PubChem candidate
-11.963451,-107.1775,PubChem candidate
30.114733,-30.99122,PubChem candidate
2.017931,-112.36505,PubChem candidate
11.925516,110.52182,PubChem candidate
-48.99316,68.63759,PubChem candidate
16.323273,-106.08995,PubChem candidate
-20.837267,-28.792824,PubChem candidate
-23.133266,-7.993915,PubChem candidate
25.247221,42.46523,PubChem candidate
-95.437965,-20.358185,PubChem candidate
-33.810844,98.60436,PubChem candidate
-97.958466,-36.830456,PubChem candidate
65.200966,-69.93315,PubChem candidate
-98.7635,13.563848,PubChem candidate
45.46592,-88.17232,PubChem candidate
93.87695,-33.984997,PubChem candidate
-63.043774,-60.174553,PubChem candidate
-43.133854,-37.936558,PubChem candidate
-31.534355,-42.22689,PubChem candidate
105.55856,-1.5438232,PubChem candidate
-12.143941,45.214622,PubChem candidate
39.46808,-72.49248,PubChem candidate
-8.994072,-92.715,PubChem candidate
65.888596,-56.346153,PubChem candidate
49.669468,-6.426313,PubChem candidate
46.981945,-40.580452,PubChem candidate
15.659099,-32.27344,PubChem candidate
-23.2363,-46.219574,PubChem candidate
-22.939848,-34.053455,PubChem candidate
45.278915,76.29078,PubChem candidate
-113.94837,-30.882154,PubChem candidate
-53.07038,-13.3903675,PubChem candidate
-35.076054,32.938667,PubChem candidate
-13.450393,21.254528,PubChem candidate
40.493156,102.55007,PubChem candidate
62.735245,26.343605,PubChem candidate
69.89092,-67.99134,PubChem candidate
-27.91497,72.22933,PubChem candidate
-8.551553,-11.391887,PubChem candidate
-71.1413,-50.275955,PubChem candidate
-16.977201,83.61731,PubChem candidate
7.6486945,-71.19768,PubChem candidate
9.98435,106.58756,PubChem candidate
-18.478308,11.231979,PubChem candidate
-30.184963,107.256165,PubChem candidate
57.946224,103.566055,PubChem candidate
-15.9691925,116.40795,PubChem candidate
-25.36045,-81.67191,PubChem candidate
60.896103,-67.546646,PubChem candidate
-34.165115,100.091606,PubChem candidate
45.854412,-48.14207,PubChem candidate
107.38657,-7.32105,PubChem candidate
-21.501148,7.4396214,PubChem candidate
36.88654,102.74625,PubChem candidate
-14.180117,-0.56903553,PubChem candidate
-23.259117,88.67288,PubChem candidate
-95.30221,-20.551777,PubChem candidate
47.510845,-7.927086,PubChem candidate
-58.116886,10.425874,PubChem candidate
-104.489334,25.169308,PubChem candidate
-10.982698,-20.822744,PubChem candidate
-44.135387,72.37024,PubChem candidate
-49.495224,63.53322,PubChem candidate
-61.45507,-44.80292,PubChem candidate
-23.84568,-82.70132,PubChem candidate
-24.858568,-45.075634,PubChem candidate
-7.4607673,-92.26289,PubChem candidate
-46.295547,-32.99057,PubChem candidate
-7.235087,-31.841976,PubChem candidate
-65.14061,1.1274855,PubChem candidate
-45.4497,70.426155,PubChem candidate
-21.33043,-7.8906627,PubChem candidate
-14.668359,106.67327,PubChem candidate
9.223546,-13.3785925,PubChem candidate
19.127886,-7.719329,PubChem candidate
-63.32527,12.755459,PubChem candidate
-125.90145,0.7732244,PubChem candidate
44.51461,-65.68343,PubChem candidate
-65.11507,4.1080475,PubChem candidate
-13.911573,113.80571,PubChem candidate
40.20178,84.40969,PubChem candidate
39.326553,-73.20152,PubChem candidate
-31.072382,-52.15501,PubChem candidate
66.353134,2.4967933,PubChem candidate
13.024482,64.131355,PubChem candidate
9.884749,9.832459,PubChem candidate
94.67746,-16.566303,PubChem candidate
-24.655031,69.982124,PubChem candidate
-12.053255,-3.8784916,PubChem candidate
-58.349644,-0.55056804,PubChem candidate
-46.12904,68.879234,PubChem candidate
16.873098,-103.513756,PubChem candidate
4.1934752,-6.8844414,PubChem candidate
-41.29884,-68.34805,PubChem candidate
-10.50083,0.3848685,PubChem candidate
-73.70906,-55.52497,PubChem candidate
-120.656334,-9.729627,PubChem candidate
37.55522,77.50106,PubChem candidate
-9.788753,10.300416,PubChem candidate
38.433453,-91.06717,PubChem candidate
46.755707,-40.140556,PubChem candidate
-12.268088,-40.064575,PubChem candidate
86.64237,41.577507,PubChem candidate
-1.5680817,118.8335,PubChem candidate
-22.793358,-51.422527,PubChem candidate
0.51885504,-108.6428,PubChem candidate
-37.16868,-12.475373,PubChem candidate
-37.99377,41.130478,PubChem candidate
-19.577211,87.31433,PubChem candidate
-23.03271,35.292774,PubChem candidate
15.343758,-14.294161,PubChem candidate
-78.9741,-14.959739,PubChem candidate
-29.521297,-15.303927,PubChem candidate
-24.504786,-82.244705,PubChem candidate
33.901993,6.6039658,PubChem candidate
1.5658033,18.82419,PubChem candidate
0.47053686,-105.58737,PubChem candidate
-89.78506,22.861584,PubChem candidate
9.704436,110.9953,PubChem candidate
-13.280378,110.7853,PubChem candidate
-14.136224,107.68814,PubChem candidate
-78.93974,53.656315,PubChem candidate
-5.9224806,2.0858386,PubChem candidate
-17.242575,82.0241,PubChem candidate
7.9730983,-49.29843,PubChem candidate
-51.891296,41.82813,PubChem candidate
-58.887287,-45.810257,PubChem candidate
59.272324,-46.557243,PubChem candidate
57.155727,48.82279,PubChem candidate
-14.496216,10.893332,PubChem candidate
-76.0444,-59.515724,PubChem candidate
-114.299515,-1.8955895,PubChem candidate
59.636036,-79.51477,PubChem candidate
36.98007,-76.0248,PubChem candidate
-22.307768,-89.12285,PubChem candidate
11.867125,-45.991745,PubChem candidate
-38.39593,67.90014,PubChem candidate
-99.21095,13.01426,PubChem candidate
-11.580363,9.267289,PubChem candidate
-133.66258,-4.3385177,PubChem candidate
-13.840284,119.299446,PubChem candidate
-63.212616,-56.761387,PubChem candidate
52.50738,-45.70469,PubChem candidate
-111.35869,-3.08938,PubChem candidate
-62.430435,7.7386107,PubChem candidate
-22.295076,90.70922,PubChem candidate
-53.708115,-14.038495,PubChem candidate
0.88028705,22.078001,PubChem candidate
13.181699,66.582535,PubChem candidate
-51.575184,67.30903,PubChem candidate
-16.726192,118.55328,PubChem candidate
10.578906,-48.467148,PubChem candidate
15.551547,-14.3453245,PubChem candidate
10.961293,106.491295,PubChem candidate
-78.8837,-60.60077,PubChem candidate
2.8117163,-10.553125,PubChem candidate
-12.641532,-105.71359,PubChem candidate
-37.709938,105.19135,PubChem candidate
32.426945,41.724224,PubChem candidate
-72.50872,-52.129402,PubChem candidate
-27.120148,-53.495083,PubChem candidate
52.312965,-21.761171,PubChem candidate
-10.525453,-19.630547,PubChem candidate
9.929567,0.32741195,PubChem candidate
7.2673974,-13.5078125,PubChem candidate
9.704782,0.27115834,PubChem candidate
-37.127483,64.659225,PubChem candidate
-15.996308,-97.36845,PubChem candidate
111.87575,-28.733791,PubChem candidate
23.099215,-33.041504,PubChem candidate
76.75389,10.069349,PubChem candidate
-17.077625,105.13983,PubChem candidate
-46.1107,67.69405,PubChem candidate
5.375616,-59.10392,PubChem candidate
9.871639,-110.434456,PubChem candidate
-43.240196,45.164783,PubChem candidate
8.712316,-70.9393,PubChem candidate
-80.240135,52.81161,PubChem candidate
0.20113045,-111.051384,PubChem candidate
4.397299,-59.495995,PubChem candidate
-15.411032,-7.2664304,PubChem candidate
-55.278225,68.60507,PubChem candidate
17.707193,-37.242752,PubChem candidate
-22.236782,-48.972187,PubChem candidate
-22.94244,114.62794,PubChem candidate
109.65567,-30.219807,PubChem candidate
-17.449793,83.54895,PubChem candidate
2.3045635,1.9829992,PubChem candidate
-68.960464,13.203221,PubChem candidate
-13.937188,4.3462696,PubChem candidate
-11.107664,73.39876,PubChem candidate
115.49489,-31.709272,PubChem candidate
-38.954903,23.252089,PubChem candidate
-17.713884,53.737225,PubChem candidate
38.8439,28.911028,PubChem candidate
-17.995907,7.210127,PubChem candidate
37.341732,85.884895,PubChem candidate
33.34963,-42.867577,PubChem candidate
-0.25257745,-0.3131861,PubChem candidate
-19.315197,76.30301,PubChem candidate
68.17957,10.976687,PubChem candidate
5.77079,15.170953,PubChem candidate
45.388817,28.09801,PubChem candidate
24.558722,-29.33946,PubChem candidate
107.023346,-7.775588,PubChem candidate
-12.760621,9.461146,PubChem candidate
-20.367891,4.6255155,PubChem candidate
-95.66231,27.545952,PubChem candidate
0.9679161,82.211845,PubChem candidate
-3.6482325,22.217434,PubChem candidate
42.74807,-65.01017,PubChem candidate
17.119196,-102.55804,PubChem candidate
-12.876276,-102.8243,PubChem candidate
-22.451332,-47.796616,PubChem candidate
-45.549335,81.230934,PubChem candidate
-33.526745,101.0621,PubChem candidate
-16.69562,18.53554,PubChem candidate
-71.49422,-50.14633,PubChem candidate
109.72886,-30.050913,PubChem candidate
32.115356,108.36515,PubChem candidate
-88.0621,-0.16797024,PubChem candidate
-14.339752,9.175924,PubChem candidate
-68.97977,11.405037,PubChem candidate
-30.256353,-41.817043,PubChem candidate
-39.52053,104.87626,PubChem candidate
-27.469015,-50.25898,PubChem candidate
-14.221063,-8.017869,PubChem candidate
-0.6904369,0.08512746,PubChem candidate
33.62856,27.058268,PubChem candidate
8.58404,-41.67618,PubChem candidate
49.846577,-6.8332024,PubChem candidate
-10.415009,-19.843172,PubChem candidate
-10.119547,74.18521,PubChem candidate
-25.424585,95.00068,PubChem candidate
63.166313,-65.94899,PubChem candidate
-32.105057,-94.41105,PubChem candidate
-43.025444,20.521702,PubChem candidate
-107.10537,-11.580382,PubChem candidate
-0.70156085,-66.35669,PubChem candidate
53.862606,-20.952612,PubChem candidate
5.504957,-74.17204,PubChem candidate
-15.637805,22.741812,PubChem candidate
-14.171679,-18.86676,PubChem candidate
-62.302517,-60.13355,PubChem candidate
-103.90727,29.199493,PubChem candidate
49.09017,43.171368,PubChem candidate
22.137241,-31.629587,PubChem candidate
15.228602,-8.570789,PubChem candidate
-9.017869,5.195025,PubChem candidate
95.93231,32.28353,PubChem candidate
-19.624409,70.10637,PubChem candidate
14.490724,2.963453,PubChem candidate
-50.751736,-82.65147,PubChem candidate
-16.264402,119.27859,PubChem candidate
-18.03182,6.9864388,PubChem candidate
-55.767036,-62.455082,PubChem candidate
-13.659539,-107.42964,PubChem candidate
-16.808702,4.679151,PubChem candidate
82.292564,48.951324,PubChem candidate
-29.064354,108.505295,PubChem candidate
63.498936,25.713308,PubChem candidate
-37.591747,103.58118,PubChem candidate
-0.7382014,-0.9917422,PubChem candidate
68.22083,-45.27244,PubChem candidate
-7.567427,45.507393,PubChem candidate
-56.171127,-51.445675,PubChem candidate
-113.10925,-6.3919725,PubChem candidate
36.345524,106.06971,PubChem candidate
-122.635155,-9.489402,PubChem candidate
-110.47251,-28.345703,PubChem candidate
-11.92127,-16.268993,PubChem candidate
70.97935,19.317286,PubChem candidate
-1.6034517,117.470634,PubChem candidate
115.440575,-23.6142,PubChem candidate
64.685135,-80.440865,PubChem candidate
38.181488,90.48301,PubChem candidate
-49.01778,68.88848,PubChem candidate
-104.82506,30.550343,PubChem candidate
-107.030464,-24.515747,PubChem candidate
39.58199,27.796543,PubChem candidate
-98.05189,10.232471,PubChem candidate
9.986429,-72.60224,PubChem candidate
29.45878,31.504688,PubChem candidate
7.8773236,-76.04433,PubChem candidate
5.2564545,9.641623,PubChem candidate
-130.715,-10.935413,PubChem candidate
-118.59566,-9.346852,PubChem candidate
49.417294,-8.944563,PubChem candidate
-52.490692,37.092445,PubChem candidate
49.448586,-87.8898,PubChem candidate
-43.5011,-80.30424,PubChem candidate
-34.78781,99.72539,PubChem candidate
-30.249577,97.44253,PubChem candidate
-15.883167,-51.284203,PubChem candidate
14.219241,14.488028,PubChem candidate
-23.83003,91.70855,PubChem candidate
-100.367874,18.364914,PubChem candidate
0.10386172,82.31045,PubChem candidate
61.001003,-65.89354,PubChem candidate
-77.346535,9.028874,PubChem candidate
40.17464,103.96449,PubChem candidate
-65.97749,-2.8213472,PubChem candidate
95.27953,25.15194,PubChem candidate
-20.911577,43.788887,PubChem candidate
11.400881,67.00577,PubChem candidate
-105.41535,31.313282,PubChem candidate
4.5163527,-70.09547,PubChem candidate
35.77058,32.690086,PubChem candidate
-24.209482,71.57729,PubChem candidate
-14.044794,18.987473,PubChem candidate
-12.0207405,81.37487,PubChem candidate
-35.36854,42.249332,PubChem candidate
63.928654,23.30574,PubChem candidate
-39.32831,-44.856937,PubChem candidate
-26.444008,-38.00486,PubChem candidate
-42.148884,-6.0475907,PubChem candidate
-67.20542,-1.0969105,PubChem candidate
-110.08534,-3.8549159,PubChem candidate
89.66003,57.336872,PubChem candidate
25.5463,-55.99987,PubChem candidate
-41.283756,20.820639,PubChem candidate
31.437025,78.34483,PubChem candidate
-111.3972,-28.799242,PubChem candidate
-27.731256,-50.70851,PubChem candidate
48.84174,-2.6302657,PubChem candidate
-16.94638,-33.140423,PubChem candidate
-59.43432,37.086082,PubChem candidate
52.44676,-88.7375,PubChem candidate
-16.557804,18.05243,PubChem candidate
33.224777,44.22446,PubChem candidate
-5.0384707,93.88267,PubChem candidate
36.52842,90.135315,PubChem candidate
-68.56721,-3.3052034,PubChem candidate
-9.983604,-106.60936,PubChem candidate
40.058117,-71.88119,PubChem candidate
33.79792,107.27079,PubChem candidate
13.560564,-10.729318,PubChem candidate
-109.849396,-7.446073,PubChem candidate
120.79757,-9.810783,PubChem candidate
-46.62758,39.248028,PubChem candidate
-22.593117,-33.54485,PubChem candidate
-13.797452,42.672783,PubChem candidate
-114.1075,-28.651325,PubChem candidate
-95.804474,3.83794,PubChem candidate
66.992065,-70.35097,PubChem candidate
1.1839947,80.712265,PubChem candidate
6.4461126,-111.42735,PubChem candidate
-37.735394,-27.759296,PubChem candidate
109.24799,-21.164064,PubChem candidate
-12.821383,115.44116,PubChem candidate
-17.873043,85.61223,PubChem candidate
5.898875,94.35512,PubChem candidate
12.91739,20.02508,PubChem candidate
-46.815926,81.33822,PubChem candidate
-49.938572,-79.66366,PubChem candidate
29.125322,-33.31203,PubChem candidate
-21.348114,-54.72928,PubChem candidate
-13.671161,-35.17834,PubChem candidate
16.74886,-4.3915315,PubChem candidate
15.86863,-107.13944,PubChem candidate
-27.761095,59.499214,PubChem candidate
-10.084257,70.96719,PubChem candidate
35.794693,17.175533,PubChem candidate
31.756248,79.62152,PubChem candidate
-66.04644,-60.985275,PubChem candidate
-26.453178,-85.16319,PubChem candidate
8.8036375,103.33424,PubChem candidate
7.7918844,-41.831924,PubChem candidate
6.0351806,8.277604,PubChem candidate
-12.944852,116.020294,PubChem candidate
-53.483482,35.195953,PubChem candidate
-8.035347,-37.03448,PubChem candidate
-38.78505,104.21825,PubChem candidate
6.2739706,24.30015,PubChem candidate
-66.670235,-42.22787,PubChem candidate
26.70971,43.401863,PubChem candidate
11.018377,-4.727354,PubChem candidate
16.081705,-104.86991,PubChem candidate
-19.776217,-28.777315,PubChem candidate
-52.084995,-63.28674,PubChem candidate
28.748497,30.165398,PubChem candidate
-63.362885,-50.31795,PubChem candidate
37.779736,105.36021,PubChem candidate
12.100646,19.935633,PubChem candidate
-48.276012,-82.773575,PubChem candidate
-22.69758,69.91593,PubChem candidate
-106.42635,-8.384942,PubChem candidate
54.81077,-83.74979,PubChem candidate
8.917364,-55.339115,PubChem candidate
-12.933335,-89.16892,PubChem candidate
-10.467209,-103.104515,PubChem candidate
35.843132,106.024376,PubChem candidate
-9.905868,15.346408,PubChem candidate
-67.76273,-63.663086,PubChem candidate
27.488626,112.63941,PubChem candidate
61.6948,5.4110255,PubChem candidate
-29.394419,93.818375,PubChem candidate
30.335344,98.428444,PubChem candidate
-2.9193223,21.4743,PubChem candidate
-41.203735,37.8309,PubChem candidate
-52.147774,-71.26497,PubChem candidate
-2.738055,108.00216,PubChem candidate
74.27662,49.871365,PubChem candidate
-38.171997,-75.03154,PubChem candidate
43.657917,87.82712,PubChem candidate
120.79976,-9.790407,PubChem candidate
-33.87083,-73.163025,PubChem candidate
19.350893,73.54334,PubChem candidate
-19.769258,-15.241267,PubChem candidate
-39.452442,68.24551,PubChem candidate
-31.934736,-24.7804,PubChem candidate
24.579775,-59.331276,PubChem candidate
-22.398321,-92.35931,PubChem candidate
-15.193319,95.20572,PubChem candidate
-1.3630134,107.137535,PubChem candidate
5.6679997,-76.54963,PubChem candidate
-14.308638,-31.03012,PubChem candidate
-48.85879,-66.82383,PubChem candidate
13.745102,109.82438,PubChem candidate
-57.42909,69.557076,PubChem candidate
1.8019011,81.352234,PubChem candidate
-132.73508,-2.1979141,PubChem candidate
8.228482,-6.542027,PubChem candidate
-120.51171,2.9221134,PubChem candidate
-64.520706,-47.61878,PubChem candidate
-1.5390258,26.868246,PubChem candidate
-99.34884,17.34222,PubChem candidate
57.793247,100.62008,PubChem candidate
-67.81533,14.43769,PubChem candidate
13.911166,-3.0799057,PubChem candidate
40.16035,89.76339,PubChem candidate
114.72432,-7.715904,PubChem candidate
-56.67365,-45.51684,PubChem candidate
-28.871326,-12.116372,PubChem candidate
-2.899979,-110.56638,PubChem candidate
92.37579,-29.57147,PubChem candidate
-41.475628,-25.059547,PubChem candidate
3.483724,15.9519615,PubChem candidate
-74.0239,-58.98618,PubChem candidate
112.86525,-19.393877,PubChem candidate
12.549973,64.146774,PubChem candidate
107.87627,0.60677904,PubChem candidate
15.290155,15.858764,PubChem candidate
105.02299,-40.967102,PubChem candidate
-36.746784,-29.44624,PubChem candidate
-73.21633,-51.704426,PubChem candidate
31.37523,-30.549183,PubChem candidate
-47.32685,41.968185,PubChem candidate
-95.448494,4.376284,PubChem candidate
60.903496,3.0895545,PubChem candidate
-75.12695,-12.512524,PubChem candidate
116.00472,29.545128,PubChem candidate
-35.218315,37.474644,PubChem candidate
-33.12541,-56.555656,PubChem candidate
24.674538,-57.832947,PubChem candidate
84.1233,54.47783,PubChem candidate
1.452169,-108.08154,PubChem candidate
-80.240135,52.81161,PubChem candidate
-47.676083,68.20732,PubChem candidate
8.069877,-43.40914,PubChem candidate
-37.42889,68.446304,PubChem candidate
-34.51152,-73.464714,PubChem candidate
9.431632,104.19709,PubChem candidate
-9.499904,-22.858725,PubChem candidate
10.124105,45.270546,PubChem candidate
-27.295755,95.166916,PubChem candidate
6.4183264,-45.742752,PubChem candidate
-68.15604,-63.18637,PubChem candidate
35.347664,75.56156,PubChem candidate
-4.5005302,46.758858,PubChem candidate
-11.296692,70.5202,PubChem candidate
-14.472838,-106.74318,PubChem candidate
-80.2414,51.33276,PubChem candidate
82.03336,49.45195,PubChem candidate
-103.44928,22.14978,PubChem candidate
-53.25539,-28.843485,PubChem candidate
-47.27874,-32.23,PubChem candidate
-19.009848,51.351448,PubChem candidate
-106.84376,-10.803058,PubChem candidate
-11.137227,-3.7574408,PubChem candidate
-34.08321,100.034645,PubChem candidate
-47.794746,-16.58297,PubChem candidate
106.59051,-4.4334526,PubChem candidate
17.815586,-103.764885,PubChem candidate
-36.40777,65.52802,PubChem candidate
42.9477,82.4505,PubChem candidate
-34.89871,-76.57895,PubChem candidate
106.47967,-39.78067,PubChem candidate
116.31858,-15.278895,PubChem candidate
63.693604,-52.04132,PubChem candidate
52.51522,88.15315,PubChem candidate
-27.961935,26.916035,PubChem candidate
-11.495345,0.21003489,PubChem candidate
-12.184877,-4.834278,PubChem candidate
-51.85944,-53.9188,PubChem candidate
-114.764656,-30.882158,PubChem candidate
-76.53927,-12.883507,PubChem candidate
-19.056433,76.51625,PubChem candidate
37.99216,73.94882,PubChem candidate
11.7995405,-43.066612,PubChem candidate
47.36727,99.67106,PubChem candidate
-30.723606,39.85982,PubChem candidate
64.67118,21.41127,PubChem candidate
-29.612816,-44.355206,PubChem candidate
-28.223488,100.461,PubChem candidate
104.742516,-34.45822,PubChem candidate
65.62311,-82.11633,PubChem candidate
40.841423,-72.83854,PubChem candidate
-19.845726,70.17645,PubChem candidate
70.77559,-83.22737,PubChem candidate
-27.48429,59.98162,PubChem candidate
54.298866,-27.909458,PubChem candidate
-28.391956,100.1113,PubChem candidate
61.27965,-48.713352,PubChem candidate
-99.00651,-40.64339,PubChem candidate
0.48529872,-53.91385,PubChem candidate
-2.911457,21.13304,PubChem candidate
44.786964,77.16371,PubChem candidate
94.470566,-15.925716,PubChem candidate
6.7673035,-78.26594,PubChem candidate
-116.42884,-25.702337,PubChem candidate
19.004532,-31.81456,PubChem candidate
-66.50421,-47.635036,PubChem candidate
60.99608,-77.325714,PubChem candidate
16.903687,16.936338,PubChem candidate
56.871845,-0.22238447,PubChem candidate
-79.65735,-1.7013519,PubChem candidate
-98.05581,-33.7852,PubChem candidate
-16.726841,86.38981,PubChem candidate
-34.52704,-10.262118,PubChem candidate
-107.09533,-12.000284,PubChem candidate
-18.902493,73.43342,PubChem candidate
-33.02235,-72.614395,PubChem candidate
4.3915358,-67.325424,PubChem candidate
-25.506088,-96.53207,PubChem candidate
-46.992847,-12.248362,PubChem candidate
-23.19333,91.10193,PubChem candidate
67.997955,-69.69818,PubChem candidate
-10.635073,118.490746,PubChem candidate
-13.103354,15.228775,PubChem candidate
-10.462422,-19.770046,PubChem candidate
-56.30019,-55.277927,PubChem candidate
-26.999298,92.352585,PubChem candidate
-80.78847,54.07649,PubChem candidate
-53.634068,40.45223,PubChem candidate
-26.16011,-30.567404,PubChem candidate
74.36002,50.53643,PubChem candidate
-94.55176,5.167567,PubChem candidate
59.333183,101.65865,PubChem candidate
35.882088,89.92633,PubChem candidate
114.3603,-37.306904,PubChem candidate
47.51286,42.26011,PubChem candidate
10.525566,-44.109653,PubChem candidate
45.234814,15.944212,PubChem candidate
-26.025297,-27.242216,PubChem candidate
-35.965782,39.891727,PubChem candidate
-16.343763,22.759338,PubChem candidate
74.578865,-39.32411,PubChem candidate
48.429543,100.1891,PubChem candidate
-1.0295659,117.683075,PubChem candidate
45.830086,32.55745,PubChem candidate
-38.866535,22.553852,PubChem candidate
-13.187993,3.5520613,PubChem candidate
30.959068,107.72044,PubChem candidate
63.93621,-63.143375,PubChem candidate
-8.1313715,45.43765,PubChem candidate
-45.245285,35.837776,PubChem candidate
-35.24032,41.16529,PubChem candidate
58.62522,103.09525,PubChem candidate
12.567318,0.37491885,PubChem candidate
-23.475475,92.02179,PubChem candidate
-34.28603,-60.752075,PubChem candidate
16.84952,16.12105,PubChem candidate
3.3977296,-60.990376,PubChem candidate
-9.087083,-38.130566,PubChem candidate
-38.894638,103.20702,PubChem candidate
-85.58931,-3.8239763,PubChem candidate
6.7951694,-60.42885,PubChem candidate
100.74741,34.952225,PubChem candidate
-94.24951,10.446115,PubChem candidate
-31.832844,-89.72356,PubChem candidate
4.2663713,-3.0126204,PubChem candidate
-88.13877,-2.111121,PubChem candidate
-12.362548,-38.909164,PubChem candidate
7.71649,-46.405552,PubChem candidate
-45.013996,-26.378029,PubChem candidate
38.51051,49.43294,PubChem candidate
41.513367,-62.96259,PubChem candidate
22.672058,-3.4146905,PubChem candidate
-43.06592,-27.54668,PubChem candidate
-59.910053,35.981968,PubChem candidate
-50.70454,-73.65282,PubChem candidate
43.16925,81.966064,PubChem candidate
67.7469,-62.58243,PubChem candidate
63.829937,27.144579,PubChem candidate
46.51731,81.19013,PubChem candidate
113.831345,-7.378245,PubChem candidate
36.69445,105.813545,PubChem candidate
-8.3536005,6.6404495,PubChem candidate
-9.370223,-38.843956,PubChem candidate
-79.18299,0.4020397,PubChem candidate
-40.24081,-69.49177,PubChem candidate
6.0804877,17.780537,PubChem candidate
-127.7215,-13.076304,PubChem candidate
94.15838,-22.152487,PubChem candidate
-100.28399,24.163425,PubChem candidate
-39.307667,66.84098,PubChem candidate
-1.016903,6.3136873,PubChem candidate
11.110104,-43.80141,PubChem candidate
-55.94965,-51.16376,PubChem candidate
-51.47966,-27.399616,PubChem candidate
-2.7139792,17.24646,PubChem candidate
-68.78871,16.83753,PubChem candidate
-38.81851,-10.173747,PubChem candidate
-63.3267,-59.063534,PubChem candidate
82.65177,45.471012,PubChem candidate
-92.33295,-34.80216,PubChem candidate
-26.39779,26.956688,PubChem candidate
-44.275158,-23.16494,PubChem candidate
5.36447,-73.53144,PubChem candidate
48.903233,-16.084146,PubChem candidate
11.858699,23.751053,PubChem candidate
-37.728813,72.75891,PubChem candidate
-60.542427,-56.08924,PubChem candidate
-33.244675,-92.8441,PubChem candidate
74.37192,50.273235,PubChem candidate
-16.793446,72.56459,PubChem candidate
-35.88823,-74.28278,PubChem candidate
33.53814,-31.188475,PubChem candidate
-43.77916,69.316414,PubChem candidate
52.029266,-9.695392,PubChem candidate
-3.331669,108.51179,PubChem candidate
94.90529,-11.485262,PubChem candidate
-42.58172,-80.11614,PubChem candidate
111.17117,-27.787552,PubChem candidate
-36.924152,-14.745885,PubChem candidate
-47.914608,-73.12192,PubChem candidate
-29.65575,108.640465,PubChem candidate
-94.42242,-0.044847805,PubChem candidate
19.998304,-61.119133,PubChem candidate
-31.00075,-90.36828,PubChem candidate
60.412895,3.5903635,PubChem candidate
-14.889025,-108.75378,PubChem candidate
-27.069178,99.31256,PubChem candidate
7.5302587,-1.7604393,PubChem candidate
25.332554,-52.95227,PubChem candidate
53.03287,52.206924,PubChem candidate
-21.675755,88.052315,PubChem candidate
-17.571337,-29.103264,PubChem candidate
112.69083,-13.056166,PubChem candidate
-67.93768,-1.4430394,PubChem candidate
-35.0551,-38.847298,PubChem candidate
-106.84385,-8.953549,PubChem candidate
-11.768137,107.38519,PubChem candidate
68.79745,-70.524994,PubChem candidate
-34.18156,-96.58732,PubChem candidate
57.687912,3.1968524,PubChem candidate
64.316696,-52.764156,PubChem candidate
-46.471222,-32.209736,PubChem candidate
47.56104,44.697803,PubChem candidate
-6.3895974,26.944593,PubChem candidate
-71.46905,11.110967,PubChem candidate
28.865263,116.07586,PubChem candidate
16.839827,67.36083,PubChem candidate
-71.06949,3.6355178,PubChem candidate
37.791943,73.948235,PubChem candidate
-65.50173,5.787429,PubChem candidate
-40.51415,22.57333,PubChem candidate
-38.302155,102.43256,PubChem candidate
-33.624813,-46.178143,PubChem candidate
-31.046251,-36.529762,PubChem candidate
97.12968,-41.4658,PubChem candidate
-47.583546,-34.13489,PubChem candidate
-14.756385,-4.3122044,PubChem candidate
-96.65632,4.2836657,PubChem candidate
41.519917,87.67855,PubChem candidate
-32.51943,-45.967224,PubChem candidate
-72.15253,-9.462076,PubChem candidate
-38.399326,103.5333,PubChem candidate
55.363922,-83.401695,PubChem candidate
-23.541023,-39.37477,PubChem candidate
83.044586,57.143135,PubChem candidate
75.03346,11.526694,PubChem candidate
42.907276,-92.34024,PubChem candidate
-6.0342507,-93.070915,PubChem candidate
-70.76719,13.760137,PubChem candidate
-30.869184,24.057646,PubChem candidate
-51.54841,-56.025486,PubChem candidate
-80.2414,51.33276,PubChem candidate
-97.79579,9.320665,PubChem candidate
-60.634712,-44.978123,PubChem candidate
-16.635801,118.73742,PubChem candidate
9.123151,0.6673607,PubChem candidate
-24.97607,94.64919,PubChem candidate
-103.36207,25.881252,PubChem candidate
0.9968228,85.5365,PubChem candidate
39.44317,16.005156,PubChem candidate
-30.810076,97.595,PubChem candidate
-113.48897,-2.3162858,PubChem candidate
44.394,104.53729,PubChem candidate
-23.578642,-43.91885,PubChem candidate
52.085556,-22.655563,PubChem candidate
-13.069823,-106.2873,PubChem candidate
-39.21224,-27.745583,PubChem candidate
-2.7245572,107.6328,PubChem candidate
29.191679,111.18328,PubChem candidate
-42.29907,-25.695509,PubChem candidate
-48.875706,-35.209816,PubChem candidate
6.398176,8.704396,PubChem candidate
-44.026512,72.614494,PubChem candidate
-36.836193,-74.00804,PubChem candidate
-38.92402,102.86397,PubChem candidate
-27.776117,93.87737,PubChem candidate
-52.050648,-54.718735,PubChem candidate
-120.87513,3.3581457,PubChem candidate
-30.426304,25.223858,PubChem candidate
8.598215,21.08379,PubChem candidate
61.307896,3.7022564,PubChem candidate
-78.93974,53.656315,PubChem candidate
85.7638,44.086826,PubChem candidate
5.538221,-111.50904,PubChem candidate
-74.15541,6.3157644,PubChem candidate
-42.43444,41.910755,PubChem candidate
110.860535,-26.287497,PubChem candidate
-59.44857,13.201662,PubChem candidate
12.035655,-1.404097,PubChem candidate
-54.409454,-62.36555,PubChem candidate
-78.6871,-59.138523,PubChem candidate
67.66513,-62.441597,PubChem candidate
-6.2055926,-93.3756,PubChem candidate
101.536995,23.19767,PubChem candidate
14.28161,-105.077255,PubChem candidate
-18.013542,-40.25806,PubChem candidate
114.35256,-37.31005,PubChem candidate
37.179234,87.81078,PubChem candidate
11.00035,5.827152,PubChem candidate
43.819603,104.48001,PubChem candidate
-65.28811,-46.40442,PubChem candidate
110.19467,28.83141,PubChem candidate
74.395996,50.537617,PubChem candidate
114.33026,-37.332302,PubChem candidate
-36.79165,-75.877174,PubChem candidate
-77.28727,-57.095768,PubChem candidate
-1.9972037,113.22104,PubChem candidate
62.31232,-57.330696,PubChem candidate
67.68512,-59.78943,PubChem candidate
-70.39417,-49.74932,PubChem candidate
27.17455,-34.914684,PubChem candidate
-15.897323,11.045341,PubChem candidate
-3.5013738,5.35934,PubChem candidate
-23.770807,92.18711,PubChem candidate
10.31667,97.777435,PubChem candidate
-56.748127,-53.32078,PubChem candidate
-55.923702,38.637283,PubChem candidate
-94.69252,1.8859994,PubChem candidate
-89.61276,22.319147,PubChem candidate
-2.299319,-111.49422,PubChem candidate
62.049774,6.8079195,PubChem candidate
113.6832,-17.926226,PubChem candidate
-52.320053,-71.3706,PubChem candidate
-106.70042,-12.0220995,PubChem candidate
67.95054,-72.40563,PubChem candidate
12.72421,-7.6508985,PubChem candidate
-52.42675,-54.547024,PubChem candidate
85.20319,45.822453,PubChem candidate
107.60506,-2.2392473,PubChem candidate
-0.30007353,-104.50231,PubChem candidate
19.514088,2.511032,PubChem candidate
48.85815,-87.1695,PubChem candidate
-11.106863,-105.63808,PubChem candidate
-48.34681,-17.655298,PubChem candidate
-11.456982,-15.606543,PubChem candidate
-12.7718525,-29.738073,PubChem candidate
42.263065,76.325386,PubChem candidate
-15.88243,119.62762,PubChem candidate
5.7837987,-52.741177,PubChem candidate
-69.90033,-47.748882,PubChem candidate
-2.2020495,82.13275,PubChem candidate
-36.35065,-74.80666,PubChem candidate
-14.907359,99.27741,PubChem candidate
62.4625,-50.728275,PubChem candidate
50.89876,-9.911676,PubChem candidate
-27.655647,92.81314,PubChem candidate
-13.213475,-107.79894,PubChem candidate
34.867107,27.295122,PubChem candidate
-97.81984,-32.101273,PubChem candidate
41.222878,-94.42193,PubChem candidate
-127.80008,-12.03072,PubChem candidate
99.4241,22.187632,PubChem candidate
5.829961,-63.081615,PubChem candidate
52.450603,-22.008968,PubChem candidate
-17.624495,-39.63783,PubChem candidate
-110.163765,-6.93205,PubChem candidate
-126.55626,1.4456494,PubChem candidate
75.47736,47.563828,PubChem candidate
-54.1879,-27.672318,PubChem candidate
-61.043007,-55.387405,PubChem candidate
92.52792,26.333345,PubChem candidate
13.399477,-107.884575,PubChem candidate
-29.203285,-40.484226,PubChem candidate
82.50135,49.002064,PubChem candidate
15.525134,0.53961575,PubChem candidate
-62.749878,2.3629205,PubChem candidate
-55.49541,69.62564,PubChem candidate
-42.40758,-78.62697,PubChem candidate
62.14709,7.6175985,PubChem candidate
-41.456623,-42.89189,PubChem candidate
-87.87898,-20.116652,PubChem candidate
-96.34715,29.667208,PubChem candidate
6.7738338,-11.739249,PubChem candidate
-39.701305,-76.49867,PubChem candidate
-48.27568,68.099174,PubChem candidate
-27.11037,26.3728,PubChem candidate
44.326744,28.724377,PubChem candidate
-32.84368,-97.82226,PubChem candidate
12.221729,67.298584,PubChem candidate
98.06,25.40256,PubChem candidate
-15.380372,-40.578617,PubChem candidate
32.127888,-31.72624,PubChem candidate
-55.91965,70.99703,PubChem candidate
42.53992,84.80111,PubChem candidate
-34.576347,-98.46034,PubChem candidate
-71.40409,3.970558,PubChem candidate
29.2912,42.066093,PubChem candidate
-18.16811,11.677715,PubChem candidate
87.62997,24.512606,PubChem candidate
106.980545,-5.6851907,PubChem candidate
5.041473,-52.301876,PubChem candidate
-8.817942,-90.51743,PubChem candidate
-2.052437,97.3652,PubChem candidate
-104.790146,16.701048,PubChem candidate
-94.85284,-31.325583,PubChem candidate
-85.58987,-3.8240764,PubChem candidate
-78.93974,53.656315,PubChem candidate
52.83426,-20.457487,PubChem candidate
-110.84865,-28.535177,PubChem candidate
-31.135927,23.624214,PubChem candidate
23.415136,-40.607758,PubChem candidate
-38.346962,67.8225,PubChem candidate
-26.987885,93.3889,PubChem candidate
72.6387,33.230648,PubChem candidate
94.50407,-19.52688,PubChem candidate
-63.492714,1.5457296,PubChem candidate
-38.09803,-27.816923,PubChem candidate
-61.52582,3.241606,PubChem candidate
-14.088214,-7.6734858,PubChem candidate
37.88682,36.96219,PubChem candidate
-41.1785,-68.04142,PubChem candidate
-21.61376,-7.826729,PubChem candidate
-80.240135,52.81161,PubChem candidate
7.0798316,50.900894,PubChem candidate
-29.143307,68.41917,PubChem candidate
-50.039047,-34.813446,PubChem candidate
-59.153877,11.593899,PubChem candidate
110.97566,20.555754,PubChem candidate
-36.19166,43.249897,PubChem candidate
-12.988403,80.52449,PubChem candidate
-125.60115,1.0633209,PubChem candidate
5.543837,-57.74362,PubChem candidate
31.097776,-30.375748,PubChem candidate
95.292274,-7.0624237,PubChem candidate
38.457615,-63.89531,PubChem candidate
41.783684,86.02896,PubChem candidate
109.01144,-0.2533957,PubChem candidate
-13.333578,-17.702753,PubChem candidate
16.7385,-103.02207,PubChem candidate
5.6815524,-111.10663,PubChem candidate
-38.203594,-26.208965,PubChem candidate
-10.648038,-28.146706,PubChem candidate
-51.322826,-12.244152,PubChem candidate
-9.938384,106.08304,PubChem candidate
17.075434,73.049034,PubChem candidate
43.604454,53.481503,PubChem candidate
9.190788,112.35942,PubChem candidate
-25.886007,69.9452,PubChem candidate
-33.254673,39.41256,PubChem candidate
-27.090912,39.905804,PubChem candidate
63.767384,3.280703,PubChem candidate
85.388824,45.659267,PubChem candidate
-28.055109,-33.13757,PubChem candidate
6.867158,-60.472073,PubChem candidate
-64.25044,15.624197,PubChem candidate
105.07788,-1.5749956,PubChem candidate
-57.133194,38.817875,PubChem candidate
-28.688602,-53.59749,PubChem candidate
107.98918,0.71529835,PubChem candidate
-16.320297,11.994725,PubChem candidate
-44.451515,-79.56942,PubChem candidate
11.728636,-103.39989,PubChem candidate
-16.513926,-28.40363,PubChem candidate
-102.44383,20.752468,PubChem candidate
53.848846,-84.69183,PubChem candidate
1.9613736,81.302246,PubChem candidate
-78.93974,53.656315,PubChem candidate
-12.814691,114.833206,PubChem candidate
31.157074,30.67094,PubChem candidate
-34.78302,-45.745686,PubChem candidate
-62.71786,4.591566,PubChem candidate
20.44655,71.77076,PubChem candidate
-46.163998,43.383945,PubChem candidate
-34.480827,-83.56569,PubChem candidate
-50.48027,-12.201155,PubChem candidate
29.351276,41.486095,PubChem candidate
73.37908,31.933262,PubChem candidate
30.945696,36.057625,PubChem candidate
-80.55289,-4.1515656,PubChem candidate
-37.102448,-74.46966,PubChem candidate
53.5845,-27.219458,PubChem candidate
114.48647,-11.25271,PubChem candidate
-27.590267,59.84458,PubChem candidate
10.457532,16.390545,PubChem candidate
-15.3604,13.998782,PubChem candidate
100.67651,23.893953,PubChem candidate
-34.849735,67.65377,PubChem candidate
60.405987,100.27948,PubChem candidate
29.777649,112.14804,PubChem candidate
22.648134,-57.47531,PubChem candidate
-51.02578,66.20009,PubChem candidate
99.87113,23.093718,PubChem candidate
-31.029865,-90.18053,PubChem candidate
50.40434,82.52161,PubChem candidate
40.524693,88.14893,PubChem candidate
45.56549,-91.42115,PubChem candidate
-35.927486,32.24405,PubChem candidate
38.128086,18.007685,PubChem candidate
108.508865,-5.077472,PubChem candidate
-64.67717,0.2721562,PubChem candidate
60.385056,-47.24031,PubChem candidate
-59.63937,-45.071262,PubChem candidate
-111.93688,-0.79654366,PubChem candidate
-39.82729,38.175404,PubChem candidate
-127.39699,4.40439,PubChem candidate
105.8419,-4.787941,PubChem candidate
67.43272,-63.804737,PubChem candidate
-18.739107,58.361996,PubChem candidate
7.8191504,-107.14508,PubChem candidate
-26.675394,-7.6873536,PubChem candidate
-20.17559,-39.859356,PubChem candidate
-28.933617,54.85783,PubChem candidate
50.545982,-86.940674,PubChem candidate
74.736855,46.64714,PubChem candidate
41.165096,-58.077713,PubChem candidate
-10.275879,-108.04965,PubChem candidate
-76.69147,-13.289109,PubChem candidate
-106.95481,-9.671835,PubChem candidate
-37.365772,25.040688,PubChem candidate
-10.205749,-19.606207,PubChem candidate
12.107903,17.114546,PubChem candidate
-29.990015,-97.74589,PubChem candidate
-10.699292,118.600266,PubChem candidate
37.51581,8.707436,PubChem candidate
63.85675,8.480525,PubChem candidate
91.691315,-24.773542,PubChem candidate
115.592834,29.712824,PubChem candidate
-35.655083,32.553265,PubChem candidate
66.10302,8.555453,PubChem candidate
6.7689433,95.00928,PubChem candidate
-100.35325,13.622726,PubChem candidate
-59.098988,12.427587,PubChem candidate
-8.803729,-102.42933,PubChem candidate
-93.451614,2.0540488,PubChem candidate
61.573963,-76.50829,PubChem candidate
50.179268,37.531666,PubChem candidate
-74.889595,-12.090729,PubChem candidate
-133.04205,-11.055666,PubChem candidate
-32.728073,35.592056,PubChem candidate
63.617226,-55.609688,PubChem candidate
-51.66055,-80.78028,PubChem candidate
27.149195,114.60001,PubChem candidate
-17.14671,-42.84854,PubChem candidate
92.42919,26.091043,PubChem candidate
-55.53266,70.632576,PubChem candidate
-38.150406,-73.697495,PubChem candidate
82.16295,48.748535,PubChem candidate
12.3921175,68.93419,PubChem candidate
-48.12033,-83.09695,PubChem candidate
-35.791264,-18.677553,PubChem candidate
7.4951415,94.7333,PubChem candidate
63.855453,-17.412542,PubChem candidate
-80.240135,52.81161,PubChem candidate
-31.002804,-90.645775,PubChem candidate
-14.918583,-54.67699,PubChem candidate
-28.139627,-53.594276,PubChem candidate
69.75026,16.292833,PubChem candidate
55.72258,-57.74323,PubChem candidate
100.9014,23.035494,PubChem candidate
47.88044,42.452744,PubChem candidate
-21.7089,43.437454,PubChem candidate
-105.92412,-10.747199,PubChem candidate
-101.8424,18.635427,PubChem candidate
-41.363014,-78.10865,PubChem candidate
94.31344,19.486013,PubChem candidate
-102.66694,23.494404,PubChem candidate
-41.88303,67.88934,PubChem candidate
116.00786,-27.858232,PubChem candidate
-52.61433,-63.74962,PubChem candidate
68.9112,-14.187448,PubChem candidate
-16.27321,78.89283,PubChem candidate
-15.198031,120.90945,PubChem candidate
-21.491362,-94.4917,PubChem candidate
-78.93974,53.656315,PubChem candidate
1.0377237,-107.592476,PubChem candidate
-51.05439,41.984837,PubChem candidate
84.848785,56.75121,PubChem candidate
107.10007,23.07526,PubChem candidate
-46.34849,-36.816555,PubChem candidate
10.774254,-9.908168,PubChem candidate
115.87906,-16.41183,PubChem candidate
114.649895,25.804655,PubChem candidate
66.56424,-78.76402,PubChem candidate
70.766754,-83.27604,PubChem candidate
0.83633804,2.5636914,PubChem candidate
-12.842848,-106.06523,PubChem candidate
55.687866,-15.834597,PubChem candidate
38.266598,-64.66052,PubChem candidate
111.392105,29.819382,PubChem candidate
-37.47981,70.545654,PubChem candidate
-14.150616,106.731636,PubChem candidate
0.8176695,-102.14623,PubChem candidate
-8.345826,-31.156958,PubChem candidate
66.50063,-56.84247,PubChem candidate
-31.209259,-42.240524,PubChem candidate
88.460335,51.89735,PubChem candidate
-38.56111,65.13226,PubChem candidate
-11.731111,-106.84859,PubChem candidate
-15.358877,114.91967,PubChem candidate
-29.473286,-41.803455,PubChem candidate
61.547287,85.00665,PubChem candidate
-114.125435,-27.61933,PubChem candidate
-51.20628,40.532963,PubChem candidate
0.28077585,115.78377,PubChem candidate
2.8322215,-59.04853,PubChem candidate
4.7261815,-57.50808,PubChem candidate
52.475296,-17.393488,PubChem candidate
22.360714,0.44752195,PubChem candidate
1.6757591,-111.73156,PubChem candidate
-98.423645,24.25068,PubChem candidate
46.237244,-80.21113,PubChem candidate
109.40493,-24.96282,PubChem candidate
7.792525,19.613153,PubChem candidate
-11.538455,-3.5022516,PubChem candidate
-13.387157,-105.325485,PubChem candidate
-50.8701,67.48209,PubChem candidate
64.16311,-60.32023,PubChem candidate
-15.589155,84.3079,PubChem candidate
-7.063195,-21.139332,PubChem candidate
-10.672688,-3.2933831,PubChem candidate
21.855547,-68.39419,PubChem candidate
17.489014,-37.21971,PubChem candidate
55.13004,-79.88417,PubChem candidate
55.961067,-84.698105,PubChem candidate
-2.1520543,109.738045,PubChem candidate
56.757656,-44.50032,PubChem candidate
-38.723934,50.967804,PubChem candidate
84.6026,57.69466,PubChem candidate
12.894953,-109.10412,PubChem candidate
-11.133027,-104.47369,PubChem candidate
-1.0145446,-7.9122415,PubChem candidate
-103.442314,22.131956,PubChem candidate
94.00518,-14.648146,PubChem candidate
-92.207794,-40.4253,PubChem candidate
-97.92659,-36.013336,PubChem candidate
-14.26788,21.559439,PubChem candidate
82.27737,49.55519,PubChem candidate
3.022965,14.351273,PubChem candidate
16.87181,-36.2641,PubChem candidate
-16.071377,116.79103,PubChem candidate
-42.61023,-79.94333,PubChem candidate
106.57146,-6.4519634,PubChem candidate
-51.010963,-26.273489,PubChem candidate
10.499485,94.20931,PubChem candidate
10.73354,68.48498,PubChem candidate
37.052505,85.7049,PubChem candidate
-20.50344,43.60181,PubChem candidate
58.60284,27.91085,PubChem candidate
41.015213,84.69028,PubChem candidate
-17.099174,72.57228,PubChem candidate
49.476677,-39.312412,PubChem candidate
114.36642,-7.6624093,PubChem candidate
-16.55051,-32.502728,PubChem candidate
17.171164,-58.269268,PubChem candidate
39.084946,47.655144,PubChem candidate
-102.56312,18.494003,PubChem candidate
-38.78376,51.043415,PubChem candidate
-66.312195,-59.882515,PubChem candidate
107.728004,-35.4797,PubChem candidate
-43.247524,41.79273,PubChem candidate
35.485664,107.34125,PubChem candidate
-106.15156,-25.669453,PubChem candidate
-3.7549684,-53.916145,PubChem candidate
-29.452003,43.25406,PubChem candidate
59.024387,-44.160095,PubChem candidate
-2.6071312,109.764496,PubChem candidate
7.549395,-5.3642893,PubChem candidate
-63.026352,13.576783,PubChem candidate
89.84442,-28.927416,PubChem candidate
81.274185,44.56925,PubChem candidate
-23.326782,-82.83069,PubChem candidate
-17.10136,-99.67151,PubChem candidate
-0.40109646,2.5817623,PubChem candidate
-24.522707,-95.43086,PubChem candidate
67.78172,10.548357,PubChem candidate
40.358532,29.160309,PubChem candidate
9.895334,-107.37915,PubChem candidate
9.987328,-69.58127,PubChem candidate
98.471985,25.298166,PubChem candidate
-17.548342,-100.01158,PubChem candidate
-98.13285,14.596188,PubChem candidate
59.196194,-45.405,PubChem candidate
36.641594,-77.00112,PubChem candidate
73.175514,53.14731,PubChem candidate
6.4088583,-43.317318,PubChem candidate
34.91858,13.011631,PubChem candidate
101.39716,36.65167,PubChem candidate
55.779095,-42.691864,PubChem candidate
-62.23928,-58.726936,PubChem candidate
-77.83504,-59.499798,PubChem candidate
32.450443,5.8240857,PubChem candidate
15.850901,-4.407743,PubChem candidate
-80.240135,52.81161,PubChem candidate
44.48038,77.91719,PubChem candidate
-68.77112,-49.19842,PubChem candidate
53.828068,-21.78475,PubChem candidate
50.738503,38.378643,PubChem candidate
46.697884,44.24621,PubChem candidate
37.80948,-65.006935,PubChem candidate
85.01119,44.064438,PubChem candidate
-133.19917,-11.043946,PubChem candidate
-38.10418,-20.83936,PubChem candidate
0.33600596,85.24693,PubChem candidate
0.9790481,-110.74025,PubChem candidate
-4.4797354,44.05436,PubChem candidate
-36.994102,-26.35694,PubChem candidate
65.72765,10.503378,PubChem candidate
-37.509983,-14.451335,PubChem candidate
-1.3342303,118.44136,PubChem candidate
-29.835686,-84.28716,PubChem candidate
26.11993,-31.580427,PubChem candidate
-21.86505,-33.379093,PubChem candidate
-8.307352,-37.087856,PubChem candidate
-35.015522,-82.83344,PubChem candidate
-3.9772274,108.93208,PubChem candidate
-21.441008,-7.8144555,PubChem candidate
-0.47631708,83.2209,PubChem candidate
-93.46088,31.142427,PubChem candidate
-22.851408,89.51476,PubChem candidate
-43.97291,73.0206,PubChem candidate
-42.751663,-78.62427,PubChem candidate
-57.254295,69.9984,PubChem candidate
84.602394,55.47858,PubChem candidate
-26.142332,99.08757,PubChem candidate
12.921337,8.820042,PubChem candidate
-28.688597,-53.59749,PubChem candidate
22.164932,5.809847,PubChem candidate
-25.892866,93.161514,PubChem candidate
39.43293,90.49942,PubChem candidate
-62.724552,1.9917166,PubChem candidate
-30.16184,-35.377346,PubChem candidate
-80.240135,52.81161,PubChem candidate
-71.81282,-50.430996,PubChem candidate
-41.977863,-43.833992,PubChem candidate
-20.155561,60.17282,PubChem candidate
44.03888,44.655273,PubChem candidate
69.73363,-9.945025,PubChem candidate
-18.957968,86.222786,PubChem candidate
95.11462,-8.410485,PubChem candidate
-93.09108,-36.02958,PubChem candidate
-46.215603,83.50297,PubChem candidate
-31.269348,-85.857574,PubChem candidate
-10.442056,-27.368462,PubChem candidate
13.328448,64.43023,PubChem candidate
-33.23445,-89.97282,PubChem candidate
35.97867,44.102177,PubChem candidate
-19.878681,-106.643974,PubChem candidate
-67.11635,-55.871464,PubChem candidate
-16.722895,-39.32165,PubChem candidate
45.22293,104.519196,PubChem candidate
11.276829,107.78817,PubChem candidate
-61.407326,-63.741158,PubChem candidate
37.479294,74.79867,PubChem candidate
21.671513,-65.445015,PubChem candidate
-26.428984,-39.87927,PubChem candidate
31.826628,77.60071,PubChem candidate
42.02625,81.27471,PubChem candidate
54.437206,-25.982903,PubChem candidate
55.33697,48.556667,PubChem candidate
-114.359474,-1.8874017,PubChem candidate
-15.269415,-87.8402,PubChem candidate
-46.382477,-16.411348,PubChem candidate
-59.405052,12.849498,PubChem candidate
55.10682,-80.94337,PubChem candidate
-38.05832,-44.14566,PubChem candidate
-10.525244,5.412482,PubChem candidate
-72.614075,-51.83746,PubChem candidate
82.32083,48.38864,PubChem candidate
-78.93974,53.656315,PubChem candidate
117.069145,-28.455444,PubChem candidate
39.836693,-93.99822,PubChem candidate
110.97791,-32.97766,PubChem candidate
8.813203,-13.138516,PubChem candidate
-16.75848,86.54049,PubChem candidate
-33.125366,-36.90798,PubChem candidate
-57.31749,71.31653,PubChem candidate
-80.240135,52.81161,PubChem candidate
114.34801,-37.31682,PubChem candidate
-4.8299165,105.33906,PubChem candidate
-94.96779,-30.113342,PubChem candidate
7.4325337,-16.494297,PubChem candidate
93.152916,-13.95263,PubChem candidate
35.847233,43.59557,PubChem candidate
-122.83783,-8.276996,PubChem candidate
21.93904,-59.53334,PubChem candidate
104.5828,2.5773654,PubChem candidate
17.284285,-0.3280591,PubChem candidate
-35.254406,-73.07751,PubChem candidate
-95.164505,-20.353891,PubChem candidate
-45.143272,83.58809,PubChem candidate
-15.103865,22.878496,PubChem candidate
0.3941331,8.783676,PubChem candidate
-67.04637,15.679132,PubChem candidate
99.44649,23.382624,PubChem candidate
-56.632668,69.49193,PubChem candidate
11.200232,17.339222,PubChem candidate
-2.500277,28.857754,PubChem candidate
-46.15385,83.30621,PubChem candidate
37.231613,108.11857,PubChem candidate
-33.690704,-12.298263,PubChem candidate
-50.574306,-74.414314,PubChem candidate
-58.341297,-0.5084288,PubChem candidate
88.25922,53.53555,PubChem candidate
-53.921104,41.419594,PubChem candidate
-40.056427,-29.108765,PubChem candidate
-77.64491,-59.780724,PubChem candidate
-19.094492,73.2203,PubChem candidate
45.490166,-49.098587,PubChem candidate
37.831455,105.35946,PubChem candidate
70.747444,-83.48259,PubChem candidate
-38.137196,66.616974,PubChem candidate
26.74673,-54.824284,PubChem candidate
16.792284,-104.252884,PubChem candidate
39.22334,35.465267,PubChem candidate
61.63655,-73.83673,PubChem candidate
41.16088,-67.196396,PubChem candidate
92.66057,-42.457962,PubChem candidate
-29.689226,-22.217083,PubChem candidate
-14.455707,106.23588,PubChem candidate
-29.19637,-33.946484,PubChem candidate
110.28607,-32.483967,PubChem candidate
50.545708,-82.736206,PubChem candidate
8.323924,-44.486317,PubChem candidate
38.606075,49.792114,PubChem candidate
-62.460545,3.203187,PubChem candidate
107.97384,36.53637,PubChem candidate
67.824745,-61.562023,PubChem candidate
-55.026844,67.1165,PubChem candidate
-76.484604,6.1391535,PubChem candidate
-26.908861,-39.79501,PubChem candidate
-18.330511,2.4977794,PubChem candidate
-80.23138,-3.2371724,PubChem candidate
10.670325,-44.402355,PubChem candidate
43.41212,-91.10857,PubChem candidate
-11.997818,-4.107677,PubChem candidate
36.10935,90.13431,PubChem candidate
3.259921,21.705109,PubChem candidate
114.80678,-10.307534,PubChem candidate
-19.771107,74.33684,PubChem candidate
-77.081245,-2.061272,PubChem candidate
13.840702,-58.660496,PubChem candidate
66.25526,-60.554447,PubChem candidate
-64.92494,-61.40895,PubChem candidate
27.302973,112.10279,PubChem candidate
-26.374586,-27.633738,PubChem candidate
61.18051,-81.02994,PubChem candidate
11.730094,-103.74407,PubChem candidate
6.247958,-108.93643,PubChem candidate
-47.37077,-81.94624,PubChem candidate
-38.254944,-20.081457,PubChem candidate
3.5291479,0.31771377,PubChem candidate
18.999552,74.59494,PubChem candidate
-45.35317,83.242424,PubChem candidate
75.505615,12.531604,PubChem candidate
17.433619,-29.530762,PubChem candidate
-95.05015,9.526945,PubChem candidate
-95.94438,1.0996683,PubChem candidate
93.97239,-16.89987,PubChem candidate
46.56669,-41.45464,PubChem candidate
-11.999181,-5.0349817,PubChem candidate
47.874096,43.53144,PubChem candidate
-33.091274,105.43296,PubChem candidate
-57.68279,36.29241,PubChem candidate
-50.576817,-17.90741,PubChem candidate
-19.458258,-28.10969,PubChem candidate
-29.448498,93.66398,PubChem candidate
113.79893,-20.421642,PubChem candidate
28.701221,112.51753,PubChem candidate
-76.7924,10.582174,PubChem candidate
37.81045,-71.330536,PubChem candidate
-15.342828,-99.65832,PubChem candidate
-0.7725411,9.303649,PubChem candidate
89.15302,-25.029432,PubChem candidate
114.91018,-11.225637,PubChem candidate
-97.8102,-37.66814,PubChem candidate
-78.66382,-16.453165,PubChem candidate
3.8816977,-64.520325,PubChem candidate
-68.379265,0.041053426,PubChem candidate
0.32369354,116.32596,PubChem candidate
9.716131,-5.405952,PubChem candidate
-29.053844,43.017235,PubChem candidate
-21.721386,7.2171974,PubChem candidate
55.651062,49.973427,PubChem candidate
-77.85718,52.653244,PubChem candidate
-23.955328,-29.53665,PubChem candidate
-50.625484,-73.5297,PubChem candidate
-46.307568,-36.796463,PubChem candidate
4.289721,-52.852627,PubChem candidate
-30.959862,-87.05914,PubChem candidate
-15.311112,-87.591805,PubChem candidate
95.66793,-17.209656,PubChem candidate
-72.44931,-50.60334,PubChem candidate
0.2319467,-4.4951973,PubChem candidate
-28.536425,-14.657973,PubChem candidate
19.910372,-11.527994,PubChem candidate
-66.110794,-42.374855,PubChem candidate
39.38202,85.5869,PubChem candidate
-112.797195,1.5398986,PubChem candidate
-70.79318,3.258798,PubChem candidate
13.080174,64.57801,PubChem candidate
-33.30374,-96.94403,PubChem candidate
53.99564,-23.91044,PubChem candidate
7.8943434,-3.3093388,PubChem candidate
-17.31451,-34.084034,PubChem candidate
30.20207,109.39762,PubChem candidate
47.64419,77.538376,PubChem candidate
-2.0574825,-111.62578,PubChem candidate
-30.115355,38.797302,PubChem candidate
45.527485,81.75567,PubChem candidate
35.761787,89.56862,PubChem candidate
-0.59515744,-63.94186,PubChem candidate
-65.43221,-61.109215,PubChem candidate
94.65856,-43.816986,PubChem candidate
-41.05814,39.047764,PubChem candidate
-13.4439125,1.3024403,PubChem candidate
10.696911,110.54631,PubChem candidate
94.908394,-10.826543,PubChem candidate
-41.45982,-28.1424,PubChem candidate
101.55736,38.01745,PubChem candidate
-52.126534,37.184776,PubChem candidate
65.27746,8.297425,PubChem candidate
-16.780607,20.872889,PubChem candidate
-10.5300255,13.947495,PubChem candidate
-74.52335,-55.507374,PubChem candidate
-35.890507,65.635765,PubChem candidate
0.44125983,-6.6724024,PubChem candidate
8.883353,-42.55423,PubChem candidate
104.088524,2.4880238,PubChem candidate
7.8370657,-15.901029,PubChem candidate
62.8457,6.566216,PubChem candidate
36.51696,93.72811,PubChem candidate
4.908861,-75.32422,PubChem candidate
-46.03915,82.99782,PubChem candidate
-32.199562,-95.34094,PubChem candidate
-42.980858,42.864117,PubChem candidate
11.68119,69.90528,PubChem candidate
90.96358,-22.477057,PubChem candidate
-60.96174,10.770482,PubChem candidate
-42.5108,-69.186485,PubChem candidate
-29.789394,39.60536,PubChem candidate
-40.774254,37.66067,PubChem candidate
113.28926,-6.750716,PubChem candidate
86.707214,58.09136,PubChem candidate
-19.95,-17.511833,PubChem candidate
78.49364,37.98295,PubChem candidate
86.06317,44.038136,PubChem candidate
91.107544,-20.78942,PubChem candidate
7.241642,94.61416,PubChem candidate
-56.47559,-52.74965,PubChem candidate
-24.24017,-51.98829,PubChem candidate
69.82989,-67.161766,PubChem candidate
6.273328,-109.564705,PubChem candidate
-40.797363,38.25225,PubChem candidate
-43.832363,-65.01023,PubChem candidate
-12.268591,81.766685,PubChem candidate
-41.33392,-44.62463,PubChem candidate
-20.284706,69.418945,PubChem candidate
-16.126453,-28.74906,PubChem candidate
-23.346127,42.37117,PubChem candidate
93.41113,-42.16674,PubChem candidate
5.6464906,-111.66705,PubChem candidate
40.282497,15.158479,PubChem candidate
-2.3940525,109.72201,PubChem candidate
-0.696834,116.25302,PubChem candidate
40.622574,76.86333,PubChem candidate
-17.210928,42.250114,PubChem candidate
99.14025,35.580925,PubChem candidate
18.548117,-0.5871171,PubChem candidate
70.80587,-83.11865,PubChem candidate
52.659218,-5.3804364,PubChem candidate
-53.338215,-54.032352,PubChem candidate
12.398326,-7.6555963,PubChem candidate
-98.163864,-33.01675,PubChem candidate
-53.061314,-79.92813,PubChem candidate
36.298138,84.764984,PubChem candidate
-42.78249,37.350693,PubChem candidate
1.8228686,-112.317276,PubChem candidate
-52.279583,33.81647,PubChem candidate
-8.362831,-31.587025,PubChem candidate
102.28242,-38.27834,PubChem candidate
-88.400795,25.726501,PubChem candidate
-43.02053,20.841516,PubChem candidate
-14.480858,-0.39690328,PubChem candidate
-133.51173,-4.3575997,PubChem candidate
-70.82404,3.4327898,PubChem candidate
41.876183,83.90406,PubChem candidate
5.098435,-111.974106,PubChem candidate
7.843492,95.221146,PubChem candidate
32.715424,35.267525,PubChem candidate
29.09525,111.359566,PubChem candidate
22.163113,-57.884583,PubChem candidate
92.2793,-17.137104,PubChem candidate
103.67736,36.07361,PubChem candidate
-37.665695,-41.91448,PubChem candidate
80.91906,46.338295,PubChem candidate
-80.240135,52.81161,PubChem candidate
112.87856,-12.601067,PubChem candidate
-21.067291,4.6101127,PubChem candidate
49.017086,-8.848954,PubChem candidate
-8.904844,-93.88589,PubChem candidate
-47.765507,-27.587553,PubChem candidate
63.8456,-67.85416,PubChem candidate
94.24676,-34.200356,PubChem candidate
-38.328236,39.309853,PubChem candidate
-11.144548,-17.267874,PubChem candidate
74.748405,47.158257,PubChem candidate
94.53342,-7.118298,PubChem candidate
-96.12718,5.890771,PubChem candidate
38.038307,11.547297,PubChem candidate
-97.93325,-32.374447,PubChem candidate
-60.707615,10.459988,PubChem candidate
42.016514,83.4817,PubChem candidate
46.163864,82.07605,PubChem candidate
-76.94347,-13.48743,PubChem candidate
33.13141,-30.699575,PubChem candidate
-132.02235,-9.592444,PubChem candidate
95.29514,-42.624786,PubChem candidate
-26.893333,38.274467,PubChem candidate
-43.635796,-39.107037,PubChem candidate
-26.737589,40.92954,PubChem candidate
-34.20768,-83.88601,PubChem candidate
-22.43039,71.24695,PubChem candidate
87.01567,24.736519,PubChem candidate
30.305744,109.04314,PubChem candidate
42.04353,-60.13013,PubChem candidate
34.588703,84.39187,PubChem candidate
115.54403,-22.804031,PubChem candidate
-123.81596,-2.8354597,PubChem candidate
-115.18423,-32.53405,PubChem candidate
110.994644,-33.319042,PubChem candidate
-33.655647,-56.612988,PubChem candidate
23.202112,-29.722467,PubChem candidate
-11.954695,72.45614,PubChem candidate
7.584479,96.340294,PubChem candidate
95.093,-40.798862,PubChem candidate
13.15665,64.26696,PubChem candidate
85.31335,46.873535,PubChem candidate
113.392784,-4.0370154,PubChem candidate
-35.74657,24.548143,PubChem candidate
-78.90601,-60.835266,PubChem candidate
60.54418,2.1962805,PubChem candidate
-26.41703,93.10987,PubChem candidate
52.31942,-20.556814,PubChem candidate
-6.0839663,-93.88579,PubChem candidate
13.290478,64.27035,PubChem candidate
20.480927,-0.05948517,PubChem candidate
104.97363,36.61869,PubChem candidate
37.496754,-74.821175,PubChem candidate
-21.487225,-38.34016,PubChem candidate
21.601315,-32.237194,PubChem candidate
-77.85718,52.653244,PubChem candidate
-2.232759,108.71132,PubChem candidate
-16.915539,43.125362,PubChem candidate
-115.88146,-27.994396,PubChem candidate
49.61848,-38.813263,PubChem candidate
36.161102,13.45836,PubChem candidate
12.152883,-103.608955,PubChem candidate
-25.755095,72.238174,PubChem candidate
11.872378,110.47343,PubChem candidate
-18.203808,-99.70136,PubChem candidate
65.35939,-15.452995,PubChem candidate
103.74429,23.901665,PubChem candidate
-66.568146,-0.99902064,PubChem candidate
114.00004,-6.5273533,PubChem candidate
106.20799,-9.292448,PubChem candidate
23.083855,-40.99846,PubChem candidate
-58.88646,65.42812,PubChem candidate
61.50324,2.6463704,PubChem candidate
-54.967537,39.04174,PubChem candidate
33.07393,79.438515,PubChem candidate
48.894627,-86.77085,PubChem candidate
38.06493,-66.22834,PubChem candidate
-25.597721,-6.1867523,PubChem candidate
64.13437,-79.02595,PubChem candidate
-67.617775,-4.0729733,PubChem candidate
116.08201,-18.653519,PubChem candidate
-43.794014,-65.11074,PubChem candidate
-39.779427,65.276566,PubChem candidate
-28.380001,-45.037037,PubChem candidate
62.944096,2.490568,PubChem candidate
-116.50453,-26.301338,PubChem candidate
95.61002,-9.049526,PubChem candidate
68.864525,-66.251366,PubChem candidate
6.237888,-109.17478,PubChem candidate
-63.16289,-58.56159,PubChem candidate
-32.515038,-91.48028,PubChem candidate
32.747204,106.619064,PubChem candidate
5.536465,-112.02778,PubChem candidate
-15.741922,113.64975,PubChem candidate
47.93582,43.51933,PubChem candidate
-57.63121,37.847153,PubChem candidate
82.543915,49.234753,PubChem candidate
-25.07625,-7.5657907,PubChem candidate
-31.617245,-85.35322,PubChem candidate
28.545643,36.67821,PubChem candidate
67.461945,-59.49598,PubChem candidate
61.933212,-52.678616,PubChem candidate
41.630325,83.82736,PubChem candidate
-42.35073,66.58534,PubChem candidate
-58.009357,0.1610944,PubChem candidate
-3.749025,-53.939465,PubChem candidate
-27.501747,-22.372774,PubChem candidate
58.26572,-83.31149,PubChem candidate
23.572554,-55.433807,PubChem candidate
-128.1427,-10.677044,PubChem candidate
116.868095,-15.428424,PubChem candidate
23.389814,2.96948,PubChem candidate
-65.62269,5.515036,PubChem candidate
7.4405613,-70.18047,PubChem candidate
-57.52618,38.792286,PubChem candidate
-104.84651,-24.604643,PubChem candidate
35.136406,90.32445,PubChem candidate
74.782005,16.482649,PubChem candidate
-29.905941,39.608906,PubChem candidate
111.18627,30.262064,PubChem candidate
96.96951,25.062422,PubChem candidate
7.9454923,94.90378,PubChem candidate
23.942163,-32.73837,PubChem candidate
56.234867,-44.82008,PubChem candidate
-49.576206,35.923054,PubChem candidate
-98.05639,12.141692,PubChem candidate
-17.298536,86.14287,PubChem candidate
-24.378012,-37.886837,PubChem candidate
-107.36962,10.091051,PubChem candidate
-66.957596,-42.075222,PubChem candidate
38.506832,104.27973,PubChem candidate
70.02907,11.864296,PubChem candidate
-97.51301,23.692348,PubChem candidate
-8.704243,72.00786,PubChem candidate
-56.95326,-45.7701,PubChem candidate
-6.84428,-0.13828352,PubChem candidate
-30.82069,67.692795,PubChem candidate
-21.229134,-23.544336,PubChem candidate
15.01787,-2.3665733,PubChem candidate
24.853828,-58.199192,PubChem candidate
39.079266,17.013474,PubChem candidate
13.857155,-104.886604,PubChem candidate
-14.767361,83.1653,PubChem candidate
8.0460205,-56.278965,PubChem candidate
-76.23452,-56.549488,PubChem candidate
47.67938,82.740234,PubChem candidate
-25.620789,-56.505836,PubChem candidate
110.73126,26.044584,PubChem candidate
37.378384,11.847203,PubChem candidate
-78.043144,51.460842,PubChem candidate
46.447063,-36.52725,PubChem candidate
58.38896,48.507862,PubChem candidate
-0.9152633,82.43801,PubChem candidate
-14.98493,-32.50509,PubChem candidate
24.176243,-59.21009,PubChem candidate
-103.35408,23.42144,PubChem candidate
-56.941376,71.21585,PubChem candidate
-119.81907,-8.670471,PubChem candidate
-49.593773,-73.91508,PubChem candidate
44.09774,89.889626,PubChem candidate
-39.641716,-44.42624,PubChem candidate
-112.21583,0.75835633,PubChem candidate
36.848145,76.358505,PubChem candidate
38.037464,73.62945,PubChem candidate
-95.018166,3.8212101,PubChem candidate
-40.47736,-77.012695,PubChem candidate
-57.533894,38.589344,PubChem candidate
65.045,-78.70029,PubChem candidate
39.34418,75.24931,PubChem candidate
-53.881886,-13.943872,PubChem candidate
8.455751,-58.272102,PubChem candidate
81.40637,37.287624,PubChem candidate
11.340754,108.03849,PubChem candidate
-97.7871,18.987532,PubChem candidate
-15.442135,-7.9477897,PubChem candidate
11.366914,97.04381,PubChem candidate
29.806515,35.479862,PubChem candidate
-94.88943,-19.99112,PubChem candidate
-14.9365,-54.652565,PubChem candidate
-2.6938214,6.4955816,PubChem candidate
-96.07238,5.66183,PubChem candidate
-78.043144,51.460842,PubChem candidate
23.072325,38.470715,PubChem candidate
-40.51608,42.157906,PubChem candidate
-67.12971,-46.218124,PubChem candidate
-107.0552,-7.5084615,PubChem candidate
-52.157402,-71.558334,PubChem candidate
-29.026478,54.548985,PubChem candidate
31.484266,109.223114,PubChem candidate
-40.31305,67.654396,PubChem candidate
1.0190393,-110.16924,PubChem candidate
40.58342,102.927956,PubChem candidate
-37.422302,-41.743378,PubChem candidate
-58.44791,-0.7678824,PubChem candidate
-80.2414,51.33276,PubChem candidate
41.65305,87.75635,PubChem candidate
-13.149315,-88.36678,PubChem candidate
28.457018,37.32208,PubChem candidate
-11.312241,107.28972,PubChem candidate
-26.337435,-83.122795,PubChem candidate
-50.194542,-70.84236,PubChem candidate
-106.91337,22.674795,PubChem candidate
111.42312,-4.396156,PubChem candidate
58.917606,102.755936,PubChem candidate
-25.21744,93.787704,PubChem candidate
49.163326,36.319267,PubChem candidate
-72.0395,-57.297203,PubChem candidate
-7.917044,-100.63618,PubChem candidate
102.79104,35.924667,PubChem candidate
-0.9915258,-63.754272,PubChem candidate
112.86421,-13.300659,PubChem candidate
-0.999166,13.821083,PubChem candidate
48.286312,-5.530452,PubChem candidate
-27.819073,-54.42656,PubChem candidate
30.7568,110.623116,PubChem candidate
36.47809,41.103043,PubChem candidate
-59.292892,-63.842113,PubChem candidate
1.9171097,81.27004,PubChem candidate
-29.234625,39.960304,PubChem candidate
-12.769556,110.0711,PubChem candidate
-12.868566,105.8447,PubChem candidate
43.53954,76.92485,PubChem candidate
59.07002,-46.542526,PubChem candidate
33.26956,109.81968,PubChem candidate
34.394463,-90.665016,PubChem candidate
-45.072754,72.160484,PubChem candidate
-50.45965,-31.409512,PubChem candidate
36.954308,108.01149,PubChem candidate
-94.67684,1.487173,PubChem candidate
-34.633667,90.3599,PubChem candidate
60.63415,-65.95285,PubChem candidate
116.83969,-8.592024,PubChem candidate
-106.98315,-12.109127,PubChem candidate
36.264572,-73.02493,PubChem candidate
40.794132,-56.093502,PubChem candidate
-27.130833,97.6235,PubChem candidate
-33.75699,-47.79063,PubChem candidate
38.7314,-64.698326,PubChem candidate
113.77274,-15.350509,PubChem candidate
46.758404,82.429596,PubChem candidate
-123.0432,-9.913683,PubChem candidate
68.83094,-11.480689,PubChem candidate
39.472862,85.48284,PubChem candidate
-27.5011,-7.9786015,PubChem candidate
-49.93816,-83.627884,PubChem candidate
109.32431,-0.13215324,PubChem candidate
6.0962744,-75.93528,PubChem candidate
67.144165,-10.0653305,PubChem candidate
109.97132,-1.5688096,PubChem candidate
-44.75949,-26.96143,PubChem candidate
-20.242525,-37.830902,PubChem candidate
-27.633316,-41.83927,PubChem candidate
-43.033123,-79.08164,PubChem candidate
-18.759287,51.270733,PubChem candidate
40.226463,94.65606,PubChem candidate
-20.980743,-10.604812,PubChem candidate
101.79688,-37.444416,PubChem candidate
-0.61068404,-6.141719,PubChem candidate
6.8060904,-11.658632,PubChem candidate
-32.68747,70.04654,PubChem candidate
-94.7744,9.140148,PubChem candidate
41.488888,31.199305,PubChem candidate
13.980166,65.054016,PubChem candidate
-23.22679,-93.07345,PubChem candidate
38.30462,-72.454544,PubChem candidate
67.19889,-70.23536,PubChem candidate
100.68936,26.063028,PubChem candidate
35.855602,107.376564,PubChem candidate
48.73819,-83.74018,PubChem candidate
107.54581,25.414463,PubChem candidate
-15.077281,14.755491,PubChem candidate
11.884795,109.843346,PubChem candidate
-56.445866,68.45767,PubChem candidate
-9.406805,-99.131805,PubChem candidate
-9.333722,10.620843,PubChem candidate
64.86126,-77.74492,PubChem candidate
-18.376724,-41.079754,PubChem candidate
48.301697,-87.83315,PubChem candidate
-45.92139,-81.536255,PubChem candidate
-20.18229,113.933586,PubChem candidate
-33.22454,-92.84111,PubChem candidate
-105.1096,-24.10862,PubChem candidate
-97.43482,3.8149881,PubChem candidate
-69.67761,-49.31235,PubChem candidate
-14.669036,-31.256718,PubChem candidate
-13.743434,-18.601278,PubChem candidate
40.272594,103.51317,PubChem candidate
44.373646,-48.453255,PubChem candidate
-131.85648,-9.54584,PubChem candidate
-43.549282,71.1376,PubChem candidate
-21.18812,41.263107,PubChem candidate
-16.430714,-99.45403,PubChem candidate
-15.918292,85.44961,PubChem candidate
-6.1315875,1.1695503,PubChem candidate
-2.1251276,114.619934,PubChem candidate
-22.6623,40.317783,PubChem candidate
14.546499,6.1172037,PubChem candidate
-16.001812,-40.62108,PubChem candidate
4.9623227,6.7921324,PubChem candidate
11.625596,-107.066696,PubChem candidate
97.78156,-40.76237,PubChem candidate
-77.85718,52.653244,PubChem candidate
54.38623,-23.364607,PubChem candidate
113.26299,-31.703543,PubChem candidate
7.434956,-48.308353,PubChem candidate
106.20634,-33.4551,PubChem candidate
-16.84989,116.14769,PubChem candidate
40.68358,102.816956,PubChem candidate
45.52437,104.34578,PubChem candidate
37.663055,105.2819,PubChem candidate
35.79952,-70.54493,PubChem candidate
-25.48725,90.50086,PubChem candidate
-23.72259,92.86178,PubChem candidate
49.902527,-15.220147,PubChem candidate
-72.39416,15.423006,PubChem candidate
43.95665,-64.73353,PubChem candidate
69.88464,16.020424,PubChem candidate
113.957184,-7.3944883,PubChem candidate
1.3338189,-111.36799,PubChem candidate
24.392153,-58.780155,PubChem candidate
40.258926,91.84916,PubChem candidate
-1.8101274,108.09455,PubChem candidate
67.100105,-10.666094,PubChem candidate
-62.931507,6.17714,PubChem candidate
28.483253,113.728584,PubChem candidate
-12.870842,105.83736,PubChem candidate
114.76829,-8.783417,PubChem candidate
-27.032827,-21.813168,PubChem candidate
-103.64651,16.858303,PubChem candidate
-6.734009,26.975891,PubChem candidate
113.6848,-3.605912,PubChem candidate
23.579401,0.73994374,PubChem candidate
-45.135197,-27.184837,PubChem candidate
14.003013,-67.92457,PubChem candidate
36.353996,86.87652,PubChem candidate
-80.13804,54.368305,PubChem candidate
-29.887802,-26.384827,PubChem candidate
30.293938,96.19726,PubChem candidate
-39.92736,-21.057322,PubChem candidate
-24.081081,42.48606,PubChem candidate
93.853676,-15.64474,PubChem candidate
21.519999,-63.435146,PubChem candidate
105.50668,-6.250531,PubChem candidate
38.42458,104.42377,PubChem candidate
37.129128,42.14338,PubChem candidate
-15.363686,-110.089966,PubChem candidate
45.069244,-88.70162,PubChem candidate
14.183944,67.31835,PubChem candidate
-63.362247,13.552525,PubChem candidate
11.119156,-46.11987,PubChem candidate
-9.776055,-100.74232,PubChem candidate
66.808,-14.142748,PubChem candidate
-2.0771785,108.09874,PubChem candidate
74.34873,50.115562,PubChem candidate
55.59948,-57.574276,PubChem candidate
-22.305534,-89.25417,PubChem candidate
-16.097313,83.27059,PubChem candidate
-113.13493,-31.089191,PubChem candidate
3.733111,-74.63819,PubChem candidate
56.963856,2.9871902,PubChem candidate
-19.995049,52.60565,PubChem candidate
6.6218467,-108.75933,PubChem candidate
-102.99504,25.35611,PubChem candidate
-51.694965,-27.93369,PubChem candidate
62.279755,4.903161,PubChem candidate
-94.323074,0.10407534,PubChem candidate
56.061592,-83.55995,PubChem candidate
-16.515411,-20.101732,PubChem candidate
64.13297,-76.15979,PubChem candidate
-104.23168,18.379133,PubChem candidate
9.197462,112.35968,PubChem candidate
32.68068,79.29216,PubChem candidate
-71.35666,11.274123,PubChem candidate
-30.399155,68.04853,PubChem candidate
33.570335,42.219074,PubChem candidate
20.699417,-30.317902,PubChem candidate
24.37458,42.61372,PubChem candidate
-7.911174,44.877403,PubChem candidate
-49.35091,-12.018957,PubChem candidate
-7.4936047,25.05635,PubChem candidate
15.91443,-106.4413,PubChem candidate
-26.49969,42.133102,PubChem candidate
-3.8790584,-109.175766,PubChem candidate
-112.79166,-25.243477,PubChem candidate
98.33527,24.746681,PubChem candidate
28.941679,-30.053545,PubChem candidate
-33.293922,41.012592,PubChem candidate
7.4843082,8.216964,PubChem candidate
109.39258,-24.930906,PubChem candidate
30.697704,78.33316,PubChem candidate
36.57437,-76.35276,PubChem candidate
44.177372,-58.732548,PubChem candidate
95.54134,27.12578,PubChem candidate
-15.606044,-98.55159,PubChem candidate
-23.986256,-26.32117,PubChem candidate
24.560255,4.1908383,PubChem candidate
22.736967,42.31946,PubChem candidate
-34.062252,-97.313416,PubChem candidate
-8.903582,45.366814,PubChem candidate
43.061768,27.217064,PubChem candidate
-63.712128,-50.01061,PubChem candidate
-12.218416,8.329749,PubChem candidate
-96.0587,28.712017,PubChem candidate
7.813785,101.14142,PubChem candidate
-22.691355,-53.2494,PubChem candidate
25.44051,-60.860744,PubChem candidate
-76.59534,-12.879007,PubChem candidate
117.70731,31.995005,PubChem candidate
-16.57212,118.87229,PubChem candidate
68.81183,-10.266797,PubChem candidate
62.431835,-52.434597,PubChem candidate
18.882656,-36.873676,PubChem candidate
-76.64137,6.237158,PubChem candidate
-1.3549501,6.816408,PubChem candidate
-46.358765,32.906445,PubChem candidate
-42.525917,-69.185036,PubChem candidate
-46.360626,-36.91835,PubChem candidate
2.5867615,-2.331313,PubChem candidate
-8.36145,-31.812662,PubChem candidate
101.306885,34.724197,PubChem candidate
-4.311821,24.429754,PubChem candidate
60.641117,14.725897,PubChem candidate
-95.7896,28.391912,PubChem candidate
-95.24476,-28.37587,PubChem candidate
-67.06958,-56.008415,PubChem candidate
-33.966328,44.20419,PubChem candidate
-56.608955,69.076324,PubChem candidate
-18.242226,-50.9036,PubChem candidate
17.679897,-37.282112,PubChem candidate
11.352154,7.162311,PubChem candidate
31.83951,34.09801,PubChem candidate
-35.183456,32.948814,PubChem candidate
-42.301125,-29.196775,PubChem candidate
-15.618878,-87.25965,PubChem candidate
-94.825035,-19.986034,PubChem candidate
3.3432467,-72.69639,PubChem candidate
-25.02241,-57.019264,PubChem candidate
-9.418379,-10.895926,PubChem candidate
-37.49566,39.030334,PubChem candidate
31.027891,33.50072,PubChem candidate
-17.226246,85.93128,PubChem candidate
-13.79407,-34.590885,PubChem candidate
5.6165195,-72.62664,PubChem candidate
41.88961,-89.82829,PubChem candidate
21.888441,-30.164515,PubChem candidate
-57.44045,38.548733,PubChem candidate
-19.247505,13.57975,PubChem candidate
-78.043144,51.460842,PubChem candidate
16.073084,-106.57832,PubChem candidate
5.415232,-51.03561,PubChem candidate
-124.13378,-7.8111663,PubChem candidate
61.90252,5.968973,PubChem candidate
-55.201797,-21.410452,PubChem candidate
-33.793148,99.511665,PubChem candidate
110.10901,23.960665,PubChem candidate
-41.408516,37.618935,PubChem candidate
-79.04509,51.43945,PubChem candidate
67.91252,-68.77049,PubChem candidate
-29.706348,40.21367,PubChem candidate
-2.8288338,108.11342,PubChem candidate
61.095585,-77.027756,PubChem candidate
-43.467922,-29.543701,PubChem candidate
-39.261856,50.923225,PubChem candidate
-80.2414,51.33276,PubChem candidate
-2.8849337,-6.4636836,PubChem candidate
51.77973,-76.707756,PubChem candidate
-44.14493,-44.750664,PubChem candidate
-100.872116,-11.960137,PubChem candidate
10.320305,97.669266,PubChem candidate
91.64947,-17.886353,PubChem candidate
-24.106384,-11.32544,PubChem candidate
-32.14864,-35.518406,PubChem candidate
48.138493,41.801426,PubChem candidate
-49.01175,-28.475372,PubChem candidate
-21.670858,41.211567,PubChem candidate
19.907837,-34.713924,PubChem candidate
6.1438446,17.74355,PubChem candidate
-80.240135,52.81161,PubChem candidate
-27.16115,-30.836823,PubChem candidate
-69.56163,-51.028076,PubChem candidate
-1.5910194,112.81254,PubChem candidate
-10.040979,-20.962584,PubChem candidate
14.661318,-9.947386,PubChem candidate
-45.80236,-84.356125,PubChem candidate
-40.263893,64.947556,PubChem candidate
33.711163,31.5492,PubChem candidate
99.22489,24.29478,PubChem candidate
-42.220486,67.30647,PubChem candidate
43.436375,-93.36467,PubChem candidate
-96.736046,-32.302895,PubChem candidate
8.644183,-70.75195,PubChem candidate
1.8669631,-110.93419,PubChem candidate
-38.479454,104.76881,PubChem candidate
-12.751882,113.864784,PubChem candidate
14.284579,63.49188,PubChem candidate
62.794163,84.82924,PubChem candidate
0.5390771,-53.337868,PubChem candidate
-32.219315,105.81554,PubChem candidate
-28.314373,-98.47576,PubChem candidate
68.21015,-75.01967,PubChem candidate
51.63941,-20.341692,PubChem candidate
105.75198,0.9165912,PubChem candidate
-30.277948,24.905169,PubChem candidate
59.45053,-51.530407,PubChem candidate
115.17798,30.00831,PubChem candidate
-27.24315,26.489065,PubChem candidate
37.53566,86.6041,PubChem candidate
4.218091,-6.931393,PubChem candidate
19.960024,-64.944565,PubChem candidate
7.917839,94.60768,PubChem candidate
5.6129704,-71.58382,PubChem candidate
-15.294231,-110.09062,PubChem candidate
-98.064575,-32.986565,PubChem candidate
26.7521,29.883675,PubChem candidate
-22.941265,42.035473,PubChem candidate
93.95604,-43.808002,PubChem candidate
23.122108,-40.94794,PubChem candidate
-39.80829,-15.721716,PubChem candidate
-95.07487,3.962369,PubChem candidate
-29.277353,-33.650455,PubChem candidate
-65.994675,-59.145134,PubChem candidate
-19.840248,-37.47421,PubChem candidate
-51.217762,79.90726,PubChem candidate
110.6458,-3.0023856,PubChem candidate
104.21661,2.4179206,PubChem candidate
113.22569,-14.178393,PubChem candidate
107.48993,-33.35077,PubChem candidate
95.21222,-18.417337,PubChem candidate
-51.95214,-81.138054,PubChem candidate
-43.402348,-77.73526,PubChem candidate
-103.97603,-21.447956,PubChem candidate
-12.439571,7.600208,PubChem candidate
49.36382,-87.657364,PubChem candidate
-57.591408,35.759018,PubChem candidate
-100.62533,21.601957,PubChem candidate
61.220398,-74.91806,PubChem candidate
-15.230699,82.58746,PubChem candidate
-16.58325,118.86313,PubChem candidate
63.98927,6.7346735,PubChem candidate
-5.783019,24.519669,PubChem candidate
-36.600487,-8.801127,PubChem candidate
50.445683,81.40422,PubChem candidate
31.85837,-41.699192,PubChem candidate
-15.94451,-52.340363,PubChem candidate
107.91319,36.801308,PubChem candidate
26.300447,-51.90415,PubChem candidate
64.775375,-60.1774,PubChem candidate
114.19636,-3.7595475,PubChem candidate
36.470657,74.64633,PubChem candidate
5.810551,-111.50075,PubChem candidate
36.883904,74.05793,PubChem candidate
-80.13804,54.368305,PubChem candidate
50.32571,-42.830997,PubChem candidate
21.11716,6.7620525,PubChem candidate
82.5496,43.62254,PubChem candidate
-15.8764,82.18607,PubChem candidate
-132.62439,-6.5474668,PubChem candidate
39.91053,93.07037,PubChem candidate
-107.40445,-11.117349,PubChem candidate
-74.59151,-55.930122,PubChem candidate
-97.05814,-21.6561,PubChem candidate
-2.5274,111.19441,PubChem candidate
82.06437,49.39509,PubChem candidate
12.53894,6.8938117,PubChem candidate
-44.662594,-44.75666,PubChem candidate
-132.22105,-6.5500216,PubChem candidate
1.0657533,81.96908,PubChem candidate
42.57732,33.047333,PubChem candidate
66.64662,-67.10528,PubChem candidate
22.123604,-30.193247,PubChem candidate
16.270046,-107.252625,PubChem candidate
-57.620495,-53.999493,PubChem candidate
43.65884,77.008736,PubChem candidate
33.34086,39.912273,PubChem candidate
92.37384,-16.997211,PubChem candidate
50.443447,-84.010506,PubChem candidate
5.3155446,-67.92296,PubChem candidate
17.060123,-102.05536,PubChem candidate
-57.139824,70.85325,PubChem candidate
-119.9835,-8.716843,PubChem candidate
-66.64689,-1.3774463,PubChem candidate
-46.39945,81.57929,PubChem candidate
-36.086967,-11.516293,PubChem candidate
-57.269394,38.785934,PubChem candidate
-74.49956,-11.269123,PubChem candidate
-42.191643,-10.120406,PubChem candidate
0.24992473,83.313065,PubChem candidate
-30.926064,-39.02101,PubChem candidate
11.938974,111.5378,PubChem candidate
-34.522003,42.279354,PubChem candidate
99.70122,24.281528,PubChem candidate
-32.661983,-96.0378,PubChem candidate
53.250793,-85.473465,PubChem candidate
60.50859,3.8319302,PubChem candidate
-72.55826,-58.223953,PubChem candidate
6.162294,95.68689,PubChem candidate
0.09375885,114.101326,PubChem candidate
65.39656,-55.478672,PubChem candidate
-14.331936,0.18334582,PubChem candidate
-18.973322,-52.632946,PubChem candidate
20.46362,0.89277476,PubChem candidate
65.77108,-78.36418,PubChem candidate
-116.15616,-28.239126,PubChem candidate
33.50941,5.8514338,PubChem candidate
102.04235,35.513515,PubChem candidate
86.43191,45.13832,PubChem candidate
-15.372589,43.244965,PubChem candidate
109.30163,-20.881302,PubChem candidate
-90.51754,21.680555,PubChem candidate
-22.17015,-31.44479,PubChem candidate
101.44945,23.22112,PubChem candidate
112.76291,-11.752524,PubChem candidate
11.224673,-46.860382,PubChem candidate
-39.022533,51.03164,PubChem candidate
55.46614,-47.76181,PubChem candidate
30.727217,-43.75981,PubChem candidate
31.292007,114.389915,PubChem candidate
-50.757275,70.33351,PubChem candidate
20.132252,-2.2714336,PubChem candidate
7.71342,-70.29445,PubChem candidate
-56.75763,67.98833,PubChem candidate
-15.646585,115.3506,PubChem candidate
109.29327,-37.385418,PubChem candidate
-51.67187,67.55594,PubChem candidate
-27.173573,-57.558945,PubChem candidate
-51.828434,-74.35949,PubChem candidate
54.364063,-0.36387834,PubChem candidate
-13.266965,80.731155,PubChem candidate
29.404732,111.16171,PubChem candidate
52.756023,-4.593887,PubChem candidate
-106.66936,-12.369271,PubChem candidate
2.2103238,22.344835,PubChem candidate
-12.255167,81.47834,PubChem candidate
-52.991592,-54.584286,PubChem candidate
6.853026,95.372345,PubChem candidate
-50.82201,-72.87316,PubChem candidate
0.5120596,-61.833233,PubChem candidate
41.60435,-89.585365,PubChem candidate
-37.80816,106.97348,PubChem candidate
-16.835106,42.9127,PubChem candidate
93.026375,-43.130238,PubChem candidate
66.47646,11.330978,PubChem candidate
1.7585056,-62.9297,PubChem candidate
37.796215,73.96833,PubChem candidate
39.20577,103.45734,PubChem candidate
-18.031862,41.982388,PubChem candidate
-25.185812,84.20303,PubChem candidate
37.053764,87.87432,PubChem candidate
-35.457134,64.18131,PubChem candidate
-36.03933,40.50383,PubChem candidate
14.842051,15.887619,PubChem candidate
-3.9959066,-3.2380576,PubChem candidate
-39.37389,67.69529,PubChem candidate
54.53406,-84.006165,PubChem candidate
73.916885,-42.11755,PubChem candidate
-73.922356,-10.248925,PubChem candidate
114.098175,26.168716,PubChem candidate
-46.026962,81.83518,PubChem candidate
-4.20379,-107.990425,PubChem candidate
-9.625982,45.77876,PubChem candidate
-107.44914,-9.572237,PubChem candidate
75.451195,14.2912855,PubChem candidate
14.803256,-105.67975,PubChem candidate
44.37074,104.45418,PubChem candidate
55.064632,-48.000443,PubChem candidate
116.25773,-10.648255,PubChem candidate
-38.178745,71.35244,PubChem candidate
25.37406,33.995445,PubChem candidate
-0.7182282,-61.853516,PubChem candidate
19.20155,-7.7714725,PubChem candidate
82.189384,50.343216,PubChem candidate
9.968791,106.68861,PubChem candidate
1.3312874,-110.2616,PubChem candidate
-55.064358,-20.938335,PubChem candidate
-38.263153,102.85843,PubChem candidate
-129.52232,1.1348548,PubChem candidate
51.88528,-15.274471,PubChem candidate
55.266766,-87.59629,PubChem candidate
-75.10322,16.236431,PubChem candidate
-14.795741,116.01919,PubChem candidate
25.65889,28.460636,PubChem candidate
9.327848,-45.5377,PubChem candidate
99.066734,26.061016,PubChem candidate
7.2871585,-43.245255,PubChem candidate
-12.569649,-37.789585,PubChem candidate
36.596424,83.71744,PubChem candidate
37.80081,73.88244,PubChem candidate
12.1649275,-103.72505,PubChem candidate
108.00539,-8.928922,PubChem candidate
-114.15784,-31.03864,PubChem candidate
-15.780774,41.852493,PubChem candidate
23.474152,-40.538414,PubChem candidate
34.96242,40.86082,PubChem candidate
92.7071,26.486343,PubChem candidate
-7.648217,24.895874,PubChem candidate
-45.33641,72.26023,PubChem candidate
-30.90466,-71.412125,PubChem candidate
48.56538,-15.78491,PubChem candidate
0.6410736,0.1747894,PubChem candidate
54.987984,-1.5697502,PubChem candidate
-11.103254,-10.942262,PubChem candidate
-25.004639,-7.3375683,PubChem candidate
-23.933493,42.526226,PubChem candidate
-11.726441,107.45203,PubChem candidate
-23.110506,69.83711,PubChem candidate
-31.613255,-37.98931,PubChem candidate
-67.77187,15.115831,PubChem candidate
-107.10477,-8.045914,PubChem candidate
-12.62541,109.852295,PubChem candidate
-57.73682,0.6869182,PubChem candidate
-15.20024,81.42794,PubChem candidate
40.592354,102.81013,PubChem candidate
-1.1723199,-104.240395,PubChem candidate
-25.127522,68.567604,PubChem candidate
-32.702778,-58.87591,PubChem candidate
1.7257476,21.36089,PubChem candidate
5.468508,-61.39182,PubChem candidate
-106.97774,-12.114929,PubChem candidate
27.323254,42.538708,PubChem candidate
-41.03432,37.701378,PubChem candidate
42.84007,-90.665306,PubChem candidate
10.71312,68.36022,PubChem candidate
-20.036476,71.224846,PubChem candidate
44.97082,104.43245,PubChem candidate
9.767462,46.144955,PubChem candidate
-78.043144,51.460842,PubChem candidate
-36.30095,-47.246624,PubChem candidate
-78.043144,51.460842,PubChem candidate
-40.25716,41.24031,PubChem candidate
10.132866,98.23627,PubChem candidate
109.9691,23.537119,PubChem candidate
35.479385,-34.933548,PubChem candidate
3.13277,-70.71235,PubChem candidate
52.493744,-19.747816,PubChem candidate
-27.549086,-22.717224,PubChem candidate
50.594505,-40.64463,PubChem candidate
-10.204407,-28.01762,PubChem candidate
-58.657894,-58.415142,PubChem candidate
99.60007,-6.144004,PubChem candidate
-102.29047,16.961617,PubChem candidate
8.327472,-57.157555,PubChem candidate
67.508385,-12.488901,PubChem candidate
-58.236397,-0.29642844,PubChem candidate
-9.115728,-104.28634,PubChem candidate
-2.8177078,109.006714,PubChem candidate
48.903114,-16.044996,PubChem candidate
-22.644981,69.983665,PubChem candidate
-102.64957,19.947596,PubChem candidate
-11.546591,-15.809035,PubChem candidate
-38.521515,-30.077785,PubChem candidate
-24.557514,-96.46202,PubChem candidate
-94.97546,2.260044,PubChem candidate
-25.578827,-44.985966,PubChem candidate
-15.260908,-35.9624,PubChem candidate
-50.175632,35.394974,PubChem candidate
-34.941837,101.11098,PubChem candidate
43.78846,104.43392,PubChem candidate
71.72334,38.772682,PubChem candidate
-13.944654,-7.787053,PubChem candidate
-72.0656,-4.766758,PubChem candidate
-103.130005,23.682673,PubChem candidate
-14.436404,43.93674,PubChem candidate
-55.70295,38.688522,PubChem candidate
-3.4945695,97.14806,PubChem candidate
64.2276,-67.584656,PubChem candidate
-126.10433,0.983729,PubChem candidate
-50.480106,-74.243744,PubChem candidate
111.62304,-9.437391,PubChem candidate
24.190235,-32.60492,PubChem candidate
97.57614,-39.530766,PubChem candidate
81.95836,50.190636,PubChem candidate
9.916944,105.937164,PubChem candidate
55.495644,-43.646584,PubChem candidate
-17.936752,86.317055,PubChem candidate
-21.423609,-44.45271,PubChem candidate
91.73832,26.835234,PubChem candidate
-9.082879,8.831994,PubChem candidate
-33.484737,-23.301798,PubChem candidate
0.8207148,79.53871,PubChem candidate
44.26869,-59.72701,PubChem candidate
90.34458,-24.190563,PubChem candidate
-78.93974,53.656315,PubChem candidate
-16.10882,44.55835,PubChem candidate
101.99416,-38.30336,PubChem candidate
43.555725,89.421684,PubChem candidate
46.206345,-79.51688,PubChem candidate
-7.0915008,24.645817,PubChem candidate
93.21815,-15.161037,PubChem candidate
-32.29749,-48.11034,PubChem candidate
-45.611004,42.89167,PubChem candidate
-93.571526,27.95247,PubChem candidate
-38.599316,-44.309544,PubChem candidate
-94.63477,26.632038,PubChem candidate
-52.42926,-73.299225,PubChem candidate
-105.77475,-25.65401,PubChem candidate
0.64981985,84.9223,PubChem candidate
-80.240135,52.81161,PubChem candidate
66.929214,-9.707136,PubChem candidate
-105.53067,-25.255283,PubChem candidate
24.253254,-2.874569,PubChem candidate
-44.086823,72.61093,PubChem candidate
-104.22799,-24.013937,PubChem candidate
12.242214,13.572015,PubChem candidate
-106.10098,-25.285477,PubChem candidate
-58.436802,-0.7619546,PubChem candidate
-5.5630474,-100.78818,PubChem candidate
-43.217243,-66.73814,PubChem candidate
73.38765,-41.263386,PubChem candidate
1.0561472,-104.05057,PubChem candidate
60.28031,100.20142,PubChem candidate
-39.89935,21.392164,PubChem candidate
-120.48957,2.8974543,PubChem candidate
82.23091,49.6451,PubChem candidate
59.883083,98.958786,PubChem candidate
-33.827763,-44.926895,PubChem candidate
-11.710289,110.80781,PubChem candidate
-74.21648,-53.86124,PubChem candidate
-52.94304,-15.415032,PubChem candidate
-17.66991,73.96717,PubChem candidate
5.171648,7.086941,PubChem candidate
-39.63745,40.03665,PubChem candidate
-25.21154,-34.645256,PubChem candidate
7.084427,-107.5519,PubChem candidate
-35.21199,-17.730112,PubChem candidate
-34.55453,-98.52513,PubChem candidate
35.990833,43.636723,PubChem candidate
-73.1314,13.570856,PubChem candidate
-68.62627,-62.118855,PubChem candidate
-23.041397,71.20059,PubChem candidate
-29.207325,54.847496,PubChem candidate
28.751926,112.59439,PubChem candidate
24.981897,-52.586098,PubChem candidate
-19.84991,-23.914503,PubChem candidate
66.28463,-10.416017,PubChem candidate
-23.459356,-36.971405,PubChem candidate
55.759796,-15.710802,PubChem candidate
-28.864616,-44.16082,PubChem candidate
-20.715189,41.9553,PubChem candidate
-14.791528,95.34928,PubChem candidate
7.696079,-43.95272,PubChem candidate
2.3035085,22.494577,PubChem candidate
12.360513,-6.1121635,PubChem candidate
-19.774302,73.69031,PubChem candidate
43.548424,-65.21151,PubChem candidate
106.94032,-40.43324,PubChem candidate
-115.05735,-24.399296,PubChem candidate
-12.544228,-107.06238,PubChem candidate
-105.963165,-25.262182,PubChem candidate
-67.161766,-63.31885,PubChem candidate
-112.03017,0.54326016,PubChem candidate
51.91235,87.89982,PubChem candidate
-35.833702,103.58363,PubChem candidate
14.160926,-9.032957,PubChem candidate
35.270206,34.4136,PubChem candidate
61.50059,-19.097582,PubChem candidate
21.07605,-31.345844,PubChem candidate
-19.607277,71.446945,PubChem candidate
17.991982,-32.916462,PubChem candidate
-37.215027,-9.162288,PubChem candidate
113.8767,-9.800353,PubChem candidate
-51.918995,79.699974,PubChem candidate
-24.999525,-82.11904,PubChem candidate
53.89345,-4.513504,PubChem candidate
17.398455,-37.486095,PubChem candidate
23.449156,-40.562023,PubChem candidate
55.279835,-1.1503977,PubChem candidate
72.67725,18.400644,PubChem candidate
8.364212,2.4406397,PubChem candidate
-37.920715,-20.169453,PubChem candidate
8.404597,-51.744034,PubChem candidate
-0.20815612,6.155353,PubChem candidate
-20.89961,-7.165208,PubChem candidate
-30.833336,-52.18451,PubChem candidate
39.25888,91.16762,PubChem candidate
-15.9755745,-88.2059,PubChem candidate
64.15093,-81.32471,PubChem candidate
-57.000164,71.409065,PubChem candidate
70.12641,3.3589048,PubChem candidate
92.83393,26.2225,PubChem candidate
23.400766,42.55084,PubChem candidate
33.427906,27.531145,PubChem candidate
-77.35083,-57.590122,PubChem candidate
37.409725,10.906553,PubChem candidate
10.225915,-44.896782,PubChem candidate
50.311718,-7.1704845,PubChem candidate
-15.882279,119.67891,PubChem candidate
-2.3391628,7.5494733,PubChem candidate
-38.84889,-12.208976,PubChem candidate
-37.515926,103.401146,PubChem candidate
44.75273,-49.74208,PubChem candidate
-12.903316,109.23945,PubChem candidate
43.316235,26.901514,PubChem candidate
82.13796,48.850536,PubChem candidate
-126.28811,1.4103037,PubChem candidate
-15.344895,117.27324,PubChem candidate
-13.20016,5.8718104,PubChem candidate
45.668686,-88.312645,PubChem candidate
-89.496475,21.948387,PubChem candidate
24.297808,3.9408596,PubChem candidate
7.4212065,-55.827133,PubChem candidate
5.008337,24.888752,PubChem candidate
-74.74394,-12.882328,PubChem candidate
44.47464,-92.72237,PubChem candidate
-93.43843,-31.020605,PubChem candidate
-76.35798,-13.367913,PubChem candidate
-60.419937,-45.31829,PubChem candidate
7.533341,94.64912,PubChem candidate
31.400023,109.73434,PubChem candidate
-13.357067,106.77902,PubChem candidate
-74.96541,-61.208767,PubChem candidate
74.088486,34.96952,PubChem candidate
20.55282,72.40607,PubChem candidate
54.784985,-85.493034,PubChem candidate
-51.236977,-77.90744,PubChem candidate
1.9613461,114.162346,PubChem candidate
41.65422,102.64697,PubChem candidate
-49.920124,-34.397438,PubChem candidate
-16.840006,84.89516,PubChem candidate
-125.503586,1.4812293,PubChem candidate
-36.486797,-27.020061,PubChem candidate
48.421284,-7.7607946,PubChem candidate
-42.64852,32.239372,PubChem candidate
-13.347914,-108.13657,PubChem candidate
-126.18303,-8.364553,PubChem candidate
-70.78568,3.4352202,PubChem candidate
112.623695,-7.3852725,PubChem candidate
54.864914,-86.17567,PubChem candidate
-94.45095,0.48137993,PubChem candidate
30.35722,108.89463,PubChem candidate
-70.834724,-12.196374,PubChem candidate
33.37627,8.697681,PubChem candidate
60.832855,-48.080112,PubChem candidate
-74.22595,-53.97199,PubChem candidate
55.797066,-83.410065,PubChem candidate
-128.0514,-13.10896,PubChem candidate
58.825882,2.4347873,PubChem candidate
42.869324,84.679756,PubChem candidate
-69.73006,-55.989956,PubChem candidate
-4.627978,22.00929,PubChem candidate
-134.02365,-8.860255,PubChem candidate
-33.75964,-19.92748,PubChem candidate
100.89143,-41.050316,PubChem candidate
-77.85718,52.653244,PubChem candidate
-40.909336,38.114452,PubChem candidate
55.58654,-57.5789,PubChem candidate
117.33381,-12.08733,PubChem candidate
-96.00286,29.214733,PubChem candidate
-4.3247423,17.971096,PubChem candidate
-0.77267045,-62.18132,PubChem candidate
-9.991932,-27.864132,PubChem candidate
-18.511171,-26.763191,PubChem candidate
11.928869,110.42,PubChem candidate
37.508278,86.214005,PubChem candidate
-29.673077,-84.770966,PubChem candidate
-6.514307,0.69007546,PubChem candidate
69.44816,15.308408,PubChem candidate
-28.810383,-7.315214,PubChem candidate
-56.650192,39.5842,PubChem candidate
4.676747,-74.914406,PubChem candidate
85.71352,57.6594,PubChem candidate
-133.49516,-4.6124864,PubChem candidate
-47.423195,68.02639,PubChem candidate
38.599564,73.06013,PubChem candidate
-15.204145,-39.543705,PubChem candidate
-38.795853,50.9653,PubChem candidate
21.618624,-3.615832,PubChem candidate
5.910747,17.612127,PubChem candidate
37.877888,-91.41623,PubChem candidate
-101.40155,-26.619576,PubChem candidate
-74.37882,-57.41377,PubChem candidate
-38.00506,69.82078,PubChem candidate
-76.84054,-13.160155,PubChem candidate
-1.0875627,9.890731,PubChem candidate
28.070774,113.63133,PubChem candidate
-13.053555,14.712701,PubChem candidate
-49.497433,43.36658,PubChem candidate
-0.75269926,116.74394,PubChem candidate
-34.19058,-97.31363,PubChem candidate
87.256386,50.354435,PubChem candidate
45.70338,82.22759,PubChem candidate
44.29824,79.62727,PubChem candidate
44.739998,104.46357,PubChem candidate
75.11417,36.81204,PubChem candidate
9.440931,46.642956,PubChem candidate
91.113396,-20.788977,PubChem candidate
-18.43155,-52.846848,PubChem candidate
17.85925,-31.98949,PubChem candidate
-97.36761,13.956015,PubChem candidate
-14.413496,82.22117,PubChem candidate
-14.79772,11.756097,PubChem candidate
-123.72461,-9.427335,PubChem candidate
48.621223,-38.809044,PubChem candidate
-70.022285,-4.961733,PubChem candidate
-97.44829,-40.088352,PubChem candidate
-21.009987,-53.493866,PubChem candidate
-19.638853,-25.025938,PubChem candidate
-22.864885,70.164635,PubChem candidate
-34.359066,100.17457,PubChem candidate
47.58679,81.5156,PubChem candidate
83.65124,53.362137,PubChem candidate
-20.122284,-15.299383,PubChem candidate
64.949066,-63.208878,PubChem candidate
-10.698826,44.74229,PubChem candidate
-43.619125,-80.03725,PubChem candidate
-38.800446,50.93467,PubChem candidate
-19.978367,70.78494,PubChem candidate
-40.07013,65.27337,PubChem candidate
-34.423668,99.184296,PubChem candidate
-42.822548,-81.368034,PubChem candidate
-8.095035,-33.160618,PubChem candidate
6.7253394,8.077437,PubChem candidate
7.4497457,-76.603226,PubChem candidate
-14.327789,111.47833,PubChem candidate
-124.70907,-4.0313797,PubChem candidate
11.84498,64.71937,PubChem candidate
-94.2933,-0.07908577,PubChem candidate
35.30004,90.13392,PubChem candidate
36.885063,88.91001,PubChem candidate
-6.3571525,-10.677085,PubChem candidate
55.10629,26.840628,PubChem candidate
66.98087,7.8810096,PubChem candidate
-66.61246,0.35502896,PubChem candidate
-24.618607,-11.462892,PubChem candidate
-77.69726,-57.433147,PubChem candidate
-35.365253,102.804375,PubChem candidate
-69.85352,13.076079,PubChem candidate
-127.33332,-9.770223,PubChem candidate
-28.274086,-13.776336,PubChem candidate
-15.049184,114.51468,PubChem candidate
-8.429377,49.760273,PubChem candidate
-27.14535,-16.611593,PubChem candidate
-22.341312,-89.386566,PubChem candidate
-26.90591,26.451483,PubChem candidate
102.49661,3.200119,PubChem candidate
113.74404,27.574223,PubChem candidate
-106.976814,-10.015371,PubChem candidate
-16.156315,-20.456472,PubChem candidate
2.3868892,22.03067,PubChem candidate
-94.71863,9.112168,PubChem candidate
-34.696465,42.5071,PubChem candidate
28.830355,-31.636692,PubChem candidate
114.72254,-23.180428,PubChem candidate
93.26106,-23.936613,PubChem candidate
-45.19579,-5.2196164,PubChem candidate
-131.09822,0.6163053,PubChem candidate
-3.6774404,47.140854,PubChem candidate
-17.74486,-100.395744,PubChem candidate
-112.76697,0.9809377,PubChem candidate
40.483418,88.84161,PubChem candidate
-39.030807,102.979675,PubChem candidate
17.950043,-101.025696,PubChem candidate
-11.398792,109.6801,PubChem candidate
70.777336,-83.22099,PubChem candidate
67.04977,-62.60072,PubChem candidate
11.580167,23.745207,PubChem candidate
-52.154423,-54.608963,PubChem candidate
24.094475,-32.58109,PubChem candidate
-61.95565,-2.2992117,PubChem candidate
-67.51754,-4.354678,PubChem candidate
-38.00838,67.4797,PubChem candidate
55.41601,-0.76425374,PubChem candidate
-37.070675,38.84445,PubChem candidate
-32.710285,24.264885,PubChem candidate
-1.8752648,114.391075,PubChem candidate
-38.520313,-8.191865,PubChem candidate
66.22706,-68.05723,PubChem candidate
-68.14641,14.939677,PubChem candidate
-58.313198,-0.46374086,PubChem candidate
-24.044502,-29.808954,PubChem candidate
-64.39346,-0.8434166,PubChem candidate
38.261673,-64.88098,PubChem candidate
111.68804,-6.185178,PubChem candidate
-15.113503,-103.84226,PubChem candidate
-12.102544,84.85218,PubChem candidate
44.709312,51.51947,PubChem candidate
-14.285544,15.152557,PubChem candidate
55.804665,24.88454,PubChem candidate
56.336903,-5.36702,PubChem candidate
-78.93974,53.656315,PubChem candidate
115.30323,30.080688,PubChem candidate
30.11487,41.14782,PubChem candidate
-8.006533,7.0532374,PubChem candidate
-80.2414,51.33276,PubChem candidate
-15.513368,84.151215,PubChem candidate
-123.94557,-7.774146,PubChem candidate
-45.046875,-27.279715,PubChem candidate
65.49117,22.93707,PubChem candidate
43.566494,-92.0963,PubChem candidate
38.539383,-90.92818,PubChem candidate
36.609276,28.540302,PubChem candidate
13.965722,-10.526277,PubChem candidate
-3.608521,9.240197,PubChem candidate
19.223888,-34.4263,PubChem candidate
14.145873,-46.31024,PubChem candidate
84.12122,56.5542,PubChem candidate
-101.11142,16.405535,PubChem candidate
-28.780949,-40.85062,PubChem candidate
-28.977814,54.543484,PubChem candidate
-25.996008,-22.870285,PubChem candidate
-27.756884,-52.654552,PubChem candidate
112.61312,-20.607666,PubChem candidate
42.11873,-63.835663,PubChem candidate
-3.920983,-3.9423091,PubChem candidate
51.353905,-5.5209556,PubChem candidate
-49.521435,63.545883,PubChem candidate
8.035463,94.60818,PubChem candidate
-104.33263,25.985188,PubChem candidate
74.44129,53.0281,PubChem candidate
12.453875,-57.774662,PubChem candidate
-14.60779,72.38373,PubChem candidate
59.86398,1.4809709,PubChem candidate
-12.01581,-35.94826,PubChem candidate
33.670807,-42.797432,PubChem candidate
-23.423504,-11.302421,PubChem candidate
55.760395,-57.79347,PubChem candidate
-125.19474,0.6543702,PubChem candidate
-15.772707,6.382068,PubChem candidate
-56.937595,71.21289,PubChem candidate
41.381668,-48.358116,PubChem candidate
-30.442213,24.683378,PubChem candidate
100.46731,24.385698,PubChem candidate
43.47892,-53.24364,PubChem candidate
117.07159,-23.61131,PubChem candidate
-55.20911,69.18594,PubChem candidate
96.70462,-38.325382,PubChem candidate
93.96099,-13.489038,PubChem candidate
-16.83237,118.86164,PubChem candidate
-21.619543,7.3783827,PubChem candidate
-131.12543,-3.929464,PubChem candidate
-38.733936,38.641792,PubChem candidate
-77.85718,52.653244,PubChem candidate
-17.443924,-39.51285,PubChem candidate
67.937965,10.795223,PubChem candidate
-40.77921,22.190083,PubChem candidate
-49.19911,-37.976677,PubChem candidate
57.127087,-44.157787,PubChem candidate
16.44293,-31.694538,PubChem candidate
50.510654,-20.477638,PubChem candidate
115.28164,-19.588673,PubChem candidate
55.73203,-3.441019,PubChem candidate
-30.836971,-88.41649,PubChem candidate
-33.558014,43.854595,PubChem candidate
52.67525,36.46937,PubChem candidate
46.93583,-40.484665,PubChem candidate
-8.111188,7.4932775,PubChem candidate
49.672832,37.892147,PubChem candidate
33.182674,107.15375,PubChem candidate
68.02082,-11.647862,PubChem candidate
-1.9059021,114.014145,PubChem candidate
-31.055935,-38.37564,PubChem candidate
5.0246887,-8.305869,PubChem candidate
-14.3534,-108.41042,PubChem candidate
-26.87618,25.243784,PubChem candidate
-74.10887,5.601198,PubChem candidate
83.00799,53.59087,PubChem candidate
-124.063934,-9.192719,PubChem candidate
-48.055286,-27.80091,PubChem candidate
17.61676,-29.90217,PubChem candidate
62.944477,2.490086,PubChem candidate
71.65487,38.731045,PubChem candidate
16.324076,-33.412167,PubChem candidate
13.206622,64.407455,PubChem candidate
-25.56752,-7.433704,PubChem candidate
0.53756434,85.28484,PubChem candidate
106.92591,-7.8127303,PubChem candidate
66.38817,-0.12959108,PubChem candidate
-16.807673,42.295208,PubChem candidate
-71.63078,4.2224526,PubChem candidate
111.704155,-24.58886,PubChem candidate
38.64188,78.30026,PubChem candidate
-15.516326,120.60989,PubChem candidate
-49.691795,-35.557735,PubChem candidate
-8.197963,-101.35145,PubChem candidate
-23.03739,115.08022,PubChem candidate
-57.143864,71.56001,PubChem candidate
0.5677589,-105.53666,PubChem candidate
-26.361702,40.347942,PubChem candidate
-17.510012,118.3675,PubChem candidate
9.00022,-72.05944,PubChem candidate
48.86485,-3.0736737,PubChem candidate
89.42308,58.79621,PubChem candidate
-26.741915,94.58391,PubChem candidate
8.230698,-3.1747336,PubChem candidate
-38.372536,70.042496,PubChem candidate
-18.288414,-99.33208,PubChem candidate
10.066372,-53.75978,PubChem candidate
-80.53508,-3.3693826,PubChem candidate
-44.96914,-5.152213,PubChem candidate
62.188934,13.835219,PubChem candidate
36.4739,28.542284,PubChem candidate
-41.664944,-8.660787,PubChem candidate
55.514996,-78.75994,PubChem candidate
-87.00109,-2.7033896,PubChem candidate
-80.2414,51.33276,PubChem candidate
60.402843,-44.412945,PubChem candidate
-36.716053,-74.71573,PubChem candidate
112.90462,-19.660429,PubChem candidate
-29.614742,-58.401234,PubChem candidate
-80.240135,52.81161,PubChem candidate
-104.90381,24.131155,PubChem candidate
10.372084,97.5218,PubChem candidate
-38.3048,39.604496,PubChem candidate
-80.240135,52.81161,PubChem candidate
-12.760267,-107.63103,PubChem candidate
-10.5389,-96.41694,PubChem candidate
-37.488716,105.6683,PubChem candidate
-34.128254,-73.40571,PubChem candidate
-70.461365,-48.8057,PubChem candidate
-20.867186,-25.583273,PubChem candidate
42.626343,-63.768044,PubChem candidate
-43.353306,-66.21342,PubChem candidate
-27.377146,-84.96136,PubChem candidate
61.647285,4.234928,PubChem candidate
-78.93974,53.656315,PubChem candidate
-51.199703,69.32188,PubChem candidate
-16.409447,22.001184,PubChem candidate
-34.47411,-13.844188,PubChem candidate
41.30785,83.4185,PubChem candidate
-15.119878,114.49959,PubChem candidate
2.2315278,21.249298,PubChem candidate
-20.907955,-6.8125844,PubChem candidate
51.88788,-16.869404,PubChem candidate
-7.2623973,-102.58703,PubChem candidate
65.23617,-78.113686,PubChem candidate
-17.547733,15.932536,PubChem candidate
23.31613,-2.8268392,PubChem candidate
-12.170869,44.475674,PubChem candidate
-6.5893455,45.130123,PubChem candidate
-17.388569,117.54158,PubChem candidate
-78.12236,0.93938977,PubChem candidate
-97.35198,15.14476,PubChem candidate
-109.13059,-8.378779,PubChem candidate
55.33247,-84.11159,PubChem candidate
55.856514,-83.74899,PubChem candidate
-107.08051,-10.651281,PubChem candidate
-71.14062,14.86035,PubChem candidate
-21.333145,70.48297,PubChem candidate
-27.963583,69.55286,PubChem candidate
-2.8217013,-100.65056,PubChem candidate
-15.819355,-87.09752,PubChem candidate
-15.305451,60.41793,PubChem candidate
-9.433453,-39.26014,PubChem candidate
-55.26741,67.02619,PubChem candidate
-103.42448,18.392067,PubChem candidate
7.6038513,93.34759,PubChem candidate
10.535202,111.36551,PubChem candidate
28.670721,-34.182808,PubChem candidate
-29.05671,25.913834,PubChem candidate
-38.78777,-46.21287,PubChem candidate
11.565319,6.405353,PubChem candidate
-44.512436,-36.24116,PubChem candidate
-36.38027,-27.172375,PubChem candidate
-21.658342,43.15431,PubChem candidate
-44.080402,-81.49535,PubChem candidate
53.116867,-80.57794,PubChem candidate
-12.780652,-87.62711,PubChem candidate
11.701615,108.67843,PubChem candidate
20.889,-36.187626,PubChem candidate
11.871764,109.81715,PubChem candidate
74.52311,48.855347,PubChem candidate
55.76835,-57.798965,PubChem candidate
-38.73729,50.976025,PubChem candidate
-27.17755,94.83719,PubChem candidate
66.219444,10.269257,PubChem candidate
-98.05179,10.232608,PubChem candidate
-21.842297,69.986206,PubChem candidate
-26.53505,70.362816,PubChem candidate
42.159428,105.125916,PubChem candidate
-0.79464126,117.0551,PubChem candidate
-13.953021,-107.32109,PubChem candidate
-28.401373,55.259167,PubChem candidate
-16.451801,-39.64124,PubChem candidate
8.2991295,2.2829728,PubChem candidate
15.614027,-6.600261,PubChem candidate
-4.0614915,18.4209,PubChem candidate
-135.58195,-7.611134,PubChem candidate
-13.347175,1.8363452,PubChem candidate
-23.818441,91.56671,PubChem candidate
-38.136692,72.66511,PubChem candidate
-31.294962,70.51565,PubChem candidate
-35.947502,65.83593,PubChem candidate
114.49492,27.682644,PubChem candidate
-60.660168,-46.66041,PubChem candidate
-37.54734,-10.306839,PubChem candidate
21.03399,-3.9730358,PubChem candidate
40.96487,-49.185257,PubChem candidate
-77.85718,52.653244,PubChem candidate
-31.811838,69.79217,PubChem candidate
-68.552925,-3.9800475,PubChem candidate
83.79674,54.113373,PubChem candidate
5.9599433,-71.36355,PubChem candidate
41.57739,102.66588,PubChem candidate
-39.362312,66.81306,PubChem candidate
33.04868,108.4897,PubChem candidate
26.961704,-55.89116,PubChem candidate
42.44307,32.805244,PubChem candidate
9.372349,18.887579,PubChem candidate
-0.90981984,116.353065,PubChem candidate
86.62048,58.11034,PubChem candidate
59.84665,-46.666656,PubChem candidate
-19.92079,-17.397102,PubChem candidate
60.119194,-70.38676,PubChem candidate
-38.579617,102.96607,PubChem candidate
-39.609196,67.633095,PubChem candidate
53.016407,52.236515,PubChem candidate
-11.410591,113.21089,PubChem candidate
63.92394,-64.887054,PubChem candidate
21.68585,40.875847,PubChem candidate
58.825344,-51.804436,PubChem candidate
74.35777,50.641563,PubChem candidate
-35.694763,67.65919,PubChem candidate
-24.87074,-94.25843,PubChem candidate
-0.7218151,-102.839905,PubChem candidate
-135.48466,-6.25035,PubChem candidate
92.20042,-26.567999,PubChem candidate
-19.317791,72.84538,PubChem candidate
-3.0238862,108.73152,PubChem candidate
61.030277,3.0287452,PubChem candidate
31.61351,-30.015175,PubChem candidate
16.324545,-32.873287,PubChem candidate
-42.95422,42.57531,PubChem candidate
-58.924755,-63.771225,PubChem candidate
-76.200096,-12.8993435,PubChem candidate
-27.104374,92.52411,PubChem candidate
-129.40019,-3.4428773,PubChem candidate
-28.49647,93.750725,PubChem candidate
38.262245,-67.33631,PubChem candidate
-80.240135,52.81161,PubChem candidate
15.55478,-104.45709,PubChem candidate
-100.77145,-33.721794,PubChem candidate
48.954247,-39.62214,PubChem candidate
-80.78847,54.07649,PubChem candidate
-94.85187,11.496028,PubChem candidate
-14.561037,0.16811784,PubChem candidate
-23.840675,-92.52233,PubChem candidate
-52.552303,-16.313393,PubChem candidate
-71.91933,-6.309455,PubChem candidate
-51.427197,-75.967735,PubChem candidate
36.848137,-31.441126,PubChem candidate
44.197212,79.91031,PubChem candidate
-119.73391,-8.189153,PubChem candidate
105.29307,-6.215253,PubChem candidate
40.20801,82.26852,PubChem candidate
112.805725,-27.613422,PubChem candidate
-30.83329,-39.21857,PubChem candidate
-19.963701,42.207153,PubChem candidate
13.4890375,-43.571045,PubChem candidate
-47.974068,-73.7166,PubChem candidate
-35.785988,64.14364,PubChem candidate
-17.486128,114.274994,PubChem candidate
7.8929973,49.191174,PubChem candidate
-15.572371,51.754704,PubChem candidate
-9.376536,-22.471148,PubChem candidate
36.51075,87.36438,PubChem candidate
58.372494,-5.649607,PubChem candidate
-88.055824,-21.149708,PubChem candidate
84.51425,55.14897,PubChem candidate
-19.810614,71.00729,PubChem candidate
-30.109114,-98.19993,PubChem candidate
-0.22464067,96.397285,PubChem candidate
42.441734,102.65384,PubChem candidate
37.10806,9.166822,PubChem candidate
-66.164085,-58.85462,PubChem candidate
-15.904919,-52.10752,PubChem candidate
-34.49349,-95.932335,PubChem candidate
-22.83554,35.209427,PubChem candidate
-22.338404,-88.995056,PubChem candidate
37.076576,90.441635,PubChem candidate
-104.311775,26.875242,PubChem candidate
-23.461903,-13.685357,PubChem candidate
1.3389686,15.394869,PubChem candidate
0.8765974,85.00419,PubChem candidate
-26.62445,67.05866,PubChem candidate
-4.8707113,105.17171,PubChem candidate
15.713771,0.5322321,PubChem candidate
-16.60644,86.061386,PubChem candidate
1.8883722,2.6265213,PubChem candidate
64.19543,-53.221794,PubChem candidate
-17.826344,96.22739,PubChem candidate
-9.53864,-99.21943,PubChem candidate
-14.899023,10.424119,PubChem candidate
-12.273143,7.485544,PubChem candidate
58.30992,-44.563137,PubChem candidate
70.95796,37.569798,PubChem candidate
20.121298,5.2674465,PubChem candidate
39.774864,91.059746,PubChem candidate
40.02596,15.059132,PubChem candidate
-37.27538,-28.515419,PubChem candidate
-40.519882,-46.921288,PubChem candidate
30.829773,110.74472,PubChem candidate
-44.990158,-78.95712,PubChem candidate
-32.239834,98.021706,PubChem candidate
37.292038,88.80392,PubChem candidate
40.164536,91.38208,PubChem candidate
42.66474,102.08846,PubChem candidate
44.623005,14.891031,PubChem candidate
-2.2651596,107.75617,PubChem candidate
-107.82218,6.769696,PubChem candidate
-134.51736,-5.8882046,PubChem candidate
-14.764882,-32.469578,PubChem candidate
-16.785585,-14.787652,PubChem candidate
-8.068328,-6.5182996,PubChem candidate
-34.326534,22.94502,PubChem candidate
-41.437946,-87.34399,PubChem candidate
112.037,-2.848177,PubChem candidate
115.24654,-21.903732,PubChem candidate
-55.499012,65.671234,PubChem candidate
2.066471,81.569664,PubChem candidate
97.860275,-6.227014,PubChem candidate
107.91804,-36.499058,PubChem candidate
-117.06882,-28.665594,PubChem candidate
41.496933,71.40166,PubChem candidate
62.830616,-76.88013,PubChem candidate
40.70035,47.052433,PubChem candidate
-37.60838,106.11746,PubChem candidate
-2.9424233,109.22922,PubChem candidate
-94.26658,-0.1748184,PubChem candidate
-95.731285,28.157885,PubChem candidate
-15.084334,82.4176,PubChem candidate
56.160835,-84.13211,PubChem candidate
-125.671684,-13.727812,PubChem candidate
58.47469,28.819265,PubChem candidate
70.013016,15.9900875,PubChem candidate
-43.342823,41.279823,PubChem candidate
-59.32427,10.613324,PubChem candidate
-42.60719,-82.2001,PubChem candidate
56.93894,-48.107327,PubChem candidate
-15.856101,85.61354,PubChem candidate
-30.844921,44.517624,PubChem candidate
-14.417403,114.15589,PubChem candidate
-37.635914,101.07261,PubChem candidate
-7.030927,-21.284784,PubChem candidate
18.207123,-30.49263,PubChem candidate
-26.852707,72.427666,PubChem candidate
56.840958,-0.3195839,PubChem candidate
38.908386,82.14151,PubChem candidate
-31.708431,-51.165516,PubChem candidate
-19.575127,12.517101,PubChem candidate
-24.07604,72.13312,PubChem candidate
-15.687877,-50.79975,PubChem candidate
-12.567963,-37.79332,PubChem candidate
7.195247,-54.386158,PubChem candidate
0.4282772,-108.7235,PubChem candidate
-0.73067254,80.85755,PubChem candidate
44.638775,78.438644,PubChem candidate
111.95349,26.795994,PubChem candidate
-132.02815,-9.637526,PubChem candidate
-39.04041,65.3723,PubChem candidate
53.253933,-42.027924,PubChem candidate
41.605614,84.349884,PubChem candidate
-92.731476,26.273685,PubChem candidate
-44.004253,-40.259544,PubChem candidate
24.674953,-58.781067,PubChem candidate
-11.925824,106.06379,PubChem candidate
-16.716324,71.12402,PubChem candidate
32.624157,-41.4313,PubChem candidate
107.63908,-32.81411,PubChem candidate
110.52875,-32.397472,PubChem candidate
107.41497,-39.04238,PubChem candidate
-51.755066,-20.55633,PubChem candidate
-46.046944,80.49562,PubChem candidate
-9.448254,38.627815,PubChem candidate
-10.711298,-17.464216,PubChem candidate
-101.28848,13.885206,PubChem candidate
-22.778952,90.64272,PubChem candidate
-57.848778,70.0812,PubChem candidate
91.12769,-20.807888,PubChem candidate
49.119408,-17.869844,PubChem candidate
-46.98395,78.018196,PubChem candidate
-20.519201,-14.72723,PubChem candidate
5.61627,-48.306374,PubChem candidate
17.08094,-100.812965,PubChem candidate
-1.7822626,81.37849,PubChem candidate
-28.397074,72.275795,PubChem candidate
-37.87966,103.39855,PubChem candidate
-86.54548,-2.9288592,PubChem candidate
-15.991203,-109.97039,PubChem candidate
25.173794,-53.243843,PubChem candidate
-74.30641,-10.925372,PubChem candidate
2.8504205,-10.4658985,PubChem candidate
-21.745066,71.28053,PubChem candidate
-37.549343,103.984825,PubChem candidate
-22.16292,41.369473,PubChem candidate
58.193832,-82.33511,PubChem candidate
-1.5861564,119.081375,PubChem candidate
114.25686,27.086332,PubChem candidate
11.013798,-9.593894,PubChem candidate
95.75042,-6.5874186,PubChem candidate
-44.75941,43.495487,PubChem candidate
18.2477,-37.060028,PubChem candidate
-56.06792,69.87448,PubChem candidate
-3.7587533,-53.973995,PubChem candidate
-62.597782,-2.1742473,PubChem candidate
-27.170788,92.90898,PubChem candidate
21.888508,0.012390045,PubChem candidate
27.233324,-31.23677,PubChem candidate
113.95904,-29.899033,PubChem candidate
65.602234,-13.230108,PubChem candidate
111.46033,24.072964,PubChem candidate
-126.711044,4.510261,PubChem candidate
34.16029,7.58112,PubChem candidate
17.955547,-101.03156,PubChem candidate
43.519833,-53.83957,PubChem candidate
15.123222,-108.14994,PubChem candidate
84.60119,56.4243,PubChem candidate
-40.294865,-27.262724,PubChem candidate
-55.15441,-20.755999,PubChem candidate
-42.8365,-68.19364,PubChem candidate
6.898976,-45.485916,PubChem candidate
3.6156037,0.27235922,PubChem candidate
-33.43409,22.05018,PubChem candidate
13.963919,-108.730736,PubChem candidate
-4.3539457,8.443349,PubChem candidate
38.581894,104.24075,PubChem candidate
-8.445206,-37.29701,PubChem candidate
-3.1816611,20.701912,PubChem candidate
-75.7664,-56.547657,PubChem candidate
39.265285,49.4503,PubChem candidate
7.5989323,-74.67069,PubChem candidate
0.48701003,85.322586,PubChem candidate
113.38638,-4.019519,PubChem candidate
10.495582,109.96421,PubChem candidate
27.147718,-51.732697,PubChem candidate
101.19899,23.321629,PubChem candidate
-51.594723,67.78272,PubChem candidate
-23.97597,71.66914,PubChem candidate
-93.66777,26.237116,PubChem candidate
55.53603,-57.490944,PubChem candidate
-30.272594,97.98127,PubChem candidate
-96.2093,5.866928,PubChem candidate
-128.74704,0.98978466,PubChem candidate
-16.134544,-32.138157,PubChem candidate
8.653627,23.063488,PubChem candidate
-65.64664,-60.569862,PubChem candidate
4.1023874,-3.6083682,PubChem candidate
-53.091934,-17.493837,PubChem candidate
66.91058,11.468873,PubChem candidate
-48.371475,-33.634922,PubChem candidate
-21.595034,95.06968,PubChem candidate
-17.47659,-100.043915,PubChem candidate
16.460064,-33.65593,PubChem candidate
57.095745,48.153065,PubChem candidate
43.622066,-54.24307,PubChem candidate
-92.265,-34.749256,PubChem candidate
40.96099,51.32374,PubChem candidate
-59.83844,12.008738,PubChem candidate
-106.000244,-24.71648,PubChem candidate
-50.99172,34.70924,PubChem candidate
13.553831,-7.7946696,PubChem candidate
-97.542496,6.3466682,PubChem candidate
8.664208,-44.749924,PubChem candidate
-17.86833,42.199463,PubChem candidate
105.9479,-36.37385,PubChem candidate
54.49826,-26.460909,PubChem candidate
93.85384,-43.897118,PubChem candidate
-31.458118,-71.88703,PubChem candidate
55.569122,-25.545855,PubChem candidate
-48.403942,-80.98661,PubChem candidate
-9.4246645,38.634655,PubChem candidate
107.335266,-39.8935,PubChem candidate
21.69157,-68.06722,PubChem candidate
115.68388,-27.203045,PubChem candidate
14.15582,-108.47968,PubChem candidate
-15.2288685,-30.586424,PubChem candidate
55.81376,-1.1038302,PubChem candidate
-37.62433,103.592575,PubChem candidate
-130.4058,-10.730369,PubChem candidate
-26.633886,-46.250607,PubChem candidate
33.17884,36.686356,PubChem candidate
-39.977074,39.981052,PubChem candidate
22.58054,-64.83274,PubChem candidate
-59.776978,-45.228886,PubChem candidate
110.92301,-7.5361857,PubChem candidate
-27.412699,93.040405,PubChem candidate
-27.888075,-22.508799,PubChem candidate
48.78221,-15.763608,PubChem candidate
-25.536436,94.03434,PubChem candidate
33.585213,-42.95281,PubChem candidate
-4.5334506,8.021332,PubChem candidate
-97.215706,-30.085615,PubChem candidate
-95.53498,-20.332586,PubChem candidate
-1.5887129,119.08782,PubChem candidate
-47.306293,37.146408,PubChem candidate
-88.37364,25.63233,PubChem candidate
102.96532,2.868081,PubChem candidate
-47.66211,82.3723,PubChem candidate
97.972244,25.33567,PubChem candidate
15.116375,-2.684221,PubChem candidate
-28.805876,54.849968,PubChem candidate
50.603924,97.19542,PubChem candidate
8.039169,94.609505,PubChem candidate
7.7912755,-71.62006,PubChem candidate
21.991358,-60.25668,PubChem candidate
85.23347,57.00506,PubChem candidate
-16.131866,-15.019961,PubChem candidate
-29.545538,-34.029846,PubChem candidate
55.812393,-57.869118,PubChem candidate
14.743897,-108.372375,PubChem candidate
62.886208,-57.897907,PubChem candidate
112.02541,-4.176798,PubChem candidate
33.010788,97.34797,PubChem candidate
-99.023994,12.306066,PubChem candidate
120.805374,-9.816632,PubChem candidate
56.75149,-81.716,PubChem candidate
-106.86909,-7.288234,PubChem candidate
-23.422596,69.58745,PubChem candidate
-24.498953,-38.332718,PubChem candidate
-55.63867,69.21178,PubChem candidate
86.873726,58.144512,PubChem candidate
5.7496414,-66.71701,PubChem candidate
8.422524,-56.822765,PubChem candidate
-55.56325,69.22276,PubChem candidate
68.39083,2.0722082,PubChem candidate
-45.565044,-74.08182,PubChem candidate
-68.72846,17.893198,PubChem candidate
17.75665,-36.81313,PubChem candidate
51.04331,-22.421282,PubChem candidate
-73.04121,-50.044113,PubChem candidate
8.08918,-45.113693,PubChem candidate
0.37723953,1.3602077,PubChem candidate
-59.197186,36.483234,PubChem candidate
-15.545829,-14.954551,PubChem candidate
-17.247026,73.915016,PubChem candidate
21.65483,-60.71875,PubChem candidate
69.78369,38.99039,PubChem candidate
39.668957,92.62214,PubChem candidate
-22.318863,-89.151726,PubChem candidate
-34.09622,99.034,PubChem candidate
58.194763,48.43299,PubChem candidate
-15.2029295,99.073494,PubChem candidate
25.155758,-56.58108,PubChem candidate
72.378815,-42.19823,PubChem candidate
46.710934,39.62483,PubChem candidate
62.142048,-53.59836,PubChem candidate
9.652361,104.751595,PubChem candidate
-32.241283,-90.801865,PubChem candidate
63.612316,-81.432724,PubChem candidate
-94.850624,27.482944,PubChem candidate
-19.223406,-31.048372,PubChem candidate
-8.392658,44.017563,PubChem candidate
19.68232,-36.548744,PubChem candidate
-94.953545,23.134022,PubChem candidate
60.426517,-47.538086,PubChem candidate
-12.126687,-10.275957,PubChem candidate
61.073837,-77.55944,PubChem candidate
-22.595877,-102.69543,PubChem candidate
96.497826,21.15745,PubChem candidate
-101.97826,-33.489784,PubChem candidate
-96.49671,6.006058,PubChem candidate
-3.599762,-3.5886955,PubChem candidate
3.2724128,16.641033,PubChem candidate
-28.20318,39.814503,PubChem candidate
-51.63686,41.706455,PubChem candidate
18.776894,-66.0963,PubChem candidate
-30.68721,-23.51117,PubChem candidate
60.255062,-70.548035,PubChem candidate
-13.774465,82.413216,PubChem candidate
-113.24176,-25.528412,PubChem candidate
-69.772224,-48.939133,PubChem candidate
15.124511,45.445854,PubChem candidate
-94.77537,2.2214437,PubChem candidate
95.395515,-41.070316,PubChem candidate
7.152815,-107.39693,PubChem candidate
-37.721153,107.249405,PubChem candidate
-7.622127,-102.17092,PubChem candidate
46.38057,-47.88805,PubChem candidate
48.926495,-11.814892,PubChem candidate
2.9712603,-5.5702105,PubChem candidate
-88.63406,-1.9087734,PubChem candidate
11.480984,67.12841,PubChem candidate
-70.69629,-8.035773,PubChem candidate
-78.93974,53.656315,PubChem candidate
104.842224,23.298122,PubChem candidate
25.658476,-56.04977,PubChem candidate
2.7986708,-13.875106,PubChem candidate
37.174343,104.941284,PubChem candidate
-97.416115,30.920904,PubChem candidate
-69.77406,-47.756912,PubChem candidate
-18.474876,-99.3301,PubChem candidate
9.942411,96.00854,PubChem candidate
-104.26042,15.835535,PubChem candidate
-30.66427,-26.464716,PubChem candidate
5.259846,-48.462284,PubChem candidate
99.516945,-36.89025,PubChem candidate
-80.2414,51.33276,PubChem candidate
-49.90699,-17.041435,PubChem candidate
-12.14925,-3.5199416,PubChem candidate
-24.761202,-97.00262,PubChem candidate
-20.263329,13.277486,PubChem candidate
54.60897,26.642214,PubChem candidate
78.97636,9.828948,PubChem candidate
-94.791824,1.7264745,PubChem candidate
-43.82211,43.87376,PubChem candidate
75.09273,8.646434,PubChem candidate
-73.21995,-51.134438,PubChem candidate
-33.91951,102.84886,PubChem candidate
9.637844,107.8053,PubChem candidate
-78.043144,51.460842,PubChem candidate
7.1717577,8.660431,PubChem candidate
7.796627,-58.30832,PubChem candidate
-25.833645,-12.239408,PubChem candidate
-12.458256,-4.3529115,PubChem candidate
8.860567,47.500942,PubChem candidate
36.59186,86.98373,PubChem candidate
-100.9914,14.8314295,PubChem candidate
7.6102695,95.623314,PubChem candidate
-12.941897,104.90439,PubChem candidate
58.695232,-81.10721,PubChem candidate
72.73622,34.22084,PubChem candidate
-57.833797,65.26106,PubChem candidate
-6.623552,-93.57474,PubChem candidate
-51.175385,37.030266,PubChem candidate
57.150204,-1.0836394,PubChem candidate
80.197975,44.10968,PubChem candidate
-17.415056,118.2686,PubChem candidate
117.91894,-10.057597,PubChem candidate
-89.83988,26.973497,PubChem candidate
9.590892,94.14284,PubChem candidate
-114.72476,-25.825516,PubChem candidate
-55.007458,69.49633,PubChem candidate
60.415592,-55.334206,PubChem candidate
-14.216847,81.83903,PubChem candidate
85.80982,45.173973,PubChem candidate
-103.25563,20.842089,PubChem candidate
109.6474,-26.945724,PubChem candidate
48.960903,-17.384384,PubChem candidate
66.15779,-69.376274,PubChem candidate
-41.268986,66.86457,PubChem candidate
7.009978,-48.265373,PubChem candidate
37.323757,84.33203,PubChem candidate
-1.5744567,-2.3274612,PubChem candidate
-39.5169,-28.944473,PubChem candidate
-16.270798,86.23564,PubChem candidate
82.02241,49.93217,PubChem candidate
72.92716,5.9703,PubChem candidate
0.08279279,20.61403,PubChem candidate
-38.092327,-75.68723,PubChem candidate
31.22692,110.59909,PubChem candidate
-73.314026,-9.159475,PubChem candidate
116.223564,-11.695185,PubChem candidate
-67.758934,-58.793907,PubChem candidate
61.63878,-74.9079,PubChem candidate
-24.343508,-10.265771,PubChem candidate
-10.782997,1.8770316,PubChem candidate
33.52643,9.660345,PubChem candidate
64.672615,-52.805145,PubChem candidate
16.589966,-36.66102,PubChem candidate
-14.427924,117.95608,PubChem candidate
114.54992,26.464376,PubChem candidate
35.001766,84.171455,PubChem candidate
-72.15507,-50.45347,PubChem candidate
-19.539808,70.95409,PubChem candidate
108.08072,-28.964533,PubChem candidate
-26.221834,96.82263,PubChem candidate
-113.7124,-25.819616,PubChem candidate
60.846027,-48.082954,PubChem candidate
64.54359,-53.842484,PubChem candidate
102.1672,35.47295,PubChem candidate
-39.35689,-77.180435,PubChem candidate
15.531951,15.336329,PubChem candidate
36.49703,74.95226,PubChem candidate
51.612972,-40.793972,PubChem candidate
-40.292427,43.265293,PubChem candidate
49.306168,-40.234966,PubChem candidate
-27.755846,59.759808,PubChem candidate
-99.19092,12.3677435,PubChem candidate
-59.121998,11.15078,PubChem candidate
15.63497,-34.373592,PubChem candidate
54.08138,-42.532566,PubChem candidate
11.7669935,23.818253,PubChem candidate
-22.135319,-30.977015,PubChem candidate
65.126945,-60.353638,PubChem candidate
0.8608817,83.63419,PubChem candidate
-46.04061,-81.550835,PubChem candidate
62.4737,-81.923035,PubChem candidate
-40.154858,-69.47533,PubChem candidate
-67.37853,-3.9484117,PubChem candidate
-32.975838,-91.620995,PubChem candidate
-15.469182,-40.483643,PubChem candidate
12.288726,7.1872807,PubChem candidate
-119.47847,-8.118327,PubChem candidate
-56.82455,39.28755,PubChem candidate
-18.562765,-107.11755,PubChem candidate
-44.556572,-36.19253,PubChem candidate
11.823994,110.93919,PubChem candidate
-125.42878,-13.816468,PubChem candidate
-9.306397,-24.23207,PubChem candidate
-14.402133,118.28398,PubChem candidate
-133.82793,-5.5816545,PubChem candidate
-32.725723,-57.49654,PubChem candidate
-10.543557,-19.893688,PubChem candidate
6.5093307,17.942598,PubChem candidate
-13.575462,81.612465,PubChem candidate
-43.972546,-9.429457,PubChem candidate
61.915764,4.2772427,PubChem candidate
-70.40002,-7.8671317,PubChem candidate
-78.93974,53.656315,PubChem candidate
3.5797856,-13.477537,PubChem candidate
43.53713,27.873919,PubChem candidate
-14.20007,16.60869,PubChem candidate
32.349712,79.943504,PubChem candidate
15.222633,71.43064,PubChem candidate
100.72895,22.951635,PubChem candidate
93.90155,-33.73643,PubChem candidate
-13.579125,-86.16227,PubChem candidate
-28.81327,55.309963,PubChem candidate
-22.29703,-89.42158,PubChem candidate
-125.67101,-13.726564,PubChem candidate
16.129776,66.73005,PubChem candidate
-42.17012,-21.955473,PubChem candidate
37.71674,90.57583,PubChem candidate
38.076206,-75.36914,PubChem candidate
-95.502174,30.843508,PubChem candidate
37.944973,104.56628,PubChem candidate
60.47915,-47.3055,PubChem candidate
-76.11121,-56.939953,PubChem candidate
42.93859,-69.737656,PubChem candidate
-64.25704,-50.108383,PubChem candidate
116.0311,-22.570238,PubChem candidate
-15.58844,120.46007,PubChem candidate
-51.35706,-33.245804,PubChem candidate
-103.24138,22.82342,PubChem candidate
11.502688,12.724751,PubChem candidate
-48.91646,-72.86507,PubChem candidate
0.53838456,-5.715553,PubChem candidate
-104.93359,-24.636961,PubChem candidate
-33.614258,41.880627,PubChem candidate
8.7858515,-3.413868,PubChem candidate
37.223896,93.82319,PubChem candidate
52.744373,49.280922,PubChem candidate
38.75682,-91.64222,PubChem candidate
-46.823654,69.94685,PubChem candidate
37.498028,105.62722,PubChem candidate
7.221063,-104.49908,PubChem candidate
-125.668655,-13.7226095,PubChem candidate
-29.839756,-12.908796,PubChem candidate
114.92596,29.463118,PubChem candidate
73.02732,48.770905,PubChem candidate
10.966814,1.4262408,PubChem candidate
99.748665,24.077122,PubChem candidate
-31.985458,-84.70188,PubChem candidate
-72.97502,-52.3159,PubChem candidate
17.479471,-33.088287,PubChem candidate
45.25507,-88.39841,PubChem candidate
-23.509512,-52.93285,PubChem candidate
-101.07322,14.059466,PubChem candidate
-11.344754,8.949641,PubChem candidate
112.98364,-13.316778,PubChem candidate
-49.89369,-70.011734,PubChem candidate
-72.969406,16.117878,PubChem candidate
-12.996888,-107.92483,PubChem candidate
45.37076,104.470055,PubChem candidate
53.62859,-26.224796,PubChem candidate
-104.89082,-21.171803,PubChem candidate
-113.77602,-1.2511383,PubChem candidate
25.867159,-55.528587,PubChem candidate
93.136406,-43.449375,PubChem candidate
10.511371,-109.85517,PubChem candidate
-20.333668,60.23411,PubChem candidate
39.814766,91.14521,PubChem candidate
-68.81853,11.217476,PubChem candidate
115.491356,-9.198478,PubChem candidate
-56.65061,34.415344,PubChem candidate
-95.955986,-36.014225,PubChem candidate
-36.455486,63.030178,PubChem candidate
109.98917,28.724134,PubChem candidate
-97.09376,-39.617947,PubChem candidate
-38.32193,69.7561,PubChem candidate
114.54235,-7.8655367,PubChem candidate
-13.327696,81.61567,PubChem candidate
-4.677082,25.843763,PubChem candidate
21.780886,-33.822918,PubChem candidate
-50.896908,80.015305,PubChem candidate
36.1664,8.36192,PubChem candidate
-127.7119,1.187647,PubChem candidate
5.7363935,15.6123085,PubChem candidate
-87.27765,-2.5084507,PubChem candidate
-101.52587,-54.294537,PubChem candidate
-106.1312,-9.616684,PubChem candidate
43.189045,53.441864,PubChem candidate
-71.591965,12.176512,PubChem candidate
-12.362774,-14.61321,PubChem candidate
69.83464,15.385867,PubChem candidate
-12.349898,106.928185,PubChem candidate
-37.360497,-74.25101,PubChem candidate
4.4473677,-66.1756,PubChem candidate
-105.399704,30.260414,PubChem candidate
7.733722,-49.401337,PubChem candidate
-50.222576,-33.798046,PubChem candidate
7.683475,-73.87297,PubChem candidate
21.785183,-68.38048,PubChem candidate
29.836538,43.9604,PubChem candidate
-78.93974,53.656315,PubChem candidate
-80.240135,52.81161,PubChem candidate
40.189762,29.827711,PubChem candidate
-78.87804,52.313618,PubChem candidate
-15.339331,115.089905,PubChem candidate
113.78473,-14.636319,PubChem candidate
44.024418,49.372852,PubChem candidate
-46.03815,81.94731,PubChem candidate
-29.246077,-44.680748,PubChem candidate
-13.189997,81.16329,PubChem candidate
-131.03519,0.63787353,PubChem candidate
9.690254,105.20655,PubChem candidate
55.71203,-1.481098,PubChem candidate
-38.652435,65.441315,PubChem candidate
42.15814,85.569595,PubChem candidate
-28.236544,-14.85298,PubChem candidate
-29.254265,94.53956,PubChem candidate
-42.797466,-80.00375,PubChem candidate
-24.367134,-44.06767,PubChem candidate
-101.339005,15.297356,PubChem candidate
-22.484808,89.64869,PubChem candidate
40.93175,28.537174,PubChem candidate
10.485979,-110.22965,PubChem candidate
96.44471,-18.870485,PubChem candidate
-21.549265,-94.40465,PubChem candidate
0.3313622,-107.59408,PubChem candidate
-80.2414,51.33276,PubChem candidate
-15.666609,-14.991285,PubChem candidate
-71.56264,-8.816779,PubChem candidate
7.0418715,94.946625,PubChem candidate
47.61387,43.42017,PubChem candidate
-28.910383,-87.11581,PubChem candidate
100.3163,23.303333,PubChem candidate
39.73708,91.25405,PubChem candidate
24.360332,2.8874795,PubChem candidate
-125.32408,-13.786013,PubChem candidate
-12.203021,7.815707,PubChem candidate
-20.637943,-21.386984,PubChem candidate
-73.104454,18.440516,PubChem candidate
12.38847,64.385666,PubChem candidate
-15.5314865,82.90365,PubChem candidate
-16.247099,-28.129286,PubChem candidate
60.4487,-56.60098,PubChem candidate
-22.838772,70.138245,PubChem candidate
103.035904,23.774256,PubChem candidate
90.67547,-26.014202,PubChem candidate
-0.07407745,-103.86726,PubChem candidate
-109.93441,-7.3881164,PubChem candidate
31.947485,23.914919,PubChem candidate
40.899757,93.74305,PubChem candidate
-29.723295,-39.347733,PubChem candidate
-52.28896,41.250828,PubChem candidate
12.425926,8.493903,PubChem candidate
-59.468983,9.820594,PubChem candidate
-44.75274,-78.99462,PubChem candidate
-38.20201,-25.236845,PubChem candidate
55.434635,-83.72802,PubChem candidate
42.591393,85.731995,PubChem candidate
-56.997158,64.62218,PubChem candidate
-0.57084817,-63.65217,PubChem candidate
23.863636,-40.168762,PubChem candidate
23.239422,-58.71508,PubChem candidate
45.176773,-50.358677,PubChem candidate
-104.86017,-24.262886,PubChem candidate
-67.36887,-1.9279861,PubChem candidate
-63.933765,-60.288536,PubChem candidate
-9.345156,108.192245,PubChem candidate
-16.449005,82.552055,PubChem candidate
104.973206,36.592537,PubChem candidate
50.613743,97.173325,PubChem candidate
-45.708164,69.15793,PubChem candidate
53.989285,-84.72721,PubChem candidate
23.046976,2.1166515,PubChem candidate
90.982025,-20.78797,PubChem candidate
-5.7930636,27.700012,PubChem candidate
65.97249,-68.73744,PubChem candidate
-28.837404,-6.9199924,PubChem candidate
97.47079,-42.38468,PubChem candidate
5.471158,-75.0137,PubChem candidate
64.76931,-67.63386,PubChem candidate
-105.212135,28.915434,PubChem candidate
36.320034,104.97372,PubChem candidate
8.958239,-110.63964,PubChem candidate
16.612741,-36.220425,PubChem candidate
18.0561,-35.788162,PubChem candidate
11.299803,107.03128,PubChem candidate
16.664675,-4.3231406,PubChem candidate
-29.386448,-26.093643,PubChem candidate
5.8660965,-76.19166,PubChem candidate
-0.0174571,-62.573086,PubChem candidate
-6.7902102,-102.07146,PubChem candidate
37.196037,105.417694,PubChem candidate
-16.24214,87.68422,PubChem candidate
34.898254,28.283297,PubChem candidate
116.29445,-24.751125,PubChem candidate
68.43699,-10.921805,PubChem candidate
49.037426,-19.202581,PubChem candidate
-5.004102,3.0875034,PubChem candidate
-43.482357,-44.940987,PubChem candidate
2.0616088,-53.65992,PubChem candidate
-77.85718,52.653244,PubChem candidate
94.93075,-9.307795,PubChem candidate
47.956345,38.468845,PubChem candidate
-33.42323,-71.87777,PubChem candidate
55.871197,-3.054486,PubChem candidate
60.27181,-70.37947,PubChem candidate
5.4711933,-49.002453,PubChem candidate
-0.4520502,82.540634,PubChem candidate
7.129194,-54.386753,PubChem candidate
7.0937924,-1.9143766,PubChem candidate
-72.23116,-5.5636115,PubChem candidate
-24.3417,-37.754917,PubChem candidate
36.22502,13.621181,PubChem candidate
-8.80173,0.8233072,PubChem candidate
-63.62378,5.4425545,PubChem candidate
0.59384465,-7.062435,PubChem candidate
-78.93974,53.656315,PubChem candidate
88.119194,53.474205,PubChem candidate
1.2313997,-4.846925,PubChem candidate
-98.63628,24.929401,PubChem candidate
-28.291933,-85.75836,PubChem candidate
-15.80654,85.01281,PubChem candidate
-2.5740087,82.898735,PubChem candidate
69.80064,29.928213,PubChem candidate
-134.82457,-4.778376,PubChem candidate
62.255024,13.784215,PubChem candidate
-52.329655,-54.42472,PubChem candidate
8.33988,-45.18017,PubChem candidate
-80.2414,51.33276,PubChem candidate
-4.518771,25.3369,PubChem candidate
-51.223457,-83.74374,PubChem candidate
-23.542015,-94.2045,PubChem candidate
-14.6895,-40.682404,PubChem candidate
-47.290417,68.63145,PubChem candidate
-63.55122,-46.643322,PubChem candidate
24.92951,37.33879,PubChem candidate
-44.00863,73.03175,PubChem candidate
-45.745277,83.500755,PubChem candidate
-43.32295,40.690693,PubChem candidate
55.697334,-44.607162,PubChem candidate
113.342186,-31.90047,PubChem candidate
35.51874,75.22408,PubChem candidate
-49.144337,-82.41566,PubChem candidate
54.743736,-27.18532,PubChem candidate
-11.019974,-10.169475,PubChem candidate
106.58717,-32.232067,PubChem candidate
-86.73955,19.474583,PubChem candidate
-99.73043,18.538534,PubChem candidate
47.583614,81.35992,PubChem candidate
34.998325,-31.885794,PubChem candidate
43.77008,-66.145065,PubChem candidate
-27.292679,-45.873375,PubChem candidate
-13.128264,12.888889,PubChem candidate
-32.803455,24.472942,PubChem candidate
-33.595932,70.50479,PubChem candidate
-20.831884,5.284979,PubChem candidate
-37.92896,107.164696,PubChem candidate
-15.443883,-31.678068,PubChem candidate
-14.492921,21.807203,PubChem candidate
-14.005348,118.303055,PubChem candidate
85.50354,55.798027,PubChem candidate
-79.31077,-7.5558047,PubChem candidate
25.099405,40.08341,PubChem candidate
9.39731,103.99363,PubChem candidate
-56.71138,-53.0681,PubChem candidate
1.4379462,-4.4394965,PubChem candidate
32.393047,36.771812,PubChem candidate
-73.14717,-53.134693,PubChem candidate
44.982548,91.14775,PubChem candidate
-60.60555,-46.838093,PubChem candidate
36.90895,43.127895,PubChem candidate
-38.89206,102.929504,PubChem candidate
-18.799347,76.6746,PubChem candidate
-22.665195,69.89794,PubChem candidate
-23.88206,-55.947998,PubChem candidate
11.7619095,23.890602,PubChem candidate
44.273335,-11.406686,PubChem candidate
33.93939,80.131805,PubChem candidate
6.065377,-50.6866,PubChem candidate
-114.67876,-31.860527,PubChem candidate
-6.5787354,9.084435,PubChem candidate
97.36838,19.994291,PubChem candidate
-38.561047,38.67003,PubChem candidate
-25.57351,91.39255,PubChem candidate
89.83046,-18.94777,PubChem candidate
-102.245834,-26.529072,PubChem candidate
-43.707092,-18.061085,PubChem candidate
-94.294685,-0.24217293,PubChem candidate
-31.221033,40.50409,PubChem candidate
29.638308,112.074265,PubChem candidate
0.9446599,-110.32782,PubChem candidate
82.5047,43.73838,PubChem candidate
65.39671,-66.105194,PubChem candidate
34.823048,85.4329,PubChem candidate
13.225364,-68.140785,PubChem candidate
10.066765,-10.702997,PubChem candidate
-42.629704,-79.1517,PubChem candidate
-21.514668,44.01246,PubChem candidate
-47.736584,41.629616,PubChem candidate
-6.2834606,-10.601077,PubChem candidate
43.254837,102.98507,PubChem candidate
54.538906,-82.26138,PubChem candidate
-61.14362,8.50245,PubChem candidate
-124.19677,0.17656663,PubChem candidate
-76.32904,-56.12779,PubChem candidate
-29.562153,-21.488337,PubChem candidate
40.687107,102.64317,PubChem candidate
-28.214064,-84.58407,PubChem candidate
-105.263275,-13.365727,PubChem candidate
-0.7240789,-102.31402,PubChem candidate
-51.751274,-83.61111,PubChem candidate
-33.40101,-16.839743,PubChem candidate
32.88115,33.65159,PubChem candidate
-77.7662,-60.09498,PubChem candidate
107.389656,-34.70788,PubChem candidate
-15.204972,-12.098003,PubChem candidate
-61.054592,-64.26287,PubChem candidate
101.36679,-38.482513,PubChem candidate
90.191124,27.936045,PubChem candidate
5.6786623,25.305653,PubChem candidate
64.92092,7.3229012,PubChem candidate
66.94257,-74.29701,PubChem candidate
-98.04209,-36.40349,PubChem candidate
-43.943794,-79.9411,PubChem candidate
-45.398483,79.59475,PubChem candidate
-50.138653,-13.557622,PubChem candidate
-133.68784,-3.4488425,PubChem candidate
-44.622437,-13.977907,PubChem candidate
-14.667871,107.679825,PubChem candidate
-46.79892,81.982124,PubChem candidate
-29.861933,-88.49974,PubChem candidate
14.412467,-105.22575,PubChem candidate
24.863008,40.63294,PubChem candidate
29.06368,112.67225,PubChem candidate
43.867302,53.593338,PubChem candidate
69.35692,14.50156,PubChem candidate
50.112457,-87.78364,PubChem candidate
115.05953,-29.456045,PubChem candidate
-12.560343,8.231399,PubChem candidate
-31.727667,69.41516,PubChem candidate
-38.275784,68.96383,PubChem candidate
22.169233,-65.75784,PubChem candidate
-25.59173,91.54211,PubChem candidate
-101.79185,-53.85563,PubChem candidate
46.899334,-83.88734,PubChem candidate
39.35858,73.87333,PubChem candidate
26.741575,-53.32527,PubChem candidate
24.720074,-59.05648,PubChem candidate
-22.439384,-8.705232,PubChem candidate
-6.518574,24.710693,PubChem candidate
99.264404,23.618576,PubChem candidate
-33.88396,-96.4589,PubChem candidate
-2.8546326,82.761894,PubChem candidate
29.109564,30.765257,PubChem candidate
-56.629074,-53.33193,PubChem candidate
-39.232376,65.49243,PubChem candidate
-2.534193,109.31636,PubChem candidate
-17.957253,86.94232,PubChem candidate
-15.041454,85.83584,PubChem candidate
57.423683,-52.41231,PubChem candidate
-21.42583,42.93611,PubChem candidate
49.212627,-8.923877,PubChem candidate
6.094513,-67.09954,PubChem candidate
-32.010616,-42.396812,PubChem candidate
0.60622644,-61.81328,PubChem candidate
-109.34491,-28.710598,PubChem candidate
-27.590418,59.84439,PubChem candidate
-103.1428,19.47688,PubChem candidate
68.409294,13.414396,PubChem candidate
77.13321,8.34444,PubChem candidate
-78.683525,-16.487411,PubChem candidate
44.002827,-66.766365,PubChem candidate
41.842197,102.69305,PubChem candidate
33.588192,-31.00033,PubChem candidate
-11.019981,-10.169784,PubChem candidate
-56.06697,-51.456703,PubChem candidate
46.884212,-37.259155,PubChem candidate
60.0876,32.07229,PubChem candidate
11.381135,108.20432,PubChem candidate
-45.64483,-18.718475,PubChem candidate
-54.186985,-62.57561,PubChem candidate
-27.925386,-84.91885,PubChem candidate
6.841501,-73.79942,PubChem candidate
-109.66423,-29.68401,PubChem candidate
6.440395,106.69034,PubChem candidate
112.9223,-13.056402,PubChem candidate
-13.02143,-14.941318,PubChem candidate
-96.748634,-41.60355,PubChem candidate
-55.656666,39.862347,PubChem candidate
-44.53945,45.47884,PubChem candidate
115.71803,-28.882008,PubChem candidate
-0.061134513,81.8204,PubChem candidate
-33.78147,39.95344,PubChem candidate
-6.946718,-101.24681,PubChem candidate
-23.039154,-7.8310485,PubChem candidate
-30.653006,-27.062334,PubChem candidate
92.36202,-9.823912,PubChem candidate
113.73628,-12.600194,PubChem candidate
-16.193312,-32.563393,PubChem candidate
-52.209106,-77.54903,PubChem candidate
114.88107,28.647217,PubChem candidate
-17.29121,42.95356,PubChem candidate
-42.561108,-67.74604,PubChem candidate
-39.42319,-15.376044,PubChem candidate
63.819477,25.439043,PubChem candidate
6.952595,-13.983221,PubChem candidate
26.576454,-54.73417,PubChem candidate
-60.059975,8.769734,PubChem candidate
-99.52563,18.159513,PubChem candidate
25.081638,35.244465,PubChem candidate
-68.55225,-62.6896,PubChem candidate
96.58885,-6.2128525,PubChem candidate
-78.94193,52.29125,PubChem candidate
-29.027077,-44.637714,PubChem candidate
53.51923,-83.23675,PubChem candidate
-110.35342,-2.1184313,PubChem candidate
-66.82406,-3.593451,PubChem candidate
17.060205,-33.084854,PubChem candidate
38.859684,82.57896,PubChem candidate
-10.505239,-96.68484,PubChem candidate
-18.220127,-107.64042,PubChem candidate
36.431557,-75.905594,PubChem candidate
106.06267,22.851845,PubChem candidate
39.45821,92.72552,PubChem candidate
-1.4828997,82.97256,PubChem candidate
-11.088675,44.25951,PubChem candidate
105.251396,-34.2196,PubChem candidate
53.581425,-83.23251,PubChem candidate
-10.4524,8.065483,PubChem candidate
-27.514435,70.932724,PubChem candidate
100.81759,-41.047123,PubChem candidate
-19.950117,-17.512197,PubChem candidate
31.150513,-44.66204,PubChem candidate
-40.922947,-78.49467,PubChem candidate
-57.57515,-45.57463,PubChem candidate
18.638395,-34.822807,PubChem candidate
-24.3071,68.57929,PubChem candidate
-17.779287,51.174988,PubChem candidate
-20.120996,-106.55605,PubChem candidate
-57.466972,39.341633,PubChem candidate
-35.67449,65.740326,PubChem candidate
29.8345,38.274704,PubChem candidate
-12.039599,-5.184792,PubChem candidate
-8.968569,9.054186,PubChem candidate
-0.9211843,-66.39002,PubChem candidate
57.247864,-3.8386953,PubChem candidate
-3.50372,22.29643,PubChem candidate
96.71971,-19.775976,PubChem candidate
-26.461401,39.82565,PubChem candidate
38.777927,90.647,PubChem candidate
-78.87823,52.297523,PubChem candidate
-3.7761338,4.9591823,PubChem candidate
96.7025,20.830193,PubChem candidate
-1.8505857,118.316376,PubChem candidate
-64.19167,-59.27619,PubChem candidate
-12.89647,1.4834036,PubChem candidate
-40.86968,37.17793,PubChem candidate
17.722929,-29.84971,PubChem candidate
36.86971,87.57266,PubChem candidate
112.97849,-13.922385,PubChem candidate
-35.972424,66.52523,PubChem candidate
68.09265,-12.509621,PubChem candidate
-63.38261,0.97462976,PubChem candidate
-108.167145,-11.718792,PubChem candidate
-67.591835,17.190773,PubChem candidate
-33.75249,-59.93788,PubChem candidate
-72.80604,-8.776915,PubChem candidate
-32.24316,-90.741196,PubChem candidate
-107.54396,-10.562703,PubChem candidate
-20.742762,93.45269,PubChem candidate
-38.5743,50.98118,PubChem candidate
52.98627,37.219532,PubChem candidate
-12.059363,107.80895,PubChem candidate
-31.895536,-90.46067,PubChem candidate
-43.901566,-39.535976,PubChem candidate
114.45755,-29.259388,PubChem candidate
2.5898547,14.136616,PubChem candidate
43.486683,-62.740128,PubChem candidate
-98.02177,-36.018696,PubChem candidate
-38.038116,103.68214,PubChem candidate
66.74697,-73.66766,PubChem candidate
-95.37984,28.513262,PubChem candidate
36.387257,75.180176,PubChem candidate
40.826385,93.77174,PubChem candidate
-38.927814,99.67305,PubChem candidate
-78.81542,52.254047,PubChem candidate
-68.02807,-47.78444,PubChem candidate
0.8875478,0.5987623,PubChem candidate
-0.42899022,115.95286,PubChem candidate
-3.8134024,10.019253,PubChem candidate
37.73786,-75.63964,PubChem candidate
-29.206324,-6.6254306,PubChem candidate
-39.218945,-44.52336,PubChem candidate
-78.81542,52.254047,PubChem candidate
-67.03998,-59.709156,PubChem candidate
-37.41173,-20.788692,PubChem candidate
-78.57562,50.66359,PubChem candidate
49.005398,-14.008277,PubChem candidate
116.12528,-27.921907,PubChem candidate
17.781261,-36.905,PubChem candidate
-15.535016,-104.17477,PubChem candidate
-23.454123,-49.321236,PubChem candidate
103.49132,-18.016558,PubChem candidate
24.812546,42.849716,PubChem candidate
65.10852,-15.826738,PubChem candidate
110.392555,-2.9789076,PubChem candidate
-55.1272,37.469364,PubChem candidate
112.19377,-6.780947,PubChem candidate
-108.84414,-28.215881,PubChem candidate
-1.1349002,16.696636,PubChem candidate
90.122665,-28.789227,PubChem candidate
-13.344126,83.30826,PubChem candidate
-42.346622,-44.39188,PubChem candidate
-16.281628,85.28144,PubChem candidate
-43.444668,-27.025715,PubChem candidate
-32.50777,-96.310196,PubChem candidate
-31.389467,-47.121803,PubChem candidate
111.21614,25.53964,PubChem candidate
-37.599304,43.683826,PubChem candidate
105.6208,23.608675,PubChem candidate
-57.71902,65.18703,PubChem candidate
61.85718,-52.778324,PubChem candidate
-39.38035,38.56011,PubChem candidate
73.181274,-38.77418,PubChem candidate
-79.23802,51.941456,PubChem candidate
-71.85067,-10.310048,PubChem candidate
57.09625,29.508135,PubChem candidate
30.552092,40.675797,PubChem candidate
24.847235,-54.146587,PubChem candidate
112.08772,-9.876019,PubChem candidate
-49.297127,68.409805,PubChem candidate
-60.16256,9.366356,PubChem candidate
-54.010498,41.25462,PubChem candidate
-36.31033,43.670406,PubChem candidate
95.667046,-39.500584,PubChem candidate
-9.385759,44.95111,PubChem candidate
-7.369041,25.411049,PubChem candidate
-22.27159,43.53861,PubChem candidate
-2.745466,26.865637,PubChem candidate
-66.53016,-48.93334,PubChem candidate
-16.799202,-8.635316,PubChem candidate
-12.436839,108.74101,PubChem candidate
41.367638,-88.839165,PubChem candidate
115.19151,-27.178804,PubChem candidate
-16.277672,85.282524,PubChem candidate
-125.099884,1.2382845,PubChem candidate
43.019325,-55.129364,PubChem candidate
43.58783,-62.178905,PubChem candidate
49.43905,-9.188688,PubChem candidate
-79.23802,51.941456,PubChem candidate
-28.343245,94.23645,PubChem candidate
61.866898,-60.04694,PubChem candidate
75.27502,-38.703022,PubChem candidate
98.62142,-36.360058,PubChem candidate
-39.05317,65.34563,PubChem candidate
37.202,-30.88895,PubChem candidate
-52.213768,71.627975,PubChem candidate
-24.015236,-9.205913,PubChem candidate
-32.568546,-92.248314,PubChem candidate
-32.82502,35.443188,PubChem candidate
31.307293,110.777596,PubChem candidate
-26.028904,91.63011,PubChem candidate
-53.210896,33.43014,PubChem candidate
-57.317947,38.518517,PubChem candidate
-1.2283576,117.757,PubChem candidate
-79.23802,51.941456,PubChem candidate
-66.68863,0.14588459,PubChem candidate
-39.028347,70.186035,PubChem candidate
-17.927237,-99.59463,PubChem candidate
33.247658,36.65465,PubChem candidate
73.692955,30.547258,PubChem candidate
72.41515,48.481182,PubChem candidate
105.48492,1.0918489,PubChem candidate
-67.79462,16.787102,PubChem candidate
-7.1399236,-32.829006,PubChem candidate
-37.608707,-75.37433,PubChem candidate
99.52587,-6.120403,PubChem candidate
91.84101,-17.65222,PubChem candidate
-57.88526,65.133156,PubChem candidate
61.994774,-81.431656,PubChem candidate
-119.8956,-7.838011,PubChem candidate
-18.137451,13.675115,PubChem candidate
-46.6572,-18.112442,PubChem candidate
18.33073,-36.46656,PubChem candidate
12.422861,-103.89613,PubChem candidate
-13.879499,68.005005,PubChem candidate
9.135506,102.80355,PubChem candidate
-76.5255,-12.965686,PubChem candidate
-75.405075,-13.767415,PubChem candidate
12.41493,24.495094,PubChem candidate
-26.391102,-53.0897,PubChem candidate
-38.15212,-68.353485,PubChem candidate
-78.10518,-59.293518,PubChem candidate
-31.533106,99.42172,PubChem candidate
72.61472,51.74767,PubChem candidate
-52.55877,-19.949484,PubChem candidate
-63.62117,-50.329247,PubChem candidate
-25.886192,-29.970055,PubChem candidate
53.216446,-4.581224,PubChem candidate
-23.688808,69.55458,PubChem candidate
-38.74895,104.03308,PubChem candidate
33.96024,44.16698,PubChem candidate
103.37198,2.871961,PubChem candidate
95.5937,-6.221866,PubChem candidate
-21.786863,7.9913797,PubChem candidate
-48.232132,-83.26673,PubChem candidate
-73.8976,-61.880848,PubChem candidate
-24.706852,69.63919,PubChem candidate
-33.89705,-97.43607,PubChem candidate
12.456823,64.22424,PubChem candidate
-39.097927,69.399895,PubChem candidate
16.31108,-34.234974,PubChem candidate
91.702286,-26.43655,PubChem candidate
-53.89873,-63.414368,PubChem candidate
-21.53755,88.33745,PubChem candidate
-34.781193,-95.79296,PubChem candidate
-106.75281,-12.260181,PubChem candidate
-33.85436,23.076172,PubChem candidate
-9.665304,1.000577,PubChem candidate
-21.747337,71.287445,PubChem candidate
-68.03964,14.690639,PubChem candidate
-117.376015,-9.733959,PubChem candidate
-66.74263,-63.19123,PubChem candidate
-15.842687,-53.156242,PubChem candidate
-51.99574,-11.222826,PubChem candidate
106.35543,-37.190742,PubChem candidate
45.04514,-50.586105,PubChem candidate
-36.600872,70.25307,PubChem candidate
55.61831,-57.59764,PubChem candidate
-12.5494375,72.164154,PubChem candidate
10.156887,98.16368,PubChem candidate
6.191753,-68.137505,PubChem candidate
-68.18926,11.453811,PubChem candidate
6.20621,-51.69349,PubChem candidate
-115.0245,-27.643806,PubChem candidate
-35.316284,23.572954,PubChem candidate
52.118736,-88.75541,PubChem candidate
-30.74318,-85.54276,PubChem candidate
-36.494244,102.13408,PubChem candidate
54.145027,-7.741853,PubChem candidate
106.80352,-22.355091,PubChem candidate
36.59428,106.682755,PubChem candidate
41.27327,-58.850933,PubChem candidate
-53.06175,-12.35771,PubChem candidate
-88.00108,-21.006311,PubChem candidate
-104.09583,28.28795,PubChem candidate
-72.40201,-7.589788,PubChem candidate
44.193718,-66.06269,PubChem candidate
-79.12012,50.856422,PubChem candidate
-114.60302,-32.590176,PubChem candidate
-35.985554,67.05471,PubChem candidate
111.87345,-5.088643,PubChem candidate
40.962,87.556725,PubChem candidate
-73.152954,17.170914,PubChem candidate
54.55602,-19.489136,PubChem candidate
-6.6819654,-33.290253,PubChem candidate
-20.017727,-38.10546,PubChem candidate
55.563087,-57.57145,PubChem candidate
-46.985146,-11.376476,PubChem candidate
-53.92038,-18.602682,PubChem candidate
-38.2581,21.799803,PubChem candidate
8.022434,20.082142,PubChem candidate
40.228172,89.90946,PubChem candidate
-32.793205,68.87155,PubChem candidate
47.432682,81.488235,PubChem candidate
-38.800358,50.970005,PubChem candidate
-32.210884,-97.360504,PubChem candidate
-97.8708,-37.32306,PubChem candidate
65.657364,88.11343,PubChem candidate
-49.670486,-67.44107,PubChem candidate
-31.963594,-91.724304,PubChem candidate
25.1677,-55.781094,PubChem candidate
-65.29413,6.2902765,PubChem candidate
72.70476,18.283575,PubChem candidate
64.30939,-54.59041,PubChem candidate
5.900909,-64.502525,PubChem candidate
36.753017,83.726036,PubChem candidate
-9.22825,-24.342932,PubChem candidate
-115.045685,-25.778286,PubChem candidate
7.7472386,-65.98294,PubChem candidate
-13.58494,-28.901764,PubChem candidate
39.580612,15.496498,PubChem candidate
-15.80661,-110.238625,PubChem candidate
11.825916,-103.449326,PubChem candidate
-1.1314822,115.74238,PubChem candidate
61.067455,3.3226933,PubChem candidate
-53.455353,-19.468145,PubChem candidate
-24.525558,-6.262243,PubChem candidate
12.416511,-44.608215,PubChem candidate
56.44275,26.136189,PubChem candidate
-30.242468,-24.917307,PubChem candidate
113.17264,-24.99078,PubChem candidate
-42.402924,20.962532,PubChem candidate
36.622738,-76.47722,PubChem candidate
-66.084366,6.856936,PubChem candidate
-13.531768,83.582085,PubChem candidate
36.620884,90.671745,PubChem candidate
-3.8407984,98.22219,PubChem candidate
-21.084215,-7.4894238,PubChem candidate
23.882607,-29.636892,PubChem candidate
-58.16387,-56.6499,PubChem candidate
111.78064,-9.513575,PubChem candidate
-100.06857,-39.023956,PubChem candidate
-12.095706,-22.262794,PubChem candidate
41.5823,103.95634,PubChem candidate
-23.534943,42.09391,PubChem candidate
-52.637833,-54.53899,PubChem candidate
-1.0088837,117.56961,PubChem candidate
59.160732,1.1852443,PubChem candidate
-42.738194,-82.218254,PubChem candidate
43.842167,104.381966,PubChem candidate
33.282654,35.498917,PubChem candidate
14.25452,5.6538234,PubChem candidate
21.209066,-36.143223,PubChem candidate
9.4602785,-44.84999,PubChem candidate
-83.84431,5.323256,PubChem candidate
-33.3789,-23.274199,PubChem candidate
-65.24235,-48.288944,PubChem candidate
-92.54953,25.853617,PubChem candidate
-0.42808712,82.50146,PubChem candidate
-26.13657,92.29785,PubChem candidate
-12.449865,106.40144,PubChem candidate
-130.5724,-10.226793,PubChem candidate
13.549512,64.36888,PubChem candidate
-75.298,-12.286759,PubChem candidate
3.9437945,-101.92839,PubChem candidate
-22.630527,-47.64651,PubChem candidate
38.485428,49.539516,PubChem candidate
-52.23535,-20.733675,PubChem candidate
37.15373,85.04674,PubChem candidate
32.53743,40.801826,PubChem candidate
58.083725,103.25594,PubChem candidate
-6.4397273,-93.298775,PubChem candidate
74.4378,52.60131,PubChem candidate
-36.34149,43.325123,PubChem candidate
113.285164,-9.403807,PubChem candidate
113.21538,-12.545375,PubChem candidate
-48.514854,-82.53878,PubChem candidate
20.91164,-36.07888,PubChem candidate
17.365059,-29.609896,PubChem candidate
96.35854,25.016844,PubChem candidate
-52.882065,33.310783,PubChem candidate
-0.3674047,-5.6731825,PubChem candidate
-4.885097,44.143696,PubChem candidate
-90.831,21.277842,PubChem candidate
-20.37824,-11.272934,PubChem candidate
36.2541,31.175476,PubChem candidate
60.18584,1.8529505,PubChem candidate
-34.51315,40.01319,PubChem candidate
-43.371845,-27.00847,PubChem candidate
32.400875,36.759743,PubChem candidate
2.3180993,-12.359945,PubChem candidate
-79.22442,50.78171,PubChem candidate
-47.97173,-73.32264,PubChem candidate
6.327319,107.5825,PubChem candidate
34.86099,-31.029137,PubChem candidate
28.52141,113.26033,PubChem candidate
-129.1209,-11.214074,PubChem candidate
-113.46044,-25.668774,PubChem candidate
97.81018,-42.07048,PubChem candidate
12.017967,-10.897407,PubChem candidate
67.542175,-12.747773,PubChem candidate
-15.120538,99.07722,PubChem candidate
-1.9916753,116.31003,PubChem candidate
1.7613962,82.40522,PubChem candidate
-55.580036,-44.085278,PubChem candidate
-68.91704,17.947594,PubChem candidate
-94.67636,26.211214,PubChem candidate
-30.362078,22.880314,PubChem candidate
-23.744228,43.486725,PubChem candidate
-36.92447,-14.745332,PubChem candidate
70.30574,4.077557,PubChem candidate
38.691803,-32.9337,PubChem candidate
-1.0767932,117.61832,PubChem candidate
-36.786026,70.779495,PubChem candidate
3.891959,-64.54707,PubChem candidate
-114.10469,-28.648914,PubChem candidate
27.352661,31.734972,PubChem candidate
18.099833,-100.91711,PubChem candidate
-72.189804,-54.58754,PubChem candidate
-51.400208,37.07102,PubChem candidate
-10.58978,-92.69954,PubChem candidate
-56.74931,-45.54396,PubChem candidate
-74.91765,-9.903327,PubChem candidate
-21.891022,40.3452,PubChem candidate
49.583347,98.39968,PubChem candidate
-10.685225,-96.37239,PubChem candidate
-45.695236,68.8633,PubChem candidate
-14.537836,106.06206,PubChem candidate
51.297245,-15.475337,PubChem candidate
36.864346,40.519375,PubChem candidate
5.919455,-43.95519,PubChem candidate
2.008309,-56.278675,PubChem candidate
43.6788,32.931053,PubChem candidate
-46.745377,-15.701111,PubChem candidate
-6.6243253,91.86797,PubChem candidate
-19.18798,-38.93418,PubChem candidate
105.747475,-39.401794,PubChem candidate
15.02793,-105.451836,PubChem candidate
112.13924,-30.718307,PubChem candidate
8.0323305,-76.06947,PubChem candidate
-25.49539,90.888756,PubChem candidate
-26.045504,-54.45462,PubChem candidate
-6.5662704,-102.40975,PubChem candidate
-42.5615,-80.857864,PubChem candidate
-76.53224,-57.93934,PubChem candidate
-94.99446,2.6383648,PubChem candidate
-47.543465,-81.900986,PubChem candidate
28.646402,112.5219,PubChem candidate
40.77631,102.92242,PubChem candidate
110.82193,-1.4655478,PubChem candidate
29.295282,38.727947,PubChem candidate
-3.802661,98.22628,PubChem candidate
-68.02044,-0.28414163,PubChem candidate
-33.95856,41.776268,PubChem candidate
4.7990165,-71.67291,PubChem candidate
-37.595272,106.90175,PubChem candidate
-77.816025,-60.34305,PubChem candidate
-55.76757,71.03117,PubChem candidate
-35.033024,63.69851,PubChem candidate
-33.882298,-17.32201,PubChem candidate
-14.821747,107.21259,PubChem candidate
-58.40302,-0.64667636,PubChem candidate
50.404274,-82.89562,PubChem candidate
20.925255,-2.5521967,PubChem candidate
-53.50038,-28.64632,PubChem candidate
2.4454732,-72.17747,PubChem candidate
-29.864172,45.37547,PubChem candidate
-43.83466,-66.590805,PubChem candidate
6.925287,-13.922483,PubChem candidate
-16.680796,4.564805,PubChem candidate
0.8744055,2.0713117,PubChem candidate
-15.846152,116.694954,PubChem candidate
64.639496,88.831726,PubChem candidate
-31.662018,-90.24637,PubChem candidate
113.161865,-13.907185,PubChem candidate
0.9367833,108.315636,PubChem candidate
-54.30086,41.442997,PubChem candidate
-92.62837,7.3961644,PubChem candidate
-21.726536,40.351357,PubChem candidate
74.0886,45.338192,PubChem candidate
-129.58594,-10.124851,PubChem candidate
-37.445206,-75.82987,PubChem candidate
81.62943,37.208336,PubChem candidate
41.151245,-92.58856,PubChem candidate
31.676233,77.75162,PubChem candidate
8.622446,101.311745,PubChem candidate
-39.792187,66.15002,PubChem candidate
-132.21042,-2.2550552,PubChem candidate
108.44276,-31.03439,PubChem candidate
-18.061972,96.31052,PubChem candidate
2.610232,-2.133241,PubChem candidate
34.151905,26.313099,PubChem candidate
116.04669,-21.014648,PubChem candidate
57.85098,91.84936,PubChem candidate
-9.068776,74.47163,PubChem candidate
4.410706,-12.117702,PubChem candidate
-104.729836,-13.186314,PubChem candidate
0.57632387,-107.57584,PubChem candidate
115.28375,-13.309898,PubChem candidate
-45.61161,-81.514824,PubChem candidate
43.728752,-92.40993,PubChem candidate
41.988087,104.19983,PubChem candidate
-45.02063,72.15043,PubChem candidate
-17.488935,114.32828,PubChem candidate
-69.28336,-48.322,PubChem candidate
23.856262,26.505623,PubChem candidate
74.36548,50.208405,PubChem candidate
-5.3014355,-93.10565,PubChem candidate
31.843685,-42.036655,PubChem candidate
-14.415892,15.789681,PubChem candidate
-79.22442,50.78171,PubChem candidate
0.36553097,81.27918,PubChem candidate
35.88185,89.969406,PubChem candidate
-100.062584,17.792463,PubChem candidate
-18.436178,51.150677,PubChem candidate
11.850042,109.26605,PubChem candidate
-42.47287,37.088623,PubChem candidate
-95.88909,4.718704,PubChem candidate
-0.39372867,83.23788,PubChem candidate
39.441853,75.52633,PubChem candidate
112.305565,-19.235216,PubChem candidate
92.524765,-16.597897,PubChem candidate
-77.441376,-0.25119466,PubChem candidate
-41.151867,-77.03964,PubChem candidate
-35.976784,32.770973,PubChem candidate
1.606258,-110.88328,PubChem candidate
48.007572,79.221344,PubChem candidate
-1.6991866,12.406477,PubChem candidate
-25.635208,-97.276146,PubChem candidate
14.18011,-67.79404,PubChem candidate
-57.25742,71.853355,PubChem candidate
-43.120968,-18.642416,PubChem candidate
39.392193,85.46895,PubChem candidate
-48.944523,-66.76076,PubChem candidate
41.492023,-60.07792,PubChem candidate
70.61574,3.4101927,PubChem candidate
5.554876,15.158603,PubChem candidate
-106.91941,22.62358,PubChem candidate
-78.652306,50.608704,PubChem candidate
93.158134,28.427908,PubChem candidate
32.521782,80.4297,PubChem candidate
-55.25735,69.32678,PubChem candidate
27.063393,-34.63758,PubChem candidate
-8.9390955,-18.949049,PubChem candidate
28.890154,28.414371,PubChem candidate
-92.238846,-40.504856,PubChem candidate
-56.71902,39.388313,PubChem candidate
44.04554,-81.0912,PubChem candidate
75.732666,-2.315976,PubChem candidate
-27.67288,-97.86035,PubChem candidate
100.647896,4.5844307,PubChem candidate
-78.652306,50.608704,PubChem candidate
56.85703,26.920855,PubChem candidate
49.035767,42.52813,PubChem candidate
38.631496,13.336412,PubChem candidate
-79.5714,50.421963,PubChem candidate
36.26249,-31.072613,PubChem candidate
7.488397,18.988068,PubChem candidate
11.9549675,67.06944,PubChem candidate
2.388418,5.104436,PubChem candidate
-15.66036,120.44808,PubChem candidate
-34.561226,40.459095,PubChem candidate
17.146334,-1.321921,PubChem candidate
-0.45218295,82.778244,PubChem candidate
-14.919404,-20.76254,PubChem candidate
-49.200237,-82.58395,PubChem candidate
-79.61229,50.3678,PubChem candidate
-13.933411,82.321884,PubChem candidate
-29.467352,54.76723,PubChem candidate
-26.822859,-12.062454,PubChem candidate
-55.645565,69.34442,PubChem candidate
103.936676,2.5957701,PubChem candidate
-45.216267,-16.733116,PubChem candidate
48.872093,97.06435,PubChem candidate
-26.04092,72.47188,PubChem candidate
3.515797,15.582494,PubChem candidate
75.63313,-2.3448508,PubChem candidate
68.81004,24.76107,PubChem candidate
-2.1494117,109.89201,PubChem candidate
37.70054,105.990524,PubChem candidate
-23.270094,114.76736,PubChem candidate
-52.984566,33.59638,PubChem candidate
97.48359,-42.885914,PubChem candidate
-16.006174,51.551907,PubChem candidate
70.973206,5.727714,PubChem candidate
-33.091743,68.32412,PubChem candidate
47.71324,42.414562,PubChem candidate
9.245107,-54.438522,PubChem candidate
-78.676445,-10.783594,PubChem candidate
-17.851704,-28.35794,PubChem candidate
-11.831124,-105.43734,PubChem candidate
21.942837,5.8136835,PubChem candidate
-8.874335,-103.66542,PubChem candidate
-79.01291,50.213875,PubChem candidate
-38.82716,-27.852285,PubChem candidate
-97.28854,19.848627,PubChem candidate
60.842613,-72.20034,PubChem candidate
-67.15511,9.154113,PubChem candidate
53.136353,-12.561498,PubChem candidate
-35.749443,42.593964,PubChem candidate
-43.03776,-67.883095,PubChem candidate
-58.671173,-43.941967,PubChem candidate
116.14654,-24.332052,PubChem candidate
-33.31136,-93.10313,PubChem candidate
9.957936,98.836945,PubChem candidate
-6.0398154,45.8243,PubChem candidate
-12.444389,-39.47729,PubChem candidate
61.565655,-54.398563,PubChem candidate
-42.709164,-80.23854,PubChem candidate
-97.43262,3.8212578,PubChem candidate
-126.02606,0.9078678,PubChem candidate
-41.0633,-11.15245,PubChem candidate
-1.4409019,83.181175,PubChem candidate
39.845703,91.31003,PubChem candidate
-1.0098851,18.87337,PubChem candidate
65.00577,-15.566888,PubChem candidate
-110.433846,-1.3676424,PubChem candidate
-80.02595,50.070118,PubChem candidate
67.35225,-69.68753,PubChem candidate
67.929085,-59.040848,PubChem candidate
-95.47791,28.028532,PubChem candidate
-28.840267,54.870014,PubChem candidate
68.68087,28.270926,PubChem candidate
7.6940055,100.97658,PubChem candidate
-43.15648,68.51432,PubChem candidate
40.495903,85.19032,PubChem candidate
-9.908168,-2.3671422,PubChem candidate
72.64646,52.135883,PubChem candidate
-17.376863,71.428825,PubChem candidate
-29.215445,54.838474,PubChem candidate
87.17492,58.088715,PubChem candidate
109.33609,-28.022896,PubChem candidate
43.970623,-85.23479,PubChem candidate
-98.01579,-32.988785,PubChem candidate
43.55224,28.168797,PubChem candidate
1.7673293,-112.20958,PubChem candidate
-65.17522,-60.086433,PubChem candidate
-19.033283,51.346134,PubChem candidate
66.73711,-64.01606,PubChem candidate
-58.11174,-46.05762,PubChem candidate
-63.958847,15.190173,PubChem candidate
-120.416756,-8.152558,PubChem candidate
-27.872574,71.5949,PubChem candidate
12.042804,66.19319,PubChem candidate
-15.5961685,-18.90266,PubChem candidate
12.035239,-109.43227,PubChem candidate
-80.02595,50.070118,PubChem candidate
-33.617535,-37.462654,PubChem candidate
25.364933,-55.99928,PubChem candidate
-29.491547,24.816097,PubChem candidate
46.573853,75.84974,PubChem candidate
-0.801826,9.445936,PubChem candidate
-100.71571,16.490381,PubChem candidate
-9.343324,108.182785,PubChem candidate
62.444057,-78.727135,PubChem candidate
-9.183137,-22.955708,PubChem candidate
-33.437954,-96.07536,PubChem candidate
-14.90023,108.900856,PubChem candidate
86.93826,58.01624,PubChem candidate
-24.137087,-7.0971923,PubChem candidate
-79.18833,50.069496,PubChem candidate
2.1417322,-2.2933521,PubChem candidate
24.2242,34.832275,PubChem candidate
-56.465755,63.88021,PubChem candidate
20.87743,-64.106026,PubChem candidate
-56.96449,65.779785,PubChem candidate
54.79562,-25.016123,PubChem candidate
26.934359,30.765968,PubChem candidate
-15.785368,84.96362,PubChem candidate
-97.98227,10.244008,PubChem candidate
-1.6475445,18.865551,PubChem candidate
54.844284,-83.711235,PubChem candidate
61.652496,14.087854,PubChem candidate
15.740998,-4.947174,PubChem candidate
6.4488378,-69.094696,PubChem candidate
10.483215,-110.23123,PubChem candidate
-13.158042,-37.55364,PubChem candidate
36.196484,74.68463,PubChem candidate
-57.992836,-54.17094,PubChem candidate
-14.038155,81.53299,PubChem candidate
32.197742,35.067844,PubChem candidate
-13.53359,106.74836,PubChem candidate
112.579895,-24.387472,PubChem candidate
-58.894787,65.43841,PubChem candidate
55.95816,-20.909054,PubChem candidate
-22.830181,-51.623802,PubChem candidate
96.85329,-42.099285,PubChem candidate
82.49961,49.003258,PubChem candidate
-78.06173,-60.061234,PubChem candidate
8.984153,-54.04857,PubChem candidate
-41.77118,41.877655,PubChem candidate
-37.65135,-44.686966,PubChem candidate
-40.60906,70.78357,PubChem candidate
-37.163303,68.56365,PubChem candidate
12.651427,64.09434,PubChem candidate
34.9576,34.73555,PubChem candidate
53.022083,-19.03161,PubChem candidate
-75.21852,-55.281624,PubChem candidate
-79.55476,49.952282,PubChem candidate
-26.98337,71.965805,PubChem candidate
-28.209152,54.27683,PubChem candidate
19.962019,-2.3984761,PubChem candidate
-13.3623,0.50139874,PubChem candidate
-23.352543,71.41654,PubChem candidate
-49.957302,-79.61018,PubChem candidate
-94.90595,10.525991,PubChem candidate
-28.738697,54.95217,PubChem candidate
49.9696,-6.4985056,PubChem candidate
39.99043,15.075155,PubChem candidate
30.048346,38.218647,PubChem candidate
115.52521,-7.968253,PubChem candidate
-16.477903,-32.69148,PubChem candidate
54.09519,-0.5929178,PubChem candidate
-8.881061,-18.57628,PubChem candidate
74.45621,52.865208,PubChem candidate
5.8313127,-72.26791,PubChem candidate
-3.7445445,9.316701,PubChem candidate
-76.58673,-57.459633,PubChem candidate
74.101364,45.804886,PubChem candidate
-42.07635,-10.567793,PubChem candidate
87.426834,51.504333,PubChem candidate
54.32748,-84.06598,PubChem candidate
97.14756,20.04135,PubChem candidate
88.210014,58.467037,PubChem candidate
-11.415289,4.998062,PubChem candidate
-11.891517,107.185814,PubChem candidate
-30.5757,67.54706,PubChem candidate
61.180294,-49.39444,PubChem candidate
41.17502,102.803825,PubChem candidate
16.238594,-104.37608,PubChem candidate
-74.33892,-55.99825,PubChem candidate
-49.398243,-28.55839,PubChem candidate
-56.059666,-62.54037,PubChem candidate
-16.929508,-10.580663,PubChem candidate
-13.71803,0.3354134,PubChem candidate
-76.66293,-61.853916,PubChem candidate
84.25433,54.40493,PubChem candidate
-10.4704685,-27.983225,PubChem candidate
13.339703,64.26268,PubChem candidate
14.700776,-50.730576,PubChem candidate
-3.9726176,18.410286,PubChem candidate
5.0599923,24.60205,PubChem candidate
37.24718,79.75161,PubChem candidate
-70.70919,-8.694105,PubChem candidate
49.33749,-10.757626,PubChem candidate
-18.0759,55.526524,PubChem candidate
36.385967,-31.24292,PubChem candidate
-13.950052,-103.59283,PubChem candidate
-6.1955605,-10.439388,PubChem candidate
1.6895119,-63.54044,PubChem candidate
-70.61104,-8.341886,PubChem candidate
49.15855,-86.309875,PubChem candidate
-30.547451,-25.693651,PubChem candidate
-36.75544,-96.44974,PubChem candidate
-13.279401,-34.695103,PubChem candidate
62.835323,-50.977123,PubChem candidate
-37.90437,39.087204,PubChem candidate
-20.334871,-25.340548,PubChem candidate
-57.489296,-46.010864,PubChem candidate
-80.37669,50.147522,PubChem candidate
-45.69047,84.694466,PubChem candidate
-50.515064,41.490265,PubChem candidate
67.26841,11.795717,PubChem candidate
0.40570056,85.341896,PubChem candidate
-60.150066,8.932041,PubChem candidate
-19.681627,-37.92637,PubChem candidate
-105.09256,-25.024593,PubChem candidate
-100.07085,26.857887,PubChem candidate
94.18433,20.201462,PubChem candidate
25.66507,-33.31724,PubChem candidate
-40.17236,-30.368795,PubChem candidate
-20.833385,-20.002295,PubChem candidate
-16.66368,74.848015,PubChem candidate
-17.431465,74.40464,PubChem candidate
1.3203119,-103.9685,PubChem candidate
-10.357004,2.8355012,PubChem candidate
39.794956,91.37563,PubChem candidate
-97.84118,9.333386,PubChem candidate
4.2276483,-56.742184,PubChem candidate
70.76035,-83.33096,PubChem candidate
61.235973,2.987545,PubChem candidate
-38.273556,71.14047,PubChem candidate
2.39804,22.800268,PubChem candidate
-122.90724,-8.891532,PubChem candidate
-95.05569,1.5375619,PubChem candidate
-15.703553,84.876076,PubChem candidate
-51.927017,-54.60857,PubChem candidate
-3.3764765,97.1388,PubChem candidate
-10.65247,-30.049114,PubChem candidate
29.538599,32.989864,PubChem candidate
94.21492,-12.20395,PubChem candidate
-93.8031,-30.351208,PubChem candidate
-63.793617,3.0654223,PubChem candidate
106.17664,-39.27405,PubChem candidate
-104.97236,-24.898886,PubChem candidate
-19.58729,-38.552155,PubChem candidate
93.41988,-39.318756,PubChem candidate
-101.524666,22.4748,PubChem candidate
59.74147,31.862598,PubChem candidate
-107.91348,-9.654385,PubChem candidate
23.889687,2.9319243,PubChem candidate
6.0297704,-57.88054,PubChem candidate
11.806441,23.658928,PubChem candidate
-71.9986,-9.926494,PubChem candidate
-52.160965,71.41072,PubChem candidate
-51.699554,-18.965178,PubChem candidate
41.361767,-94.46674,PubChem candidate
67.82132,-68.90655,PubChem candidate
-15.434838,-52.74756,PubChem candidate
99.29498,33.71378,PubChem candidate
-46.04069,-30.64251,PubChem candidate
30.815619,31.624374,PubChem candidate
58.341484,-6.4861283,PubChem candidate
103.44263,35.57682,PubChem candidate
61.690174,-75.02698,PubChem candidate
72.094574,-42.363937,PubChem candidate
36.515194,35.87887,PubChem candidate
-75.46023,16.184118,PubChem candidate
-11.478493,44.071606,PubChem candidate
-29.710325,-14.493412,PubChem candidate
-50.401314,33.783203,PubChem candidate
-71.13615,-9.10495,PubChem candidate
-63.22438,-59.203575,PubChem candidate
-48.931377,-82.290924,PubChem candidate
-119.061554,-9.183698,PubChem candidate
50.112617,-14.5050535,PubChem candidate
9.915469,-53.338905,PubChem candidate
-131.31627,-2.2511625,PubChem candidate
6.139406,25.330206,PubChem candidate
8.067863,-5.929567,PubChem candidate
75.95425,8.450383,PubChem candidate
-101.32916,-34.072346,PubChem candidate
-18.07695,56.316677,PubChem candidate
-12.638875,44.091064,PubChem candidate
21.533415,-32.05753,PubChem candidate
67.75255,2.0174644,PubChem candidate
73.04426,-38.512844,PubChem candidate
-24.19478,41.95875,PubChem candidate
0.23365709,-59.66101,PubChem candidate
-94.33251,23.32731,PubChem candidate
-106.50919,-24.636734,PubChem candidate
50.27453,-40.859642,PubChem candidate
-32.329086,44.01952,PubChem candidate
45.138336,-47.932114,PubChem candidate
94.10014,-22.616972,PubChem candidate
82.86894,49.26342,PubChem candidate
76.56099,10.5278845,PubChem candidate
63.89337,7.48704,PubChem candidate
3.9859722,-55.852634,PubChem candidate
-0.51451445,20.33634,PubChem candidate
-10.947299,78.24666,PubChem candidate
83.93405,54.843212,PubChem candidate
58.645435,28.348593,PubChem candidate
105.277,36.4899,PubChem candidate
-4.117821,-108.3735,PubChem candidate
-2.1210527,6.910709,PubChem candidate
110.89917,-34.25753,PubChem candidate
62.126846,-73.74581,PubChem candidate
39.85882,14.779641,PubChem candidate
5.259466,-48.13926,PubChem candidate
-39.794594,-14.58031,PubChem candidate
47.391083,-8.721438,PubChem candidate
63.968243,-55.778797,PubChem candidate
-102.99152,23.93555,PubChem candidate
61.386738,-46.162727,PubChem candidate
-13.861538,43.910954,PubChem candidate
112.1045,-2.7455053,PubChem candidate
73.19931,30.334858,PubChem candidate
39.994232,-92.71751,PubChem candidate
48.80844,-39.357704,PubChem candidate
-29.492428,-7.082002,PubChem candidate
-74.05516,-54.503414,PubChem candidate
12.562724,-6.3011775,PubChem candidate
8.246211,-69.34043,PubChem candidate
-50.861057,-74.17996,PubChem candidate
-26.01502,-96.93549,PubChem candidate
0.77684665,-58.536217,PubChem candidate
43.745396,-55.729126,PubChem candidate
111.88194,-2.5392427,PubChem candidate
-43.81199,70.39088,PubChem candidate
113.10257,-22.554651,PubChem candidate
111.85161,-10.243447,PubChem candidate
-110.359985,-28.749485,PubChem candidate
-19.533533,-42.540016,PubChem candidate
106.82904,-7.5147424,PubChem candidate
100.022415,-37.70139,PubChem candidate
-70.46616,-4.36574,PubChem candidate
-41.519924,36.359173,PubChem candidate
53.872173,-25.49362,PubChem candidate
109.39728,23.663086,PubChem candidate
77.89998,55.28189,PubChem candidate
111.25172,-28.140038,PubChem candidate
0.42418,-60.694454,PubChem candidate
109.18611,-36.097954,PubChem candidate
-92.801674,4.0936227,PubChem candidate
-97.28967,-40.25499,PubChem candidate
61.471245,3.6530344,PubChem candidate
20.3523,0.5336032,PubChem candidate
-20.76293,-21.707539,PubChem candidate
-0.9290089,10.5744705,PubChem candidate
32.35498,40.936752,PubChem candidate
-113.51509,-30.758795,PubChem candidate
-130.69963,-10.865346,PubChem candidate
62.414333,25.818325,PubChem candidate
-54.01406,-53.653748,PubChem candidate
-96.45568,5.093662,PubChem candidate
86.954414,58.085613,PubChem candidate
-38.011456,68.92232,PubChem candidate
-41.53191,70.252144,PubChem candidate
-68.157486,-55.584118,PubChem candidate
62.219967,-50.83858,PubChem candidate
74.84422,10.03072,PubChem candidate
-19.46809,42.2416,PubChem candidate
-89.49344,-19.304108,PubChem candidate
-52.508064,-36.582695,PubChem candidate
35.454887,14.097943,PubChem candidate
100.32675,-40.038586,PubChem candidate
14.638197,-5.9539337,PubChem candidate
-123.25446,-9.292915,PubChem candidate
90.89392,-22.650932,PubChem candidate
-1.3490596,82.78803,PubChem candidate
-70.44635,12.932276,PubChem candidate
53.663902,-82.05422,PubChem candidate
-60.90425,9.292324,PubChem candidate
-110.86372,-4.8450837,PubChem candidate
-22.939066,115.18731,PubChem candidate
96.50098,20.691214,PubChem candidate
-22.548939,35.024925,PubChem candidate
90.973885,-23.30688,PubChem candidate
-31.02675,106.79141,PubChem candidate
81.09969,37.468586,PubChem candidate
90.05638,-29.314308,PubChem candidate
71.49883,-42.853497,PubChem candidate
109.30425,-6.1553435,PubChem candidate
7.858079,-68.02652,PubChem candidate
61.739315,-71.999954,PubChem candidate
-121.231026,-7.1738224,PubChem candidate
-12.326725,80.09094,PubChem candidate
40.474113,-58.874985,PubChem candidate
66.85402,-12.983817,PubChem candidate
41.40695,-66.16825,PubChem candidate
-9.840615,40.175644,PubChem candidate
117.66654,-10.016676,PubChem candidate
-123.25823,-8.533987,PubChem candidate
6.184699,-7.56936,PubChem candidate
54.458935,-85.08697,PubChem candidate
-124.96995,-0.0054905387,PubChem candidate
-33.111126,43.90762,PubChem candidate
-27.359919,96.795135,PubChem candidate
109.6613,-4.159257,PubChem candidate
-76.41363,6.179854,PubChem candidate
-8.681661,-32.945114,PubChem candidate
6.9603424,-50.4709,PubChem candidate
69.11749,-9.861243,PubChem candidate
95.92395,-43.01389,PubChem candidate
95.38599,-10.4930105,PubChem candidate
32.288734,8.058779,PubChem candidate
109.81098,-30.14052,PubChem candidate
-108.91548,9.865301,PubChem candidate
-130.69873,-10.5679655,PubChem candidate
-15.479086,51.627213,PubChem candidate
3.4419796,-13.579123,PubChem candidate
6.3653417,-60.41434,PubChem candidate
58.860153,-46.822075,PubChem candidate
-35.646843,-19.009016,PubChem candidate
-68.84908,16.471252,PubChem candidate
108.553856,-28.254978,PubChem candidate
94.95183,20.999426,PubChem candidate
-17.987476,56.701916,PubChem candidate
59.422195,-79.70502,PubChem candidate
-3.4844723,47.159954,PubChem candidate
63.27579,-17.979462,PubChem candidate
-67.0527,-55.72529,PubChem candidate
110.67283,-3.5789165,PubChem candidate
26.733505,-31.868526,PubChem candidate
-88.34878,-20.524862,PubChem candidate
52.872738,-7.722979,PubChem candidate
80.22489,46.818363,PubChem candidate
-69.48191,-51.089382,PubChem candidate
70.4104,11.599322,PubChem candidate
27.250786,-29.288687,PubChem candidate
-52.023502,67.29761,PubChem candidate
63.683937,-55.653194,PubChem candidate
45.71324,-46.757896,PubChem candidate
13.209213,16.997574,PubChem candidate
-33.24466,72.263695,PubChem candidate
51.920357,-17.975302,PubChem candidate
-23.25492,-14.077503,PubChem candidate
-1.5682545,18.40701,PubChem candidate
33.253822,-39.422543,PubChem candidate
112.5691,-26.999636,PubChem candidate
70.381004,25.85979,PubChem candidate
95.44419,-12.17985,PubChem candidate
94.18988,-16.11839,PubChem candidate
115.32595,-25.452454,PubChem candidate
-49.943142,-75.191895,PubChem candidate
11.722499,-44.225845,PubChem candidate
7.624298,-103.748,PubChem candidate
-16.153275,-98.97523,PubChem candidate
114.9275,-26.868378,PubChem candidate
56.538464,26.380383,PubChem candidate
25.214878,-58.37847,PubChem candidate
109.421906,23.905695,PubChem candidate
-133.8731,-5.579629,PubChem candidate
106.27035,23.700294,PubChem candidate
44.739834,-92.77075,PubChem candidate
12.275213,-7.7420297,PubChem candidate
61.528107,-49.137695,PubChem candidate
-63.478573,2.0315337,PubChem candidate
65.8829,-72.67559,PubChem candidate
93.26209,-42.588165,PubChem candidate
3.1311991,15.703628,PubChem candidate
69.39922,-10.430403,PubChem candidate
76.60503,-0.059475094,PubChem candidate
-116.62352,-28.317558,PubChem candidate
57.974056,26.633118,PubChem candidate
9.662885,-48.84429,PubChem candidate
-23.924452,73.19602,PubChem candidate
44.808075,-84.55312,PubChem candidate
-57.704212,10.142153,PubChem candidate
6.5741725,-59.466698,PubChem candidate
55.531815,-78.64908,PubChem candidate
-135.00119,-7.096245,PubChem candidate
95.783905,-42.900856,PubChem candidate
32.835117,-40.284756,PubChem candidate
92.14471,-40.661167,PubChem candidate
51.32362,-9.510584,PubChem candidate
-29.181656,-34.025448,PubChem candidate
13.831069,-58.597176,PubChem candidate
5.7069516,6.74074,PubChem candidate
-43.429787,-38.431313,PubChem candidate
24.30877,-58.04998,PubChem candidate
36.384613,-31.888254,PubChem candidate
-90.715996,-0.6643702,PubChem candidate
-60.001934,10.394494,PubChem candidate
112.649315,-27.632423,PubChem candidate
113.94649,-13.29958,PubChem candidate
56.59229,-50.509174,PubChem candidate
22.536264,-64.52251,PubChem candidate
-94.97287,9.714815,PubChem candidate
108.152534,-29.135452,PubChem candidate
-17.423845,-100.100525,PubChem candidate
-111.90825,-0.8589971,PubChem candidate
-31.689878,-94.67723,PubChem candidate
40.49323,-59.742058,PubChem candidate
19.296326,0.07703979,PubChem candidate
29.418695,-31.179234,PubChem candidate
52.989407,-80.71404,PubChem candidate
67.82792,-61.614925,PubChem candidate
-50.512066,39.771603,PubChem candidate
88.10268,53.405518,PubChem candidate
-42.87333,-26.005436,PubChem candidate
95.35087,-7.7870197,PubChem candidate
43.241375,-89.98043,PubChem candidate
43.650356,-65.93216,PubChem candidate
82.7986,52.891346,PubChem candidate
100.182625,-37.119644,PubChem candidate
12.495044,7.649816,PubChem candidate
68.599365,28.052542,PubChem candidate
40.88303,-92.90007,PubChem candidate
96.2049,-7.284197,PubChem candidate
66.756966,-11.91595,PubChem candidate
-34.31316,-23.973223,PubChem candidate
20.25409,40.1713,PubChem candidate
-51.30466,-56.10255,PubChem candidate
-62.83287,6.0956798,PubChem candidate
-101.31327,15.255376,PubChem candidate
-30.8683,-24.41021,PubChem candidate
80.066246,37.660965,PubChem candidate
28.32654,-30.704735,PubChem candidate
52.10072,-12.764645,PubChem candidate
55.673046,-81.75802,PubChem candidate
6.2748895,-49.750195,PubChem candidate
93.87536,29.799288,PubChem candidate
-119.03207,-8.825653,PubChem candidate
45.415775,28.42431,PubChem candidate
96.69966,23.746824,PubChem candidate
3.18273,16.241306,PubChem candidate
93.66598,-30.305357,PubChem candidate
-79.50212,-6.6525593,PubChem candidate
58.486675,-82.40654,PubChem candidate
65.23968,-0.654077,PubChem candidate
0.40041575,-60.608044,PubChem candidate
46.51056,-86.17876,PubChem candidate
50.153927,-85.722,PubChem candidate
-20.402632,43.636047,PubChem candidate
66.97089,7.860229,PubChem candidate
38.093452,-75.804596,PubChem candidate
72.826614,49.630043,PubChem candidate
-24.949297,42.097115,PubChem candidate
-110.51116,-28.76227,PubChem candidate
97.69665,-40.49418,PubChem candidate
56.668808,-43.773094,PubChem candidate
72.32462,-43.197052,PubChem candidate
-16.917646,3.1894574,PubChem candidate
67.22584,-13.329936,PubChem candidate
94.29661,-21.464796,PubChem candidate
-41.737827,21.823723,PubChem candidate
114.126595,-23.662077,PubChem candidate
108.55263,-38.92129,PubChem candidate
-11.122601,0.5362417,PubChem candidate
35.538105,13.408843,PubChem candidate
-14.687155,97.99637,PubChem candidate
13.530953,-43.572395,PubChem candidate
-45.12916,-18.903399,PubChem candidate
76.37058,11.065271,PubChem candidate
-15.972047,-22.143194,PubChem candidate
-124.349884,-2.6024725,PubChem candidate
-125.523796,-3.690678,PubChem candidate
-23.773603,-27.17642,PubChem candidate
59.05446,26.484596,PubChem candidate
-113.53637,-25.387589,PubChem candidate
-0.65729785,-63.80159,PubChem candidate
70.74831,23.71801,PubChem candidate
57.885742,-81.56958,PubChem candidate
22.000446,0.86437035,PubChem candidate
40.80777,29.775906,PubChem candidate
94.673256,25.600866,PubChem candidate
-15.332239,72.634,PubChem candidate
61.897434,-81.63938,PubChem candidate
-8.981508,-20.396498,PubChem candidate
-12.067343,2.4173594,PubChem candidate
72.07842,-42.337257,PubChem candidate
-37.3125,-74.615395,PubChem candidate
105.28491,-1.4699308,PubChem candidate
32.935444,8.762143,PubChem candidate
60.813316,25.804462,PubChem candidate
-124.81195,2.2198243,PubChem candidate
98.563644,-41.87576,PubChem candidate
20.49952,39.848564,PubChem candidate
-37.48395,-10.16743,PubChem candidate
97.37412,21.256418,PubChem candidate
49.849003,-12.645411,PubChem candidate
-116.56961,-28.333553,PubChem candidate
50.52673,-81.985146,PubChem candidate
60.354973,31.47362,PubChem candidate
-57.959106,37.371136,PubChem candidate
52.038994,-88.0005,PubChem candidate
115.237274,-14.333517,PubChem candidate
-1.0079825,-64.986465,PubChem candidate
102.31827,3.7231245,PubChem candidate
6.8477583,-61.121754,PubChem candidate
97.657524,-6.0536647,PubChem candidate
-13.315663,68.33585,PubChem candidate
-0.03739016,8.032195,PubChem candidate
-18.20268,-14.7498455,PubChem candidate
-25.946926,-53.486134,PubChem candidate
95.39587,32.52689,PubChem candidate
87.39106,25.084694,PubChem candidate
12.115176,13.991058,PubChem candidate
109.32574,-35.94287,PubChem candidate
-31.396214,-91.81568,PubChem candidate
55.78788,-83.4366,PubChem candidate
60.74899,-67.85568,PubChem candidate
-117.66877,-26.930742,PubChem candidate
-49.339622,-38.001606,PubChem candidate
82.06067,48.69571,PubChem candidate
-66.196625,16.581276,PubChem candidate
55.11145,-71.91862,PubChem candidate
-4.620403,23.8119,PubChem candidate
113.33385,-32.02244,PubChem candidate
1.5149764,-63.97677,PubChem candidate
94.66926,-21.348778,PubChem candidate
-134.50778,-6.4103255,PubChem candidate
104.750786,23.64343,PubChem candidate
-32.454563,-43.830177,PubChem candidate
62.079933,-82.556854,PubChem candidate
62.642963,-74.67195,PubChem candidate
31.932184,7.536733,PubChem candidate
52.524162,-5.8414135,PubChem candidate
-24.812805,84.1921,PubChem candidate
84.314285,55.81803,PubChem candidate
-14.519717,-32.959682,PubChem candidate
24.997839,-29.050251,PubChem candidate
-66.45174,-0.6060332,PubChem candidate
58.230495,-81.967064,PubChem candidate
-9.571103,8.282032,PubChem candidate
110.45294,23.927444,PubChem candidate
117.34232,-13.224746,PubChem candidate
23.98051,25.384706,PubChem candidate
26.726114,-33.325657,PubChem candidate
56.854546,-44.801453,PubChem candidate
-38.52979,-28.92512,PubChem candidate
6.5387883,-46.03143,PubChem candidate
-64.57378,-46.48424,PubChem candidate
62.44364,-80.51118,PubChem candidate
-22.971539,71.16823,PubChem candidate
22.324226,-66.48935,PubChem candidate
-36.22498,-73.84362,PubChem candidate
4.729248,-3.2752228,PubChem candidate
-30.431051,71.52528,PubChem candidate
-26.26197,-22.823061,PubChem candidate
-11.300121,-3.0677388,PubChem candidate
-70.780815,12.2646475,PubChem candidate
-38.46271,24.005033,PubChem candidate
66.9892,2.050598,PubChem candidate
111.58399,29.871094,PubChem candidate
-60.666206,9.352142,PubChem candidate
64.06294,-56.77187,PubChem candidate
39.022106,-91.750275,PubChem candidate
24.89233,-36.155617,PubChem candidate
-77.98206,-3.261565,PubChem candidate
62.512115,-56.79064,PubChem candidate
-47.396374,82.19325,PubChem candidate
39.55113,27.914547,PubChem candidate
-64.21989,-57.659603,PubChem candidate
65.281296,-15.129061,PubChem candidate
-3.2585971,47.270092,PubChem candidate
70.35765,3.245566,PubChem candidate
-11.828883,79.743256,PubChem candidate
77.1261,36.360424,PubChem candidate
-11.001083,44.63599,PubChem candidate
64.81518,-16.82332,PubChem candidate
-52.143814,33.437946,PubChem candidate
62.030098,-81.27824,PubChem candidate
-23.381737,-102.66894,PubChem candidate
41.286797,-67.84275,PubChem candidate
56.40194,-5.536631,PubChem candidate
-30.182928,-46.881596,PubChem candidate
108.8197,-31.989273,PubChem candidate
108.07964,-38.64829,PubChem candidate
104.939064,-23.57949,PubChem candidate
108.87455,-4.695423,PubChem candidate
108.87955,22.639301,PubChem candidate
-109.98763,-30.6924,PubChem candidate
8.522209,7.196098,PubChem candidate
-7.92066,23.364193,PubChem candidate
98.8195,33.490833,PubChem candidate
-42.31862,38.0256,PubChem candidate
117.12868,-28.911957,PubChem candidate
-124.97232,1.0660539,PubChem candidate
9.59379,-49.613956,PubChem candidate
114.73733,-27.338484,PubChem candidate
39.9485,14.941061,PubChem candidate
59.676723,24.682617,PubChem candidate
-117.000916,-28.328224,PubChem candidate
49.388657,-86.98976,PubChem candidate
-24.568726,92.15552,PubChem candidate
92.84016,30.687857,PubChem candidate
56.972187,-19.621595,PubChem candidate
75.84309,11.424168,PubChem candidate
-102.9994,23.898306,PubChem candidate
7.439421,-103.002884,PubChem candidate
-89.77486,20.226505,PubChem candidate
-49.933125,-32.310562,PubChem candidate
95.0662,-16.470959,PubChem candidate
-129.00276,1.0353013,PubChem candidate
101.688286,-17.736685,PubChem candidate
-35.36818,43.011017,PubChem candidate
-132.62958,-10.016882,PubChem candidate
-51.228645,-75.872375,PubChem candidate
59.24553,-51.98538,PubChem candidate
-29.923674,-12.975166,PubChem candidate
-23.003054,-51.760647,PubChem candidate
63.40126,-77.030685,PubChem candidate
51.665726,-12.254832,PubChem candidate
-8.268089,-6.584928,PubChem candidate
-20.366112,-37.07044,PubChem candidate
-52.040092,-82.298515,PubChem candidate
-24.844706,-41.13159,PubChem candidate
-93.892044,28.32968,PubChem candidate
104.28513,36.08581,PubChem candidate
55.52059,27.749853,PubChem candidate
40.992805,-89.41236,PubChem candidate
-58.46163,-54.573856,PubChem candidate
76.8772,-0.6818014,PubChem candidate
53.738235,-72.64249,PubChem candidate
-95.112366,2.008349,PubChem candidate
44.02314,-67.038506,PubChem candidate
-71.660446,4.3915243,PubChem candidate
65.3754,-66.70329,PubChem candidate
-29.365005,-84.79167,PubChem candidate
64.97571,-12.679894,PubChem candidate
-67.180275,0.39276502,PubChem candidate
110.72107,-4.977478,PubChem candidate
-8.637435,39.82831,PubChem candidate
45.98243,-82.40807,PubChem candidate
74.331474,-39.924904,PubChem candidate
-8.22514,-32.205307,PubChem candidate
48.663677,-5.7727523,PubChem candidate
-54.03311,33.640167,PubChem candidate
-15.204651,-4.424285,PubChem candidate
-96.96328,26.514612,PubChem candidate
-0.5197884,-65.84537,PubChem candidate
52.814323,-87.822876,PubChem candidate
58.509438,2.8922,PubChem candidate
9.959021,99.77536,PubChem candidate
-36.542213,-72.387344,PubChem candidate
-6.4600887,0.6092292,PubChem candidate
-52.07663,78.06323,PubChem candidate
-93.05459,3.3962216,PubChem candidate
-113.66534,-31.45126,PubChem candidate
-29.20993,-24.08111,PubChem candidate
91.005714,-23.389927,PubChem candidate
41.29316,-88.902435,PubChem candidate
25.04309,-53.435177,PubChem candidate
-16.637297,44.308613,PubChem candidate
94.56155,-19.722569,PubChem candidate
43.845993,-87.726585,PubChem candidate
-33.618607,99.24328,PubChem candidate
6.124407,-2.936547,PubChem candidate
57.773487,-6.562716,PubChem candidate
66.51016,11.625467,PubChem candidate
43.89502,-90.31524,PubChem candidate
65.623344,-14.586109,PubChem candidate
-34.118324,22.409986,PubChem candidate
78.419846,38.470222,PubChem candidate
112.24368,-26.33735,PubChem candidate
115.53142,-14.326504,PubChem candidate
-70.71431,-8.636794,PubChem candidate
-17.80351,70.57338,PubChem candidate
94.119606,32.84225,PubChem candidate
-16.378202,43.343876,PubChem candidate
-45.948277,34.75612,PubChem candidate
59.314175,22.923183,PubChem candidate
56.275047,26.271248,PubChem candidate
-75.533936,-13.128424,PubChem candidate
-15.066896,-4.9162145,PubChem candidate
44.282673,-92.20626,PubChem candidate
-16.879324,73.002045,PubChem candidate
-32.446888,-14.011811,PubChem candidate
62.94866,-81.927124,PubChem candidate
-100.764885,26.571424,PubChem candidate
19.582226,-68.081276,PubChem candidate
3.770328,-60.974995,PubChem candidate
-107.55985,7.1844974,PubChem candidate
117.13988,-12.781245,PubChem candidate
60.97549,0.34087768,PubChem candidate
74.80785,9.880322,PubChem candidate
-12.394708,72.01795,PubChem candidate
18.38038,-0.7094688,PubChem candidate
60.372612,-2.0178208,PubChem candidate
44.47222,-58.974613,PubChem candidate
55.560333,25.386202,PubChem candidate
-46.831055,-32.344402,PubChem candidate
-132.8792,-10.682693,PubChem candidate
18.657904,-41.146454,PubChem candidate
57.748856,-48.060535,PubChem candidate
82.24093,45.503746,PubChem candidate
9.629837,-45.708168,PubChem candidate
-102.18797,5.1515574,PubChem candidate
61.267467,-74.848785,PubChem candidate
13.641518,-67.42368,PubChem candidate
-40.76381,68.50296,PubChem candidate
-15.406928,0.6176451,PubChem candidate
108.87332,23.398062,PubChem candidate
89.86247,27.532948,PubChem candidate
78.52047,-1.8166333,PubChem candidate
106.63705,36.726162,PubChem candidate
-102.936516,25.746496,PubChem candidate
95.1291,-10.078018,PubChem candidate
113.304955,-31.993305,PubChem candidate
-52.48027,-21.018433,PubChem candidate
-58.11292,-45.566757,PubChem candidate
-111.10259,-3.8650343,PubChem candidate
109.024,-1.4357169,PubChem candidate
-12.955362,72.14325,PubChem candidate
-3.1521165,-6.379276,PubChem candidate
8.548573,-58.979862,PubChem candidate
-16.848024,44.519028,PubChem candidate
-79.75788,-4.116839,PubChem candidate
108.59052,-32.28885,PubChem candidate
86.62692,47.208385,PubChem candidate
8.887995,-40.809864,PubChem candidate
-11.616755,-22.39498,PubChem candidate
70.18982,-8.808357,PubChem candidate
58.913795,-81.88431,PubChem candidate
-15.308898,56.74622,PubChem candidate
43.92567,-52.436214,PubChem candidate
-55.550842,35.215614,PubChem candidate
-114.957466,-30.877241,PubChem candidate
-17.822918,-50.761127,PubChem candidate
101.2715,-38.188576,PubChem candidate
-34.64362,67.340225,PubChem candidate
-13.417605,-28.171291,PubChem candidate
-97.770584,-37.275967,PubChem candidate
115.903854,-11.192791,PubChem candidate
103.544044,36.00916,PubChem candidate
53.869606,27.171474,PubChem candidate
44.58306,-51.034157,PubChem candidate
49.161797,-10.977402,PubChem candidate
-70.49655,2.3436286,PubChem candidate
55.28339,-44.659203,PubChem candidate
107.43826,-8.108814,PubChem candidate
41.76797,-62.43101,PubChem candidate
-19.989473,40.624763,PubChem candidate
44.095684,-68.3607,PubChem candidate
37.32893,38.518375,PubChem candidate
34.707428,8.530859,PubChem candidate
4.8681126,-70.62254,PubChem candidate
-66.15119,-2.5198665,PubChem candidate
17.760471,-0.554484,PubChem candidate
58.44604,-51.32721,PubChem candidate
-106.96438,-24.578665,PubChem candidate
21.806547,-59.019955,PubChem candidate
66.50416,-73.16009,PubChem candidate
-29.216589,108.864525,PubChem candidate
-35.7703,105.14168,PubChem candidate
-95.12513,-31.758604,PubChem candidate
-112.66058,-1.0753591,PubChem candidate
19.264696,-6.9217005,PubChem candidate
-43.423084,-6.175538,PubChem candidate
39.061897,-70.678345,PubChem candidate
-16.82634,4.164393,PubChem candidate
32.908836,24.461063,PubChem candidate
-21.11182,-7.265142,PubChem candidate
-38.070656,65.498924,PubChem candidate
35.177715,33.8958,PubChem candidate
106.91741,-2.0275724,PubChem candidate
-14.92883,86.00143,PubChem candidate
23.514872,-62.245728,PubChem candidate
-59.00603,10.277128,PubChem candidate
-68.373375,13.660079,PubChem candidate
57.296265,-1.6831172,PubChem candidate
-36.41279,71.1672,PubChem candidate
25.556604,30.684683,PubChem candidate
-33.069973,-36.350964,PubChem candidate
104.81093,35.70252,PubChem candidate
11.049498,4.157307,PubChem candidate
44.183502,14.661922,PubChem candidate
-18.470516,-99.26707,PubChem candidate
117.8333,32.19382,PubChem candidate
35.475628,33.79219,PubChem candidate
113.98276,28.25229,PubChem candidate
5.9719644,-64.43611,PubChem candidate
40.89396,-65.94405,PubChem candidate
99.51561,-37.50659,PubChem candidate
-20.45896,-29.543383,PubChem candidate
1.2673459,0.7355178,PubChem candidate
56.9356,-48.28076,PubChem candidate
74.34352,51.415882,PubChem candidate
-56.585888,35.566193,PubChem candidate
-18.164087,59.185192,PubChem candidate
61.849346,-52.421505,PubChem candidate
12.331746,20.682934,PubChem candidate
-11.857795,4.026789,PubChem candidate
-95.261284,30.372513,PubChem candidate
56.23401,-78.358284,PubChem candidate
95.33149,32.262783,PubChem candidate
81.0508,37.4724,PubChem candidate
-30.329023,-22.366001,PubChem candidate
-18.842953,86.9857,PubChem candidate
105.8036,1.4235605,PubChem candidate
-40.863697,22.105915,PubChem candidate
12.105076,-45.573315,PubChem candidate
41.404385,-62.447445,PubChem candidate
100.79219,35.16111,PubChem candidate
-131.41327,-1.8486991,PubChem candidate
38.59274,-73.66854,PubChem candidate
27.976288,-32.28934,PubChem candidate
74.22197,-1.0927743,PubChem candidate
-54.129883,-54.20988,PubChem candidate
-13.096666,68.617065,PubChem candidate
62.403057,-0.0645194,PubChem candidate
-98.06954,19.290716,PubChem candidate
55.408634,-71.16419,PubChem candidate
94.93541,25.496641,PubChem candidate
-131.68666,-2.166594,PubChem candidate
51.35767,-8.125028,PubChem candidate
-47.020878,32.70401,PubChem candidate
50.194332,-5.043488,PubChem candidate
-110.905396,-1.7243102,PubChem candidate
35.08991,33.58389,PubChem candidate
101.79108,4.1132135,PubChem candidate
-125.69872,-9.4832945,PubChem candidate
107.43018,-30.872978,PubChem candidate
13.13613,15.230445,PubChem candidate
59.85356,24.525307,PubChem candidate
104.99767,-37.66643,PubChem candidate
-4.678442,3.2800186,PubChem candidate
-16.577923,-88.87993,PubChem candidate
-2.277399,112.82241,PubChem candidate
99.17794,-5.5953674,PubChem candidate
3.2123668,16.959545,PubChem candidate
11.196998,7.9179893,PubChem candidate
48.17852,-38.82889,PubChem candidate
-12.27513,44.24585,PubChem candidate
8.112637,-75.89303,PubChem candidate
-129.8019,-2.1396675,PubChem candidate
37.899258,-32.967163,PubChem candidate
114.03613,27.677805,PubChem candidate
1.1777997,-60.858047,PubChem candidate
-40.838863,41.2823,PubChem candidate
9.769059,-51.240364,PubChem candidate
-44.99103,45.28454,PubChem candidate
96.495964,-19.888166,PubChem candidate
114.5653,-6.4942837,PubChem candidate
33.629665,5.628822,PubChem candidate
-45.237713,-79.73174,PubChem candidate
98.14309,-40.13404,PubChem candidate
-47.653908,32.769054,PubChem candidate
-27.181293,91.766136,PubChem candidate
51.869633,-86.29147,PubChem candidate
-36.09691,-19.013588,PubChem candidate
-106.80535,4.6492057,PubChem candidate
10.109445,4.784732,PubChem candidate
51.224964,-42.040123,PubChem candidate
9.524635,-49.82107,PubChem candidate
116.31377,-10.184184,PubChem candidate
-31.631939,-47.49097,PubChem candidate
23.64354,0.031904,PubChem candidate
60.91629,-46.432175,PubChem candidate
-39.916775,73.517105,PubChem candidate
-53.47936,-19.645914,PubChem candidate
-126.7409,-10.02609,PubChem candidate
-63.50016,3.7020433,PubChem candidate
-38.418293,42.480545,PubChem candidate
57.996044,3.8151028,PubChem candidate
-29.494867,-25.505594,PubChem candidate
-44.125404,-38.471943,PubChem candidate
63.499825,-82.4968,PubChem candidate
-132.98834,-1.4247184,PubChem candidate
27.837337,-29.042841,PubChem candidate
14.912809,-49.87933,PubChem candidate
-134.10086,-4.2220454,PubChem candidate
6.3276377,-59.199966,PubChem candidate
47.78786,-44.85918,PubChem candidate
-104.813644,-12.943046,PubChem candidate
-122.53468,-9.427555,PubChem candidate
70.35596,24.584917,PubChem candidate
-31.150084,-24.079437,PubChem candidate
-64.74156,-59.45572,PubChem candidate
64.40212,-64.266846,PubChem candidate
94.89369,-41.09629,PubChem candidate
-133.59341,-3.3856933,PubChem candidate
-21.316427,93.20712,PubChem candidate
98.06403,25.41257,PubChem candidate
-77.12614,0.4440566,PubChem candidate
113.89038,-21.744772,PubChem candidate
82.84614,54.64616,PubChem candidate
7.4945188,-52.49849,PubChem candidate
-42.722218,70.18341,PubChem candidate
10.158254,-108.31759,PubChem candidate
6.599026,8.479291,PubChem candidate
31.508698,-30.535421,PubChem candidate
-102.667015,5.0900984,PubChem candidate
-19.100134,71.38042,PubChem candidate
43.16543,-90.44368,PubChem candidate
-37.51884,72.6004,PubChem candidate
82.516396,48.1515,PubChem candidate
52.065205,-8.337542,PubChem candidate
72.699326,30.36112,PubChem candidate
62.307587,-52.537086,PubChem candidate
-11.519257,80.56632,PubChem candidate
62.893723,-56.722248,PubChem candidate
-32.95352,101.10206,PubChem candidate
-102.99264,25.862465,PubChem candidate
61.202496,25.593056,PubChem candidate
73.66744,5.009383,PubChem candidate
-13.305496,-5.2857056,PubChem candidate
64.25517,24.511593,PubChem candidate
96.43007,-39.95373,PubChem candidate
89.823654,-19.007496,PubChem candidate
106.4244,-40.720596,PubChem candidate
-37.709198,72.42284,PubChem candidate
49.02841,-16.293703,PubChem candidate
105.6975,-40.893593,PubChem candidate
-132.61044,-5.5457106,PubChem candidate
43.23541,27.560152,PubChem candidate
105.23936,-22.120687,PubChem candidate
19.36683,7.261264,PubChem candidate
-29.580935,72.22898,PubChem candidate
-36.556545,-74.22413,PubChem candidate
35.598053,24.059984,PubChem candidate
-3.535651,27.720411,PubChem candidate
16.896086,-31.194405,PubChem candidate
11.857779,21.8223,PubChem candidate
9.496078,-49.21175,PubChem candidate
68.55399,-78.333115,PubChem candidate
-25.181358,84.25492,PubChem candidate
-48.104618,69.30642,PubChem candidate
15.355856,-35.390324,PubChem candidate
49.237125,-14.087702,PubChem candidate
102.15756,-40.590576,PubChem candidate
19.343102,-30.623917,PubChem candidate
-12.918396,-9.227796,PubChem candidate
53.165466,-4.7440543,PubChem candidate
110.95365,-8.4636345,PubChem candidate
-14.012953,72.45039,PubChem candidate
28.192352,-30.150946,PubChem candidate
86.71635,58.005753,PubChem candidate
55.74094,25.620975,PubChem candidate
68.10245,11.731069,PubChem candidate
-106.89483,8.241628,PubChem candidate
45.934383,-81.907845,PubChem candidate
82.0442,48.24024,PubChem candidate
103.28651,2.951302,PubChem candidate
94.2503,-40.8915,PubChem candidate
51.15263,-84.11953,PubChem candidate
107.97581,-38.647945,PubChem candidate
54.1277,-21.47485,PubChem candidate
4.0067334,-58.69187,PubChem candidate
-1.4341279,12.639375,PubChem candidate
-35.67366,98.14341,PubChem candidate
59.904034,-76.888794,PubChem candidate
-45.171623,69.35272,PubChem candidate
102.82049,-21.695383,PubChem candidate
111.39561,-28.991068,PubChem candidate
67.86792,-76.424034,PubChem candidate
-123.49726,1.1954036,PubChem candidate
-11.698493,106.45435,PubChem candidate
-62.951412,4.23137,PubChem candidate
76.22008,-2.055931,PubChem candidate
-32.435658,36.13822,PubChem candidate
35.864124,-32.330444,PubChem candidate
-116.549416,-27.74623,PubChem candidate
46.738052,-35.988586,PubChem candidate
-104.92284,-23.990147,PubChem candidate
-88.61584,26.096888,PubChem candidate
86.94357,58.0657,PubChem candidate
-30.848799,40.994717,PubChem candidate
36.26874,36.248398,PubChem candidate
-55.491295,-50.672943,PubChem candidate
-66.69183,9.350877,PubChem candidate
74.462555,53.450806,PubChem candidate
35.807934,-70.411156,PubChem candidate
4.0973825,-45.657272,PubChem candidate
-62.263725,-58.2973,PubChem candidate
8.915941,-12.568426,PubChem candidate
41.92805,-73.917885,PubChem candidate
9.2224865,-49.030582,PubChem candidate
-40.3686,-26.908484,PubChem candidate
-44.79139,71.87908,PubChem candidate
-48.41805,-84.20345,PubChem candidate
94.89702,31.239344,PubChem candidate
58.1219,-48.281933,PubChem candidate
-44.742954,71.938,PubChem candidate
-22.807362,-43.331284,PubChem candidate
45.799343,-36.23634,PubChem candidate
2.0765443,-110.81033,PubChem candidate
112.29727,-27.19028,PubChem candidate
65.28144,-68.73491,PubChem candidate
-95.207184,6.6399946,PubChem candidate
109.602325,20.609682,PubChem candidate
12.454759,-69.09308,PubChem candidate
61.45129,-74.09949,PubChem candidate
-32.477245,-13.94659,PubChem candidate
-52.01409,-74.5599,PubChem candidate
-12.264272,43.596508,PubChem candidate
-15.074335,22.810228,PubChem candidate
81.94809,37.09094,PubChem candidate
-25.916704,98.09359,PubChem candidate
-50.702915,-12.095315,PubChem candidate
109.88783,23.266481,PubChem candidate
70.25254,-8.825794,PubChem candidate
67.12788,-11.793557,PubChem candidate
-14.947656,57.339645,PubChem candidate
-69.05242,15.582503,PubChem candidate
76.05929,47.744957,PubChem candidate
-34.38668,-32.045914,PubChem candidate
20.31485,-36.344734,PubChem candidate
-9.03482,39.815556,PubChem candidate
-27.968626,-45.408344,PubChem candidate
-99.22479,14.184002,PubChem candidate
105.899666,36.271576,PubChem candidate
-11.66912,15.099741,PubChem candidate
74.34875,9.4892025,PubChem candidate
-27.794037,-11.270999,PubChem candidate
85.39352,44.552677,PubChem candidate
64.47413,-14.288178,PubChem candidate
-132.29643,-1.3167734,PubChem candidate
-15.611637,-7.979445,PubChem candidate
-30.435106,108.757324,PubChem candidate
-39.387836,20.61012,PubChem candidate
64.80613,-14.8079405,PubChem candidate
-30.318155,-85.57508,PubChem candidate
-19.828499,-23.525965,PubChem candidate
-21.322971,-26.378443,PubChem candidate
-34.76876,39.11573,PubChem candidate
112.34095,-2.8207576,PubChem candidate
8.357889,23.176767,PubChem candidate
102.051094,-39.774742,PubChem candidate
113.59521,-22.16867,PubChem candidate
-20.328888,60.6168,PubChem candidate
40.107178,-71.49743,PubChem candidate
-73.93206,-53.584873,PubChem candidate
-120.75866,-8.867867,PubChem candidate
106.02443,-40.61605,PubChem candidate
1.558017,-67.36632,PubChem candidate
7.524235,-52.078,PubChem candidate
113.68819,27.486147,PubChem candidate
2.717795,-53.153797,PubChem candidate
-46.62782,-30.7125,PubChem candidate
-77.49869,-1.471239,PubChem candidate
5.8247104,8.516337,PubChem candidate
92.327614,-31.08408,PubChem candidate
-102.78125,-10.356325,PubChem candidate
38.229267,41.707535,PubChem candidate
59.37101,-77.67555,PubChem candidate
8.845845,-70.221985,PubChem candidate
51.670807,-76.66889,PubChem candidate
-47.382866,-81.85641,PubChem candidate
-47.448082,-13.918646,PubChem candidate
13.346781,15.285491,PubChem candidate
-3.7817461,-2.4467912,PubChem candidate
-26.589333,95.72915,PubChem candidate
75.741104,-2.4358797,PubChem candidate
-46.4542,-83.72926,PubChem candidate
-110.41989,-28.849024,PubChem candidate
96.549065,-14.878726,PubChem candidate
73.28793,46.063602,PubChem candidate
-63.79268,14.533975,PubChem candidate
57.284424,-44.861115,PubChem candidate
104.92965,-22.233326,PubChem candidate
111.9574,-34.116417,PubChem candidate
-23.48807,-93.92405,PubChem candidate
-124.01652,-9.260603,PubChem candidate
106.60629,-39.473846,PubChem candidate
-9.185824,-11.154578,PubChem candidate
60.50048,-47.36172,PubChem candidate
-108.12307,-10.0275135,PubChem candidate
92.005486,29.889008,PubChem candidate
106.34715,-37.40454,PubChem candidate
-40.81547,-15.80026,PubChem candidate
92.73602,-15.603036,PubChem candidate
70.93967,9.900794,PubChem candidate
-61.919266,7.859929,PubChem candidate
-21.880404,-31.628313,PubChem candidate
35.976532,29.293108,PubChem candidate
12.090212,-68.81632,PubChem candidate
-94.8878,10.499349,PubChem candidate
53.215927,-22.380154,PubChem candidate
33.708866,24.532877,PubChem candidate
51.36386,-15.990981,PubChem candidate
111.8024,-23.447601,PubChem candidate
-58.540344,-47.734554,PubChem candidate
-11.194244,78.43707,PubChem candidate
20.353043,-36.27675,PubChem candidate
27.82993,-28.556198,PubChem candidate
-10.090172,74.736664,PubChem candidate
97.7967,-42.26065,PubChem candidate
13.035432,-69.27825,PubChem candidate
112.332726,-28.274244,PubChem candidate
-97.5017,-33.153732,PubChem candidate
97.381805,-38.648613,PubChem candidate
105.93039,-28.342999,PubChem candidate
-130.10635,-11.048682,PubChem candidate
56.567036,29.774893,PubChem candidate
93.18289,30.083612,PubChem candidate
54.230476,-82.97927,PubChem candidate
-15.828746,-10.093851,PubChem candidate
106.93879,31.161493,PubChem candidate
55.92527,-19.13983,PubChem candidate
101.57483,23.760582,PubChem candidate
-63.581326,-60.032463,PubChem candidate
66.07676,9.560713,PubChem candidate
46.78896,-36.12859,PubChem candidate
108.271255,-1.1247387,PubChem candidate
49.887623,-17.374071,PubChem candidate
39.173096,-70.99974,PubChem candidate
-72.06619,-9.8321705,PubChem candidate
-130.9443,-10.477596,PubChem candidate
38.478523,-63.805202,PubChem candidate
115.57991,31.217453,PubChem candidate
-32.63653,-38.25404,PubChem candidate
40.846703,-68.65438,PubChem candidate
87.16097,54.030556,PubChem candidate
-70.12376,14.007571,PubChem candidate
61.791573,-82.96428,PubChem candidate
98.84172,-36.7863,PubChem candidate
55.403927,-71.1707,PubChem candidate
57.98004,3.3296764,PubChem candidate
2.845453,-102.58519,PubChem candidate
-16.283377,86.042946,PubChem candidate
14.959047,-1.9433208,PubChem candidate
49.76799,-6.6016493,PubChem candidate
114.2199,26.200096,PubChem candidate
32.160007,35.336704,PubChem candidate
-46.832542,-33.563698,PubChem candidate
26.059286,-31.279207,PubChem candidate
-28.763103,-5.2832413,PubChem candidate
92.090775,26.599184,PubChem candidate
-70.03673,-51.516827,PubChem candidate
-47.890507,38.981453,PubChem candidate
60.060192,-46.899147,PubChem candidate
97.03295,-5.7097325,PubChem candidate
19.630665,-11.81086,PubChem candidate
-94.932655,2.906171,PubChem candidate
-49.221764,-82.31168,PubChem candidate
-65.36131,-48.22177,PubChem candidate
-1.9762928,84.28474,PubChem candidate
-50.55793,-33.76957,PubChem candidate
-22.473003,34.908455,PubChem candidate
105.714836,-23.041483,PubChem candidate
39.009335,-70.83662,PubChem candidate
8.303433,-66.231125,PubChem candidate
-24.73907,-13.750832,PubChem candidate
103.02538,-40.24371,PubChem candidate
-46.32299,-13.506887,PubChem candidate
113.3732,-9.622149,PubChem candidate
-60.14214,12.305233,PubChem candidate
-68.15022,-3.8043418,PubChem candidate
-2.8361235,-2.2326674,PubChem candidate
22.297535,-59.466404,PubChem candidate
12.191704,2.0934393,PubChem candidate
-93.31568,-35.655922,PubChem candidate
32.38621,-40.312576,PubChem candidate
-32.448753,40.015644,PubChem candidate
-44.85967,-13.862411,PubChem candidate
-125.76792,-1.5936984,PubChem candidate
103.78092,35.548504,PubChem candidate
-65.551506,-60.44619,PubChem candidate
-35.38209,-46.731922,PubChem candidate
-34.385757,-71.818054,PubChem candidate
-44.013073,-11.318815,PubChem candidate
-26.792143,-97.701355,PubChem candidate
10.779133,-109.64634,PubChem candidate
-35.134327,37.44975,PubChem candidate
50.444687,-20.65283,PubChem candidate
41.852024,-70.09166,PubChem candidate
-112.74771,-5.817574,PubChem candidate
75.00355,48.786633,PubChem candidate
10.790796,111.1521,PubChem candidate
-93.79619,6.2003083,PubChem candidate
76.58871,7.527045,PubChem candidate
-6.767063,11.869669,PubChem candidate
1.194426,-11.686865,PubChem candidate
51.48152,-76.54009,PubChem candidate
57.10192,29.85131,PubChem candidate
114.316284,-18.19513,PubChem candidate
59.551933,-73.11322,PubChem candidate
9.107463,20.750124,PubChem candidate
34.892685,9.164098,PubChem candidate
113.63757,-26.60031,PubChem candidate
85.272224,45.324005,PubChem candidate
106.54871,-28.219378,PubChem candidate
67.9891,-69.23248,PubChem candidate
101.486244,-32.32807,PubChem candidate
6.357028,-76.58843,PubChem candidate
44.670067,28.936947,PubChem candidate
25.275333,23.187553,PubChem candidate
-68.03723,-55.722404,PubChem candidate
-16.341011,44.24054,PubChem candidate
-14.271276,7.48975,PubChem candidate
-32.455063,36.45687,PubChem candidate
-50.028393,-13.745252,PubChem candidate
-47.140785,41.59667,PubChem candidate
-24.14518,44.076458,PubChem candidate
12.864495,7.4800477,PubChem candidate
54.985756,-25.802189,PubChem candidate
92.053406,-29.858875,PubChem candidate
13.23872,-68.11024,PubChem candidate
56.795597,-51.274155,PubChem candidate
42.745815,-59.44479,PubChem candidate
-26.68743,-84.54635,PubChem candidate
15.20889,-8.603643,PubChem candidate
76.87209,-3.4918087,PubChem candidate
-37.712383,-27.88533,PubChem candidate
55.106472,-80.76273,PubChem candidate
-10.6968565,4.9197707,PubChem candidate
-29.459047,41.205215,PubChem candidate
45.77786,-82.166756,PubChem candidate
20.302027,4.771308,PubChem candidate
-115.08597,-32.18283,PubChem candidate
49.159542,-8.315084,PubChem candidate
103.7688,-38.452145,PubChem candidate
58.175854,-78.97371,PubChem candidate
-117.01312,-28.647543,PubChem candidate
16.795527,4.301623,PubChem candidate
95.364685,-20.796255,PubChem candidate
-126.35364,1.2412852,PubChem candidate
-8.927747,9.02547,PubChem candidate
-67.20382,-56.27302,PubChem candidate
2.1694818,-57.341156,PubChem candidate
-75.12191,-55.42822,PubChem candidate
-114.56667,-31.821106,PubChem candidate
96.391426,-39.721054,PubChem candidate
104.95039,-23.6138,PubChem candidate
-79.000854,-4.3294845,PubChem candidate
-44.05493,69.196236,PubChem candidate
-106.93868,5.991836,PubChem candidate
35.833443,-31.137291,PubChem candidate
38.179832,-64.36333,PubChem candidate
15.429331,-50.624435,PubChem candidate
56.091995,-44.969364,PubChem candidate
33.75545,7.6004376,PubChem candidate
54.25913,-72.34794,PubChem candidate
-37.090168,-6.8693733,PubChem candidate
-15.563989,6.6528735,PubChem candidate
-40.382984,67.66658,PubChem candidate
45.199547,15.774419,PubChem candidate
62.129753,7.7666516,PubChem candidate
-53.50273,-28.38317,PubChem candidate
-23.938175,-91.798164,PubChem candidate
73.05562,22.264784,PubChem candidate
13.300067,22.806095,PubChem candidate
-22.673351,92.03021,PubChem candidate
-53.308094,68.1682,PubChem candidate
110.629265,-23.428457,PubChem candidate
55.430866,24.716953,PubChem candidate
87.2632,-25.98748,PubChem candidate
29.824522,42.26403,PubChem candidate
-11.612136,105.370766,PubChem candidate
-90.165375,22.073027,PubChem candidate
47.143223,-40.392,PubChem candidate
-24.18383,71.10809,PubChem candidate
82.677414,52.272766,PubChem candidate
-90.644646,-0.45908445,PubChem candidate
-2.8801098,22.24229,PubChem candidate
7.422417,-49.593796,PubChem candidate
90.06092,27.959347,PubChem candidate
41.517563,-66.937996,PubChem candidate
104.1116,-23.909527,PubChem candidate
3.814734,0.56127936,PubChem candidate
56.375263,-9.391527,PubChem candidate
41.659588,30.142967,PubChem candidate
-34.326607,101.83795,PubChem candidate
-44.793827,-23.293402,PubChem candidate
41.90821,48.920155,PubChem candidate
-102.609146,-10.450095,PubChem candidate
-101.40969,-11.907853,PubChem candidate
65.81288,-10.921385,PubChem candidate
-9.900822,-7.053438,PubChem candidate
4.4236283,-56.137993,PubChem candidate
-113.23547,0.70151347,PubChem candidate
-46.221912,42.20069,PubChem candidate
-77.94707,0.5207468,PubChem candidate
35.153606,17.298344,PubChem candidate
98.89769,-37.015556,PubChem candidate
54.740795,-43.51309,PubChem candidate
12.359364,-1.497052,PubChem candidate
66.84118,-57.728672,PubChem candidate
114.06645,-30.566412,PubChem candidate
67.08332,-13.769179,PubChem candidate
-23.593426,-13.713721,PubChem candidate
-75.31766,-55.81164,PubChem candidate
78.79193,38.175343,PubChem candidate
-48.432076,-13.471375,PubChem candidate
84.548225,55.94006,PubChem candidate
97.30738,23.85176,PubChem candidate
-93.94503,4.610687,PubChem candidate
39.186855,33.545475,PubChem candidate
-48.90735,-28.102,PubChem candidate
-31.908937,97.857994,PubChem candidate
-92.47026,26.418224,PubChem candidate
-104.011955,-24.280247,PubChem candidate
96.36585,31.560965,PubChem candidate
-75.07193,-57.903687,PubChem candidate
49.870068,-13.57373,PubChem candidate
86.57112,57.995758,PubChem candidate
43.415005,-62.956005,PubChem candidate
53.649525,-20.239187,PubChem candidate
110.58627,-3.7800848,PubChem candidate
-90.15841,20.475967,PubChem candidate
-47.288254,43.113503,PubChem candidate
94.17019,-13.658352,PubChem candidate
50.058475,-84.30551,PubChem candidate
-42.56165,60.072918,PubChem candidate
53.912277,-0.37780532,PubChem candidate
-63.287594,-61.395737,PubChem candidate
45.668255,-49.010803,PubChem candidate
94.71497,-42.91078,PubChem candidate
-44.01061,-38.859726,PubChem candidate
107.9179,-8.707813,PubChem candidate
21.12205,4.454118,PubChem candidate
-36.33893,38.733654,PubChem candidate
62.191696,-48.767925,PubChem candidate
52.113853,-41.382298,PubChem candidate
-51.18134,-17.5638,PubChem candidate
22.735992,-58.03526,PubChem candidate
93.7456,-21.94506,PubChem candidate
63.928967,-79.89655,PubChem candidate
-51.070564,68.16363,PubChem candidate
-132.85118,-1.6427445,PubChem candidate
45.99489,-52.901302,PubChem candidate
-101.60896,17.000553,PubChem candidate
-63.4432,-0.16770671,PubChem candidate
32.035923,8.650369,PubChem candidate
-40.80618,-78.21417,PubChem candidate
-95.54836,29.285055,PubChem candidate
103.416084,24.170275,PubChem candidate
92.214676,30.017557,PubChem candidate
-29.648077,105.496376,PubChem candidate
70.81659,23.450857,PubChem candidate
-20.863659,72.29832,PubChem candidate
42.44818,49.075768,PubChem candidate
29.886074,32.926155,PubChem candidate
22.362684,-65.68637,PubChem candidate
96.4722,22.64518,PubChem candidate
56.17033,-49.78703,PubChem candidate
-17.927872,73.12041,PubChem candidate
63.906967,23.224823,PubChem candidate
-28.97488,-55.67127,PubChem candidate
5.9614444,-74.893745,PubChem candidate
-128.47874,-10.024405,PubChem candidate
-5.9417424,27.444645,PubChem candidate
31.404013,-25.011904,PubChem candidate
22.645401,-67.328735,PubChem candidate
-87.67987,-18.10147,PubChem candidate
-42.931595,45.368805,PubChem candidate
-30.268831,-86.89062,PubChem candidate
-49.504215,31.572783,PubChem candidate
-39.819813,-15.702306,PubChem candidate
64.577965,-16.978067,PubChem candidate
-14.756564,115.0993,PubChem candidate
18.746487,-42.13076,PubChem candidate
21.054893,-66.00884,PubChem candidate
-4.489186,-4.102814,PubChem candidate
12.347916,7.0602016,PubChem candidate
77.07332,-2.9555802,PubChem candidate
63.539547,-70.54395,PubChem candidate
-15.836197,43.54437,PubChem candidate
64.46041,-10.761556,PubChem candidate
20.55951,-66.52313,PubChem candidate
19.940435,-5.209339,PubChem candidate
-46.171947,-82.3438,PubChem candidate
82.60103,45.202995,PubChem candidate
-14.423246,42.660954,PubChem candidate
-64.573845,12.22683,PubChem candidate
94.36753,-41.115902,PubChem candidate
67.08835,-9.955423,PubChem candidate
-37.741703,-10.3954525,PubChem candidate
54.41042,-23.648643,PubChem candidate
106.69899,23.871725,PubChem candidate
73.88682,-41.13109,PubChem candidate
-21.037146,40.52754,PubChem candidate
110.11475,-1.5120016,PubChem candidate
106.6928,21.892612,PubChem candidate
15.339584,15.590723,PubChem candidate
-133.9998,-3.437071,PubChem candidate
-67.67525,8.207655,PubChem candidate
-29.405409,-7.52678,PubChem candidate
23.24982,-3.1838546,PubChem candidate
53.858387,-25.389057,PubChem candidate
10.165998,-49.887665,PubChem candidate
59.283657,-77.381615,PubChem candidate
-16.250994,-9.942224,PubChem candidate
56.64719,-4.288997,PubChem candidate
-15.740817,43.83677,PubChem candidate
94.13949,-34.2328,PubChem candidate
-31.046436,-44.381924,PubChem candidate
-9.204693,-24.060513,PubChem candidate
-29.63353,42.142094,PubChem candidate
-100.97424,-33.896526,PubChem candidate
74.440414,51.88148,PubChem candidate
-126.88618,-8.412926,PubChem candidate
-31.487366,-83.19119,PubChem candidate
7.992866,10.524379,PubChem candidate
-104.63722,26.03783,PubChem candidate
56.13171,28.762632,PubChem candidate
76.3416,7.4838114,PubChem candidate
-52.21403,-29.789928,PubChem candidate
30.520044,-30.87998,PubChem candidate
2.1190193,4.6069536,PubChem candidate
6.213037,-77.67047,PubChem candidate
55.75764,-43.70237,PubChem candidate
-107.79462,7.8288937,PubChem candidate
54.02788,-72.49478,PubChem candidate
23.619701,-31.039337,PubChem candidate
-45.02801,45.258945,PubChem candidate
-110.26324,-3.8195784,PubChem candidate
-102.81844,17.679052,PubChem candidate
24.181097,-0.2940763,PubChem candidate
10.369356,20.330435,PubChem candidate
-20.53815,43.30302,PubChem candidate
69.8325,25.648878,PubChem candidate
9.968982,13.799592,PubChem candidate
13.254207,-10.735485,PubChem candidate
55.06497,-71.953926,PubChem candidate
82.61943,44.85293,PubChem candidate
-0.6297058,-8.758099,PubChem candidate
-67.35989,-63.39068,PubChem candidate
54.38936,-26.685123,PubChem candidate
-54.684505,-20.436949,PubChem candidate
-118.78586,-9.18534,PubChem candidate
96.97742,19.865686,PubChem candidate
-21.501207,92.22358,PubChem candidate
0.20337476,-59.797,PubChem candidate
-97.696976,-40.316254,PubChem candidate
2.6293228,-59.92277,PubChem candidate
4.4344277,-69.18986,PubChem candidate
-24.489178,-95.666405,PubChem candidate
-39.48904,-24.20443,PubChem candidate
63.806786,-69.647545,PubChem candidate
26.429749,-30.320297,PubChem candidate
-3.3892941,27.353024,PubChem candidate
48.43071,38.18245,PubChem candidate
54.868973,-24.816221,PubChem candidate
-43.41729,44.927128,PubChem candidate
7.5902586,19.632332,PubChem candidate
70.30283,16.427233,PubChem candidate
-98.009796,-33.33994,PubChem candidate
53.856167,-44.32977,PubChem candidate
94.268234,-42.83221,PubChem candidate
23.416288,-31.274408,PubChem candidate
116.358315,29.564625,PubChem candidate
100.86917,-39.17632,PubChem candidate
-72.31355,-3.5160003,PubChem candidate
46.587376,-47.995518,PubChem candidate
11.817514,-11.056209,PubChem candidate
69.7262,25.801004,PubChem candidate
1.116384,-59.3221,PubChem candidate
-0.76395464,-62.090508,PubChem candidate
20.508541,6.8404627,PubChem candidate
-67.32319,-58.995274,PubChem candidate
-113.44331,-25.148373,PubChem candidate
7.1906095,-74.55039,PubChem candidate
98.438934,23.702913,PubChem candidate
83.56627,55.258194,PubChem candidate
-25.003262,-97.36684,PubChem candidate
112.72671,-22.267416,PubChem candidate
-93.5663,-39.30489,PubChem candidate
-9.498291,44.776993,PubChem candidate
39.772488,-91.36319,PubChem candidate
-8.425165,-31.080748,PubChem candidate
2.0274937,-53.643032,PubChem candidate
53.47287,-82.90668,PubChem candidate
80.22801,46.81381,PubChem candidate
-34.839214,42.673767,PubChem candidate
-18.982168,-106.48511,PubChem candidate
73.82182,33.77657,PubChem candidate
-101.79822,-33.89235,PubChem candidate
-26.556509,66.558205,PubChem candidate
-78.851944,-4.7080092,PubChem candidate
90.64329,-21.909071,PubChem candidate
49.504826,-12.537475,PubChem candidate
-39.700123,-44.37332,PubChem candidate
16.528875,-4.019735,PubChem candidate
-39.706566,68.37878,PubChem candidate
44.20448,14.790233,PubChem candidate
-26.911194,-30.757399,PubChem candidate
-2.9606917,27.593418,PubChem candidate
65.337616,23.391777,PubChem candidate
-56.431156,66.125694,PubChem candidate
98.75596,25.151329,PubChem candidate
62.70458,-74.666435,PubChem candidate
73.014465,-43.041058,PubChem candidate
113.55244,29.306223,PubChem candidate
-101.83049,16.734045,PubChem candidate
-35.328594,-52.43588,PubChem candidate
-6.2880197,-100.05979,PubChem candidate
104.47762,35.699684,PubChem candidate
-6.970952,8.831525,PubChem candidate
112.42173,-20.2193,PubChem candidate
-121.93043,-8.846905,PubChem candidate
-26.708656,66.8798,PubChem candidate
-56.999043,69.028366,PubChem candidate
68.52303,-11.513652,PubChem candidate
-106.41696,-12.610291,PubChem candidate
-42.126408,-39.820553,PubChem candidate
-18.35152,55.02657,PubChem candidate
-35.700146,-11.420356,PubChem candidate
-35.124554,-61.581688,PubChem candidate
69.127945,1.9632262,PubChem candidate
67.340385,-60.10101,PubChem candidate
91.311295,-20.21127,PubChem candidate
24.393,-29.558842,PubChem candidate
88.72905,28.005842,PubChem candidate
108.907036,-27.81656,PubChem candidate
70.99658,20.7126,PubChem candidate
26.59086,-28.927399,PubChem candidate
53.67483,-23.162117,PubChem candidate
72.70697,-38.958298,PubChem candidate
100.04161,-40.643005,PubChem candidate
51.084587,-86.6507,PubChem candidate
53.643654,-5.4582815,PubChem candidate
-75.909935,-59.035656,PubChem candidate
54.602776,-2.2437072,PubChem candidate
-25.183235,-81.58127,PubChem candidate
65.34219,-60.895535,PubChem candidate
93.09499,-25.568237,PubChem candidate
108.66392,0.21090576,PubChem candidate
-132.6978,-6.1038775,PubChem candidate
2.0586953,-56.504925,PubChem candidate
62.189068,-58.07721,PubChem candidate
-6.9148707,-21.101196,PubChem candidate
21.430521,-55.90644,PubChem candidate
-15.58229,-22.22673,PubChem candidate
46.51127,-36.4502,PubChem candidate
-53.11919,-28.74779,PubChem candidate
-52.5187,-62.18035,PubChem candidate
104.22474,-37.83075,PubChem candidate
25.880827,-55.565964,PubChem candidate
-60.880024,9.868407,PubChem candidate
59.658154,-53.46176,PubChem candidate
-58.43846,-48.452892,PubChem candidate
76.923515,-4.1826925,PubChem candidate
86.4934,50.945377,PubChem candidate
-55.17639,-21.174627,PubChem candidate
-24.22065,-101.233345,PubChem candidate
-61.74876,-57.895214,PubChem candidate
-19.795607,-23.464901,PubChem candidate
8.300648,2.222805,PubChem candidate
-66.43428,-45.8503,PubChem candidate
-37.45868,-23.430975,PubChem candidate
-62.306023,-44.784233,PubChem candidate
5.284965,-48.172997,PubChem candidate
12.436634,-10.301646,PubChem candidate
-43.066643,-6.0948315,PubChem candidate
75.20198,10.768679,PubChem candidate
-10.66972,14.64612,PubChem candidate
-33.537727,-72.27279,PubChem candidate
-90.15097,22.970566,PubChem candidate
63.8033,-68.43636,PubChem candidate
54.954216,0.3235089,PubChem candidate
-3.6087515,-7.2202115,PubChem candidate
94.15315,-22.042122,PubChem candidate
59.87703,-72.87406,PubChem candidate
-78.9103,-0.81483454,PubChem candidate
-14.493465,58.480427,PubChem candidate
-65.46701,1.6192439,PubChem candidate
-128.45421,0.08883958,PubChem candidate
-28.79689,-84.48712,PubChem candidate
-19.103704,54.928215,PubChem candidate
-17.230888,73.41997,PubChem candidate
-4.217769,-2.9880383,PubChem candidate
-110.15881,-3.5181122,PubChem candidate
56.50454,-43.23715,PubChem candidate
-44.854053,45.303356,PubChem candidate
9.0672,-43.77686,PubChem candidate
0.32616493,-107.432335,PubChem candidate
66.333305,-0.85631204,PubChem candidate
-72.09194,-47.603577,PubChem candidate
1.6856651,-8.217106,PubChem candidate
-37.23598,-23.390766,PubChem candidate
70.74724,10.045676,PubChem candidate
-49.304,33.22715,PubChem candidate
104.77445,2.0828495,PubChem candidate
63.02966,-55.862423,PubChem candidate
70.28092,25.857773,PubChem candidate
10.731501,111.034676,PubChem candidate
19.894997,-61.48094,PubChem candidate
106.375305,-37.157604,PubChem candidate
-71.050026,12.518422,PubChem candidate
31.38845,-41.770123,PubChem candidate
52.57656,-42.030598,PubChem candidate
101.58795,-32.31846,PubChem candidate
104.17826,36.091778,PubChem candidate
40.66055,-56.089283,PubChem candidate
51.699142,-76.74759,PubChem candidate
30.371428,33.20878,PubChem candidate
-113.182655,-1.9423225,PubChem candidate
58.22068,-81.58076,PubChem candidate
-15.562402,55.082436,PubChem candidate
6.751815,-12.095144,PubChem candidate
-48.48016,-83.37901,PubChem candidate
54.951355,-23.801252,PubChem candidate
-102.83272,27.259819,PubChem candidate
-40.98039,70.397026,PubChem candidate
4.0366645,-12.8019,PubChem candidate
3.5284243,-70.96352,PubChem candidate
-43.220646,20.637905,PubChem candidate
27.38059,-31.249094,PubChem candidate
-16.263445,51.196156,PubChem candidate
16.346579,-32.128933,PubChem candidate
-66.660805,9.945345,PubChem candidate
66.38973,-73.36013,PubChem candidate
89.65555,57.623432,PubChem candidate
24.902987,-29.58638,PubChem candidate
-69.05377,-57.259983,PubChem candidate
-66.99253,-62.656723,PubChem candidate
24.490639,-32.06049,PubChem candidate
76.22099,10.423059,PubChem candidate
-105.04018,16.71386,PubChem candidate
114.58028,-11.867347,PubChem candidate
-26.111216,95.684265,PubChem candidate
-44.962944,83.80222,PubChem candidate
16.7762,4.314699,PubChem candidate
50.65867,-43.16258,PubChem candidate
13.7732935,-108.35282,PubChem candidate
37.521694,-73.88605,PubChem candidate
54.340748,-21.068579,PubChem candidate
-52.95303,-30.204887,PubChem candidate
65.97286,-14.270599,PubChem candidate
0.28919533,-53.16175,PubChem candidate
-101.69166,-33.846107,PubChem candidate
-38.157074,-19.900236,PubChem candidate
4.504176,-9.400308,PubChem candidate
112.497826,-28.35658,PubChem candidate
16.683924,-2.1009526,PubChem candidate
94.50687,-42.078045,PubChem candidate
-2.1765008,8.767167,PubChem candidate
-15.79618,-20.677063,PubChem candidate
72.721756,30.478899,PubChem candidate
2.2053783,110.71537,PubChem candidate
116.14612,-18.47887,PubChem candidate
42.01369,49.475033,PubChem candidate
20.061848,-66.02017,PubChem candidate
113.07481,-23.29021,PubChem candidate
14.00227,-67.359314,PubChem candidate
-33.788967,-6.69949,PubChem candidate
-76.86929,-2.9338021,PubChem candidate
-134.23209,-7.837965,PubChem candidate
0.10050051,-60.250183,PubChem candidate
10.940115,-1.8292646,PubChem candidate
3.9284549,-56.698147,PubChem candidate
63.025047,26.32986,PubChem candidate
-69.94124,13.703591,PubChem candidate
-38.87172,68.88215,PubChem candidate
-36.004223,-24.01077,PubChem candidate
15.656788,-8.479345,PubChem candidate
-48.545197,-17.53653,PubChem candidate
72.57731,18.176458,PubChem candidate
-30.85732,23.518984,PubChem candidate
-46.73733,68.66344,PubChem candidate
-22.392591,34.07787,PubChem candidate
57.771564,-44.858067,PubChem candidate
96.85026,21.543114,PubChem candidate
106.86359,-40.641335,PubChem candidate
66.31422,1.7175962,PubChem candidate
-20.18961,-17.216751,PubChem candidate
18.7407,-36.50277,PubChem candidate
-46.511974,-81.61296,PubChem candidate
57.44878,2.8748927,PubChem candidate
102.85101,3.2264495,PubChem candidate
62.373013,25.948984,PubChem candidate
49.862137,-20.88827,PubChem candidate
-54.679447,-53.75913,PubChem candidate
-44.09012,43.726387,PubChem candidate
-15.438109,-108.83559,PubChem candidate
-121.64406,-9.454592,PubChem candidate
-104.34877,-26.014196,PubChem candidate
-44.165405,-18.742363,PubChem candidate
59.552135,4.6090455,PubChem candidate
-78.49603,-1.9490287,PubChem candidate
-56.28159,69.04769,PubChem candidate
64.14251,-71.78268,PubChem candidate
49.39775,-13.491034,PubChem candidate
27.329617,-28.562815,PubChem candidate
-104.45042,-21.512756,PubChem candidate
-13.9335985,41.993004,PubChem candidate
60.707123,14.698639,PubChem candidate
-32.437073,36.687164,PubChem candidate
-44.80419,71.98375,PubChem candidate
76.533585,9.525692,PubChem candidate
111.90087,-27.17537,PubChem candidate
25.780748,-35.760895,PubChem candidate
108.6614,-1.0864273,PubChem candidate
107.74931,22.85668,PubChem candidate
45.79708,-47.89684,PubChem candidate
-29.453968,-22.122133,PubChem candidate
21.813385,-32.058887,PubChem candidate
114.69226,-14.205461,PubChem candidate
67.66319,-12.912021,PubChem candidate
4.1335974,-57.597576,PubChem candidate
-89.671394,-18.997543,PubChem candidate
-91.30839,-20.008102,PubChem candidate
18.627527,-32.418144,PubChem candidate
1.3825717,-64.229546,PubChem candidate
-67.10025,-62.64159,PubChem candidate
109.91222,-32.854,PubChem candidate
71.22761,-42.952538,PubChem candidate
-102.748245,26.246202,PubChem candidate
63.04497,-56.574745,PubChem candidate
8.269549,-70.115204,PubChem candidate
-35.666306,37.777252,PubChem candidate
60.780712,-70.6869,PubChem candidate
-38.407547,-25.671545,PubChem candidate
-68.2265,-62.43636,PubChem candidate
-14.014044,43.91802,PubChem candidate
37.568844,7.2839704,PubChem candidate
-13.932683,-88.238014,PubChem candidate
32.843502,43.17518,PubChem candidate
5.3449,-3.15192,PubChem candidate
55.80781,-5.677005,PubChem candidate
66.09543,-14.451018,PubChem candidate
-39.008965,-9.745046,PubChem candidate
115.44783,-31.240711,PubChem candidate
97.41933,32.621197,PubChem candidate
37.52735,-75.26056,PubChem candidate
38.17578,-65.036835,PubChem candidate
16.963362,-35.90918,PubChem candidate
95.80522,-19.114882,PubChem candidate
-111.9771,0.5729673,PubChem candidate
100.4299,-18.009378,PubChem candidate
-23.92486,-82.43802,PubChem candidate
62.491432,-75.73658,PubChem candidate
96.703,-39.564365,PubChem candidate
-68.578316,13.607699,PubChem candidate
-43.473328,44.715935,PubChem candidate
35.775368,-31.141897,PubChem candidate
5.5472274,-58.135036,PubChem candidate
70.8638,24.416533,PubChem candidate
104.791916,1.7360828,PubChem candidate
-11.168088,-3.8008227,PubChem candidate
73.01446,-43.04215,PubChem candidate
-58.81044,-47.227947,PubChem candidate
62.47235,5.6032877,PubChem candidate
25.265776,-54.02097,PubChem candidate
70.35985,24.177628,PubChem candidate
-7.939025,74.11595,PubChem candidate
55.09366,26.355457,PubChem candidate
68.097145,-62.78178,PubChem candidate
-10.266482,11.270632,PubChem candidate
43.783356,-52.631058,PubChem candidate
109.83243,1.6446013,PubChem candidate
12.132971,-8.147381,PubChem candidate
47.502575,-6.241672,PubChem candidate
54.13194,25.758091,PubChem candidate
96.253235,-40.258034,PubChem candidate
-52.51184,-76.725746,PubChem candidate
-17.484213,59.653576,PubChem candidate
65.660324,-55.975277,PubChem candidate
49.96084,-85.791466,PubChem candidate
51.551865,-18.944374,PubChem candidate
55.557133,-78.838455,PubChem candidate
66.35978,-67.43653,PubChem candidate
51.052803,-5.452768,PubChem candidate
-26.094366,-23.037205,PubChem candidate
44.691483,-86.53109,PubChem candidate
98.99995,-40.79024,PubChem candidate
10.999247,10.593353,PubChem candidate
29.07913,28.565855,PubChem candidate
67.09432,11.141967,PubChem candidate
48.553486,-10.490475,PubChem candidate
93.93846,-22.68399,PubChem candidate
67.89906,4.7772665,PubChem candidate
89.67787,57.385983,PubChem candidate
-14.41639,-10.361284,PubChem candidate
-10.849518,-21.786095,PubChem candidate
2.8464718,-63.18786,PubChem candidate
8.404359,-66.01997,PubChem candidate
-43.11887,-22.14998,PubChem candidate
-52.519775,-20.274063,PubChem candidate
97.964386,-37.433987,PubChem candidate
-11.188375,106.333496,PubChem candidate
72.53099,31.013885,PubChem candidate
-24.086712,40.397804,PubChem candidate
-106.72898,-7.526237,PubChem candidate
114.51704,-29.262878,PubChem candidate
101.76032,-39.970078,PubChem candidate
-70.47406,-52.3106,PubChem candidate
52.055534,-7.7713304,PubChem candidate
40.05759,15.11763,PubChem candidate
108.50999,36.693462,PubChem candidate
49.921967,-87.49159,PubChem candidate
36.551888,40.720455,PubChem candidate
56.09335,-44.96958,PubChem candidate
-16.102282,51.27524,PubChem candidate
42.34919,-70.44442,PubChem candidate
41.482048,-60.675144,PubChem candidate
50.839184,-10.0116005,PubChem candidate
-92.16211,-1.0422775,PubChem candidate
-14.833972,57.40756,PubChem candidate
-55.02086,66.056366,PubChem candidate
-20.443981,-15.677076,PubChem candidate
10.839768,-47.50321,PubChem candidate
62.0473,-50.502144,PubChem candidate
-10.120055,41.29135,PubChem candidate
9.256096,17.889408,PubChem candidate
-16.312784,-99.35821,PubChem candidate
3.5930762,-57.864925,PubChem candidate
-31.488157,-83.19066,PubChem candidate
45.698437,-49.737015,PubChem candidate
25.329245,-54.876072,PubChem candidate
-27.753004,-28.71534,PubChem candidate
99.86229,-36.196014,PubChem candidate
-48.4196,-17.847254,PubChem candidate
88.32911,54.671864,PubChem candidate
24.24899,-29.384127,PubChem candidate
17.731647,-32.14897,PubChem candidate
48.742397,-16.810242,PubChem candidate
98.72424,-41.46123,PubChem candidate
94.698105,-11.461286,PubChem candidate
4.9617996,-8.440143,PubChem candidate
47.63696,-48.31731,PubChem candidate
67.42942,11.818852,PubChem candidate
6.063079,-74.33477,PubChem candidate
95.301865,-7.2434793,PubChem candidate
48.584667,-9.63916,PubChem candidate
-105.07606,-26.07844,PubChem candidate
95.12972,21.615967,PubChem candidate
95.70111,-39.48563,PubChem candidate
69.80864,2.6857285,PubChem candidate
-43.518456,-18.586473,PubChem candidate
-20.23536,94.32353,PubChem candidate
-46.976265,82.49952,PubChem candidate
18.377695,-42.53145,PubChem candidate
-67.72351,-48.840565,PubChem candidate
6.880709,-13.748645,PubChem candidate
78.50697,-3.4872494,PubChem candidate
-80.28869,-2.9530346,PubChem candidate
-37.00751,37.858932,PubChem candidate
-47.85492,39.459442,PubChem candidate
34.652454,-31.68525,PubChem candidate
53.546017,-42.586254,PubChem candidate
-97.09339,-33.50145,PubChem candidate
-24.622772,-27.327383,PubChem candidate
-25.798761,-30.093176,PubChem candidate
-2.2043943,8.015717,PubChem candidate
-44.478462,67.282196,PubChem candidate
-35.937145,32.649216,PubChem candidate
18.772022,-42.070866,PubChem candidate
90.6369,-25.16805,PubChem candidate
-25.559376,96.77263,PubChem candidate
2.0307744,-12.335966,PubChem candidate
110.07963,-2.9072187,PubChem candidate
76.53716,-4.1127687,PubChem candidate
71.823204,33.186535,PubChem candidate
30.109137,37.53081,PubChem candidate
113.2781,-4.2609525,PubChem candidate
104.474335,-25.3386,PubChem candidate
-8.78984,10.92307,PubChem candidate
-49.471977,77.7361,PubChem candidate
83.34798,54.08631,PubChem candidate
-51.03736,-75.375015,PubChem candidate
-61.082302,9.255866,PubChem candidate
65.567635,-73.212685,PubChem candidate
45.884537,14.014796,PubChem candidate
68.73201,-76.82252,PubChem candidate
60.86431,-80.07342,PubChem candidate
42.173176,-59.004616,PubChem candidate
42.741474,-61.02431,PubChem candidate
-102.42518,4.58486,PubChem candidate
14.566688,13.827688,PubChem candidate
-35.8107,38.366142,PubChem candidate
18.60437,-7.808276,PubChem candidate
-75.630486,9.1068,PubChem candidate
91.994225,-15.923048,PubChem candidate
-67.37844,-1.2836514,PubChem candidate
-23.273548,39.088757,PubChem candidate
46.82335,-36.578575,PubChem candidate
41.713497,-63.73737,PubChem candidate
92.26229,-9.612203,PubChem candidate
-33.503452,-27.285927,PubChem candidate
35.87446,-32.322243,PubChem candidate
-75.55799,-58.16216,PubChem candidate
110.29157,-3.8722441,PubChem candidate
-124.06229,-9.848096,PubChem candidate
-44.10948,-44.871475,PubChem candidate
-6.9607778,-0.16928568,PubChem candidate
-53.130592,67.26283,PubChem candidate
-48.586494,-27.989126,PubChem candidate
27.855822,-30.905903,PubChem candidate
-26.928375,69.540695,PubChem candidate
105.84586,2.42687,PubChem candidate
43.56223,29.848137,PubChem candidate
0.45504016,81.60939,PubChem candidate
60.06683,-70.9267,PubChem candidate
-40.179966,-18.086657,PubChem candidate
76.59271,7.5021887,PubChem candidate
29.566978,-29.820288,PubChem candidate
-35.76987,38.597378,PubChem candidate
54.733906,28.801468,PubChem candidate
-122.94995,-11.449134,PubChem candidate
75.089615,10.331444,PubChem candidate
10.813616,-47.055763,PubChem candidate
-50.258068,41.6084,PubChem candidate
-16.001816,107.76059,PubChem candidate
38.29292,-68.535965,PubChem candidate
-51.869778,-20.656706,PubChem candidate
109.59145,23.060875,PubChem candidate
24.895184,-35.082954,PubChem candidate
109.35503,-38.35866,PubChem candidate
2.008846,110.80698,PubChem candidate
49.930614,-6.338253,PubChem candidate
-34.74957,-23.877335,PubChem candidate
-38.52021,-12.3901205,PubChem candidate
62.370796,7.7534246,PubChem candidate
15.714852,-1.8879665,PubChem candidate
-79.33307,-9.425241,PubChem candidate
-68.481995,-1.594826,PubChem candidate
21.964962,-59.761837,PubChem candidate
-68.80928,-47.836918,PubChem candidate
116.20254,30.573286,PubChem candidate
-36.38689,-20.074322,PubChem candidate
-48.526165,39.14626,PubChem candidate
104.68921,-3.3186624,PubChem candidate
47.941936,-2.7812762,PubChem candidate
-72.412415,-47.766113,PubChem candidate
112.52647,-7.2751904,PubChem candidate
-2.4057238,18.896748,PubChem candidate
33.54676,-38.845905,PubChem candidate
57.472622,-81.626915,PubChem candidate
45.561813,-53.262222,PubChem candidate
53.659126,-23.463308,PubChem candidate
9.144277,-50.26795,PubChem candidate
4.234809,-45.568398,PubChem candidate
10.747461,7.3501506,PubChem candidate
80.28316,37.626076,PubChem candidate
-95.23247,30.492756,PubChem candidate
87.31658,50.870594,PubChem candidate
26.936813,24.509243,PubChem candidate
8.058798,-60.927376,PubChem candidate
15.3896675,-37.05505,PubChem candidate
-71.39493,-54.692436,PubChem candidate
58.85425,-81.089226,PubChem candidate
94.67165,-15.282547,PubChem candidate
62.45368,6.2905917,PubChem candidate
32.363674,8.0326605,PubChem candidate
-2.2908845,18.141115,PubChem candidate
-96.52942,28.046783,PubChem candidate
24.591236,4.630387,PubChem candidate
-54.49726,67.98174,PubChem candidate
-13.437865,13.6903105,PubChem candidate
11.891779,-44.319565,PubChem candidate
37.576424,-73.893196,PubChem candidate
46.5343,-36.217533,PubChem candidate
94.17624,32.461613,PubChem candidate
28.688787,28.724026,PubChem candidate
110.703224,23.501596,PubChem candidate
93.71284,33.095314,PubChem candidate
2.6990426,13.143648,PubChem candidate
-2.9850352,-100.50171,PubChem candidate
39.13409,-63.970974,PubChem candidate
-20.514448,-6.4411054,PubChem candidate
78.79129,38.17511,PubChem candidate
117.72184,-9.650261,PubChem candidate
-28.524597,-14.534097,PubChem candidate
42.746082,-61.23911,PubChem candidate
-51.823746,35.361656,PubChem candidate
110.051125,-1.635384,PubChem candidate
-10.87904,71.92926,PubChem candidate
45.91186,-47.007545,PubChem candidate
-108.89253,-27.703377,PubChem candidate
-13.652468,-27.499178,PubChem candidate
-48.53203,-11.970082,PubChem candidate
-52.075813,-71.46118,PubChem candidate
39.009415,28.344194,PubChem candidate
50.371956,-16.434036,PubChem candidate
59.49497,1.3371073,PubChem candidate
-3.613589,21.1033,PubChem candidate
-23.94388,93.12683,PubChem candidate
96.002205,-41.81097,PubChem candidate
13.322412,15.65057,PubChem candidate
115.24743,-14.352806,PubChem candidate
93.942276,-21.735628,PubChem candidate
55.666477,-15.765066,PubChem candidate
5.06731,-8.222601,PubChem candidate
-94.389565,28.497906,PubChem candidate
12.007346,-10.90796,PubChem candidate
-95.35897,28.669765,PubChem candidate
-36.145317,-23.819584,PubChem candidate
-48.97921,-13.247438,PubChem candidate
-109.801025,-28.548096,PubChem candidate
98.9243,33.368702,PubChem candidate
-10.459288,-6.116029,PubChem candidate
56.21097,24.479197,PubChem candidate
-106.98496,-8.842829,PubChem candidate
-29.351498,-21.071133,PubChem candidate
-31.980803,-23.25148,PubChem candidate
113.37508,-28.716703,PubChem candidate
-33.228584,22.984678,PubChem candidate
-42.89139,41.649044,PubChem candidate
54.075253,-25.768051,PubChem candidate
-22.48559,-92.55877,PubChem candidate
-98.131096,-32.734486,PubChem candidate
106.81392,25.112871,PubChem candidate
94.18036,32.4621,PubChem candidate
-22.704279,35.062733,PubChem candidate
16.368298,-2.4168348,PubChem candidate
33.28181,-39.39616,PubChem candidate
15.132196,-33.77667,PubChem candidate
10.073778,-41.7494,PubChem candidate
-22.704248,-83.47643,PubChem candidate
95.8966,-6.603515,PubChem candidate
32.8009,9.671155,PubChem candidate
-51.07638,67.23628,PubChem candidate
54.181034,-21.021358,PubChem candidate
-6.2832427,93.96564,PubChem candidate
46.6122,-92.20306,PubChem candidate
13.434901,6.9579616,PubChem candidate
105.28076,23.202648,PubChem candidate
87.19506,24.983912,PubChem candidate
68.44967,-47.09034,PubChem candidate
79.74858,44.842705,PubChem candidate
-22.874865,44.72507,PubChem candidate
-28.73843,-11.712004,PubChem candidate
5.3869815,24.572163,PubChem candidate
24.030201,25.637854,PubChem candidate
82.6712,49.59999,PubChem candidate
-6.4557576,45.444496,PubChem candidate
98.845505,-40.773567,PubChem candidate
39.350685,-89.95629,PubChem candidate
114.152145,-30.929783,PubChem candidate
68.71363,-77.98206,PubChem candidate
56.109077,27.576164,PubChem candidate
8.694156,20.98015,PubChem candidate
-96.02146,6.97711,PubChem candidate
-41.482723,-12.189623,PubChem candidate
14.856187,-49.993755,PubChem candidate
76.792496,10.179859,PubChem candidate
-124.06047,-10.910008,PubChem candidate
-32.091225,40.501705,PubChem candidate
-104.01559,26.876894,PubChem candidate
-107.264175,9.281372,PubChem candidate
73.76561,4.927324,PubChem candidate
-53.118614,-15.24812,PubChem candidate
11.778662,-2.3401356,PubChem candidate
93.511246,25.125404,PubChem candidate
-104.086845,-14.267848,PubChem candidate
8.125006,-49.411854,PubChem candidate
-97.74713,29.530415,PubChem candidate
6.629875,-46.13297,PubChem candidate
10.098328,13.365877,PubChem candidate
-53.686676,-28.775845,PubChem candidate
5.6843147,-62.89479,PubChem candidate
38.221184,-68.45323,PubChem candidate
-47.990307,-72.629585,PubChem candidate
-28.345726,-10.806474,PubChem candidate
45.97779,13.945513,PubChem candidate
52.031357,-23.42176,PubChem candidate
-0.5374485,-63.507084,PubChem candidate
42.597965,-60.7041,PubChem candidate
114.29539,-20.299475,PubChem candidate
-35.500355,-16.047155,PubChem candidate
100.38418,35.4878,PubChem candidate
58.274353,4.1711884,PubChem candidate
13.910345,-105.40446,PubChem candidate
20.403019,-59.667416,PubChem candidate
111.530754,-24.512812,PubChem candidate
-9.643508,3.2869105,PubChem candidate
19.595596,-33.09448,PubChem candidate
59.152657,-47.06702,PubChem candidate
76.49346,0.4116086,PubChem candidate
41.3163,-67.6497,PubChem candidate
74.565445,-39.6366,PubChem candidate
-30.391739,45.50228,PubChem candidate
48.441658,-15.077837,PubChem candidate
-6.8323736,-100.49076,PubChem candidate
-23.805817,-91.94771,PubChem candidate
-66.94881,-0.6789386,PubChem candidate
-42.858078,-22.004932,PubChem candidate
-83.77578,5.404629,PubChem candidate
-28.180632,108.47975,PubChem candidate
-31.03101,-44.391758,PubChem candidate
-90.51835,-19.953714,PubChem candidate
116.14426,-7.976139,PubChem candidate
-54.426388,67.59418,PubChem candidate
21.486183,-66.128784,PubChem candidate
19.291508,-6.8625417,PubChem candidate
-72.44671,4.1436324,PubChem candidate
-1.1322112,18.89677,PubChem candidate
73.65674,-38.776787,PubChem candidate
47.988354,-6.8114514,PubChem candidate
86.69436,56.625355,PubChem candidate
65.913315,-76.18934,PubChem candidate
68.131035,-12.244841,PubChem candidate
96.86376,25.32758,PubChem candidate
111.74481,-23.649815,PubChem candidate
111.79962,-26.358944,PubChem candidate
17.61266,-58.093826,PubChem candidate
101.795425,3.2720218,PubChem candidate
-112.93744,0.90868586,PubChem candidate
92.82948,-22.910032,PubChem candidate
-47.397366,-13.512528,PubChem candidate
-44.540054,39.449005,PubChem candidate
-91.19304,22.109716,PubChem candidate
-34.7692,42.42962,PubChem candidate
111.24624,25.65464,PubChem candidate
94.49711,-21.136322,PubChem candidate
9.81613,16.907097,PubChem candidate
71.65849,30.29801,PubChem candidate
0.17049526,0.08868647,PubChem candidate
113.982796,27.494623,PubChem candidate
28.845448,-32.547997,PubChem candidate
7.683391,4.984724,PubChem candidate
114.81912,-27.124512,PubChem candidate
-69.67878,-3.3659914,PubChem candidate
-10.628201,-21.736576,PubChem candidate
48.537037,-2.9525976,PubChem candidate
-40.80043,71.25971,PubChem candidate
-91.89998,21.069374,PubChem candidate
64.99233,-64.37142,PubChem candidate
104.86391,-34.981155,PubChem candidate
46.63561,-48.226494,PubChem candidate
-106.18423,-13.098994,PubChem candidate
-41.211266,21.96979,PubChem candidate
-22.176935,-6.35203,PubChem candidate
44.619385,-60.37739,PubChem candidate
-76.760994,6.328402,PubChem candidate
-22.054405,68.96795,PubChem candidate
112.44444,-6.9387717,PubChem candidate
103.78014,-24.034187,PubChem candidate
107.56655,-1.0936884,PubChem candidate
62.40634,-49.80164,PubChem candidate
21.22005,39.97781,PubChem candidate
-33.96372,-15.903943,PubChem candidate
4.030515,-10.231657,PubChem candidate
-102.40791,22.852402,PubChem candidate
-77.8521,-1.2900752,PubChem candidate
-28.440847,-11.412612,PubChem candidate
88.633804,58.488876,PubChem candidate
-99.98471,-39.331013,PubChem candidate
86.81825,-26.31377,PubChem candidate
-58.49727,-47.568314,PubChem candidate
-67.81589,0.99869573,PubChem candidate
-0.36556616,17.170334,PubChem candidate
64.948135,-67.29145,PubChem candidate
43.516136,-50.87553,PubChem candidate
38.705704,29.079605,PubChem candidate
41.56206,-89.53994,PubChem candidate
101.6234,-39.613037,PubChem candidate
-24.677551,-95.977646,PubChem candidate
1.9949459,-11.148023,PubChem candidate
-22.59536,34.985905,PubChem candidate
50.0982,-17.300219,PubChem candidate
-18.511627,-107.173546,PubChem candidate
14.397412,2.7372766,PubChem candidate
52.614986,-22.27876,PubChem candidate
45.37996,-48.806713,PubChem candidate
112.897064,-23.876743,PubChem candidate
82.114685,48.68704,PubChem candidate
65.75114,-56.26772,PubChem candidate
25.913065,-55.612595,PubChem candidate
47.960648,-38.2158,PubChem candidate
7.533271,-73.00406,PubChem candidate
-9.413545,-21.585274,PubChem candidate
-14.755322,58.5101,PubChem candidate
112.21159,-21.10586,PubChem candidate
-25.525028,-82.151054,PubChem candidate
-39.849648,-8.977386,PubChem candidate
-33.52851,44.255634,PubChem candidate
42.68273,-70.39732,PubChem candidate
114.29667,-20.021702,PubChem candidate
53.84244,-21.228754,PubChem candidate
66.22855,8.760204,PubChem candidate
-12.937175,-14.917337,PubChem candidate
62.432663,-0.050156057,PubChem candidate
46.067066,-87.950356,PubChem candidate
22.18876,-3.875209,PubChem candidate
-77.45554,7.5880055,PubChem candidate
-13.243518,-40.816006,PubChem candidate
19.045929,-6.8612237,PubChem candidate
-8.834245,46.433598,PubChem candidate
61.412735,-72.639046,PubChem candidate
-0.0036454217,85.459465,PubChem candidate
-39.57558,-15.092333,PubChem candidate
-64.16538,-45.99363,PubChem candidate
-68.489426,10.008794,PubChem candidate
58.80172,1.0953918,PubChem candidate
58.112545,-45.488457,PubChem candidate
-51.37635,-12.332309,PubChem candidate
11.422957,111.02482,PubChem candidate
-62.58666,3.427233,PubChem candidate
-30.465229,71.169044,PubChem candidate
62.480873,-50.347424,PubChem candidate
42.09606,-60.464962,PubChem candidate
-1.6956458,98.59987,PubChem candidate
-13.633344,-1.5619665,PubChem candidate
96.141136,26.224379,PubChem candidate
62.72134,-74.94811,PubChem candidate
44.579144,29.270763,PubChem candidate
78.98918,38.715828,PubChem candidate
45.807476,-36.097885,PubChem candidate
17.7327,-13.974343,PubChem candidate
44.383568,-56.657654,PubChem candidate
64.36563,23.713707,PubChem candidate
-36.6843,-15.472487,PubChem candidate
7.7989974,-14.991208,PubChem candidate
57.596733,-6.602918,PubChem candidate
76.36531,6.169293,PubChem candidate
-37.052685,69.54999,PubChem candidate
51.155033,-41.13454,PubChem candidate
66.84596,-12.928502,PubChem candidate
-111.84034,-30.304424,PubChem candidate
48.171463,-5.250282,PubChem candidate
-30.301256,-25.145248,PubChem candidate
95.19393,-14.413492,PubChem candidate
-49.462246,81.547066,PubChem candidate
-15.116726,-32.784115,PubChem candidate
13.848959,-58.668507,PubChem candidate
-9.307078,11.3236685,PubChem candidate
-44.754734,38.971767,PubChem candidate
18.30978,-58.766586,PubChem candidate
-25.581839,-55.037495,PubChem candidate
55.046528,25.431099,PubChem candidate
0.31184903,-59.83033,PubChem candidate
116.71264,28.316874,PubChem candidate
75.33202,10.253935,PubChem candidate
-98.19612,19.6536,PubChem candidate
20.316114,4.5541563,PubChem candidate
64.066826,-19.708086,PubChem candidate
9.450598,12.014871,PubChem candidate
71.05962,20.834375,PubChem candidate
0.32830966,-53.58389,PubChem candidate
112.83012,-23.432085,PubChem candidate
117.23608,-14.112603,PubChem candidate
44.021183,-91.69624,PubChem candidate
-37.51768,23.170881,PubChem candidate
-63.615803,-50.04011,PubChem candidate
-31.502684,-15.777194,PubChem candidate
3.1279829,-69.636925,PubChem candidate
-13.222809,-26.488358,PubChem candidate
39.287174,-91.97476,PubChem candidate
27.340195,-54.939064,PubChem candidate
17.005703,-32.567883,PubChem candidate
51.031918,-82.728935,PubChem candidate
-103.2924,22.323889,PubChem candidate
102.885544,24.105965,PubChem candidate
94.90222,-20.431389,PubChem candidate
76.47596,37.751698,PubChem candidate
94.7763,-10.687784,PubChem candidate
93.803856,33.381676,PubChem candidate
10.212172,5.1347675,PubChem candidate
-44.425262,-26.638134,PubChem candidate
27.022642,-30.215816,PubChem candidate
13.373134,-68.83409,PubChem candidate
67.36531,-76.760994,PubChem candidate
20.591087,40.968018,PubChem candidate
96.56095,22.521852,PubChem candidate
101.38777,-32.39483,PubChem candidate
48.437508,-5.6708946,PubChem candidate
66.15278,-69.26208,PubChem candidate
105.06865,-24.319582,PubChem candidate
-60.784954,10.234802,PubChem candidate
114.48181,-28.633509,PubChem candidate
-11.448689,70.181984,PubChem candidate
0.8761885,18.79968,PubChem candidate
25.735363,-32.527763,PubChem candidate
-87.314926,-2.3888628,PubChem candidate
-28.895771,99.171104,PubChem candidate
67.19535,9.580845,PubChem candidate
-33.07719,98.23019,PubChem candidate
-37.215294,-10.014335,PubChem candidate
70.935104,-43.424137,PubChem candidate
-111.4774,-5.065234,PubChem candidate
21.202156,-32.521862,PubChem candidate
60.709846,-64.74965,PubChem candidate
49.784885,-20.225462,PubChem candidate
91.49854,-30.2281,PubChem candidate
-45.156265,38.56822,PubChem candidate
72.85511,37.561806,PubChem candidate
-17.609734,-27.982943,PubChem candidate
-15.410555,56.656033,PubChem candidate
96.662384,-4.6263013,PubChem candidate
-17.76377,74.60419,PubChem candidate
-103.00868,5.622846,PubChem candidate
5.873046,17.443249,PubChem candidate
-37.594227,-10.374909,PubChem candidate
10.207785,11.830134,PubChem candidate
-55.642735,40.051624,PubChem candidate
104.95093,-23.601488,PubChem candidate
-8.526915,40.13469,PubChem candidate
-41.744965,38.567276,PubChem candidate
-4.661495,-100.704636,PubChem candidate
-106.5628,-26.266771,PubChem candidate
-25.923508,72.42717,PubChem candidate
100.55004,4.0564585,PubChem candidate
37.950428,-66.976456,PubChem candidate
71.001144,20.963583,PubChem candidate
-16.193155,54.86827,PubChem candidate
53.54724,-26.892988,PubChem candidate
33.35731,8.853778,PubChem candidate
59.40398,-49.525715,PubChem candidate
26.29879,-29.168346,PubChem candidate
-52.319702,-62.51087,PubChem candidate
70.34444,32.301933,PubChem candidate
-102.31101,-33.60484,PubChem candidate
94.262245,-16.491713,PubChem candidate
-72.584564,-48.648445,PubChem candidate
-38.214935,24.268658,PubChem candidate
-8.69226,39.86891,PubChem candidate
-65.01017,-45.7547,PubChem candidate
-26.551231,-11.52736,PubChem candidate
-27.138908,-4.5680656,PubChem candidate
72.133575,-42.222042,PubChem candidate
6.5772047,-74.66124,PubChem candidate
61.486916,3.1846268,PubChem candidate
-15.09703,56.917286,PubChem candidate
5.0579305,-2.5261152,PubChem candidate
103.92309,-38.004044,PubChem candidate
79.9987,46.44573,PubChem candidate
-124.09944,-6.160699,PubChem candidate
95.9059,-10.049731,PubChem candidate
-0.12782869,-7.2949004,PubChem candidate
41.228924,-67.31155,PubChem candidate
-69.49268,-50.045654,PubChem candidate
12.2442045,-67.721886,PubChem candidate
91.10295,-21.472569,PubChem candidate
50.42242,-8.607043,PubChem candidate
-30.911922,97.21631,PubChem candidate
78.38097,-2.1962688,PubChem candidate
36.446205,26.65032,PubChem candidate
14.133813,-66.863846,PubChem candidate
-89.16103,-20.972256,PubChem candidate
-57.719337,10.102219,PubChem candidate
-97.21149,8.945847,PubChem candidate
-31.007952,-71.215454,PubChem candidate
23.341896,-61.762154,PubChem candidate
113.61585,-29.596226,PubChem candidate
-65.45969,-46.778088,PubChem candidate
-23.374935,114.10533,PubChem candidate
80.65507,46.335632,PubChem candidate
106.81305,23.036339,PubChem candidate
32.03138,42.53035,PubChem candidate
98.658,-41.628685,PubChem candidate
-35.79344,69.64925,PubChem candidate
-75.19967,16.204302,PubChem candidate
117.797775,32.057755,PubChem candidate
109.03289,-1.4359032,PubChem candidate
18.805325,-41.494354,PubChem candidate
67.635544,1.5005474,PubChem candidate
-31.524036,-71.60346,PubChem candidate
-45.97562,-17.31025,PubChem candidate
74.08932,9.051189,PubChem candidate
95.637634,-42.98434,PubChem candidate
32.46081,-40.57379,PubChem candidate
75.041046,-1.7203244,PubChem candidate
-97.7044,-37.541733,PubChem candidate
29.531351,-30.934044,PubChem candidate
59.722775,-78.96451,PubChem candidate
-22.945436,68.27688,PubChem candidate
27.642967,-31.084492,PubChem candidate
-69.96878,-2.646958,PubChem candidate
47.285995,-82.05102,PubChem candidate
-17.867376,-12.496025,PubChem candidate
54.854713,-41.916496,PubChem candidate
-104.58056,-23.332237,PubChem candidate
-40.990856,-29.128086,PubChem candidate
-96.597435,16.078918,PubChem candidate
-132.5151,-2.9418576,PubChem candidate
-19.252808,-30.451544,PubChem candidate
-121.4043,-8.667675,PubChem candidate
-0.95113444,-62.2923,PubChem candidate
-129.9682,0.547957,PubChem candidate
-89.8741,20.578575,PubChem candidate
58.361065,28.833578,PubChem candidate
36.765327,35.47323,PubChem candidate
-122.905235,-7.721854,PubChem candidate
52.05634,-88.21864,PubChem candidate
-39.316456,-15.80416,PubChem candidate
67.597885,-73.88684,PubChem candidate
-22.543034,34.672787,PubChem candidate
41.588158,-61.641624,PubChem candidate
31.381235,-42.70641,PubChem candidate
59.8723,1.629623,PubChem candidate
-16.719383,59.300972,PubChem candidate
-28.35309,-98.478806,PubChem candidate
79.58624,46.802505,PubChem candidate
-34.28203,99.36597,PubChem candidate
38.46164,-64.42003,PubChem candidate
-111.076485,-4.792579,PubChem candidate
-45.02479,-81.17587,PubChem candidate
-42.57916,33.967106,PubChem candidate
66.47231,-14.453799,PubChem candidate
-10.715477,70.91496,PubChem candidate
8.330856,-68.87908,PubChem candidate
-69.80282,-0.9439581,PubChem candidate
47.205395,-37.58605,PubChem candidate
101.31685,35.001953,PubChem candidate
27.451492,-30.082846,PubChem candidate
115.86364,-17.435825,PubChem candidate
19.258493,-33.488533,PubChem candidate
-3.2466264,21.64225,PubChem candidate
-14.369644,82.30106,PubChem candidate
40.94372,-89.53649,PubChem candidate
-42.902596,-21.241266,PubChem candidate
-106.49585,5.631901,PubChem candidate
-45.759666,82.82459,PubChem candidate
-78.28631,-1.871387,PubChem candidate
69.342384,2.2498972,PubChem candidate
-12.687806,2.8679938,PubChem candidate
60.966152,-49.59374,PubChem candidate
104.285065,-34.867012,PubChem candidate
54.448627,-19.400318,PubChem candidate
94.72244,-20.52306,PubChem candidate
-18.449953,41.52285,PubChem candidate
55.208305,-23.04224,PubChem candidate
65.04773,-65.459435,PubChem candidate
68.681526,-44.812252,PubChem candidate
-60.455055,-57.10742,PubChem candidate
-64.9621,1.7639333,PubChem candidate
-62.432953,-58.13337,PubChem candidate
19.269936,0.024321051,PubChem candidate
-15.311782,-7.8417683,PubChem candidate
105.49572,-21.368916,PubChem candidate
-35.819523,69.62816,PubChem candidate
19.878382,-33.058548,PubChem candidate
-33.74033,-19.954422,PubChem candidate
-36.318428,43.32357,PubChem candidate
15.985396,18.054607,PubChem candidate
68.21151,-65.58756,PubChem candidate
61.874115,4.0744095,PubChem candidate
-13.689688,21.857128,PubChem candidate
62.82723,25.768854,PubChem candidate
-12.549114,-23.900772,PubChem candidate
1.8437662,-12.652743,PubChem candidate
-9.754945,74.050385,PubChem candidate
-10.8476715,45.18839,PubChem candidate
42.03104,-88.9105,PubChem candidate
-12.451342,69.18988,PubChem candidate
-8.754487,39.88585,PubChem candidate
-2.4606085,-111.33153,PubChem candidate
-46.052963,-30.693869,PubChem candidate
-9.178877,40.250923,PubChem candidate
20.12555,5.341672,PubChem candidate
-71.1782,-51.427742,PubChem candidate
-16.606487,72.611465,PubChem candidate
-35.41999,69.26023,PubChem candidate
71.59451,-42.702496,PubChem candidate
60.783974,-65.26265,PubChem candidate
-67.9948,-0.9998377,PubChem candidate
59.86717,25.22834,PubChem candidate
-77.220375,0.059293713,PubChem candidate
8.843153,-40.922028,PubChem candidate
106.24255,-39.456482,PubChem candidate
-12.111745,72.224106,PubChem candidate
-21.379938,-23.249434,PubChem candidate
-50.58033,-12.197884,PubChem candidate
85.133446,55.63271,PubChem candidate
-42.84363,38.261314,PubChem candidate
-46.764565,-15.973507,PubChem candidate
65.54901,8.94268,PubChem candidate
55.916924,-5.768971,PubChem candidate
13.146051,-109.048965,PubChem candidate
-40.802414,-16.67799,PubChem candidate
-31.340973,-71.7176,PubChem candidate
-58.71826,-63.754883,PubChem candidate
106.62438,-31.107803,PubChem candidate
67.05864,10.964887,PubChem candidate
5.646002,-74.52626,PubChem candidate
-65.66624,16.022823,PubChem candidate
-50.973465,-25.396896,PubChem candidate
-51.525654,-36.614563,PubChem candidate
47.66883,-45.07008,PubChem candidate
44.383892,-90.818855,PubChem candidate
-78.23114,-2.7282197,PubChem candidate
114.24105,-30.719698,PubChem candidate
53.945347,-41.729813,PubChem candidate
77.04962,36.298878,PubChem candidate
96.955666,-6.5033317,PubChem candidate
42.38414,-62.76626,PubChem candidate
-53.260574,-12.374353,PubChem candidate
104.28017,-36.788483,PubChem candidate
-70.4483,12.930828,PubChem candidate
106.930786,-35.87089,PubChem candidate
-52.09653,78.207275,PubChem candidate
106.39755,-33.237644,PubChem candidate
5.8833003,-71.72779,PubChem candidate
-34.44473,-60.94398,PubChem candidate
48.233536,-2.7811215,PubChem candidate
-0.48938656,-6.022931,PubChem candidate
9.479111,-5.243604,PubChem candidate
105.6057,-40.7149,PubChem candidate
70.88184,-14.482309,PubChem candidate
61.1006,-75.21934,PubChem candidate
50.87359,-21.816206,PubChem candidate
116.43213,-15.379581,PubChem candidate
105.92746,36.223537,PubChem candidate
108.82116,-0.30068076,PubChem candidate
40.717205,-90.15519,PubChem candidate
6.631037,-56.337666,PubChem candidate
95.53195,32.083435,PubChem candidate
-25.331041,29.089539,PubChem candidate
-88.05543,-20.835442,PubChem candidate
32.55671,24.97601,PubChem candidate
-33.289143,43.395306,PubChem candidate
4.9155455,-69.73641,PubChem candidate
-52.625515,-36.70602,PubChem candidate
55.372204,-79.51576,PubChem candidate
-69.7824,-51.501793,PubChem candidate
100.3127,-39.481903,PubChem candidate
25.799633,-56.17315,PubChem candidate
6.236344,-58.27763,PubChem candidate
64.709755,-78.090546,PubChem candidate
41.298946,-60.223946,PubChem candidate
-30.009365,40.79746,PubChem candidate
-18.147415,55.783924,PubChem candidate
-25.538824,28.81277,PubChem candidate
-96.94199,-40.605637,PubChem candidate
55.07265,28.80652,PubChem candidate
33.15339,8.394575,PubChem candidate
72.627754,52.09599,PubChem candidate
9.901248,22.242973,PubChem candidate
100.93853,37.361866,PubChem candidate
102.52028,-36.24499,PubChem candidate
-66.79969,16.202888,PubChem candidate
47.682796,-44.97452,PubChem candidate
-10.812078,-2.5644438,PubChem candidate
-10.575425,40.723866,PubChem candidate
114.98884,-7.4100065,PubChem candidate
32.28128,-42.4202,PubChem candidate
-35.74736,-46.158802,PubChem candidate
-8.758955,-32.786613,PubChem candidate
4.064382,-9.727694,PubChem candidate
9.39741,-5.2011194,PubChem candidate
-11.834482,-30.260254,PubChem candidate
94.915016,-20.630934,PubChem candidate
32.57397,-40.7382,PubChem candidate
100.263275,-37.12664,PubChem candidate
66.82227,-75.20871,PubChem candidate
41.510307,30.540361,PubChem candidate
-26.691484,-30.648779,PubChem candidate
82.888115,54.191193,PubChem candidate
-38.197243,-14.520286,PubChem candidate
85.62834,44.197575,PubChem candidate
-49.544033,-34.290638,PubChem candidate
-128.03723,-0.28589946,PubChem candidate
-11.115647,72.03334,PubChem candidate
2.0631292,-53.356796,PubChem candidate
94.53882,-20.421474,PubChem candidate
-16.122986,10.743052,PubChem candidate
-123.74804,-9.438792,PubChem candidate
64.1878,-17.12283,PubChem candidate
50.37433,-87.299835,PubChem candidate
117.67639,-10.31479,PubChem candidate
109.82947,1.6638287,PubChem candidate
41.502007,-92.14868,PubChem candidate
66.22404,-74.62413,PubChem candidate
-52.12241,-77.05517,PubChem candidate
1.3109442,-53.55668,PubChem candidate
39.64948,34.583897,PubChem candidate
-29.800632,41.2687,PubChem candidate
64.76115,8.501581,PubChem candidate
95.932434,31.51563,PubChem candidate
-74.02521,-54.574978,PubChem candidate
31.510487,25.285105,PubChem candidate
7.8608003,-59.903713,PubChem candidate
17.092533,-58.251442,PubChem candidate
109.328896,-1.5011051,PubChem candidate
65.26744,-58.150276,PubChem candidate
-63.480865,3.9967222,PubChem candidate
74.29892,-1.4036762,PubChem candidate
111.05778,29.42689,PubChem candidate
12.816845,-69.5599,PubChem candidate
85.182396,54.851593,PubChem candidate
-124.23453,-9.234204,PubChem candidate
56.936707,-51.018764,PubChem candidate
56.216805,24.482592,PubChem candidate
70.0544,25.34762,PubChem candidate
-37.40228,-46.07615,PubChem candidate
72.925514,-38.404793,PubChem candidate
79.83476,44.6947,PubChem candidate
4.161332,-12.823077,PubChem candidate
62.519295,-80.332504,PubChem candidate
-17.101393,43.856377,PubChem candidate
48.729263,-15.079102,PubChem candidate
65.97718,-13.9672985,PubChem candidate
12.781739,14.025305,PubChem candidate
-12.392872,81.921745,PubChem candidate
-64.05274,4.811403,PubChem candidate
3.9838352,-56.899746,PubChem candidate
-128.37798,0.9337696,PubChem candidate
46.316353,-86.30347,PubChem candidate
-15.287708,-7.5779896,PubChem candidate
62.89125,-82.96896,PubChem candidate
68.89883,-74.42187,PubChem candidate
64.75874,-12.701929,PubChem candidate
-20.214851,53.118626,PubChem candidate
109.23071,-30.84232,PubChem candidate
-30.12999,-12.3601465,PubChem candidate
-16.399267,-22.63113,PubChem candidate
92.094826,29.55115,PubChem candidate
49.270996,-17.248236,PubChem candidate
-90.20672,-20.943562,PubChem candidate
38.06257,-72.069824,PubChem candidate
64.77997,-16.79728,PubChem candidate
-17.184063,-40.672714,PubChem candidate
62.221424,-74.30204,PubChem candidate
-122.20378,-9.257526,PubChem candidate
11.773064,-2.3277657,PubChem candidate
-28.512543,-7.2926574,PubChem candidate
31.157871,-43.2778,PubChem candidate
8.688755,-69.60885,PubChem candidate
-24.679491,-100.26471,PubChem candidate
20.5503,39.839718,PubChem candidate
50.913776,-11.154491,PubChem candidate
-109.86143,-27.528625,PubChem candidate
49.988045,-14.882449,PubChem candidate
17.904724,-34.55137,PubChem candidate
-53.29118,-32.930077,PubChem candidate
-49.2443,-32.40033,PubChem candidate
-76.61803,-11.182848,PubChem candidate
105.321815,0.4702,PubChem candidate
23.352833,-59.23233,PubChem candidate
2.8695588,-63.002357,PubChem candidate
112.577354,-6.3529415,PubChem candidate
9.3562565,-50.338875,PubChem candidate
-16.15395,43.89185,PubChem candidate
42.36527,-63.818817,PubChem candidate
58.72878,-67.10304,PubChem candidate
20.198246,6.709303,PubChem candidate
14.808952,-48.687965,PubChem candidate
111.61804,26.317648,PubChem candidate
2.0379667,3.9219263,PubChem candidate
48.50149,-85.23738,PubChem candidate
-14.57424,114.062996,PubChem candidate
-47.423393,-32.38615,PubChem candidate
96.22508,23.491022,PubChem candidate
-18.31864,41.750248,PubChem candidate
71.00275,37.50054,PubChem candidate
65.51735,8.488531,PubChem candidate
-74.91076,-56.644073,PubChem candidate
-123.83425,0.99904215,PubChem candidate
110.8505,-10.928267,PubChem candidate
11.9202385,18.097101,PubChem candidate
74.06968,11.072419,PubChem candidate
-33.3358,-56.332165,PubChem candidate
-67.70223,-61.382442,PubChem candidate
69.32632,4.8850303,PubChem candidate
-68.860115,-2.3962533,PubChem candidate
-6.244426,42.369205,PubChem candidate
-56.77948,66.974174,PubChem candidate
116.3272,31.232733,PubChem candidate
43.556328,-56.1861,PubChem candidate
-46.222713,-32.205738,PubChem candidate
-59.750885,35.445297,PubChem candidate
-37.450577,-7.7920218,PubChem candidate
5.641851,-61.04566,PubChem candidate
-57.661674,-54.36769,PubChem candidate
35.09532,14.018591,PubChem candidate
75.34801,11.727026,PubChem candidate
2.7206945,-64.731995,PubChem candidate
-9.066598,39.345867,PubChem candidate
65.08246,-14.437471,PubChem candidate
3.6998374,-10.532353,PubChem candidate
2.4782612,-56.83638,PubChem candidate
87.220146,53.694336,PubChem candidate
-53.03818,-77.82057,PubChem candidate
109.33916,-30.867697,PubChem candidate
16.918333,-4.553371,PubChem candidate
-45.50286,41.430344,PubChem candidate
-72.08403,-8.0367365,PubChem candidate
69.570854,-10.571081,PubChem candidate
-44.992073,-17.453886,PubChem candidate
39.433414,-68.02494,PubChem candidate
-42.67487,-26.018976,PubChem candidate
25.976288,36.106518,PubChem candidate
44.94359,-65.42455,PubChem candidate
-97.289795,-40.254993,PubChem candidate
62.115932,13.755668,PubChem candidate
-64.6707,1.8663651,PubChem candidate
-116.334206,-27.384201,PubChem candidate
20.343533,-58.723377,PubChem candidate
101.094536,-36.585335,PubChem candidate
7.885207,-76.07731,PubChem candidate
106.16076,-36.772083,PubChem candidate
-8.244809,-103.1086,PubChem candidate
57.588768,-46.122086,PubChem candidate
90.27676,27.43619,PubChem candidate
-37.535133,-7.040251,PubChem candidate
-92.03853,22.92425,PubChem candidate
-16.533293,59.541042,PubChem candidate
67.81849,-11.449376,PubChem candidate
-37.01687,-76.51834,PubChem candidate
-77.30458,-56.850487,PubChem candidate
62.432972,-0.050196182,PubChem candidate
-36.57199,-19.484894,PubChem candidate
74.44933,52.41203,PubChem candidate
-96.33915,-36.027138,PubChem candidate
69.626724,-43.296062,PubChem candidate
-33.574417,72.35932,PubChem candidate
26.296793,-52.615097,PubChem candidate
76.214935,36.647182,PubChem candidate
-52.094486,36.14661,PubChem candidate
-30.074194,-89.50215,PubChem candidate
59.372063,-81.29317,PubChem candidate
44.52399,-65.68646,PubChem candidate
-12.656058,-40.15859,PubChem candidate
-49.18775,81.774925,PubChem candidate
64.91822,-67.17827,PubChem candidate
-104.14905,4.669972,PubChem candidate
104.574165,-25.060385,PubChem candidate
62.66948,-57.259377,PubChem candidate
56.590023,-81.09977,PubChem candidate
35.80712,-70.35511,PubChem candidate
-59.684113,8.648238,PubChem candidate
-112.26999,-28.749144,PubChem candidate
52.8664,-2.950086,PubChem candidate
49.362698,-13.477535,PubChem candidate
20.343903,-65.90043,PubChem candidate
-67.89416,17.156378,PubChem candidate
49.70815,-83.49059,PubChem candidate
67.641075,-12.082217,PubChem candidate
76.48011,0.31984678,PubChem candidate
-24.512072,-95.71131,PubChem candidate
-29.3319,-33.442215,PubChem candidate
-65.16992,2.608448,PubChem candidate
36.650272,13.600425,PubChem candidate
7.046731,-75.57826,PubChem candidate
-52.904194,35.12249,PubChem candidate
65.34674,-60.333206,PubChem candidate
41.824696,-63.546375,PubChem candidate
-46.885563,37.309963,PubChem candidate
58.008293,3.928454,PubChem candidate
-29.83502,-15.584522,PubChem candidate
94.128975,-17.399817,PubChem candidate
65.37723,-77.28291,PubChem candidate
94.54312,-21.187176,PubChem candidate
-6.020947,45.35943,PubChem candidate
8.264959,2.5080762,PubChem candidate
-27.050806,-18.322124,PubChem candidate
-48.449535,81.12377,PubChem candidate
-53.121056,-29.812963,PubChem candidate
-112.064064,-0.7481265,PubChem candidate
68.32356,-44.959644,PubChem candidate
11.23478,9.993882,PubChem candidate
-4.9732304,17.802668,PubChem candidate
-57.214275,36.36242,PubChem candidate
87.24889,57.635426,PubChem candidate
111.950806,23.82705,PubChem candidate
65.11588,-16.171434,PubChem candidate
29.85603,-30.879349,PubChem candidate
68.510025,12.692005,PubChem candidate
66.56859,-68.42065,PubChem candidate
71.34133,-43.67579,PubChem candidate
63.68879,-70.61991,PubChem candidate
95.928635,-5.246808,PubChem candidate
-49.4505,80.698814,PubChem candidate
68.429794,-46.000755,PubChem candidate
-15.762586,72.68101,PubChem candidate
-95.22523,7.2092295,PubChem candidate
17.226665,-36.55687,PubChem candidate
-16.996649,59.67255,PubChem candidate
92.31976,-29.407286,PubChem candidate
-11.251015,105.98042,PubChem candidate
41.135708,35.808186,PubChem candidate
-71.06891,12.660169,PubChem candidate
42.611355,-61.60512,PubChem candidate
-26.226252,-5.7934585,PubChem candidate
93.1607,26.157097,PubChem candidate
-109.30949,-7.7708006,PubChem candidate
-44.577976,-15.993295,PubChem candidate
38.808304,13.70405,PubChem candidate
-133.8558,-5.039106,PubChem candidate
9.323281,-51.25644,PubChem candidate
-93.12624,4.067136,PubChem candidate
74.78915,15.259787,PubChem candidate
7.5679593,-5.337666,PubChem candidate
116.57821,28.553534,PubChem candidate
-11.2509365,70.35018,PubChem candidate
3.153666,-9.775342,PubChem candidate
-46.760086,38.85067,PubChem candidate
58.82484,-0.9854959,PubChem candidate
82.649475,44.706482,PubChem candidate
-72.28101,-49.706074,PubChem candidate
-103.81666,4.474333,PubChem candidate
77.25956,7.055099,PubChem candidate
-70.596016,-2.4366567,PubChem candidate
15.86502,-50.415188,PubChem candidate
81.895584,50.412376,PubChem candidate
-91.41876,21.889864,PubChem candidate
43.037453,-62.411102,PubChem candidate
117.327675,-12.973583,PubChem candidate
102.13037,22.261433,PubChem candidate
10.768962,110.997955,PubChem candidate
63.104008,-65.94478,PubChem candidate
97.86766,24.89362,PubChem candidate
57.785328,-49.851254,PubChem candidate
63.919815,24.363642,PubChem candidate
-70.480095,-6.2684174,PubChem candidate
54.382507,27.239618,PubChem candidate
-9.673382,45.202816,PubChem candidate
-55.298363,34.648716,PubChem candidate
-34.102406,21.680084,PubChem candidate
114.91158,27.293825,PubChem candidate
-34.03628,43.023205,PubChem candidate
-80.394714,-3.1796122,PubChem candidate
65.10611,-56.197403,PubChem candidate
-98.77681,-35.17135,PubChem candidate
72.659904,-38.935963,PubChem candidate
-33.562477,-56.608047,PubChem candidate
104.80575,0.28049415,PubChem candidate
-78.92725,-4.7493625,PubChem candidate
72.767555,51.06737,PubChem candidate
-41.46569,43.901485,PubChem candidate
22.791065,-63.290573,PubChem candidate
51.444664,-6.0525374,PubChem candidate
107.03411,36.827812,PubChem candidate
-48.341,-28.7667,PubChem candidate
6.6435356,-7.385593,PubChem candidate
73.05627,53.073353,PubChem candidate
25.368279,-35.88075,PubChem candidate
70.20664,15.638317,PubChem candidate
94.250755,-24.027431,PubChem candidate
-32.547176,-14.142594,PubChem candidate
45.62779,-86.93059,PubChem candidate
-102.54344,17.965948,PubChem candidate
6.7294426,-61.277534,PubChem candidate
46.156532,-79.335754,PubChem candidate
-33.019398,22.386675,PubChem candidate
18.8871,-41.849987,PubChem candidate
-29.518421,-12.5482645,PubChem candidate
-0.9199407,-65.01014,PubChem candidate
116.19859,30.546474,PubChem candidate
-61.349113,9.62765,PubChem candidate
52.502502,-22.668196,PubChem candidate
62.245136,4.553913,PubChem candidate
46.627857,-7.1152744,PubChem candidate
-28.715813,96.39177,PubChem candidate
68.25718,2.1491895,PubChem candidate
-65.458954,-60.891098,PubChem candidate
27.040499,-30.718935,PubChem candidate
-72.6198,10.144739,PubChem candidate
-14.240412,73.44252,PubChem candidate
65.487785,22.604815,PubChem candidate
-124.52484,-9.13783,PubChem candidate
47.7998,-44.78742,PubChem candidate
116.23216,31.151089,PubChem candidate
-41.216557,39.978127,PubChem candidate
-50.2745,34.415077,PubChem candidate
74.485275,52.18137,PubChem candidate
86.21618,55.86318,PubChem candidate
46.094204,-48.66809,PubChem candidate
2.7489817,-70.840256,PubChem candidate
73.63045,30.728777,PubChem candidate
-44.053463,68.17092,PubChem candidate
67.28875,-66.44073,PubChem candidate
20.290106,-58.460503,PubChem candidate
48.906036,-13.99757,PubChem candidate
-31.424938,25.045336,PubChem candidate
63.71605,-55.49321,PubChem candidate
45.414795,-54.102367,PubChem candidate
75.32111,11.5365095,PubChem candidate
76.07942,8.554661,PubChem candidate
-46.941605,-13.671376,PubChem candidate
-23.277838,39.091988,PubChem candidate
-71.0653,9.7472,PubChem candidate
82.665215,48.117104,PubChem candidate
-65.236176,-60.63677,PubChem candidate
-107.290405,-10.578985,PubChem candidate
6.88873,5.053868,PubChem candidate
83.99171,42.94058,PubChem candidate
48.571537,-8.966764,PubChem candidate
65.656815,-72.806274,PubChem candidate
-27.470127,108.07488,PubChem candidate
63.26598,10.065592,PubChem candidate
90.96003,-23.135647,PubChem candidate
116.686195,-9.695282,PubChem candidate
-18.053612,-30.070562,PubChem candidate
57.377518,-45.143612,PubChem candidate
51.759647,-89.03118,PubChem candidate
36.835888,35.50478,PubChem candidate
-58.72035,36.903267,PubChem candidate
-29.383284,-45.1017,PubChem candidate
74.82391,15.055957,PubChem candidate
-4.2729454,9.20106,PubChem candidate
0.599955,-60.735043,PubChem candidate
5.2484765,14.367562,PubChem candidate
50.75599,-15.595005,PubChem candidate
3.1020525,15.556426,PubChem candidate
35.65297,17.17001,PubChem candidate
-14.34793,-108.47131,PubChem candidate
4.5562954,-52.051384,PubChem candidate
12.876239,13.501534,PubChem candidate
97.91854,-41.284355,PubChem candidate
20.519934,-2.4829555,PubChem candidate
-91.09848,21.364872,PubChem candidate
-104.82646,-12.862069,PubChem candidate
55.723026,25.017345,PubChem candidate
-53.468243,-20.044683,PubChem candidate
-111.43364,-5.2005434,PubChem candidate
10.22456,-44.218143,PubChem candidate
-15.562023,119.80201,PubChem candidate
92.399185,-29.32765,PubChem candidate
72.35518,30.460531,PubChem candidate
64.26715,-59.42108,PubChem candidate
-77.38851,-14.408128,PubChem candidate
-77.83388,-0.8788734,PubChem candidate
88.71247,28.002047,PubChem candidate
67.75977,5.3624606,PubChem candidate
101.220825,-37.779934,PubChem candidate
105.82088,-28.283913,PubChem candidate
70.226326,25.033577,PubChem candidate
-6.8025074,-12.486034,PubChem candidate
-45.093018,83.899025,PubChem candidate
-64.97378,3.1586528,PubChem candidate
-106.99739,7.484471,PubChem candidate
2.7523656,4.6908154,PubChem candidate
58.51832,28.09405,PubChem candidate
-16.940147,54.824005,PubChem candidate
54.634575,-43.297432,PubChem candidate
28.700417,-31.897583,PubChem candidate
-46.87417,-81.64533,PubChem candidate
8.834584,-70.56029,PubChem candidate
113.77335,26.164398,PubChem candidate
-94.36171,6.8593116,PubChem candidate
45.23567,-92.76732,PubChem candidate
62.754665,-57.20855,PubChem candidate
-106.97296,7.2921457,PubChem candidate
-5.62802,93.96242,PubChem candidate
62.132698,-74.39821,PubChem candidate
83.715706,54.64766,PubChem candidate
-34.97165,42.424385,PubChem candidate
-102.27914,4.648564,PubChem candidate
50.670654,-82.473724,PubChem candidate
10.405979,-49.458843,PubChem candidate
-21.236952,42.317356,PubChem candidate
93.03541,-16.660934,PubChem candidate
12.934788,-70.34255,PubChem candidate
54.787506,-43.698383,PubChem candidate
-110.70192,-29.043852,PubChem candidate
-9.82453,-11.350297,PubChem candidate
-19.263346,-16.400362,PubChem candidate
-27.73835,-83.926285,PubChem candidate
34.638134,8.292364,PubChem candidate
-42.596977,-12.908634,PubChem candidate
-26.637306,-84.7282,PubChem candidate
1.6351866,1.6209152,PubChem candidate
-32.180725,-46.114037,PubChem candidate
-27.109495,28.019972,PubChem candidate
-77.16418,-14.679314,PubChem candidate
-78.97456,-2.3123343,PubChem candidate
-28.477606,-13.943655,PubChem candidate
73.23041,31.894022,PubChem candidate
65.77366,-72.70869,PubChem candidate
108.74105,25.491182,PubChem candidate
-12.2694435,8.148942,PubChem candidate
-35.93518,43.300488,PubChem candidate
69.25952,14.545758,PubChem candidate
-33.23703,24.775394,PubChem candidate
-94.59131,27.51011,PubChem candidate
72.85958,-38.45492,PubChem candidate
24.099224,2.7498803,PubChem candidate
93.99676,-43.73561,PubChem candidate
25.50675,23.651262,PubChem candidate
117.33639,31.74812,PubChem candidate
115.486206,28.768948,PubChem candidate
56.50393,25.752192,PubChem candidate
72.75086,-39.739532,PubChem candidate
-87.205864,-20.547934,PubChem candidate
-41.71056,-39.40394,PubChem candidate
-32.153976,-94.621315,PubChem candidate
-22.805994,-43.897358,PubChem candidate
104.75154,-35.430588,PubChem candidate
109.24181,-3.0411458,PubChem candidate
44.560867,15.750003,PubChem candidate
8.983075,1.1394366,PubChem candidate
-15.633363,-0.64789784,PubChem candidate
-47.785656,-11.874134,PubChem candidate
11.390851,7.0000653,PubChem candidate
56.47511,-82.8716,PubChem candidate
22.881649,-29.896454,PubChem candidate
54.618088,-20.450502,PubChem candidate
24.081736,-59.421627,PubChem candidate
24.985638,-32.359165,PubChem candidate
107.74781,-35.2723,PubChem candidate
-7.719481,-12.089295,PubChem candidate
-109.17862,-0.79236996,PubChem candidate
-97.67215,14.642339,PubChem candidate
30.050423,37.536835,PubChem candidate
-37.36149,41.197426,PubChem candidate
92.34893,29.691498,PubChem candidate
38.17873,36.16571,PubChem candidate
4.4308066,9.191736,PubChem candidate
48.509434,-82.48464,PubChem candidate
-104.53249,-22.027273,PubChem candidate
63.04239,-18.546932,PubChem candidate
115.636665,-29.217924,PubChem candidate
-42.157417,59.932034,PubChem candidate
-24.099373,-6.9288144,PubChem candidate
-25.29716,-44.873684,PubChem candidate
54.476044,-18.24561,PubChem candidate
-69.82848,-51.365814,PubChem candidate
41.329865,-65.52219,PubChem candidate
-93.377335,-32.743748,PubChem candidate
-16.95264,70.65297,PubChem candidate
51.193493,-9.715037,PubChem candidate
40.961227,-66.73226,PubChem candidate
-90.18299,20.416145,PubChem candidate
56.607334,-43.3447,PubChem candidate
104.992004,-22.393013,PubChem candidate
0.72354496,2.04799,PubChem candidate
64.99741,-13.146469,PubChem candidate
-126.31827,-8.89751,PubChem candidate
-29.04126,-41.11952,PubChem candidate
-42.65441,21.396511,PubChem candidate
95.80835,-18.90798,PubChem candidate
-72.27727,-52.08821,PubChem candidate
54.96094,23.906487,PubChem candidate
-17.688898,-11.698635,PubChem candidate
-49.75512,68.5173,PubChem candidate
22.132889,-60.002716,PubChem candidate
96.94592,-40.583748,PubChem candidate
-12.799235,43.03463,PubChem candidate
-6.683287,91.723625,PubChem candidate
-107.70579,-27.059998,PubChem candidate
-50.94105,-31.201391,PubChem candidate
-50.252487,-36.075207,PubChem candidate
74.573006,10.096208,PubChem candidate
117.10415,-9.640548,PubChem candidate
79.36208,47.560402,PubChem candidate
57.382004,3.2225351,PubChem candidate
53.817436,-26.46589,PubChem candidate
22.406294,4.9415054,PubChem candidate
-42.76996,61.521683,PubChem candidate
-14.724419,24.183472,PubChem candidate
-40.22575,-10.723681,PubChem candidate
66.14641,-79.31181,PubChem candidate
37.939384,-75.87773,PubChem candidate
-23.196419,-7.6730857,PubChem candidate
43.270477,-88.118866,PubChem candidate
-95.20863,3.2236848,PubChem candidate
-52.2069,71.9412,PubChem candidate
-124.862564,2.6587532,PubChem candidate
54.833256,-42.481464,PubChem candidate
42.058422,-59.18439,PubChem candidate
111.80317,-25.217438,PubChem candidate
95.855385,-6.5044184,PubChem candidate
-119.81858,-8.43706,PubChem candidate
35.277225,33.399837,PubChem candidate
-40.58998,-76.77514,PubChem candidate
-46.881226,37.205086,PubChem candidate
25.919205,-53.952755,PubChem candidate
45.266796,16.022518,PubChem candidate
69.19995,-12.54122,PubChem candidate
44.407703,-47.99506,PubChem candidate
-65.36361,-48.59466,PubChem candidate
-95.01676,2.3435595,PubChem candidate
110.72055,29.141176,PubChem candidate
105.86514,23.226524,PubChem candidate
90.05333,-28.63824,PubChem candidate
-93.355354,4.3551445,PubChem candidate
52.592342,-7.6319804,PubChem candidate
-33.496532,-72.38969,PubChem candidate
56.733887,-79.05201,PubChem candidate
110.97954,-33.24294,PubChem candidate
100.73033,-36.726395,PubChem candidate
-41.879257,68.57942,PubChem candidate
102.19429,-36.003326,PubChem candidate
-38.353706,41.04627,PubChem candidate
-50.95747,70.11154,PubChem candidate
55.318012,24.275812,PubChem candidate
114.76653,-28.638834,PubChem candidate
-41.89924,43.51919,PubChem candidate
101.78083,3.798087,PubChem candidate
112.74498,-0.32141712,PubChem candidate
116.57961,29.58744,PubChem candidate
-26.670359,-16.791443,PubChem candidate
87.622475,24.50477,PubChem candidate
-10.410511,9.392925,PubChem candidate
62.404785,-49.993816,PubChem candidate
-93.68097,24.50696,PubChem candidate
68.41893,2.8974519,PubChem candidate
45.85208,-86.841644,PubChem candidate
-71.99095,-7.6107726,PubChem candidate
70.356255,25.057043,PubChem candidate
-67.27227,0.4106006,PubChem candidate
115.86341,-16.89909,PubChem candidate
-97.17146,-19.411371,PubChem candidate
107.51003,-24.832417,PubChem candidate
43.54226,-62.000324,PubChem candidate
52.38683,-85.920364,PubChem candidate
11.532768,7.4118195,PubChem candidate
-13.303928,-5.284591,PubChem candidate
-18.496584,50.388412,PubChem candidate
12.9545965,21.292028,PubChem candidate
2.8324804,-4.114593,PubChem candidate
8.056665,-13.0248575,PubChem candidate
117.2858,-14.167494,PubChem candidate
-10.48948,44.881775,PubChem candidate
70.74922,-14.520841,PubChem candidate
18.431393,-7.5020494,PubChem candidate
94.80839,25.644014,PubChem candidate
7.5184445,-63.475567,PubChem candidate
-64.55203,-47.934288,PubChem candidate
-2.8530338,27.952568,PubChem candidate
-20.135391,-15.293592,PubChem candidate
108.60266,-33.014923,PubChem candidate
116.37972,-16.901997,PubChem candidate
-45.215702,70.507935,PubChem candidate
-41.6224,-12.128829,PubChem candidate
96.47787,-16.864326,PubChem candidate
-48.506317,81.952095,PubChem candidate
-101.36445,17.943333,PubChem candidate
-24.039253,94.2762,PubChem candidate
-72.812874,2.6403244,PubChem candidate
-98.443474,24.498838,PubChem candidate
59.795174,-72.84931,PubChem candidate
42.302277,-66.5939,PubChem candidate
-42.979694,45.758442,PubChem candidate
23.859211,0.4544285,PubChem candidate
60.32539,-68.05499,PubChem candidate
-13.172133,13.221526,PubChem candidate
-115.678215,-27.65204,PubChem candidate
108.89296,-31.110558,PubChem candidate
69.9354,15.080273,PubChem candidate
51.917778,-85.72307,PubChem candidate
-38.530674,22.07651,PubChem candidate
65.92127,-63.76968,PubChem candidate
63.326176,0.37107515,PubChem candidate
-77.13828,-1.9078331,PubChem candidate
71.55588,32.951347,PubChem candidate
52.027946,37.77401,PubChem candidate
23.473888,2.8870647,PubChem candidate
53.371956,-83.060646,PubChem candidate
-99.37631,-39.20091,PubChem candidate
-36.83083,-75.20735,PubChem candidate
77.730415,-3.86064,PubChem candidate
105.4736,-32.2038,PubChem candidate
-0.6520926,-64.59664,PubChem candidate
106.55915,-0.15324238,PubChem candidate
-43.11132,-26.96392,PubChem candidate
-28.96927,25.042156,PubChem candidate
10.518666,-54.046745,PubChem candidate
72.894165,6.1526775,PubChem candidate
73.06047,52.786175,PubChem candidate
48.309166,-9.8863735,PubChem candidate
25.066021,-59.365517,PubChem candidate
31.6311,8.202163,PubChem candidate
-31.43293,-71.896965,PubChem candidate
58.83442,-47.203445,PubChem candidate
50.130447,-14.611134,PubChem candidate
-1.8705975,113.91645,PubChem candidate
72.9617,-43.252384,PubChem candidate
117.668945,-12.966968,PubChem candidate
50.99583,-16.813406,PubChem candidate
-22.53994,44.79097,PubChem candidate
11.019728,21.90236,PubChem candidate
59.22824,-52.31465,PubChem candidate
25.419542,25.276974,PubChem candidate
-0.48816198,-65.01947,PubChem candidate
63.36181,-58.677334,PubChem candidate
-58.364864,-47.97373,PubChem candidate
-39.216743,64.60794,PubChem candidate
-63.907837,-58.771004,PubChem candidate
-11.159211,-107.63155,PubChem candidate
76.72696,36.749302,PubChem candidate
64.316696,-68.31726,PubChem candidate
114.18282,-17.51956,PubChem candidate
11.182779,9.691547,PubChem candidate
96.27438,-8.671069,PubChem candidate
104.955284,34.146885,PubChem candidate
110.14518,-3.2572222,PubChem candidate
100.20614,26.401873,PubChem candidate
-47.48285,-13.565776,PubChem candidate
-43.795307,39.674213,PubChem candidate
12.248802,20.721716,PubChem candidate
99.09333,24.454248,PubChem candidate
52.674862,-87.61735,PubChem candidate
31.749517,-42.324932,PubChem candidate
75.23972,9.901756,PubChem candidate
47.89549,-38.257977,PubChem candidate
-74.03399,-55.548275,PubChem candidate
49.09652,39.39778,PubChem candidate
63.94697,-71.99105,PubChem candidate
-104.57391,-13.745406,PubChem candidate
7.365179,-59.3536,PubChem candidate
-53.251034,-18.236118,PubChem candidate
2.121709,-65.88055,PubChem candidate
37.731346,8.135764,PubChem candidate
76.684395,54.75012,PubChem candidate
51.51635,-22.971062,PubChem candidate
-108.65637,-27.77709,PubChem candidate
98.24639,-5.9853635,PubChem candidate
66.84654,-71.043106,PubChem candidate
31.053587,-42.70745,PubChem candidate
-21.008488,71.19946,PubChem candidate
114.1894,-5.164277,PubChem candidate
-69.98712,-46.927803,PubChem candidate
6.8054004,-55.169792,PubChem candidate
5.37562,15.138156,PubChem candidate
-46.23808,71.145744,PubChem candidate
74.4892,-1.1111457,PubChem candidate
50.06271,38.381905,PubChem candidate
-37.41258,36.997654,PubChem candidate
-96.7635,2.2648935,PubChem candidate
-24.286026,-6.831475,PubChem candidate
50.746033,-86.45917,PubChem candidate
-67.5032,-63.424686,PubChem candidate
94.59402,-23.709015,PubChem candidate
-26.446333,95.532845,PubChem candidate
-32.135345,-25.176777,PubChem candidate
72.65833,-39.817833,PubChem candidate
96.33476,25.169321,PubChem candidate
15.89922,-17.246399,PubChem candidate
-33.92961,24.636812,PubChem candidate
117.63277,-13.250781,PubChem candidate
-89.06851,27.06039,PubChem candidate
65.15535,23.919489,PubChem candidate
80.9309,47.090492,PubChem candidate
40.34847,-63.983284,PubChem candidate
28.134342,36.512917,PubChem candidate
55.23493,-25.887632,PubChem candidate
78.46438,-3.2358272,PubChem candidate
68.85275,28.385223,PubChem candidate
46.428085,-86.23558,PubChem candidate
67.85483,8.032672,PubChem candidate
-45.307495,-80.02911,PubChem candidate
-44.479576,45.324207,PubChem candidate
1.4714571,19.095755,PubChem candidate
30.171602,43.526146,PubChem candidate
2.9216616,-13.737883,PubChem candidate
53.779495,-43.43156,PubChem candidate
47.614536,-7.0572505,PubChem candidate
47.740494,42.255035,PubChem candidate
108.80949,-37.63125,PubChem candidate
8.491643,-15.417616,PubChem candidate
16.407177,-4.11521,PubChem candidate
-42.291397,38.431755,PubChem candidate
118.333565,-14.890341,PubChem candidate
-32.163155,-42.442703,PubChem candidate
95.92617,-4.398293,PubChem candidate
-11.718215,44.164997,PubChem candidate
29.375265,33.283913,PubChem candidate
48.393055,35.939236,PubChem candidate
-54.32703,-18.866377,PubChem candidate
-102.45794,-20.459215,PubChem candidate
72.51292,-42.120716,PubChem candidate
-67.05526,1.1496822,PubChem candidate
-17.079836,4.0346074,PubChem candidate
103.95472,2.2685652,PubChem candidate
-24.482664,-100.32984,PubChem candidate
0.69111556,-8.535873,PubChem candidate
75.12449,48.46552,PubChem candidate
-28.852646,-4.991965,PubChem candidate
51.520203,-41.926273,PubChem candidate
-108.298515,5.758548,PubChem candidate
-41.972942,-9.467871,PubChem candidate
-26.951658,-31.092653,PubChem candidate
-39.60786,-43.527832,PubChem candidate
-18.470726,59.87072,PubChem candidate
57.155495,-78.861595,PubChem candidate
42.446575,-90.79071,PubChem candidate
-11.962832,105.2918,PubChem candidate
-20.57808,4.837862,PubChem candidate
31.247974,-43.144943,PubChem candidate
-127.6578,0.33003536,PubChem candidate
-18.965775,-16.782988,PubChem candidate
-114.25947,-26.890276,PubChem candidate
-7.6636043,40.91444,PubChem candidate
101.41676,23.176178,PubChem candidate
-3.3780012,-4.931445,PubChem candidate
72.470795,-40.47577,PubChem candidate
17.612051,-35.76271,PubChem candidate
116.019356,28.644749,PubChem candidate
111.2312,-27.7141,PubChem candidate
45.815144,-48.36098,PubChem candidate
-42.513336,-13.373376,PubChem candidate
-64.74924,4.5869975,PubChem candidate
-1.0120218,27.679508,PubChem candidate
6.611477,106.22209,PubChem candidate
95.75498,-8.268635,PubChem candidate
15.668286,-48.913868,PubChem candidate
-130.74744,-6.6293383,PubChem candidate
1.197848,-8.202941,PubChem candidate
2.071986,2.1992304,PubChem candidate
4.4291005,-53.341103,PubChem candidate
-75.43138,-57.156624,PubChem candidate
109.039314,-20.311249,PubChem candidate
-102.6248,21.235601,PubChem candidate
10.22652,16.465933,PubChem candidate
117.10333,-28.650549,PubChem candidate
2.724058,-4.2410464,PubChem candidate
2.8324876,-4.1145744,PubChem candidate
30.598978,-29.411173,PubChem candidate
-50.537945,34.047607,PubChem candidate
61.454906,-77.12435,PubChem candidate
35.547394,26.364357,PubChem candidate
26.533276,-30.292543,PubChem candidate
12.32402,-57.7183,PubChem candidate
76.966415,-4.293046,PubChem candidate
113.15974,-18.7336,PubChem candidate
-67.86251,1.020127,PubChem candidate
-73.88595,-58.87659,PubChem candidate
-12.553962,-23.989006,PubChem candidate
38.200047,-67.66222,PubChem candidate
-32.40033,25.194021,PubChem candidate
55.04961,0.18951897,PubChem candidate
-40.074436,70.09109,PubChem candidate
11.5133705,24.020248,PubChem candidate
101.36347,35.91435,PubChem candidate
11.734037,-7.7424326,PubChem candidate
74.98052,11.060731,PubChem candidate
71.79811,30.355392,PubChem candidate
-107.849434,8.625443,PubChem candidate
109.08078,-6.6269617,PubChem candidate
-48.136597,-73.8316,PubChem candidate
30.933222,-43.57496,PubChem candidate
-33.875763,24.358475,PubChem candidate
-77.48178,0.15835011,PubChem candidate
103.56639,35.831787,PubChem candidate
-34.133472,-42.537773,PubChem candidate
-68.84002,-49.790993,PubChem candidate
-31.80943,44.027775,PubChem candidate
-28.716654,-98.4834,PubChem candidate
-30.34555,45.45375,PubChem candidate
81.97534,44.63964,PubChem candidate
65.76602,-12.743766,PubChem candidate
-120.46436,-9.631306,PubChem candidate
-125.38208,-9.130746,PubChem candidate
106.29928,-39.539406,PubChem candidate
12.5921955,0.14523886,PubChem candidate
62.113907,26.418335,PubChem candidate
45.845123,-47.34107,PubChem candidate
65.85364,-13.644461,PubChem candidate
-15.681992,116.55007,PubChem candidate
109.71985,23.55092,PubChem candidate
25.0688,-53.461754,PubChem candidate
-83.48735,5.807999,PubChem candidate
-124.54927,-9.528388,PubChem candidate
-25.566849,-7.1600103,PubChem candidate
57.30728,3.3003871,PubChem candidate
105.565605,-35.629818,PubChem candidate
45.421356,-83.08977,PubChem candidate
56.588345,-28.018219,PubChem candidate
70.24238,24.756903,PubChem candidate
-128.93997,-0.060686633,PubChem candidate
-78.78814,-3.573575,PubChem candidate
-31.571947,68.39413,PubChem candidate
97.06133,-40.317287,PubChem candidate
-89.80664,22.51054,PubChem candidate
-128.2666,-7.7525306,PubChem candidate
94.09819,-13.926928,PubChem candidate
95.1712,-20.884712,PubChem candidate
-90.843895,-1.0403115,PubChem candidate
113.9563,-13.95606,PubChem candidate
-67.60398,8.741663,PubChem candidate
-30.508522,42.290062,PubChem candidate
-27.4475,25.030096,PubChem candidate
41.90834,-73.90604,PubChem candidate
40.73189,-92.27749,PubChem candidate
59.83486,25.788256,PubChem candidate
-56.68929,68.25327,PubChem candidate
112.7911,-23.786234,PubChem candidate
-43.03237,67.10097,PubChem candidate
-36.984776,-29.10275,PubChem candidate
44.96978,-87.1758,PubChem candidate
-39.31931,-76.07182,PubChem candidate
-10.920374,78.33782,PubChem candidate
72.64506,30.224861,PubChem candidate
-76.94201,-0.867479,PubChem candidate
-128.83868,-0.10639376,PubChem candidate
13.880421,-50.627556,PubChem candidate
-22.35058,-19.232206,PubChem candidate
-10.691183,44.803413,PubChem candidate
-53.178993,-29.179077,PubChem candidate
-124.48333,-0.2129761,PubChem candidate
-15.607198,41.236538,PubChem candidate
54.78486,-24.183342,PubChem candidate
42.771095,-70.37939,PubChem candidate
-128.44147,-10.318242,PubChem candidate
-123.47057,-8.939542,PubChem candidate
-4.1839967,98.598526,PubChem candidate
58.090656,3.817164,PubChem candidate
103.65394,35.664616,PubChem candidate
58.073578,-46.69862,PubChem candidate
55.80412,-78.37028,PubChem candidate
-54.576435,30.643955,PubChem candidate
75.63934,12.302704,PubChem candidate
114.121735,26.465027,PubChem candidate
-93.86323,4.420845,PubChem candidate
60.96657,-49.593323,PubChem candidate
63.968594,8.20803,PubChem candidate
43.608192,-92.358955,PubChem candidate
104.84645,-23.84477,PubChem candidate
-44.07168,-40.236893,PubChem candidate
36.444893,-31.195631,PubChem candidate
8.879265,-60.77565,PubChem candidate
-47.406406,-27.423662,PubChem candidate
4.499038,-52.106808,PubChem candidate
-43.615864,-6.219245,PubChem candidate
12.18037,-67.47633,PubChem candidate
-99.26201,14.360565,PubChem candidate
84.79615,56.540966,PubChem candidate
-66.58115,10.350856,PubChem candidate
92.458145,-30.968744,PubChem candidate
-21.00977,6.5512743,PubChem candidate
69.3864,-9.555194,PubChem candidate
-78.797066,-4.0961766,PubChem candidate
17.262798,-58.2551,PubChem candidate
12.9027195,2.2085035,PubChem candidate
45.82965,-92.14537,PubChem candidate
-13.257448,107.06646,PubChem candidate
115.40563,27.765036,PubChem candidate
44.81436,-91.95128,PubChem candidate
99.21392,24.200937,PubChem candidate
92.38107,-31.022606,PubChem candidate
-45.461334,-16.684536,PubChem candidate
-123.851776,-10.574741,PubChem candidate
73.062416,53.073357,PubChem candidate
74.752235,8.71688,PubChem candidate
-132.85323,-3.1490433,PubChem candidate
-31.037983,-37.953194,PubChem candidate
91.287224,-19.010956,PubChem candidate
-106.11918,-11.173085,PubChem candidate
104.6128,36.220833,PubChem candidate
-59.503036,-55.72333,PubChem candidate
-39.92524,73.529686,PubChem candidate
-43.113544,68.65761,PubChem candidate
-45.010506,-78.85055,PubChem candidate
-15.428546,53.98132,PubChem candidate
22.759203,-64.315575,PubChem candidate
104.47883,-34.92316,PubChem candidate
-40.09199,-24.779501,PubChem candidate
7.542404,-77.48334,PubChem candidate
67.12414,-9.88611,PubChem candidate
76.83147,36.771366,PubChem candidate
-106.84639,-9.264178,PubChem candidate
-98.41248,29.259613,PubChem candidate
38.066772,-68.312546,PubChem candidate
-11.232303,-30.624256,PubChem candidate
-73.11901,13.330314,PubChem candidate
-44.21939,-14.359809,PubChem candidate
-130.7794,-3.2129242,PubChem candidate
107.78653,36.857086,PubChem candidate
68.085144,-45.545753,PubChem candidate
50.437466,-18.083857,PubChem candidate
93.75373,-14.395646,PubChem candidate
27.375242,41.638992,PubChem candidate
-125.3073,-9.259566,PubChem candidate
-52.677383,-36.64301,PubChem candidate
-56.788128,69.619484,PubChem candidate
-10.350888,-11.596201,PubChem candidate
93.99199,33.58173,PubChem candidate
-27.645966,95.5249,PubChem candidate
-68.49716,14.283709,PubChem candidate
-119.80234,-7.7249203,PubChem candidate
0.08973259,-59.45536,PubChem candidate
62.927246,-48.88732,PubChem candidate
-5.2717075,43.762417,PubChem candidate
25.364113,-32.068783,PubChem candidate
10.461851,-45.205257,PubChem candidate
68.49684,2.1779082,PubChem candidate
45.37427,-51.286774,PubChem candidate
-33.09657,-24.801321,PubChem candidate
-104.57342,-24.238945,PubChem candidate
82.59624,44.57079,PubChem candidate
-59.943584,8.063887,PubChem candidate
-79.35973,-0.043547284,PubChem candidate
3.3566356,-3.3338661,PubChem candidate
-8.363282,40.110165,PubChem candidate
-30.242281,-46.8508,PubChem candidate
-48.01447,-29.104294,PubChem candidate
-26.4658,95.27711,PubChem candidate
96.749535,-41.7701,PubChem candidate
70.35709,24.579882,PubChem candidate
74.78737,-1.4410874,PubChem candidate
26.076445,-30.756514,PubChem candidate
38.544735,46.978214,PubChem candidate
-33.553417,-56.46352,PubChem candidate
115.12421,-10.545461,PubChem candidate
5.032402,-8.6180315,PubChem candidate
47.921177,-16.288567,PubChem candidate
-3.6244109,9.7636595,PubChem candidate
115.438416,-7.971849,PubChem candidate
94.414856,33.20058,PubChem candidate
-99.16587,12.572478,PubChem candidate
6.7175517,-61.731625,PubChem candidate
23.882252,-32.98405,PubChem candidate
2.0277953,114.22997,PubChem candidate
12.319202,-10.542354,PubChem candidate
-104.787415,-20.927874,PubChem candidate
98.03389,-39.159084,PubChem candidate
-15.3810835,54.978466,PubChem candidate
23.768133,-31.566132,PubChem candidate
14.103218,-67.3989,PubChem candidate
10.80384,21.897434,PubChem candidate
66.77661,-9.566616,PubChem candidate
25.072407,-54.417503,PubChem candidate
64.125656,24.504408,PubChem candidate
-33.44037,99.34771,PubChem candidate
43.747402,-68.32447,PubChem candidate
7.3869476,-52.311443,PubChem candidate
-19.264719,-26.610386,PubChem candidate
24.575102,-54.857246,PubChem candidate
60.923416,-76.848305,PubChem candidate
4.6064034,-8.486229,PubChem candidate
30.62772,-30.714663,PubChem candidate
-11.792082,80.28202,PubChem candidate
11.016153,10.201024,PubChem candidate
45.90254,-46.84905,PubChem candidate
41.495216,35.664368,PubChem candidate
4.6593776,-11.980443,PubChem candidate
91.599594,-24.5394,PubChem candidate
58.894527,27.068064,PubChem candidate
-64.38282,4.2422876,PubChem candidate
91.22179,-28.160019,PubChem candidate
106.142075,36.333206,PubChem candidate
-123.77967,-9.515081,PubChem candidate
65.8381,-10.538656,PubChem candidate
-50.15501,-74.27233,PubChem candidate
60.764088,-67.84422,PubChem candidate
-14.114121,-10.668419,PubChem candidate
-15.409671,56.761543,PubChem candidate
71.049835,10.1370945,PubChem candidate
62.219265,-53.131058,PubChem candidate
105.86433,-22.163193,PubChem candidate
73.733864,-39.766556,PubChem candidate
-29.487324,-14.333331,PubChem candidate
-27.134302,-98.05771,PubChem candidate
113.07881,27.517757,PubChem candidate
89.099236,-25.095387,PubChem candidate
-19.987572,-14.996128,PubChem candidate
11.628293,-103.3947,PubChem candidate
-103.01131,25.391289,PubChem candidate
2.5687711,-65.20257,PubChem candidate
12.488592,-1.9042454,PubChem candidate
-45.17069,69.5398,PubChem candidate
-47.809406,-33.406307,PubChem candidate
107.93228,-29.356428,PubChem candidate
19.256367,-33.501736,PubChem candidate
67.19144,-56.661896,PubChem candidate
-51.167244,-13.790474,PubChem candidate
14.193834,-16.613907,PubChem candidate
-15.457984,-53.166588,PubChem candidate
65.29564,22.849571,PubChem candidate
111.57372,26.295565,PubChem candidate
48.024456,-86.82042,PubChem candidate
-125.12833,-8.831956,PubChem candidate
52.26677,-10.482757,PubChem candidate
12.842468,14.470161,PubChem candidate
-65.34218,-60.986282,PubChem candidate
62.162167,-79.8964,PubChem candidate
106.75509,-39.50293,PubChem candidate
102.05882,24.582926,PubChem candidate
41.9751,-59.45738,PubChem candidate
100.612236,-41.092163,PubChem candidate
-45.642696,43.113678,PubChem candidate
-77.37292,-0.2818097,PubChem candidate
9.279707,-4.6708026,PubChem candidate
10.886315,-49.55149,PubChem candidate
77.30963,37.03662,PubChem candidate
58.831757,-45.78983,PubChem candidate
-74.69972,10.165867,PubChem candidate
-72.151276,14.448234,PubChem candidate
21.505915,-59.804367,PubChem candidate
-126.4069,-2.99264,PubChem candidate
78.86306,38.615868,PubChem candidate
-7.113294,0.11654981,PubChem candidate
85.95511,46.86403,PubChem candidate
38.275887,-65.27565,PubChem candidate
28.19169,-32.246784,PubChem candidate
104.333145,36.002483,PubChem candidate
18.860142,-34.0809,PubChem candidate
-93.1699,23.211025,PubChem candidate
10.410432,-45.42276,PubChem candidate
-63.535015,-58.812683,PubChem candidate
111.93371,-3.9719164,PubChem candidate
96.13347,-41.100624,PubChem candidate
-57.18722,64.60927,PubChem candidate
-2.5581083,-100.8399,PubChem candidate
29.397596,-29.383137,PubChem candidate
-27.42367,23.789047,PubChem candidate
52.69652,-41.19337,PubChem candidate
27.14274,-32.63996,PubChem candidate
74.66251,51.74924,PubChem candidate
36.664803,40.611256,PubChem candidate
-8.410206,40.240547,PubChem candidate
113.43846,-14.8701,PubChem candidate
-93.306885,-35.64335,PubChem candidate
50.3583,38.81081,PubChem candidate
-5.080819,2.5524216,PubChem candidate
-14.495449,-21.721167,PubChem candidate
15.023678,-49.90659,PubChem candidate
-10.973201,4.9589725,PubChem candidate
-110.9872,-27.705656,PubChem candidate
54.061428,-7.404215,PubChem candidate
-45.50717,38.870045,PubChem candidate
116.70097,-16.240662,PubChem candidate
-20.0892,-15.511588,PubChem candidate
-97.99794,9.779621,PubChem candidate
-58.733223,34.620472,PubChem candidate
-103.83511,-10.810161,PubChem candidate
115.644066,-13.200917,PubChem candidate
-8.628889,11.321827,PubChem candidate
-125.26831,-3.9166763,PubChem candidate
-97.16366,-41.16393,PubChem candidate
-72.04935,-53.414204,PubChem candidate
50.322464,-14.041627,PubChem candidate
-38.422215,-76.0935,PubChem candidate
-29.819336,-15.656521,PubChem candidate
61.7301,-49.423275,PubChem candidate
-3.3861265,25.458649,PubChem candidate
69.75975,15.34979,PubChem candidate
-9.692175,45.6856,PubChem candidate
44.78526,-84.57899,PubChem candidate
-38.079296,68.1259,PubChem candidate
-42.974472,-21.899492,PubChem candidate
-38.743843,-11.48971,PubChem candidate
102.08037,-40.670486,PubChem candidate
-18.27732,50.998905,PubChem candidate
-66.34693,4.395425,PubChem candidate
-23.585135,44.55227,PubChem candidate
45.300137,-50.596264,PubChem candidate
-1.2873333,19.004227,PubChem candidate
104.485664,-39.467724,PubChem candidate
19.895098,-33.758125,PubChem candidate
68.17536,-45.386494,PubChem candidate
-27.089718,-5.167937,PubChem candidate
32.968067,-40.172417,PubChem candidate
-97.68899,-38.232773,PubChem candidate
-36.649876,69.67511,PubChem candidate
112.46791,-7.3178473,PubChem candidate
115.04975,-22.972538,PubChem candidate
-36.971657,37.82801,PubChem candidate
-62.77904,-46.461586,PubChem candidate
7.455986,8.160699,PubChem candidate
-101.03662,-34.041267,PubChem candidate
-102.2994,-33.548603,PubChem candidate
49.891678,-19.960274,PubChem candidate
65.94146,-79.93943,PubChem candidate
-27.531446,-28.792042,PubChem candidate
115.02397,-17.010275,PubChem candidate
12.907626,1.9961516,PubChem candidate
12.28615,17.410671,PubChem candidate
112.196014,26.42137,PubChem candidate
30.878721,35.714012,PubChem candidate
-33.40141,70.47768,PubChem candidate
60.59741,0.60295963,PubChem candidate
93.49861,-30.241379,PubChem candidate
-40.436344,-24.75709,PubChem candidate
108.17995,0.7598365,PubChem candidate
55.679493,-1.4381945,PubChem candidate
-32.781563,44.241478,PubChem candidate
66.17186,-54.607437,PubChem candidate
-5.4639816,17.538748,PubChem candidate
94.48129,-18.85126,PubChem candidate
-86.880585,-20.463419,PubChem candidate
54.663944,-25.321482,PubChem candidate
71.89424,-42.585037,PubChem candidate
-92.36431,3.7405193,PubChem candidate
7.473631,-70.22765,PubChem candidate
70.77018,24.168856,PubChem candidate
97.54078,-6.356712,PubChem candidate
-11.794352,69.85033,PubChem candidate
-47.71686,82.48374,PubChem candidate
-50.555836,-17.502054,PubChem candidate
8.799742,0.6887868,PubChem candidate
74.54138,-1.5066159,PubChem candidate
114.41493,-13.784952,PubChem candidate
-15.572618,54.569324,PubChem candidate
-36.732773,43.44651,PubChem candidate
59.98111,-47.499027,PubChem candidate
-20.224258,-53.000637,PubChem candidate
115.85694,-15.455254,PubChem candidate
-63.44718,-59.39773,PubChem candidate
-17.754265,38.530045,PubChem candidate
13.016528,-69.77064,PubChem candidate
68.29461,-11.409182,PubChem candidate
-25.751339,-11.784988,PubChem candidate
44.94238,-52.164604,PubChem candidate
75.628586,10.306816,PubChem candidate
-20.540794,71.77553,PubChem candidate
72.69009,-38.13989,PubChem candidate
104.40507,23.828917,PubChem candidate
60.530422,-55.29229,PubChem candidate
-79.790924,-2.100086,PubChem candidate
-2.9034014,-6.4328303,PubChem candidate
-11.417307,39.46719,PubChem candidate
50.649857,-15.311936,PubChem candidate
-37.500786,23.659172,PubChem candidate
105.14039,-22.685764,PubChem candidate
5.6740637,-76.57491,PubChem candidate
-93.76603,-35.115314,PubChem candidate
-14.9960165,-32.541824,PubChem candidate
98.62772,24.51899,PubChem candidate
55.469845,-27.27742,PubChem candidate
8.308688,-43.1138,PubChem candidate
21.125153,0.8448857,PubChem candidate
-47.14803,33.665413,PubChem candidate
8.492126,8.00884,PubChem candidate
44.463074,-51.48929,PubChem candidate
-9.0088625,38.876236,PubChem candidate
-9.085355,0.667808,PubChem candidate
63.033947,-78.222305,PubChem candidate
90.446175,27.361332,PubChem candidate
20.605478,-2.4014516,PubChem candidate
-52.601704,33.978825,PubChem candidate
38.58856,18.13925,PubChem candidate
-9.537361,-25.280699,PubChem candidate
77.06452,8.877729,PubChem candidate
-64.69823,2.1378307,PubChem candidate
52.71848,-44.661522,PubChem candidate
21.235102,-31.961016,PubChem candidate
68.7714,-43.502953,PubChem candidate
-69.62083,13.272317,PubChem candidate
-25.903189,94.746056,PubChem candidate
55.444946,-80.06542,PubChem candidate
-53.078106,34.354828,PubChem candidate
60.605114,3.7257786,PubChem candidate
108.21382,-1.0704468,PubChem candidate
-13.019742,-21.78153,PubChem candidate
16.902706,-3.876403,PubChem candidate
71.088165,-42.94204,PubChem candidate
36.715416,35.651257,PubChem candidate
33.852074,42.12402,PubChem candidate
56.54749,-4.0242515,PubChem candidate
65.61668,-82.06682,PubChem candidate
-129.3885,1.45542,PubChem candidate
-98.268166,-37.194626,PubChem candidate
43.459885,-61.596714,PubChem candidate
-30.917732,-38.867012,PubChem candidate
-64.60797,-56.806507,PubChem candidate
77.57861,-4.1228714,PubChem candidate
-91.14134,22.951527,PubChem candidate
49.75629,-83.49491,PubChem candidate
19.493807,-42.09858,PubChem candidate
51.870323,-76.580605,PubChem candidate
-42.9448,45.442745,PubChem candidate
-112.54641,-5.878177,PubChem candidate
-62.989124,4.1190352,PubChem candidate
114.98808,-18.2471,PubChem candidate
-112.90028,-30.965733,PubChem candidate
-0.29700056,-64.17347,PubChem candidate
54.3087,-20.974102,PubChem candidate
17.254309,-1.4839389,PubChem candidate
64.017624,25.00601,PubChem candidate
-42.276257,-26.792648,PubChem candidate
-27.304787,27.246431,PubChem candidate
53.085804,-80.68078,PubChem candidate
-27.639421,-50.43903,PubChem candidate
91.49581,29.390785,PubChem candidate
42.256607,-68.52694,PubChem candidate
-58.732025,-55.16588,PubChem candidate
61.710155,-49.201225,PubChem candidate
4.579622,-62.23423,PubChem candidate
42.555305,-68.02148,PubChem candidate
66.00622,-73.999886,PubChem candidate
-26.403984,72.77472,PubChem candidate
-28.906462,-11.808977,PubChem candidate
104.41149,-40.83641,PubChem candidate
-43.020588,-21.829504,PubChem candidate
-16.8748,59.20859,PubChem candidate
18.653984,-42.22632,PubChem candidate
64.01994,-14.118481,PubChem candidate
74.284096,14.073984,PubChem candidate
68.45992,-10.535546,PubChem candidate
-41.60723,68.473526,PubChem candidate
92.1751,29.770697,PubChem candidate
81.095894,46.643215,PubChem candidate
-88.20012,-19.98162,PubChem candidate
-125.51571,-13.769871,PubChem candidate
19.270409,-30.945757,PubChem candidate
-38.695393,70.79366,PubChem candidate
-15.543588,53.28636,PubChem candidate
72.447205,47.710613,PubChem candidate
70.23786,24.8937,PubChem candidate
0.86433125,-0.53981245,PubChem candidate
-41.538685,37.026783,PubChem candidate
-35.324936,-12.663883,PubChem candidate
-99.14911,16.943434,PubChem candidate
17.426115,-3.5653899,PubChem candidate
10.412998,-9.967188,PubChem candidate
-44.448666,-16.941702,PubChem candidate
-72.31351,-3.5159879,PubChem candidate
112.1585,-22.368586,PubChem candidate
42.660023,-60.152557,PubChem candidate
-64.17597,-60.41988,PubChem candidate
48.92366,-85.99073,PubChem candidate
113.91169,28.072235,PubChem candidate
68.03679,8.745515,PubChem candidate
-21.494799,70.81883,PubChem candidate
-46.364754,43.399063,PubChem candidate
-41.158386,42.34448,PubChem candidate
99.631546,36.41083,PubChem candidate
65.152855,-66.46712,PubChem candidate
-50.736103,-74.72603,PubChem candidate
99.16583,-39.725266,PubChem candidate
103.661285,-38.469788,PubChem candidate
70.22084,15.653349,PubChem candidate
117.76454,-10.920503,PubChem candidate
3.1401343,-63.380177,PubChem candidate
114.84164,-12.481712,PubChem candidate
-87.78191,-20.505976,PubChem candidate
-17.12745,78.30389,PubChem candidate
-8.529176,-32.864998,PubChem candidate
99.82463,-37.52905,PubChem candidate
-61.194984,-45.23807,PubChem candidate
99.93908,-36.426403,PubChem candidate
0.48389626,-7.8959413,PubChem candidate
101.90832,-17.721006,PubChem candidate
62.250015,-69.069565,PubChem candidate
74.45143,53.70376,PubChem candidate
-22.595615,-8.237164,PubChem candidate
51.4687,-18.286388,PubChem candidate
-62.78999,6.3895316,PubChem candidate
-107.09283,-11.745307,PubChem candidate
-114.90213,-32.12723,PubChem candidate
-103.834404,-21.523539,PubChem candidate
-131.40358,-3.117659,PubChem candidate
-22.153528,-44.104855,PubChem candidate
38.533337,-68.67284,PubChem candidate
1.5539696,-64.74647,PubChem candidate
26.224548,-35.45292,PubChem candidate
41.52744,-58.42454,PubChem candidate
-35.21443,105.28112,PubChem candidate
14.478103,16.33976,PubChem candidate
-86.71173,19.427647,PubChem candidate
-70.65231,-8.661285,PubChem candidate
12.352904,-57.61544,PubChem candidate
-128.86453,1.0091616,PubChem candidate
52.60276,-21.956432,PubChem candidate
6.082995,-50.445255,PubChem candidate
105.14066,36.37311,PubChem candidate
72.93194,-39.113598,PubChem candidate
77.82887,55.291325,PubChem candidate
-128.37335,-0.05593675,PubChem candidate
-71.350044,12.101459,PubChem candidate
109.48221,-5.8559947,PubChem candidate
54.84418,-43.905415,PubChem candidate
98.74054,24.484184,PubChem candidate
-99.901924,-39.901447,PubChem candidate
21.872122,1.2277462,PubChem candidate
49.519012,-82.52361,PubChem candidate
9.789798,-42.0281,PubChem candidate
24.406767,-58.42531,PubChem candidate
-15.941008,-86.704,PubChem candidate
-51.05314,-13.7313595,PubChem candidate
59.332664,3.6887853,PubChem candidate
-78.981926,-3.4357588,PubChem candidate
55.209137,-25.92386,PubChem candidate
-88.818146,-20.481997,PubChem candidate
-89.99933,22.440676,PubChem candidate
-59.443268,9.321528,PubChem candidate
102.60886,35.446217,PubChem candidate
111.88959,-22.123178,PubChem candidate
-14.823626,59.772472,PubChem candidate
-22.777388,-8.050945,PubChem candidate
101.859314,35.61246,PubChem candidate
26.122766,35.7062,PubChem candidate
64.54324,9.105791,PubChem candidate
-64.11372,-45.872498,PubChem candidate
-52.531986,-24.783735,PubChem candidate
114.62573,-11.2410345,PubChem candidate
55.299404,-21.251255,PubChem candidate
-49.82491,80.6108,PubChem candidate
-97.80422,-43.261086,PubChem candidate
96.82415,23.127058,PubChem candidate
-36.826904,-14.337624,PubChem candidate
-27.975357,71.26564,PubChem candidate
56.293556,-49.86562,PubChem candidate
35.546055,14.034787,PubChem candidate
-31.410028,24.519024,PubChem candidate
54.589867,-44.219337,PubChem candidate
-49.016026,-33.854305,PubChem candidate
24.309912,-31.466639,PubChem candidate
94.69471,-19.007908,PubChem candidate
52.457855,-17.693514,PubChem candidate
-95.10371,-31.135931,PubChem candidate
53.27886,-20.79318,PubChem candidate
116.6303,-9.466341,PubChem candidate
20.584562,-58.771305,PubChem candidate
-102.75985,22.629465,PubChem candidate
-77.378555,-14.568735,PubChem candidate
-109.844444,-0.90001124,PubChem candidate
-14.169842,42.150146,PubChem candidate
-33.58594,-73.38216,PubChem candidate
-22.570763,91.310905,PubChem candidate
55.71241,-48.983627,PubChem candidate
-34.387955,-73.32254,PubChem candidate
-14.858888,113.06003,PubChem candidate
6.0202928,-57.404785,PubChem candidate
-106.65206,9.03141,PubChem candidate
-108.499245,5.9762073,PubChem candidate
63.621765,-81.50207,PubChem candidate
97.7946,-39.247284,PubChem candidate
66.07396,-62.95686,PubChem candidate
-68.09278,-0.8315037,PubChem candidate
4.3281126,-45.441822,PubChem candidate
96.30149,-6.317772,PubChem candidate
87.03562,50.378666,PubChem candidate
9.98494,-44.328392,PubChem candidate
-121.783,-9.8488035,PubChem candidate
95.50421,-13.0465975,PubChem candidate
12.273953,-11.270695,PubChem candidate
-36.096504,-73.98112,PubChem candidate
-30.559507,-39.464317,PubChem candidate
37.88226,36.90386,PubChem candidate
115.34004,-28.173527,PubChem candidate
-36.081276,40.167458,PubChem candidate
104.95718,-38.985413,PubChem candidate
-39.51636,-42.915604,PubChem candidate
-41.04006,-28.437868,PubChem candidate
-106.72141,8.945709,PubChem candidate
-94.67145,26.401194,PubChem candidate
-16.08764,43.117287,PubChem candidate
13.226164,-68.62662,PubChem candidate
15.638225,-6.8986673,PubChem candidate
-83.516396,5.8246436,PubChem candidate
77.44447,-3.9189339,PubChem candidate
6.429233,-52.052803,PubChem candidate
76.952644,-1.9446299,PubChem candidate
-75.80542,9.052214,PubChem candidate
70.84202,-14.517784,PubChem candidate
-43.14206,59.43746,PubChem candidate
47.756565,-44.834854,PubChem candidate
-97.94225,-36.576653,PubChem candidate
42.539585,30.726753,PubChem candidate
-18.874418,42.206474,PubChem candidate
116.121864,-22.128086,PubChem candidate
-26.229454,-30.908445,PubChem candidate
58.657494,-81.18665,PubChem candidate
-42.12871,45.005466,PubChem candidate
68.25733,-60.989094,PubChem candidate
55.694454,-79.46825,PubChem candidate
0.9982278,-65.74044,PubChem candidate
-29.665506,24.823826,PubChem candidate
-25.363796,-17.943617,PubChem candidate
73.8691,8.861528,PubChem candidate
-90.23972,-21.181767,PubChem candidate
55.20149,-26.196083,PubChem candidate
-106.651566,-9.278548,PubChem candidate
-52.22119,-54.56545,PubChem candidate
-28.568228,25.431053,PubChem candidate
-22.579329,-83.414185,PubChem candidate
-34.540787,-95.65686,PubChem candidate
-59.785053,13.803698,PubChem candidate
98.11837,32.692955,PubChem candidate
116.31315,-25.65964,PubChem candidate
109.42224,23.91698,PubChem candidate
77.14647,-3.1127863,PubChem candidate
12.203853,-45.047688,PubChem candidate
-77.909134,-2.3050375,PubChem candidate
-114.74995,-32.37635,PubChem candidate
-129.71724,1.0950124,PubChem candidate
-31.76084,98.46889,PubChem candidate
73.85074,30.35335,PubChem candidate
26.68027,-31.2559,PubChem candidate
55.499496,-83.36133,PubChem candidate
95.64617,-4.9350634,PubChem candidate
29.919027,38.007908,PubChem candidate
-41.533756,-15.694223,PubChem candidate
109.30121,-21.037113,PubChem candidate
21.963902,-68.35139,PubChem candidate
21.322044,-31.455587,PubChem candidate
66.3164,9.013813,PubChem candidate
85.35069,44.647533,PubChem candidate
-130.78883,-1.536596,PubChem candidate
22.365847,-65.68897,PubChem candidate
51.490803,-77.257904,PubChem candidate
82.518425,46.064407,PubChem candidate
77.21073,-3.271664,PubChem candidate
9.904274,22.242987,PubChem candidate
55.046104,-42.438156,PubChem candidate
-52.570984,-11.599459,PubChem candidate
-41.501144,-45.1208,PubChem candidate
-109.69358,-29.99459,PubChem candidate
26.399458,37.43116,PubChem candidate
57.9043,-6.7377205,PubChem candidate
33.788105,8.141759,PubChem candidate
12.200879,-44.88427,PubChem candidate
-94.64702,10.952974,PubChem candidate
110.590096,-4.931607,PubChem candidate
41.967796,-60.356964,PubChem candidate
21.365437,-56.918262,PubChem candidate
-22.020311,44.447132,PubChem candidate
7.0240464,18.991394,PubChem candidate
114.83942,29.647818,PubChem candidate
73.310715,30.41752,PubChem candidate
48.35859,-17.1775,PubChem candidate
2.86953,-71.33047,PubChem candidate
-24.444582,-37.31376,PubChem candidate
0.72254056,2.0472038,PubChem candidate
-75.137955,-12.103699,PubChem candidate
104.42385,23.184572,PubChem candidate
-35.638817,67.706406,PubChem candidate
37.473717,-75.05013,PubChem candidate
54.538803,28.101799,PubChem candidate
116.9175,28.819834,PubChem candidate
54.14747,-72.42711,PubChem candidate
21.029818,-30.305475,PubChem candidate
48.776867,36.06015,PubChem candidate
-4.13961,98.51423,PubChem candidate
39.28164,-60.189922,PubChem candidate
60.167458,24.456186,PubChem candidate
95.2476,-19.344645,PubChem candidate
39.665173,27.192411,PubChem candidate
5.9426284,-60.84713,PubChem candidate
97.32278,32.35121,PubChem candidate
106.19089,-39.410774,PubChem candidate
108.02872,-0.28485397,PubChem candidate
54.722076,-2.140411,PubChem candidate
63.179756,0.35709733,PubChem candidate
53.63555,-44.50433,PubChem candidate
-40.099777,-76.76956,PubChem candidate
2.776306,-54.259964,PubChem candidate
-96.78708,30.281872,PubChem candidate
9.141553,-5.557822,PubChem candidate
-1.9146255,3.3041031,PubChem candidate
50.02739,-19.372967,PubChem candidate
-110.502266,-1.4806678,PubChem candidate
45.201843,-50.979767,PubChem candidate
-19.361244,40.97713,PubChem candidate
-16.114155,54.78799,PubChem candidate
-38.367374,-10.54579,PubChem candidate
8.744217,-14.974386,PubChem candidate
109.62568,-3.496007,PubChem candidate
-74.57549,16.271494,PubChem candidate
95.762215,-7.5223465,PubChem candidate
47.55018,-36.74425,PubChem candidate
-109.41657,-8.319055,PubChem candidate
-133.6334,-4.3194394,PubChem candidate
98.810616,22.938463,PubChem candidate
-16.969923,9.3062315,PubChem candidate
-47.54776,-81.57025,PubChem candidate
3.176258,-71.34943,PubChem candidate
26.072445,-52.06166,PubChem candidate
45.316284,-50.54039,PubChem candidate
-70.82868,13.431486,PubChem candidate
39.70381,27.147017,PubChem candidate
92.696465,-41.16062,PubChem candidate
50.15249,-20.334389,PubChem candidate
21.546043,-31.482126,PubChem candidate
11.639573,-46.379894,PubChem candidate
8.324542,-65.47979,PubChem candidate
39.29148,-33.248116,PubChem candidate
-26.167292,-7.139625,PubChem candidate
108.76894,-27.821144,PubChem candidate
-93.440674,4.485744,PubChem candidate
100.29958,23.194056,PubChem candidate
-6.541736,92.351555,PubChem candidate
81.914856,45.419636,PubChem candidate
57.66093,-78.76323,PubChem candidate
-99.48758,-40.56756,PubChem candidate
8.761326,-40.970108,PubChem candidate
-50.932697,-83.856415,PubChem candidate
22.794231,41.250214,PubChem candidate
-61.75957,-58.185814,PubChem candidate
8.94135,10.930561,PubChem candidate
105.77331,-33.55187,PubChem candidate
37.801186,-72.004745,PubChem candidate
111.43733,29.661232,PubChem candidate
-28.27257,39.959484,PubChem candidate
40.342224,-92.76008,PubChem candidate
49.040947,-17.307606,PubChem candidate
-51.714046,-76.59985,PubChem candidate
-36.639824,-19.435316,PubChem candidate
-66.24886,-45.67656,PubChem candidate
5.0485387,-72.98467,PubChem candidate
111.5086,23.465725,PubChem candidate
-13.305573,83.844955,PubChem candidate
-67.87176,11.107357,PubChem candidate
114.002396,-3.9052799,PubChem candidate
-47.7722,41.588257,PubChem candidate
99.6026,-39.455727,PubChem candidate
-18.542654,59.040283,PubChem candidate
9.556654,-49.54628,PubChem candidate
68.30425,11.450649,PubChem candidate
-14.9944,-4.4613843,PubChem candidate
79.054855,-2.1333826,PubChem candidate
-33.278732,23.388268,PubChem candidate
46.853035,-36.02755,PubChem candidate
74.46241,53.450794,PubChem candidate
53.804646,-24.849644,PubChem candidate
49.31367,-84.15804,PubChem candidate
85.23715,47.056007,PubChem candidate
10.938321,10.409608,PubChem candidate
-64.80886,-60.717457,PubChem candidate
59.717224,-51.354416,PubChem candidate
25.408455,23.346481,PubChem candidate
61.650074,-18.649714,PubChem candidate
41.47352,35.767395,PubChem candidate
112.330666,-3.5086563,PubChem candidate
-110.56476,-32.41287,PubChem candidate
107.62317,28.219202,PubChem candidate
11.557432,23.782751,PubChem candidate
86.96633,58.244793,PubChem candidate
46.64052,-82.594894,PubChem candidate
-92.16276,21.49975,PubChem candidate
109.666954,-27.9851,PubChem candidate
71.418976,-42.803177,PubChem candidate
-38.327126,72.14366,PubChem candidate
73.21436,18.435238,PubChem candidate
-12.985672,105.50915,PubChem candidate
95.96308,-5.464821,PubChem candidate
-17.458366,71.567604,PubChem candidate
-22.067247,-52.679142,PubChem candidate
92.54234,29.884,PubChem candidate
64.164154,24.059568,PubChem candidate
14.955583,-2.6732485,PubChem candidate
112.72891,27.21484,PubChem candidate
26.19686,31.891184,PubChem candidate
-67.46444,-55.60136,PubChem candidate
4.564737,-73.05731,PubChem candidate
-20.115469,52.834743,PubChem candidate
47.445683,-8.695081,PubChem candidate
3.7372186,-56.703346,PubChem candidate
19.656773,-5.788159,PubChem candidate
106.8921,-40.168354,PubChem candidate
-10.274091,7.3298335,PubChem candidate
-126.91185,-7.6937165,PubChem candidate
105.20697,-1.2392925,PubChem candidate
115.08271,29.174833,PubChem candidate
109.481895,-38.21491,PubChem candidate
-114.52689,-27.16195,PubChem candidate
-102.46148,-33.520233,PubChem candidate
93.67858,-23.752708,PubChem candidate
87.52067,51.71578,PubChem candidate
-27.786282,-55.310154,PubChem candidate
-61.65785,-60.109585,PubChem candidate
4.9324665,-55.758812,PubChem candidate
116.894066,-9.441139,PubChem candidate
-43.198418,-22.20956,PubChem candidate
2.7262506,4.7123594,PubChem candidate
108.44748,23.255995,PubChem candidate
-40.88621,-9.089318,PubChem candidate
95.06654,32.302254,PubChem candidate
62.92678,-56.697292,PubChem candidate
73.19791,48.576324,PubChem candidate
8.317446,-68.7142,PubChem candidate
-16.618757,73.512184,PubChem candidate
82.04082,53.542202,PubChem candidate
-122.17389,-9.546081,PubChem candidate
-107.66282,-26.83258,PubChem candidate
-44.997135,-24.31954,PubChem candidate
57.680073,-46.44408,PubChem candidate
94.763794,-10.65563,PubChem candidate
94.8892,-20.050043,PubChem candidate
-43.129513,-27.328878,PubChem candidate
114.17692,26.44944,PubChem candidate
-67.23333,-59.062016,PubChem candidate
65.26306,-71.971634,PubChem candidate
114.29862,-4.273154,PubChem candidate
-131.8973,-4.8121147,PubChem candidate
61.98425,7.840957,PubChem candidate
62.908737,-55.02058,PubChem candidate
-24.332039,-27.217354,PubChem candidate
-78.197105,-0.276366,PubChem candidate
-1.4046228,-62.063854,PubChem candidate
-55.1475,-21.541935,PubChem candidate
-127.385445,-10.255992,PubChem candidate
66.82645,2.3671954,PubChem candidate
-11.867479,44.94117,PubChem candidate
94.67132,-19.545832,PubChem candidate
25.987473,-30.967314,PubChem candidate
11.1352,7.586083,PubChem candidate
73.57909,34.801456,PubChem candidate
64.47533,-68.1609,PubChem candidate
46.50061,-48.576008,PubChem candidate
-45.01749,82.825905,PubChem candidate
96.55584,-41.08603,PubChem candidate
-83.72623,5.4796066,PubChem candidate
4.5749435,-62.168785,PubChem candidate
-111.25389,-29.367031,PubChem candidate
-102.485634,21.665619,PubChem candidate
99.82709,-36.957275,PubChem candidate
115.754684,-8.477006,PubChem candidate
-31.819092,68.122345,PubChem candidate
-98.01847,-35.289425,PubChem candidate
15.4485855,-105.925255,PubChem candidate
10.841451,-72.9947,PubChem candidate
72.03613,33.63323,PubChem candidate
2.4380248,-11.929173,PubChem candidate
-101.79511,-53.11415,PubChem candidate
72.79633,4.4617414,PubChem candidate
20.54241,40.897343,PubChem candidate
57.78485,-2.8952408,PubChem candidate
7.238071,94.29253,PubChem candidate
41.928417,52.379837,PubChem candidate
91.35785,-17.570835,PubChem candidate
95.86393,32.240387,PubChem candidate
54.95087,95.35011,PubChem candidate
-20.39935,-15.434814,PubChem candidate
-101.148796,-26.75923,PubChem candidate
71.488686,37.646137,PubChem candidate
31.436972,108.38883,PubChem candidate
114.56885,-11.551187,PubChem candidate
-28.623726,99.10212,PubChem candidate
-29.434135,-24.442686,PubChem candidate
30.3317,98.42328,PubChem candidate
-32.15626,41.096756,PubChem candidate
30.63004,-30.888416,PubChem candidate
19.716822,5.539821,PubChem candidate
-31.68324,-93.74126,PubChem candidate
73.394226,32.418713,PubChem candidate
41.112602,49.33949,PubChem candidate
-24.809088,69.68158,PubChem candidate
111.97118,-30.77784,PubChem candidate
91.63389,-25.577854,PubChem candidate
35.412582,-74.36104,PubChem candidate
54.71578,-25.6646,PubChem candidate
67.354904,-69.53039,PubChem candidate
-49.253754,-33.75137,PubChem candidate
-41.26215,-78.48994,PubChem candidate
44.397816,28.822424,PubChem candidate
-22.606445,34.719666,PubChem candidate
39.450127,49.32863,PubChem candidate
57.983616,102.77323,PubChem candidate
-1.0358421,-103.16199,PubChem candidate
8.136547,48.69628,PubChem candidate
-18.593868,40.215652,PubChem candidate
-101.028046,-11.97836,PubChem candidate
-90.177086,-21.06842,PubChem candidate
50.4126,95.58324,PubChem candidate
38.95883,-73.63997,PubChem candidate
48.79968,81.03973,PubChem candidate
-45.064342,-35.82618,PubChem candidate
-3.0389125,97.50325,PubChem candidate
-105.03221,21.179785,PubChem candidate
-52.0292,-16.03796,PubChem candidate
-79.17804,-6.355952,PubChem candidate
43.5407,88.16006,PubChem candidate
44.63005,46.488518,PubChem candidate
44.45432,15.870028,PubChem candidate
-42.4523,-68.52368,PubChem candidate
44.918312,-40.59888,PubChem candidate
-13.665289,116.912544,PubChem candidate
81.03797,43.56876,PubChem candidate
-1.1373397,10.734147,PubChem candidate
38.483994,75.91306,PubChem candidate
-6.1355085,-35.50559,PubChem candidate
-44.820877,70.70244,PubChem candidate
64.112144,24.499224,PubChem candidate
-90.02681,20.556093,PubChem candidate
8.466167,48.145905,PubChem candidate
46.96164,78.86563,PubChem candidate
-43.448315,71.91333,PubChem candidate
-93.75237,-35.172127,PubChem candidate
-93.676,-34.356506,PubChem candidate
99.307625,-36.19078,PubChem candidate
16.735437,-31.159054,PubChem candidate
37.07545,75.46908,PubChem candidate
68.757645,13.9151745,PubChem candidate
41.983635,51.93655,PubChem candidate
-6.0925417,9.3987055,PubChem candidate
88.56265,52.031113,PubChem candidate
-38.582787,24.148186,PubChem candidate
-79.5932,-6.1492987,PubChem candidate
-90.85576,21.708841,PubChem candidate
-89.01757,-18.261759,PubChem candidate
60.36059,4.3769555,PubChem candidate
39.87659,-94.37676,PubChem candidate
-93.75619,-34.685726,PubChem candidate
52.8627,-42.45194,PubChem candidate
-42.50178,-44.540054,PubChem candidate
111.7582,-3.8693812,PubChem candidate
-76.71072,-58.672714,PubChem candidate
19.219131,6.592689,PubChem candidate
88.80268,58.497986,PubChem candidate
51.54258,-3.9536343,PubChem candidate
9.461476,46.607834,PubChem candidate
48.194733,99.79493,PubChem candidate
-16.723297,21.202852,PubChem candidate
-36.29219,-46.805016,PubChem candidate
-44.423637,-14.143253,PubChem candidate
114.59407,-28.709845,PubChem candidate
60.865547,87.19829,PubChem candidate
-35.752647,-8.323761,PubChem candidate
43.535156,92.74964,PubChem candidate
32.653656,110.15989,PubChem candidate
48.120754,37.555588,PubChem candidate
46.41639,27.966293,PubChem candidate
45.249897,50.24736,PubChem candidate
-53.802666,-18.713997,PubChem candidate
45.96421,78.53828,PubChem candidate
-37.792797,25.105986,PubChem candidate
32.519474,108.71948,PubChem candidate
32.432503,40.97562,PubChem candidate
42.991695,103.51446,PubChem candidate
-37.956253,-19.574879,PubChem candidate
14.310105,62.854908,PubChem candidate
-14.13647,42.213924,PubChem candidate
108.32829,22.823586,PubChem candidate
56.9236,47.78044,PubChem candidate
-80.883835,50.377575,PubChem candidate
57.17109,97.19385,PubChem candidate
-21.207653,-10.35333,PubChem candidate
-38.1515,-6.9449186,PubChem candidate
40.888714,71.688614,PubChem candidate
98.09087,32.181534,PubChem candidate
71.77344,51.017063,PubChem candidate
14.586012,63.301716,PubChem candidate
63.732246,88.9746,PubChem candidate
-45.05389,-36.307404,PubChem candidate
59.81608,24.692375,PubChem candidate
-88.60361,-22.290056,PubChem candidate
-56.368496,-52.49857,PubChem candidate
6.671163,-75.300934,PubChem candidate
22.976248,72.39512,PubChem candidate
-95.191795,7.3382916,PubChem candidate
38.048336,36.228786,PubChem candidate
7.777851,-16.45923,PubChem candidate
-28.624992,68.960846,PubChem candidate
92.91782,33.045338,PubChem candidate
-110.81031,-29.590294,PubChem candidate
-8.05357,5.495588,PubChem candidate
35.361732,-32.16507,PubChem candidate
116.537575,30.302954,PubChem candidate
-52.954384,32.558872,PubChem candidate
2.3120334,-62.217316,PubChem candidate
73.45734,4.9467816,PubChem candidate
109.286705,-13.740436,PubChem candidate
-92.27732,-31.623833,PubChem candidate
7.6734943,49.631676,PubChem candidate
28.792688,-31.395609,PubChem candidate
-36.14953,38.089027,PubChem candidate
38.59954,-32.99057,PubChem candidate
34.135662,-30.80646,PubChem candidate
55.168232,-80.75914,PubChem candidate
93.009,-17.77006,PubChem candidate
-9.165975,47.034748,PubChem candidate
71.32264,15.556034,PubChem candidate
34.47317,37.551823,PubChem candidate
-68.158226,-4.567532,PubChem candidate
-102.2398,17.226683,PubChem candidate
-52.614223,34.50266,PubChem candidate
41.84899,-67.61016,PubChem candidate
-6.0207014,94.71361,PubChem candidate
46.190887,100.35585,PubChem candidate
31.885998,80.052826,PubChem candidate
7.323946,45.698784,PubChem candidate
65.071106,-59.142586,PubChem candidate
57.12635,46.558247,PubChem candidate
65.70073,88.128716,PubChem candidate
18.05181,73.301735,PubChem candidate
-23.026882,-93.35824,PubChem candidate
36.01484,78.466515,PubChem candidate
-54.52967,37.345043,PubChem candidate
-41.274498,-28.238226,PubChem candidate
-76.94071,-58.339817,PubChem candidate
60.159435,90.7667,PubChem candidate
-135.6479,-7.860762,PubChem candidate
61.832596,-19.925268,PubChem candidate
38.657066,76.09038,PubChem candidate
2.9255443,-5.563558,PubChem candidate
-60.099613,9.69482,PubChem candidate
-11.66633,106.543594,PubChem candidate
43.04359,73.75896,PubChem candidate
12.354017,-3.73129,PubChem candidate
91.40777,-27.775183,PubChem candidate
57.040325,30.690636,PubChem candidate
-3.698673,47.31169,PubChem candidate
-0.35114974,82.85809,PubChem candidate
93.96984,19.70034,PubChem candidate
64.81706,7.47692,PubChem candidate
5.19631,-107.36339,PubChem candidate
-2.2284517,17.66079,PubChem candidate
56.473797,25.94858,PubChem candidate
91.22827,31.462503,PubChem candidate
-80.99737,50.552437,PubChem candidate
-33.49891,-17.222519,PubChem candidate
-37.900856,23.744862,PubChem candidate
4.93488,-67.96434,PubChem candidate
29.742994,30.94528,PubChem candidate
114.9076,27.927948,PubChem candidate
106.34382,0.16353925,PubChem candidate
112.491,-19.723404,PubChem candidate
12.050641,-10.665444,PubChem candidate
26.179354,32.65608,PubChem candidate
-45.75959,-81.45624,PubChem candidate
14.089151,64.658966,PubChem candidate
-81.01264,50.587784,PubChem candidate
7.660426,8.134883,PubChem candidate
50.70194,95.934265,PubChem candidate
-104.14333,29.345024,PubChem candidate
9.6226845,109.57696,PubChem candidate
62.84621,-56.104904,PubChem candidate
116.70058,-7.979961,PubChem candidate
21.343458,72.926254,PubChem candidate
46.584866,-87.274864,PubChem candidate
-40.62125,-8.792415,PubChem candidate
-58.464684,13.518662,PubChem candidate
56.730526,-21.001665,PubChem candidate
64.728325,7.445434,PubChem candidate
36.325336,41.037983,PubChem candidate
58.542377,27.807032,PubChem candidate
49.241226,39.461563,PubChem candidate
55.715046,49.225903,PubChem candidate
2.5938382,-53.901505,PubChem candidate
59.73126,94.415535,PubChem candidate
-69.01139,-49.148304,PubChem candidate
52.31974,37.296345,PubChem candidate
11.155143,5.5554395,PubChem candidate
-56.66967,37.560135,PubChem candidate
-104.00865,4.700282,PubChem candidate
31.340885,108.28064,PubChem candidate
-18.097305,9.459339,PubChem candidate
82.73924,51.927765,PubChem candidate
-91.99228,25.713358,PubChem candidate
33.739643,107.33462,PubChem candidate
47.552174,-7.940233,PubChem candidate
41.61184,88.12118,PubChem candidate
36.771656,76.628494,PubChem candidate
67.020195,-62.48331,PubChem candidate
1.4893686,-67.31914,PubChem candidate
37.56205,16.87209,PubChem candidate
74.47499,36.846287,PubChem candidate
38.02567,74.29089,PubChem candidate
68.91235,-14.1919365,PubChem candidate
-16.907494,5.3181686,PubChem candidate
50.244102,-3.390276,PubChem candidate
-12.721086,43.630238,PubChem candidate
-49.035656,33.32886,PubChem candidate
42.387356,91.82261,PubChem candidate
57.535187,98.75281,PubChem candidate
-1.5373935,96.73029,PubChem candidate
117.23421,28.59845,PubChem candidate
-37.67134,101.685104,PubChem candidate
19.993126,-8.601603,PubChem candidate
22.178333,39.037956,PubChem candidate
65.78817,-62.582348,PubChem candidate
-13.986044,-10.860796,PubChem candidate
-19.050528,14.25873,PubChem candidate
-93.43509,-39.145107,PubChem candidate
-53.30597,-18.281658,PubChem candidate
105.31966,1.5098157,PubChem candidate
106.2609,-40.5067,PubChem candidate
39.663204,102.59184,PubChem candidate
46.565357,80.209915,PubChem candidate
30.734465,36.588604,PubChem candidate
60.534897,99.90326,PubChem candidate
11.380894,-103.490746,PubChem candidate
-80.58332,50.164574,PubChem candidate
76.765144,-0.10844825,PubChem candidate
5.9980044,17.463491,PubChem candidate
41.645283,52.4895,PubChem candidate
100.66523,22.93664,PubChem candidate
67.5401,-68.80317,PubChem candidate
37.305664,11.859081,PubChem candidate
-16.861383,59.989536,PubChem candidate
14.413693,64.93032,PubChem candidate
20.751526,-65.7448,PubChem candidate
56.030975,-1.9717761,PubChem candidate
84.520325,43.49814,PubChem candidate
56.939003,99.42332,PubChem candidate
-46.213287,-6.233752,PubChem candidate
50.409504,95.40762,PubChem candidate
44.144516,45.62716,PubChem candidate
49.24763,84.026405,PubChem candidate
38.655594,95.12949,PubChem candidate
5.2751293,-55.363503,PubChem candidate
-52.22484,71.91328,PubChem candidate
43.640663,88.20323,PubChem candidate
-58.35152,13.336357,PubChem candidate
-82.7281,52.191826,PubChem candidate
4.008533,-44.88053,PubChem candidate
15.804778,66.30842,PubChem candidate
10.030336,45.553635,PubChem candidate
15.777973,-16.82167,PubChem candidate
-75.950676,-13.390493,PubChem candidate
114.501526,-23.771626,PubChem candidate
3.3117964,110.10471,PubChem candidate
-53.68279,40.394733,PubChem candidate
30.697361,35.61409,PubChem candidate
-27.497152,-50.499714,PubChem candidate
104.20294,1.5414312,PubChem candidate
-104.05893,-21.892916,PubChem candidate
108.992645,-20.337784,PubChem candidate
2.7847478,12.768359,PubChem candidate
-90.06734,20.57452,PubChem candidate
48.228302,86.18914,PubChem candidate
-82.7281,52.191826,PubChem candidate
22.276794,6.3429666,PubChem candidate
24.016329,27.286129,PubChem candidate
31.533678,-25.023281,PubChem candidate
74.94071,15.396838,PubChem candidate
-93.1588,3.8565273,PubChem candidate
49.011322,-39.14925,PubChem candidate
23.92937,33.703373,PubChem candidate
-61.371567,-57.896496,PubChem candidate
13.74246,-0.3888414,PubChem candidate
101.84345,5.019856,PubChem candidate
64.79869,-63.044792,PubChem candidate
-30.075048,107.52791,PubChem candidate
102.42722,1.7999799,PubChem candidate
42.880745,84.53359,PubChem candidate
2.719759,17.988976,PubChem candidate
31.455488,107.53111,PubChem candidate
-38.967564,-16.180477,PubChem candidate
5.9572086,108.1509,PubChem candidate
62.322067,7.648062,PubChem candidate
-23.932882,94.295494,PubChem candidate
-2.1264794,4.3601613,PubChem candidate
55.79975,-77.717606,PubChem candidate
14.107737,64.66477,PubChem candidate
80.99958,43.7623,PubChem candidate
43.52767,-47.296085,PubChem candidate
17.164804,72.862045,PubChem candidate
31.892197,23.994438,PubChem candidate
39.4437,89.02818,PubChem candidate
-50.344627,78.17473,PubChem candidate
109.00611,23.52041,PubChem candidate
72.86027,34.17345,PubChem candidate
31.518831,-42.63431,PubChem candidate
-25.02518,89.55338,PubChem candidate
33.65419,31.548157,PubChem candidate
-65.04198,15.929768,PubChem candidate
3.0039325,-3.340686,PubChem candidate
45.001976,32.166622,PubChem candidate
-97.34231,-40.07322,PubChem candidate
-79.09346,-60.81962,PubChem candidate
-33.300938,100.541145,PubChem candidate
42.268837,-92.2468,PubChem candidate
89.038475,-24.733969,PubChem candidate
-1.5758177,18.601236,PubChem candidate
54.105793,95.16047,PubChem candidate
61.800434,-78.19336,PubChem candidate
42.07655,44.81343,PubChem candidate
-21.268106,-25.130325,PubChem candidate
12.286765,65.3154,PubChem candidate
-82.7281,52.191826,PubChem candidate
101.63396,-32.482723,PubChem candidate
20.534843,72.192665,PubChem candidate
-10.197519,72.642555,PubChem candidate
-48.974133,-67.40497,PubChem candidate
94.84684,-42.283432,PubChem candidate
-105.1727,29.003702,PubChem candidate
-71.77506,-3.5706425,PubChem candidate
26.516714,-54.06684,PubChem candidate
40.985157,-66.35347,PubChem candidate
51.85075,83.56801,PubChem candidate
-65.00868,-0.9379051,PubChem candidate
18.424372,74.360855,PubChem candidate
-6.878431,-100.945755,PubChem candidate
30.69755,111.80822,PubChem candidate
48.668972,100.22381,PubChem candidate
-8.4592,5.3481197,PubChem candidate
88.019424,52.475845,PubChem candidate
51.83863,49.1816,PubChem candidate
20.835413,41.658615,PubChem candidate
108.48067,-29.415989,PubChem candidate
-46.66634,-7.181761,PubChem candidate
42.65202,30.974232,PubChem candidate
50.50942,82.61911,PubChem candidate
-23.68454,114.71748,PubChem candidate
69.89235,4.5402455,PubChem candidate
-77.049255,49.455605,PubChem candidate
-97.13658,-19.398125,PubChem candidate
-32.246117,-57.781456,PubChem candidate
31.154423,78.94539,PubChem candidate
86.74506,42.67096,PubChem candidate
52.72193,48.509045,PubChem candidate
-45.061718,-13.770854,PubChem candidate
64.45092,88.811104,PubChem candidate
-97.85939,14.165761,PubChem candidate
9.881487,-53.607746,PubChem candidate
72.30122,50.38211,PubChem candidate
103.41984,23.801754,PubChem candidate
-51.45334,-71.22279,PubChem candidate
44.810173,45.173008,PubChem candidate
-1.8889598,97.84715,PubChem candidate
40.9118,47.064598,PubChem candidate
-14.349127,112.21546,PubChem candidate
44.756916,-53.172752,PubChem candidate
-49.5454,37.00326,PubChem candidate
-132.72554,-3.6710181,PubChem candidate
-101.52695,-54.20324,PubChem candidate
-77.5654,-2.1489196,PubChem candidate
10.5564165,46.32571,PubChem candidate
-28.435349,-11.84169,PubChem candidate
38.973118,34.31068,PubChem candidate
48.07645,-6.985337,PubChem candidate
-17.44666,7.6829057,PubChem candidate
102.65,3.016442,PubChem candidate
-97.27473,-38.725246,PubChem candidate
-56.885426,34.38883,PubChem candidate
53.451084,-14.284322,PubChem candidate
-34.868534,-44.88539,PubChem candidate
82.73113,52.078175,PubChem candidate
38.207653,90.47327,PubChem candidate
42.141907,51.497093,PubChem candidate
32.99511,33.718407,PubChem candidate
32.39143,6.022129,PubChem candidate
37.884666,42.29824,PubChem candidate
105.966995,23.028788,PubChem candidate
33.842564,34.208794,PubChem candidate
53.312973,92.63243,PubChem candidate
-20.544106,-17.516376,PubChem candidate
-15.421797,-50.574215,PubChem candidate
10.699018,105.4168,PubChem candidate
8.1491995,93.970314,PubChem candidate
-35.899155,97.95164,PubChem candidate
-73.04352,2.657955,PubChem candidate
93.31941,-29.907846,PubChem candidate
-1.6805892,98.60206,PubChem candidate
-65.77664,-45.78922,PubChem candidate
71.1855,-43.47562,PubChem candidate
-17.214033,-11.260297,PubChem candidate
66.35807,-12.735666,PubChem candidate
-1.5488337,113.9105,PubChem candidate
-18.325014,58.65735,PubChem candidate
50.50555,98.92651,PubChem candidate
38.69817,90.829254,PubChem candidate
6.358225,-77.7667,PubChem candidate
32.422333,-40.603443,PubChem candidate
42.5703,81.20745,PubChem candidate
-21.409609,44.90304,PubChem candidate
66.32214,-56.64486,PubChem candidate
-18.728054,-16.539526,PubChem candidate
-17.702847,41.328445,PubChem candidate
-17.564764,96.31039,PubChem candidate
36.814125,8.864641,PubChem candidate
32.35772,96.39319,PubChem candidate
-42.637074,38.259224,PubChem candidate
50.36696,95.66385,PubChem candidate
50.653225,82.667755,PubChem candidate
6.8059793,110.15029,PubChem candidate
69.488914,9.837534,PubChem candidate
55.200253,-47.502068,PubChem candidate
62.883472,88.65392,PubChem candidate
68.05883,1.4620728,PubChem candidate
30.558191,28.020584,PubChem candidate
54.808434,-19.252943,PubChem candidate
-110.93849,-29.423252,PubChem candidate
-5.1220655,17.3188,PubChem candidate
57.790867,94.88855,PubChem candidate
50.061356,-10.8850975,PubChem candidate
38.71184,-75.66541,PubChem candidate
45.583103,-46.16451,PubChem candidate
72.96122,5.9242554,PubChem candidate
56.798977,-1.4886724,PubChem candidate
22.070219,39.299545,PubChem candidate
42.699825,53.706333,PubChem candidate
30.408846,96.343765,PubChem candidate
-90.064575,-19.56344,PubChem candidate
76.37525,55.35115,PubChem candidate
62.03983,2.6977308,PubChem candidate
96.06228,-18.065674,PubChem candidate
-78.251625,-61.24983,PubChem candidate
17.828266,-103.90583,PubChem candidate
-16.372643,21.19064,PubChem candidate
-94.33361,22.646046,PubChem candidate
42.08245,-59.851063,PubChem candidate
43.334824,82.36306,PubChem candidate
45.1434,104.430504,PubChem candidate
-17.28369,56.779083,PubChem candidate
-105.2043,24.722826,PubChem candidate
43.47891,45.27862,PubChem candidate
47.251392,43.030064,PubChem candidate
86.8543,57.48236,PubChem candidate
-26.712368,-6.1922936,PubChem candidate
-104.40075,19.052546,PubChem candidate
-49.041355,74.58519,PubChem candidate
61.275616,-20.407919,PubChem candidate
116.04351,29.980974,PubChem candidate
48.091984,46.02248,PubChem candidate
-61.69837,-54.921154,PubChem candidate
-74.79807,-57.69417,PubChem candidate
19.239885,0.15210384,PubChem candidate
-7.559454,25.20556,PubChem candidate
43.156845,29.815313,PubChem candidate
45.593853,-89.81968,PubChem candidate
62.97946,84.19695,PubChem candidate
-127.679634,-13.177014,PubChem candidate
94.89426,-10.737896,PubChem candidate
46.636475,100.37252,PubChem candidate
95.17544,-44.779,PubChem candidate
-52.98828,79.99957,PubChem candidate
47.938072,89.795296,PubChem candidate
-68.70134,13.676128,PubChem candidate
12.818754,-57.89154,PubChem candidate
24.39212,27.353529,PubChem candidate
36.6394,35.69215,PubChem candidate
59.513622,96.76681,PubChem candidate
7.1645894,-104.59262,PubChem candidate
-0.50311893,6.148848,PubChem candidate
-34.654263,-35.945515,PubChem candidate
-82.7281,52.191826,PubChem candidate
82.80736,50.962776,PubChem candidate
-37.74657,102.7412,PubChem candidate
46.195385,40.81509,PubChem candidate
40.47863,29.47979,PubChem candidate
-45.81142,-30.981117,PubChem candidate
-18.873549,-14.761261,PubChem candidate
-94.16365,28.045805,PubChem candidate
52.263374,49.05982,PubChem candidate
-42.891388,-22.88564,PubChem candidate
16.94769,-106.95603,PubChem candidate
-22.645359,115.09159,PubChem candidate
71.19657,22.708073,PubChem candidate
42.723736,102.78751,PubChem candidate
10.078076,-59.48741,PubChem candidate
23.119335,2.792578,PubChem candidate
60.629852,-72.55111,PubChem candidate
32.294994,108.41802,PubChem candidate
-15.504511,53.041603,PubChem candidate
43.784386,48.216705,PubChem candidate
7.61144,49.756947,PubChem candidate
93.45786,25.328806,PubChem candidate
-14.208152,16.196335,PubChem candidate
47.54658,42.24563,PubChem candidate
10.018218,45.545208,PubChem candidate
9.191858,1.1713995,PubChem candidate
62.976517,84.20124,PubChem candidate
42.60822,52.81188,PubChem candidate
10.404975,-16.061718,PubChem candidate
6.8183827,-63.53404,PubChem candidate
-46.452824,-9.379096,PubChem candidate
-43.824635,-37.021336,PubChem candidate
0.53093606,107.79491,PubChem candidate
-93.51304,-40.369698,PubChem candidate
-42.98879,-6.1030707,PubChem candidate
-101.365524,-54.76137,PubChem candidate
9.227569,-39.772488,PubChem candidate
-31.650066,-12.818894,PubChem candidate
-77.049255,49.455605,PubChem candidate
-10.818846,-90.39356,PubChem candidate
39.844303,50.136486,PubChem candidate
-82.7281,52.191826,PubChem candidate
-22.710297,-102.65388,PubChem candidate
47.855965,79.159874,PubChem candidate
59.793835,29.589094,PubChem candidate
39.434372,49.55275,PubChem candidate
11.713298,69.80919,PubChem candidate
-75.74007,52.51645,PubChem candidate
56.8519,94.7751,PubChem candidate
6.8736067,109.64784,PubChem candidate
6.776392,-58.217052,PubChem candidate
-106.03718,30.769339,PubChem candidate
-127.91034,2.5938597,PubChem candidate
109.67833,20.425257,PubChem candidate
27.480185,30.94004,PubChem candidate
25.963078,-51.812397,PubChem candidate
-82.7281,52.191826,PubChem candidate
46.52752,103.82694,PubChem candidate
-61.209408,3.5675712,PubChem candidate
9.715321,105.54571,PubChem candidate
-77.273415,-15.460117,PubChem candidate
44.635426,79.90411,PubChem candidate
-37.091408,-6.9104004,PubChem candidate
34.99108,8.301599,PubChem candidate
-90.88966,21.123102,PubChem candidate
44.354286,94.00137,PubChem candidate
-98.82871,25.258238,PubChem candidate
-76.1791,-3.3602269,PubChem candidate
-50.21041,-31.883198,PubChem candidate
-24.347761,-11.299361,PubChem candidate
-15.605152,117.2585,PubChem candidate
44.115,-54.14726,PubChem candidate
29.806927,110.816475,PubChem candidate
45.440792,28.347677,PubChem candidate
-0.5486122,-2.182043,PubChem candidate
50.127537,38.67751,PubChem candidate
114.50597,-11.979854,PubChem candidate
6.2899113,-49.5352,PubChem candidate
31.787865,78.94718,PubChem candidate
46.283867,41.236004,PubChem candidate
-26.941856,97.26899,PubChem candidate
-33.14386,-45.59642,PubChem candidate
61.890324,25.252579,PubChem candidate
-16.503235,-107.94517,PubChem candidate
68.947174,3.1829758,PubChem candidate
50.00442,101.20076,PubChem candidate
61.725727,98.25357,PubChem candidate
-32.263786,36.147224,PubChem candidate
-98.142784,-36.89247,PubChem candidate
115.55862,31.024149,PubChem candidate
91.697914,26.820774,PubChem candidate
-63.82437,12.126178,PubChem candidate
94.8553,-10.103265,PubChem candidate
-20.21473,-26.867334,PubChem candidate
-34.87303,23.456772,PubChem candidate
58.32209,3.0625594,PubChem candidate
60.726555,23.620865,PubChem candidate
46.61958,89.28004,PubChem candidate
0.19697514,-60.917732,PubChem candidate
47.42391,91.8283,PubChem candidate
-43.79845,44.320457,PubChem candidate
3.9916477,-4.3153276,PubChem candidate
59.572983,100.71192,PubChem candidate
57.804615,-81.90001,PubChem candidate
-56.72591,-55.713444,PubChem candidate
20.526901,-32.110096,PubChem candidate
58.577625,48.59772,PubChem candidate
57.50197,95.21715,PubChem candidate
42.2915,53.011936,PubChem candidate
45.365604,28.319475,PubChem candidate
38.442455,16.746275,PubChem candidate
-29.03938,-9.040004,PubChem candidate
-26.732906,39.755875,PubChem candidate
56.202805,96.00019,PubChem candidate
20.62045,-67.912384,PubChem candidate
30.229425,42.62304,PubChem candidate
61.977085,-61.269493,PubChem candidate
-15.966903,20.568483,PubChem candidate
53.83888,87.29931,PubChem candidate
-12.252433,-104.83273,PubChem candidate
101.41905,22.373747,PubChem candidate
56.201694,-21.01445,PubChem candidate
44.24895,-46.54429,PubChem candidate
-82.7281,52.191826,PubChem candidate
23.23338,-31.860151,PubChem candidate
53.26674,48.430176,PubChem candidate
115.11461,-6.8667464,PubChem candidate
58.449738,-44.327778,PubChem candidate
100.55327,21.775831,PubChem candidate
44.83165,91.33346,PubChem candidate
48.009056,-15.968165,PubChem candidate
-25.591133,84.08121,PubChem candidate
-37.901943,-75.55581,PubChem candidate
-50.944664,38.89311,PubChem candidate
32.504467,23.791779,PubChem candidate
85.87542,55.720924,PubChem candidate
-5.1633883,43.611507,PubChem candidate
-7.417492,26.446049,PubChem candidate
65.2816,-57.501564,PubChem candidate
62.057693,-19.76336,PubChem candidate
92.7484,26.945602,PubChem candidate
-6.3071313,45.48574,PubChem candidate
48.30288,99.990555,PubChem candidate
-16.463564,-42.90045,PubChem candidate
-8.757209,-2.2922297,PubChem candidate
60.223866,98.90289,PubChem candidate
19.314278,73.395134,PubChem candidate
114.86457,26.697575,PubChem candidate
-31.459526,27.224316,PubChem candidate
-32.81927,108.36731,PubChem candidate
-43.686478,83.37293,PubChem candidate
63.621582,2.7265,PubChem candidate
-59.62835,14.704718,PubChem candidate
-13.662852,-7.550989,PubChem candidate
97.65183,23.206982,PubChem candidate
-14.738374,109.97114,PubChem candidate
112.62038,-1.6375443,PubChem candidate
-77.591805,-60.445087,PubChem candidate
-57.527252,-44.33203,PubChem candidate
37.765347,37.435425,PubChem candidate
-90.046936,-21.893082,PubChem candidate
-91.940025,-39.445965,PubChem candidate
-38.88245,21.78481,PubChem candidate
-28.610943,-85.815315,PubChem candidate
83.33086,54.962048,PubChem candidate
102.78278,-17.664003,PubChem candidate
11.970541,20.951225,PubChem candidate
-1.1726255,-17.997904,PubChem candidate
96.242,24.881466,PubChem candidate
54.562317,-44.005806,PubChem candidate
99.633125,36.199078,PubChem candidate
-10.627393,118.76578,PubChem candidate
14.603085,-6.035233,PubChem candidate
48.3425,79.26933,PubChem candidate
11.147987,107.16414,PubChem candidate
64.356155,88.89857,PubChem candidate
35.375595,38.281338,PubChem candidate
61.27115,97.89871,PubChem candidate
59.709896,-69.84172,PubChem candidate
-48.38783,33.238438,PubChem candidate
16.494562,73.28035,PubChem candidate
15.975799,15.405868,PubChem candidate
-76.474724,-56.654495,PubChem candidate
-122.76392,-9.434876,PubChem candidate
-4.5539603,94.13126,PubChem candidate
38.518093,41.63205,PubChem candidate
33.43333,81.14372,PubChem candidate
32.521847,6.5669627,PubChem candidate
-77.049255,49.455605,PubChem candidate
54.17816,-26.14242,PubChem candidate
37.17499,87.9064,PubChem candidate
11.740021,66.93805,PubChem candidate
-100.13293,13.305269,PubChem candidate
-105.5511,30.0399,PubChem candidate
60.12082,100.932045,PubChem candidate
-7.507922,-12.06376,PubChem candidate
-32.943493,25.928814,PubChem candidate
-24.114044,-100.390076,PubChem candidate
-15.640121,43.032227,PubChem candidate
49.093613,98.92937,PubChem candidate
100.79439,4.6059017,PubChem candidate
-104.7909,16.703745,PubChem candidate
-51.557705,-82.84248,PubChem candidate
-52.78306,-18.308752,PubChem candidate
115.62571,-18.298851,PubChem candidate
-20.746675,-28.983454,PubChem candidate
110.81427,-5.29634,PubChem candidate
34.02327,25.02929,PubChem candidate
114.06793,-6.9974484,PubChem candidate
60.58338,86.82095,PubChem candidate
83.14529,49.33755,PubChem candidate
109.63208,-32.353867,PubChem candidate
64.197655,-51.950306,PubChem candidate
-65.13722,-48.629066,PubChem candidate
76.72713,7.080414,PubChem candidate
36.065334,78.66489,PubChem candidate
45.77417,103.7132,PubChem candidate
94.99924,-12.6762,PubChem candidate
49.162212,-39.097,PubChem candidate
59.84749,-1.2280566,PubChem candidate
-17.609854,74.20663,PubChem candidate
29.0651,43.54557,PubChem candidate
68.138824,-45.567307,PubChem candidate
-2.3577063,-2.6044977,PubChem candidate
-43.26196,83.79598,PubChem candidate
71.01903,37.58909,PubChem candidate
47.38323,42.071335,PubChem candidate
31.127571,107.810005,PubChem candidate
61.458897,-65.52281,PubChem candidate
11.333334,10.614529,PubChem candidate
31.313013,114.36686,PubChem candidate
31.55422,24.570864,PubChem candidate
90.06668,56.080772,PubChem candidate
20.643654,72.50302,PubChem candidate
-15.0739,22.810593,PubChem candidate
111.897385,-10.133986,PubChem candidate
59.709785,92.60837,PubChem candidate
-17.978115,43.37682,PubChem candidate
36.253117,42.0856,PubChem candidate
31.707605,109.12403,PubChem candidate
29.305962,29.0949,PubChem candidate
28.9582,111.76321,PubChem candidate
-15.936309,-50.28726,PubChem candidate
51.130856,96.93694,PubChem candidate
-39.875954,70.558205,PubChem candidate
-0.56604314,-17.721832,PubChem candidate
-107.52543,-20.568707,PubChem candidate
-1.3396496,85.21132,PubChem candidate
35.640717,83.01349,PubChem candidate
-117.32894,-26.216719,PubChem candidate
34.963516,75.08994,PubChem candidate
-14.779801,24.230444,PubChem candidate
28.7769,29.447622,PubChem candidate
19.82496,-33.941864,PubChem candidate
-20.70588,-17.823328,PubChem candidate
-77.049255,49.455605,PubChem candidate
-88.22747,-21.90093,PubChem candidate
52.516506,96.573044,PubChem candidate
6.59175,108.943474,PubChem candidate
-103.21739,23.952454,PubChem candidate
10.034527,-13.842172,PubChem candidate
-3.2223527,-110.14076,PubChem candidate
6.5749774,-111.86989,PubChem candidate
40.480972,28.495268,PubChem candidate
33.206833,107.22817,PubChem candidate
-7.3968205,40.648777,PubChem candidate
-21.080458,-10.547351,PubChem candidate
111.7138,25.695318,PubChem candidate
41.068428,30.165976,PubChem candidate
-82.7281,52.191826,PubChem candidate
57.075417,30.554941,PubChem candidate
-30.71807,98.70348,PubChem candidate
39.56018,102.84819,PubChem candidate
37.534748,105.32951,PubChem candidate
43.771057,-61.844,PubChem candidate
70.88857,-14.471455,PubChem candidate
-52.493214,-24.782457,PubChem candidate
57.502506,48.64075,PubChem candidate
15.366843,16.533516,PubChem candidate
20.11245,0.7495955,PubChem candidate
-92.28878,-40.65048,PubChem candidate
33.524437,79.760345,PubChem candidate
39.270107,101.78764,PubChem candidate
32.377,109.22606,PubChem candidate
-59.79303,35.221706,PubChem candidate
-82.7281,52.191826,PubChem candidate
55.327084,-3.4619186,PubChem candidate
-34.60495,22.97673,PubChem candidate
47.83484,-37.753357,PubChem candidate
26.894888,38.09008,PubChem candidate
-20.015493,12.999787,PubChem candidate
32.66219,80.296036,PubChem candidate
24.504223,42.657436,PubChem candidate
57.216045,30.925747,PubChem candidate
70.94513,32.44847,PubChem candidate
-2.458069,96.41837,PubChem candidate
48.546288,86.00193,PubChem candidate
32.45073,96.666985,PubChem candidate
-23.090828,114.059135,PubChem candidate
-59.447475,12.7290125,PubChem candidate
38.158386,17.427013,PubChem candidate
33.936092,9.03196,PubChem candidate
29.364727,33.3117,PubChem candidate
-63.733757,-60.335598,PubChem candidate
38.13735,18.517012,PubChem candidate
-86.43306,-19.165274,PubChem candidate
35.8129,-70.23598,PubChem candidate
70.945946,37.62006,PubChem candidate
68.624115,-76.61183,PubChem candidate
-1.5747544,-18.302721,PubChem candidate
54.89212,-19.296152,PubChem candidate
28.643011,115.945526,PubChem candidate
-28.26332,-84.82409,PubChem candidate
57.58697,47.805496,PubChem candidate
-28.835852,26.09606,PubChem candidate
-104.01026,-6.964406,PubChem candidate
-10.577414,-105.47483,PubChem candidate
40.941555,94.062904,PubChem candidate
-82.7281,52.191826,PubChem candidate
-82.7281,52.191826,PubChem candidate
111.21242,-13.802652,PubChem candidate
53.056194,52.175987,PubChem candidate
-96.07699,-42.075233,PubChem candidate
-24.860968,68.93711,PubChem candidate
-9.510384,40.154488,PubChem candidate
-17.869844,43.056263,PubChem candidate
2.2622151,2.2730565,PubChem candidate
12.450086,-10.330644,PubChem candidate
58.54851,28.811235,PubChem candidate
-55.44864,-45.75149,PubChem candidate
-41.15936,36.35257,PubChem candidate
-1.3139712,81.51444,PubChem candidate
51.59961,48.419914,PubChem candidate
-25.065191,-81.3801,PubChem candidate
-97.69214,14.648189,PubChem candidate
-53.85951,66.859055,PubChem candidate
32.71256,-40.960804,PubChem candidate
24.312885,-32.721424,PubChem candidate
1.8312931,-64.702644,PubChem candidate
-123.20071,-1.1524729,PubChem candidate
12.053763,66.40429,PubChem candidate
-66.08199,2.3325815,PubChem candidate
-29.837402,71.16246,PubChem candidate
11.117121,46.680553,PubChem candidate
54.22596,-0.6108793,PubChem candidate
47.719723,44.701214,PubChem candidate
47.840935,-12.174236,PubChem candidate
-3.063239,107.79,PubChem candidate
111.57829,-25.250761,PubChem candidate
70.509964,15.028212,PubChem candidate
92.63968,-16.227156,PubChem candidate
95.46728,-18.593248,PubChem candidate
60.48375,87.134995,PubChem candidate
-36.752464,-73.06718,PubChem candidate
57.318798,47.807167,PubChem candidate
94.06529,32.092915,PubChem candidate
-106.11309,-20.54183,PubChem candidate
38.38195,16.835354,PubChem candidate
25.325672,36.261936,PubChem candidate
18.103405,-14.529169,PubChem candidate
-82.7281,52.191826,PubChem candidate
54.277805,-19.146515,PubChem candidate
68.94722,28.552267,PubChem candidate
-12.763322,13.725467,PubChem candidate
8.349702,-40.666504,PubChem candidate
93.413124,45.363056,PubChem candidate
-1.7289377,-18.445417,PubChem candidate
48.07922,99.75363,PubChem candidate
25.744587,30.397738,PubChem candidate
46.900852,91.681175,PubChem candidate
-3.1987653,110.36541,PubChem candidate
65.543594,-59.485954,PubChem candidate
18.714832,73.3535,PubChem candidate
91.89445,-42.58053,PubChem candidate
-12.334038,-39.65931,PubChem candidate
106.670166,22.93661,PubChem candidate
0.053741008,114.017586,PubChem candidate
13.16133,-44.038292,PubChem candidate
34.338,-90.65655,PubChem candidate
-77.35095,-14.595467,PubChem candidate
-82.7281,52.191826,PubChem candidate
42.541798,85.19518,PubChem candidate
94.238594,-42.387592,PubChem candidate
-114.28279,-24.34202,PubChem candidate
-1.0471101,-102.87281,PubChem candidate
10.038144,97.163055,PubChem candidate
106.44184,-32.31404,PubChem candidate
17.122078,67.42564,PubChem candidate
55.075684,-48.22697,PubChem candidate
-14.8335285,120.06212,PubChem candidate
55.89605,-25.864895,PubChem candidate
95.802185,-41.433235,PubChem candidate
6.6618505,-10.375231,PubChem candidate
15.290456,63.92264,PubChem candidate
-3.587893,27.26471,PubChem candidate
-43.41654,-38.093555,PubChem candidate
-103.99408,-22.812298,PubChem candidate
-30.56828,-4.6021886,PubChem candidate
38.576347,-62.5709,PubChem candidate
-17.556452,41.51695,PubChem candidate
-11.046943,-3.3991194,PubChem candidate
-31.961275,67.34224,PubChem candidate
84.99115,56.84579,PubChem candidate
16.175455,-16.177885,PubChem candidate
42.24906,51.678864,PubChem candidate
0.4967229,0.4213267,PubChem candidate
-77.96041,-2.4490573,PubChem candidate
73.988144,5.016611,PubChem candidate
61.189392,98.69296,PubChem candidate
64.18419,-76.0839,PubChem candidate
11.567923,-102.281235,PubChem candidate
52.966938,52.535633,PubChem candidate
-42.468838,-8.949325,PubChem candidate
45.061176,16.180115,PubChem candidate
-37.647255,41.215313,PubChem candidate
30.375013,96.88923,PubChem candidate
37.127182,108.323395,PubChem candidate
51.564137,-16.125084,PubChem candidate
-59.256783,34.945526,PubChem candidate
45.238274,50.408993,PubChem candidate
-20.770336,91.990265,PubChem candidate
-27.375765,-5.1434407,PubChem candidate
34.401352,81.13239,PubChem candidate
-114.93846,-32.23005,PubChem candidate
-126.171814,0.025566693,PubChem candidate
56.8897,96.24638,PubChem candidate
-52.72527,-36.614082,PubChem candidate
47.26519,100.32519,PubChem candidate
59.07075,90.87284,PubChem candidate
42.162834,75.06259,PubChem candidate
-88.56121,-22.284225,PubChem candidate
-101.36783,-26.553915,PubChem candidate
49.626606,-86.96933,PubChem candidate
103.83866,2.950281,PubChem candidate
19.652603,-7.075663,PubChem candidate
-6.0567784,10.060706,PubChem candidate
56.671833,4.3312306,PubChem candidate
93.04018,-25.517199,PubChem candidate
24.634283,-55.00336,PubChem candidate
-15.092052,55.20991,PubChem candidate
48.937122,89.57758,PubChem candidate
51.400887,96.77562,PubChem candidate
43.031372,31.106297,PubChem candidate
70.89484,18.988874,PubChem candidate
19.73794,-33.87274,PubChem candidate
37.797127,75.02398,PubChem candidate
17.770914,-5.896289,PubChem candidate
22.008509,-56.29088,PubChem candidate
88.0479,44.412064,PubChem candidate
56.630634,26.89435,PubChem candidate
3.9294145,-69.18324,PubChem candidate
-79.50527,-61.423096,PubChem candidate
-54.264732,69.18026,PubChem candidate
116.171684,-12.441231,PubChem candidate
-25.84508,-6.1412616,PubChem candidate
5.9951944,-45.21308,PubChem candidate
-3.0228724,108.14345,PubChem candidate
37.293736,41.851093,PubChem candidate
46.459503,-41.15661,PubChem candidate
43.63165,-47.467613,PubChem candidate
38.45339,81.73685,PubChem candidate
63.858105,-72.03273,PubChem candidate
-38.346394,25.126314,PubChem candidate
-28.012218,42.530136,PubChem candidate
51.34593,48.24961,PubChem candidate
101.655174,35.08006,PubChem candidate
-17.797585,96.19294,PubChem candidate
48.681347,90.17759,PubChem candidate
59.6276,101.07346,PubChem candidate
53.59677,88.36218,PubChem candidate
-62.74858,-54.526165,PubChem candidate
-13.04195,-37.081352,PubChem candidate
52.973125,36.356556,PubChem candidate
29.55724,113.18391,PubChem candidate
92.77602,-24.180342,PubChem candidate
42.513363,30.432219,PubChem candidate
-51.503933,-14.090808,PubChem candidate
31.18553,42.60536,PubChem candidate
113.830315,26.384325,PubChem candidate
93.407364,45.35992,PubChem candidate
-29.048954,-14.120783,PubChem candidate
0.11834895,-58.761917,PubChem candidate
-34.098938,99.90246,PubChem candidate
24.061356,-2.881437,PubChem candidate
16.158756,-8.429214,PubChem candidate
34.95984,28.12402,PubChem candidate
-69.21838,-5.4940968,PubChem candidate
-125.55897,0.044104747,PubChem candidate
64.04054,23.98351,PubChem candidate
53.745594,87.29071,PubChem candidate
-53.298065,-14.82304,PubChem candidate
6.0613365,-69.58428,PubChem candidate
21.130932,42.174484,PubChem candidate
87.85883,44.576553,PubChem candidate
38.96649,104.055305,PubChem candidate
68.489265,12.766005,PubChem candidate
20.276638,71.39729,PubChem candidate
54.14976,23.327501,PubChem candidate
-16.62217,19.057596,PubChem candidate
58.244244,1.1046635,PubChem candidate
28.007387,-29.07503,PubChem candidate
-12.779571,68.7597,PubChem candidate
-26.251238,-50.54825,PubChem candidate
107.738945,-34.704155,PubChem candidate
19.701023,-8.440855,PubChem candidate
-102.61443,5.1921253,PubChem candidate
53.040398,49.002205,PubChem candidate
42.27468,89.6648,PubChem candidate
-97.37487,-38.45119,PubChem candidate
53.8291,93.205124,PubChem candidate
92.857124,-27.799881,PubChem candidate
71.76464,39.708305,PubChem candidate
-38.34902,23.636398,PubChem candidate
107.83092,23.7204,PubChem candidate
-28.720272,-4.456277,PubChem candidate
35.43709,105.900604,PubChem candidate
20.463295,74.10649,PubChem candidate
-47.85555,-8.408113,PubChem candidate
-52.2415,-32.546017,PubChem candidate
26.173601,32.127422,PubChem candidate
-23.041391,114.564766,PubChem candidate
43.177853,103.43815,PubChem candidate
-111.64574,-30.23272,PubChem candidate
-28.846878,-98.47461,PubChem candidate
40.395798,30.139153,PubChem candidate
68.67934,-69.03839,PubChem candidate
20.844742,0.086317964,PubChem candidate
35.406033,86.71697,PubChem candidate
32.912624,44.347775,PubChem candidate
46.772194,76.81338,PubChem candidate
52.396477,37.195538,PubChem candidate
-10.42806,45.096848,PubChem candidate
-45.154457,82.05142,PubChem candidate
39.29908,18.539,PubChem candidate
-49.931625,34.955315,PubChem candidate
-66.974266,-55.356564,PubChem candidate
-11.542735,-22.543362,PubChem candidate
10.90199,-72.78454,PubChem candidate
-43.32711,-81.696655,PubChem candidate
64.00945,-76.43464,PubChem candidate
8.491344,48.044266,PubChem candidate
47.913334,81.164635,PubChem candidate
6.869972,-57.931023,PubChem candidate
47.522026,89.3558,PubChem candidate
-101.57286,-54.108112,PubChem candidate
37.98478,7.785337,PubChem candidate
-49.165257,74.67284,PubChem candidate
-30.667294,24.174252,PubChem candidate
57.927734,3.5103602,PubChem candidate
-95.228325,28.732292,PubChem candidate
6.4424205,106.6737,PubChem candidate
101.26002,3.318568,PubChem candidate
-113.061806,-31.22977,PubChem candidate
93.47901,-29.929146,PubChem candidate
63.172676,-78.10218,PubChem candidate
55.54139,-86.0279,PubChem candidate
-38.294018,24.907545,PubChem candidate
85.19558,44.42688,PubChem candidate
118.36033,32.703213,PubChem candidate
58.35295,93.025246,PubChem candidate
2.0061095,-111.38246,PubChem candidate
69.77878,29.810547,PubChem candidate
-97.3187,-39.358162,PubChem candidate
-9.545663,-99.83979,PubChem candidate
64.44589,-19.507204,PubChem candidate
9.0967455,47.15472,PubChem candidate
21.110842,41.408165,PubChem candidate
-29.470476,108.50416,PubChem candidate
8.623866,-70.84621,PubChem candidate
-1.8495518,96.54173,PubChem candidate
-45.737164,82.0358,PubChem candidate
69.99699,-9.609466,PubChem candidate
36.523594,-77.28506,PubChem candidate
50.557365,96.50596,PubChem candidate
37.628975,-75.62752,PubChem candidate
-37.933765,107.66442,PubChem candidate
63.68558,-78.31307,PubChem candidate
61.338936,-80.63882,PubChem candidate
27.80387,35.177097,PubChem candidate
13.174833,-6.2080474,PubChem candidate
-14.916371,-21.70146,PubChem candidate
61.4891,2.5591826,PubChem candidate
-9.233793,73.304634,PubChem candidate
-17.55165,60.41297,PubChem candidate
-37.899025,-6.594366,PubChem candidate
61.750473,-19.357405,PubChem candidate
44.4161,100.5435,PubChem candidate
40.096375,-72.77773,PubChem candidate
29.342072,-31.264822,PubChem candidate
64.81637,23.805151,PubChem candidate
-9.326349,3.9165134,PubChem candidate
46.44618,80.77603,PubChem candidate
106.51835,-39.50969,PubChem candidate
46.08217,80.49386,PubChem candidate
49.823357,83.51283,PubChem candidate
-30.84555,98.87964,PubChem candidate
24.418652,3.058787,PubChem candidate
56.43683,49.344063,PubChem candidate
-24.41835,95.11419,PubChem candidate
47.086384,88.89133,PubChem candidate
26.147532,42.42368,PubChem candidate
9.111193,-42.61477,PubChem candidate
-1.1002638,-17.951733,PubChem candidate
50.10849,95.90755,PubChem candidate
28.698418,116.826706,PubChem candidate
9.878263,-48.978542,PubChem candidate
95.530846,-9.020123,PubChem candidate
-43.797554,-45.06946,PubChem candidate
5.1047964,-70.88492,PubChem candidate
46.873966,39.03218,PubChem candidate
-14.957484,113.24174,PubChem candidate
36.929996,106.28691,PubChem candidate
35.13298,41.317352,PubChem candidate
-124.1966,1.3626053,PubChem candidate
-93.336136,25.756023,PubChem candidate
15.955511,-15.91412,PubChem candidate
-77.049255,49.455605,PubChem candidate
31.058609,109.43566,PubChem candidate
50.771,82.73115,PubChem candidate
9.835023,70.51161,PubChem candidate
-49.825195,80.189644,PubChem candidate
-47.176815,-73.138245,PubChem candidate
57.20005,31.50514,PubChem candidate
59.758217,101.32095,PubChem candidate
-15.369007,56.66275,PubChem candidate
69.02485,-13.268654,PubChem candidate
-93.73562,-30.213238,PubChem candidate
44.35502,92.7269,PubChem candidate
-61.213444,10.491561,PubChem candidate
48.395267,-38.830936,PubChem candidate
118.088905,-15.084116,PubChem candidate
53.586586,-82.971504,PubChem candidate
-82.7281,52.191826,PubChem candidate
75.1767,9.566752,PubChem candidate
-6.7064347,91.887695,PubChem candidate
-46.04489,-9.512395,PubChem candidate
93.408165,45.359627,PubChem candidate
20.524082,72.25727,PubChem candidate
-5.784499,20.147282,PubChem candidate
-53.36269,-15.160139,PubChem candidate
87.587265,52.730225,PubChem candidate
-15.474708,-32.909622,PubChem candidate
114.196945,26.724958,PubChem candidate
-15.407071,79.43114,PubChem candidate
-73.3669,-55.716816,PubChem candidate
-30.435059,41.94264,PubChem candidate
-6.356847,94.25123,PubChem candidate
47.709866,44.670105,PubChem candidate
20.4328,40.629215,PubChem candidate
28.3835,37.219624,PubChem candidate
15.083539,16.56632,PubChem candidate
57.177284,31.497564,PubChem candidate
-29.013119,108.051056,PubChem candidate
20.347704,-1.8857076,PubChem candidate
-59.34701,11.832706,PubChem candidate
29.294024,112.50984,PubChem candidate
-102.61686,-33.5119,PubChem candidate
33.177826,109.678116,PubChem candidate
-123.95756,-2.3835084,PubChem candidate
-2.0696425,110.45564,PubChem candidate
64.86161,-79.0885,PubChem candidate
103.5851,36.49547,PubChem candidate
65.25677,87.75358,PubChem candidate
-47.831913,-8.695994,PubChem candidate
-28.350367,108.77432,PubChem candidate
33.262066,25.999653,PubChem candidate
-82.7281,52.191826,PubChem candidate
2.8290527,-4.101271,PubChem candidate
45.7887,104.387794,PubChem candidate
69.857254,3.0062242,PubChem candidate
22.184286,-34.7733,PubChem candidate
-23.639027,-10.610115,PubChem candidate
36.65609,39.49591,PubChem candidate
43.25317,44.905884,PubChem candidate
33.859474,7.0148735,PubChem candidate
25.796099,-52.369102,PubChem candidate
-52.77365,-36.575523,PubChem candidate
11.16686,111.19797,PubChem candidate
-87.4772,-24.452585,PubChem candidate
23.179695,-3.39497,PubChem candidate
15.297948,-16.26147,PubChem candidate
11.113225,46.649868,PubChem candidate
96.11526,-22.917974,PubChem candidate
16.32612,72.50704,PubChem candidate
-53.335033,-83.3672,PubChem candidate
96.73613,-42.224503,PubChem candidate
-76.083176,-58.840824,PubChem candidate
58.094006,95.5343,PubChem candidate
43.348392,44.615685,PubChem candidate
65.52456,88.07805,PubChem candidate
56.543156,96.823105,PubChem candidate
-127.237564,4.398049,PubChem candidate
52.956337,51.911606,PubChem candidate
7.984948,-11.81561,PubChem candidate
-30.803339,25.630627,PubChem candidate
31.974947,79.793495,PubChem candidate
40.574383,33.132206,PubChem candidate
-124.219955,1.7719084,PubChem candidate
41.112797,-89.73214,PubChem candidate
94.206924,-29.890331,PubChem candidate
-101.880806,-52.368828,PubChem candidate
7.9251947,-15.372325,PubChem candidate
-8.89439,8.81253,PubChem candidate
-32.46094,38.79254,PubChem candidate
50.654747,-12.676077,PubChem candidate
-2.7461605,-110.97414,PubChem candidate
-45.902763,-6.0496264,PubChem candidate
66.56068,-14.276871,PubChem candidate
15.767209,-2.4890032,PubChem candidate
32.528976,110.395775,PubChem candidate
113.06068,-8.990327,PubChem candidate
7.234811,96.68052,PubChem candidate
49.86284,-41.095486,PubChem candidate
52.60428,88.07415,PubChem candidate
81.204956,37.41463,PubChem candidate
63.775864,-54.495045,PubChem candidate
38.928524,28.70333,PubChem candidate
87.09544,49.535572,PubChem candidate
39.924835,-90.18792,PubChem candidate
-49.87395,-13.5882635,PubChem candidate
-8.910852,-90.46015,PubChem candidate
-2.5446756,95.63056,PubChem candidate
-18.573654,59.078957,PubChem candidate
-101.55214,-54.19315,PubChem candidate
-47.049606,33.79805,PubChem candidate
-61.359493,-57.126064,PubChem candidate
-128.73317,-8.169677,PubChem candidate
11.920491,66.74094,PubChem candidate
-98.63552,-31.22938,PubChem candidate
68.88128,11.020145,PubChem candidate
82.87299,52.93922,PubChem candidate
-77.049255,49.455605,PubChem candidate
-13.864011,-28.249287,PubChem candidate
54.504448,28.239107,PubChem candidate
52.271484,-84.74313,PubChem candidate
38.56948,48.665054,PubChem candidate
39.153114,82.72117,PubChem candidate
40.243137,95.51208,PubChem candidate
35.049034,35.33169,PubChem candidate
8.000096,-48.86563,PubChem candidate
10.307089,-6.334343,PubChem candidate
-15.402229,-50.84411,PubChem candidate
29.340548,117.10051,PubChem candidate
-2.7260275,24.55284,PubChem candidate
58.340355,96.48307,PubChem candidate
15.591177,45.348797,PubChem candidate
61.320305,86.85994,PubChem candidate
53.880894,-21.186756,PubChem candidate
14.01732,64.61372,PubChem candidate
44.1744,82.92248,PubChem candidate
-23.548553,-93.43763,PubChem candidate
47.554844,86.38921,PubChem candidate
65.635056,88.095985,PubChem candidate
49.42195,-11.883272,PubChem candidate
54.028107,87.391716,PubChem candidate
105.09424,-32.65167,PubChem candidate
23.265265,33.35504,PubChem candidate
-12.313214,-36.14993,PubChem candidate
-101.710945,-53.584488,PubChem candidate
11.844822,66.89819,PubChem candidate
95.10804,-17.10924,PubChem candidate
-20.682236,4.895131,PubChem candidate
29.989264,37.153217,PubChem candidate
-29.537533,-24.455782,PubChem candidate
42.247963,53.167107,PubChem candidate
10.598061,97.1236,PubChem candidate
91.128845,-28.003748,PubChem candidate
62.66377,26.128296,PubChem candidate
11.779858,67.52294,PubChem candidate
-1.9118924,97.89309,PubChem candidate
20.549242,-59.97348,PubChem candidate
-1.6293992,96.127396,PubChem candidate
32.99071,97.31643,PubChem candidate
83.1501,53.712288,PubChem candidate
67.49211,-66.57374,PubChem candidate
9.669124,99.25458,PubChem candidate
-14.94096,44.043106,PubChem candidate
-82.7281,52.191826,PubChem candidate
14.043861,65.88179,PubChem candidate
-34.777275,-95.16209,PubChem candidate
-92.044106,-39.950764,PubChem candidate
89.97075,27.489382,PubChem candidate
41.526985,71.336494,PubChem candidate
48.183514,81.4492,PubChem candidate
-1.1057767,-7.505349,PubChem candidate
60.643345,-78.41211,PubChem candidate
35.16337,8.713868,PubChem candidate
62.283585,-74.70281,PubChem candidate
-27.651869,-35.021168,PubChem candidate
-91.126945,-0.4285867,PubChem candidate
-53.5645,-83.2847,PubChem candidate
53.040974,95.30126,PubChem candidate
-27.008757,67.66502,PubChem candidate
-5.358474,46.20158,PubChem candidate
28.994278,28.855556,PubChem candidate
67.047516,-11.582803,PubChem candidate
56.30977,24.58624,PubChem candidate
28.625132,116.31416,PubChem candidate
-50.427116,-82.2913,PubChem candidate
-42.835403,56.953304,PubChem candidate
-75.74007,52.51645,PubChem candidate
6.8879504,-108.803795,PubChem candidate
-27.849596,98.59802,PubChem candidate
34.402225,-37.23196,PubChem candidate
32.93486,25.937738,PubChem candidate
100.94889,-35.08749,PubChem candidate
14.065071,67.08921,PubChem candidate
32.69781,79.646774,PubChem candidate
47.91249,79.12522,PubChem candidate
113.07072,-16.153881,PubChem candidate
58.03183,48.811264,PubChem candidate
22.990765,39.071598,PubChem candidate
21.94657,-68.45166,PubChem candidate
10.734896,-5.257616,PubChem candidate
41.56842,35.8343,PubChem candidate
-101.17947,-55.30455,PubChem candidate
40.35639,102.12442,PubChem candidate
-1.239666,98.56492,PubChem candidate
93.58759,-41.04204,PubChem candidate
71.16022,22.891092,PubChem candidate
61.82225,87.994255,PubChem candidate
97.8645,32.995415,PubChem candidate
-32.900036,108.401146,PubChem candidate
-45.171806,-5.1536303,PubChem candidate
111.12446,23.812443,PubChem candidate
-13.489391,104.0236,PubChem candidate
18.079779,-58.685158,PubChem candidate
66.68991,7.213868,PubChem candidate
44.41013,-52.73167,PubChem candidate
7.390615,-63.238785,PubChem candidate
7.0239596,-73.540855,PubChem candidate
48.791218,85.25682,PubChem candidate
44.170784,79.51554,PubChem candidate
48.96327,79.91005,PubChem candidate
-94.77278,9.919284,PubChem candidate
25.61878,34.929962,PubChem candidate
106.53269,-22.398949,PubChem candidate
64.44644,88.94864,PubChem candidate
99.589516,-40.570026,PubChem candidate
10.52532,94.25258,PubChem candidate
-33.617435,98.453705,PubChem candidate
31.055836,34.971596,PubChem candidate
4.3874545,24.75498,PubChem candidate
-45.212433,82.63664,PubChem candidate
19.954853,-59.651093,PubChem candidate
-7.201067,25.830664,PubChem candidate
74.3038,50.07708,PubChem candidate
64.04562,87.079735,PubChem candidate
-102.05784,24.329382,PubChem candidate
-29.197805,42.21417,PubChem candidate
54.907555,49.143257,PubChem candidate
78.08456,10.556441,PubChem candidate
34.38387,80.73391,PubChem candidate
-27.370575,70.73077,PubChem candidate
73.39256,-0.65750563,PubChem candidate
93.889275,-14.121499,PubChem candidate
27.396837,31.72606,PubChem candidate
-21.805712,-17.759619,PubChem candidate
11.000786,5.288707,PubChem candidate
13.05445,-68.495514,PubChem candidate
32.454826,80.21729,PubChem candidate
-52.49913,68.90927,PubChem candidate
-42.427845,36.1301,PubChem candidate
34.995926,17.444263,PubChem candidate
91.402664,-23.913658,PubChem candidate
6.1196046,18.357403,PubChem candidate
69.03652,-66.10435,PubChem candidate
62.42485,-18.66995,PubChem candidate
-40.450645,-10.911313,PubChem candidate
30.859236,112.123085,PubChem candidate
103.90447,24.153883,PubChem candidate
27.219275,28.97157,PubChem candidate
-77.69626,-58.346275,PubChem candidate
-42.52599,-8.959612,PubChem candidate
75.83129,12.855019,PubChem candidate
-38.063305,-19.657146,PubChem candidate
39.55399,73.95845,PubChem candidate
8.662271,8.167961,PubChem candidate
-96.51191,30.814808,PubChem candidate
31.62434,113.950745,PubChem candidate
6.567562,108.88997,PubChem candidate
39.093117,-73.54415,PubChem candidate
-130.77045,-10.1563835,PubChem candidate
62.330784,13.709855,PubChem candidate
41.93167,103.97308,PubChem candidate
-46.692665,44.295044,PubChem candidate
45.6545,-36.09418,PubChem candidate
-34.875484,100.4842,PubChem candidate
51.818756,-86.518425,PubChem candidate
57.353077,94.61027,PubChem candidate
46.198803,-89.73255,PubChem candidate
70.97061,32.650337,PubChem candidate
26.258236,36.038204,PubChem candidate
-107.269135,4.965247,PubChem candidate
-37.16997,35.886032,PubChem candidate
-101.8046,-53.01883,PubChem candidate
-9.600794,75.55785,PubChem candidate
48.413452,43.01219,PubChem candidate
45.818867,76.7557,PubChem candidate
21.613943,-59.403717,PubChem candidate
-42.853607,-12.961637,PubChem candidate
-32.388645,69.01666,PubChem candidate
41.178055,-64.4041,PubChem candidate
-54.54294,40.693684,PubChem candidate
18.066124,-58.82056,PubChem candidate
-8.214054,23.522654,PubChem candidate
21.268513,-65.88163,PubChem candidate
30.365301,96.235016,PubChem candidate
117.43941,-17.434044,PubChem candidate
42.892162,52.32312,PubChem candidate
-78.68603,-61.197475,PubChem candidate
72.37097,49.714066,PubChem candidate
99.37057,-37.89972,PubChem candidate
12.075484,66.17882,PubChem candidate
52.971046,52.80416,PubChem candidate
10.696928,65.10272,PubChem candidate
61.651592,87.394264,PubChem candidate
-82.7281,52.191826,PubChem candidate
105.641945,36.481342,PubChem candidate
-103.10756,23.962362,PubChem candidate
-94.02436,28.358137,PubChem candidate
54.227962,-42.267452,PubChem candidate
8.339898,48.36136,PubChem candidate
46.329067,75.90649,PubChem candidate
30.0026,39.493286,PubChem candidate
115.533066,-21.202606,PubChem candidate
86.61299,41.280643,PubChem candidate
105.5694,-25.78759,PubChem candidate
38.125023,-65.65316,PubChem candidate
57.47722,98.8198,PubChem candidate
44.543137,78.14042,PubChem candidate
-27.573616,-50.760303,PubChem candidate
-55.705494,38.717407,PubChem candidate
2.041717,113.72766,PubChem candidate
37.722736,48.923534,PubChem candidate
31.75977,77.32539,PubChem candidate
-97.44393,-30.224464,PubChem candidate
105.55291,-33.809345,PubChem candidate
-82.7281,52.191826,PubChem candidate
-90.73624,22.655918,PubChem candidate
-36.76045,67.04306,PubChem candidate
-4.3554673,95.68652,PubChem candidate
112.92728,-17.84381,PubChem candidate
53.152466,93.22917,PubChem candidate
67.50202,-15.739401,PubChem candidate
56.66803,91.63969,PubChem candidate
16.09092,-16.947395,PubChem candidate
44.242523,45.221004,PubChem candidate
93.41096,45.358562,PubChem candidate
40.39147,-62.668636,PubChem candidate
12.318135,69.55044,PubChem candidate
-104.44794,25.796953,PubChem candidate
75.42348,12.574955,PubChem candidate
60.026794,100.94154,PubChem candidate
47.188786,42.1994,PubChem candidate
-16.384153,-20.963177,PubChem candidate
116.62113,-24.871592,PubChem candidate
33.133762,26.36082,PubChem candidate
14.242076,64.807465,PubChem candidate
-23.591057,42.420254,PubChem candidate
82.76636,48.902977,PubChem candidate
62.240364,7.5281725,PubChem candidate
-43.17946,40.823677,PubChem candidate
25.437138,34.719467,PubChem candidate
36.852356,43.253796,PubChem candidate
48.974907,79.117134,PubChem candidate
-13.971725,116.440735,PubChem candidate
65.673744,88.117355,PubChem candidate
20.770561,41.411606,PubChem candidate
-7.9617257,24.778141,PubChem candidate
-99.550415,13.072645,PubChem candidate
-50.313484,66.95931,PubChem candidate
35.80124,-34.55577,PubChem candidate
23.86041,-56.27525,PubChem candidate
85.4294,56.975132,PubChem candidate
65.12949,23.225967,PubChem candidate
43.05268,50.23164,PubChem candidate
81.07834,44.467846,PubChem candidate
-74.09086,-54.840782,PubChem candidate
54.72083,-0.69440556,PubChem candidate
-2.0046165,94.44478,PubChem candidate
43.14476,82.8695,PubChem candidate
49.780125,96.85488,PubChem candidate
-89.71094,-19.274218,PubChem candidate
51.220367,-19.86982,PubChem candidate
-4.4823055,46.650227,PubChem candidate
-19.061914,87.61431,PubChem candidate
29.102327,115.06038,PubChem candidate
70.317314,25.17679,PubChem candidate
30.341503,98.13752,PubChem candidate
23.718517,33.83246,PubChem candidate
-71.87613,-55.450184,PubChem candidate
38.8839,77.40627,PubChem candidate
55.662514,94.80727,PubChem candidate
100.56474,36.875805,PubChem candidate
6.928079,-77.430046,PubChem candidate
-27.753191,41.54263,PubChem candidate
46.409363,-36.133755,PubChem candidate
-47.922688,43.091225,PubChem candidate
7.2288356,-104.466225,PubChem candidate
79.58969,45.360363,PubChem candidate
-82.7281,52.191826,PubChem candidate
53.15418,49.530895,PubChem candidate
-68.458694,-48.272408,PubChem candidate
-4.0586953,7.935778,PubChem candidate
41.582104,-93.78978,PubChem candidate
17.549593,73.24472,PubChem candidate
-34.648106,-13.814219,PubChem candidate
72.72522,34.692604,PubChem candidate
-90.17601,21.320433,PubChem candidate
33.71292,24.21068,PubChem candidate
-59.691307,15.354963,PubChem candidate
-49.78187,70.92202,PubChem candidate
2.0074108,13.778108,PubChem candidate
82.04406,43.760586,PubChem candidate
22.369596,-3.298779,PubChem candidate
-19.34589,-27.791899,PubChem candidate
-93.35285,-30.69998,PubChem candidate
-135.55977,-7.550957,PubChem candidate
81.47096,46.388535,PubChem candidate
15.949251,-17.297266,PubChem candidate
54.308914,-81.36507,PubChem candidate
79.89499,44.386013,PubChem candidate
8.050368,48.83027,PubChem candidate
-28.619596,92.61737,PubChem candidate
116.74947,-18.624136,PubChem candidate
91.13479,-28.325438,PubChem candidate
42.383957,88.510185,PubChem candidate
38.713055,16.81347,PubChem candidate
87.81633,52.557865,PubChem candidate
61.68307,7.154316,PubChem candidate
-51.84335,31.631453,PubChem candidate
35.09163,28.100874,PubChem candidate
-122.23552,-8.801148,PubChem candidate
-9.258454,39.16731,PubChem candidate
-2.3830361,96.28514,PubChem candidate
-10.835125,72.944725,PubChem candidate
-5.1158853,45.7803,PubChem candidate
-82.7281,52.191826,PubChem candidate
47.86928,38.230045,PubChem candidate
-55.48275,36.00918,PubChem candidate
110.96781,-10.868461,PubChem candidate
42.11195,101.44511,PubChem candidate
13.553917,-108.182304,PubChem candidate
-21.460955,-15.724071,PubChem candidate
-12.434924,108.45507,PubChem candidate
-46.879715,78.06306,PubChem candidate
-113.81384,-26.398714,PubChem candidate
46.19268,85.80787,PubChem candidate
25.141739,39.85738,PubChem candidate
-38.644978,23.30643,PubChem candidate
56.69944,-1.036396,PubChem candidate
63.41499,-65.71164,PubChem candidate
107.66653,-40.174995,PubChem candidate
27.573156,31.985596,PubChem candidate
-13.582337,-28.139732,PubChem candidate
-23.74917,-36.284756,PubChem candidate
-91.16023,22.662613,PubChem candidate
-51.7058,66.69202,PubChem candidate
-12.660264,-24.092346,PubChem candidate
5.4374256,-49.807453,PubChem candidate
7.9573784,49.075993,PubChem candidate
-53.260174,-12.396487,PubChem candidate
43.746292,45.54999,PubChem candidate
-19.199953,58.829525,PubChem candidate
68.91203,11.697863,PubChem candidate
7.52404,-44.91206,PubChem candidate
30.64053,114.14777,PubChem candidate
57.55262,-6.355345,PubChem candidate
-101.03231,-55.73102,PubChem candidate
64.05437,25.060505,PubChem candidate
48.79737,99.87306,PubChem candidate
72.429016,48.685402,PubChem candidate
-82.7281,52.191826,PubChem candidate
70.59086,16.794445,PubChem candidate
-105.486694,30.511246,PubChem candidate
52.869564,-3.9634883,PubChem candidate
-6.77922,0.7365305,PubChem candidate
7.0348487,-55.918472,PubChem candidate
-16.620607,106.44921,PubChem candidate
0.94364285,82.44807,PubChem candidate
-101.78427,-53.171047,PubChem candidate
112.14137,-15.163077,PubChem candidate
64.56868,86.85191,PubChem candidate
68.40049,-12.631414,PubChem candidate
-70.199936,-51.21579,PubChem candidate
82.4045,47.202343,PubChem candidate
10.541392,21.762445,PubChem candidate
-49.47191,79.894424,PubChem candidate
-69.2247,-0.75425416,PubChem candidate
50.413544,97.37319,PubChem candidate
21.957249,-68.359024,PubChem candidate
-92.08283,-40.091496,PubChem candidate
63.935413,88.986305,PubChem candidate
-93.9413,-34.539864,PubChem candidate
4.55748,-64.48396,PubChem candidate
-8.321422,-100.97419,PubChem candidate
-93.80535,-28.639359,PubChem candidate
0.30357108,-13.49866,PubChem candidate
113.07292,31.71672,PubChem candidate
41.885857,93.41669,PubChem candidate
28.254156,-32.212223,PubChem candidate
57.42778,47.61172,PubChem candidate
-14.34538,-38.104343,PubChem candidate
56.7132,94.94281,PubChem candidate
6.8793883,51.345444,PubChem candidate
28.583017,29.08259,PubChem candidate
31.363403,79.5898,PubChem candidate
7.6300015,13.775675,PubChem candidate
-14.393243,16.151424,PubChem candidate
-103.994545,26.821787,PubChem candidate
50.927643,96.95845,PubChem candidate
-68.11178,14.772807,PubChem candidate
-112.67034,-2.9158473,PubChem candidate
61.749866,7.843557,PubChem candidate
-36.39237,105.88157,PubChem candidate
43.359806,-91.93904,PubChem candidate
28.323084,41.66135,PubChem candidate
-96.3512,-40.061142,PubChem candidate
10.152088,45.19411,PubChem candidate
20.415379,-58.44163,PubChem candidate
115.34354,-17.473019,PubChem candidate
-47.259098,-29.408535,PubChem candidate
-16.034452,59.381695,PubChem candidate
-129.05629,-1.4378573,PubChem candidate
99.0828,-4.9331684,PubChem candidate
-40.839066,-11.155952,PubChem candidate
-1.9277525,84.7783,PubChem candidate
96.50091,26.933409,PubChem candidate
51.23956,82.26448,PubChem candidate
10.894847,-14.540729,PubChem candidate
8.76163,-75.32776,PubChem candidate
-46.79393,68.53289,PubChem candidate
-93.81968,-28.686237,PubChem candidate
-30.276516,97.91058,PubChem candidate
30.875418,112.258316,PubChem candidate
-35.2756,-11.846762,PubChem candidate
64.34571,22.137003,PubChem candidate
23.760124,41.613136,PubChem candidate
9.086065,17.516287,PubChem candidate
-82.7281,52.191826,PubChem candidate
1.9974227,15.380402,PubChem candidate
50.33422,37.107174,PubChem candidate
-72.20545,-46.936836,PubChem candidate
-16.147661,-31.101946,PubChem candidate
30.33477,98.44356,PubChem candidate
111.35645,-4.3542056,PubChem candidate
-16.762217,-32.64068,PubChem candidate
-8.300843,39.93529,PubChem candidate
57.185566,30.391205,PubChem candidate
-41.462208,-4.3769026,PubChem candidate
42.89326,92.42025,PubChem candidate
44.38218,-53.035934,PubChem candidate
46.960434,99.92734,PubChem candidate
30.740875,108.31206,PubChem candidate
46.399586,89.417435,PubChem candidate
21.11088,42.24085,PubChem candidate
44.478592,101.21072,PubChem candidate
-38.145287,105.844696,PubChem candidate
-1.8945389,-18.602428,PubChem candidate
-62.94884,5.991722,PubChem candidate
15.376734,64.01581,PubChem candidate
-19.120687,87.38274,PubChem candidate
73.00596,31.498795,PubChem candidate
-10.535499,-19.978565,PubChem candidate
18.953833,-41.7447,PubChem candidate
26.249023,-53.398476,PubChem candidate
46.183266,89.37493,PubChem candidate
48.769897,99.655266,PubChem candidate
65.388275,87.76648,PubChem candidate
73.357285,45.84814,PubChem candidate
-47.12818,80.529945,PubChem candidate
-50.47413,-28.273523,PubChem candidate
55.84971,95.53867,PubChem candidate
96.38327,-11.628465,PubChem candidate
-10.103962,74.71145,PubChem candidate
67.86545,-76.03247,PubChem candidate
-101.080475,17.321903,PubChem candidate
-18.27883,55.730263,PubChem candidate
51.219547,-10.041775,PubChem candidate
12.302707,65.359406,PubChem candidate
50.467617,97.405426,PubChem candidate
73.73333,46.182022,PubChem candidate
19.277306,-0.07393435,PubChem candidate
73.83632,45.467884,PubChem candidate
-101.716324,-53.54317,PubChem candidate
62.673172,-55.098637,PubChem candidate
50.16229,101.46885,PubChem candidate
33.40709,27.867998,PubChem candidate
30.305216,96.20965,PubChem candidate
52.57487,-84.998856,PubChem candidate
-46.667362,-7.1489587,PubChem candidate
-42.58951,-78.32218,PubChem candidate
117.87054,-13.954231,PubChem candidate
-31.30911,39.80245,PubChem candidate
32.119633,107.02626,PubChem candidate
-41.296932,66.21984,PubChem candidate
40.11908,50.803917,PubChem candidate
8.02556,48.932182,PubChem candidate
-10.774674,-17.410032,PubChem candidate
12.300408,-5.7781544,PubChem candidate
-30.254057,94.24481,PubChem candidate
44.589237,88.07848,PubChem candidate
45.933044,86.801285,PubChem candidate
-15.155722,-4.5056686,PubChem candidate
53.193676,87.11991,PubChem candidate
60.47234,98.22823,PubChem candidate
-93.6073,-39.380535,PubChem candidate
111.528206,-11.775936,PubChem candidate
-32.347603,108.17561,PubChem candidate
-17.64916,-97.340126,PubChem candidate
62.79645,84.6958,PubChem candidate
42.253,90.27504,PubChem candidate
81.5381,50.713833,PubChem candidate
53.274445,88.48834,PubChem candidate
39.332436,13.885208,PubChem candidate
-32.975525,108.09222,PubChem candidate
12.005238,69.53384,PubChem candidate
6.9456573,45.165604,PubChem candidate
10.665198,9.740377,PubChem candidate
40.032696,77.52163,PubChem candidate
57.81399,47.411896,PubChem candidate
-17.702547,-36.03943,PubChem candidate
70.85698,21.543493,PubChem candidate
-25.411972,-7.1186314,PubChem candidate
21.976414,1.9706798,PubChem candidate
-105.26398,-20.154758,PubChem candidate
91.5936,-18.138346,PubChem candidate
45.875675,83.60286,PubChem candidate
-38.303574,-9.210133,PubChem candidate
-105.481285,29.154625,PubChem candidate
7.031908,51.00653,PubChem candidate
-55.139004,38.114952,PubChem candidate
-82.7281,52.191826,PubChem candidate
12.237765,68.971245,PubChem candidate
-19.104229,51.854553,PubChem candidate
-8.438018,0.06509951,PubChem candidate
29.115788,38.652737,PubChem candidate
9.66203,104.37629,PubChem candidate
19.510708,-66.77731,PubChem candidate
-23.152338,-53.701103,PubChem candidate
53.000343,52.484497,PubChem candidate
65.60975,88.13605,PubChem candidate
74.26524,46.024666,PubChem candidate
-48.682903,80.164696,PubChem candidate
-0.22791447,-112.247505,PubChem candidate
50.46126,97.32679,PubChem candidate
9.841026,0.6631117,PubChem candidate
43.311684,-70.89478,PubChem candidate
88.79346,-24.665989,PubChem candidate
-133.78099,-4.965157,PubChem candidate
63.313126,-53.206955,PubChem candidate
-23.38266,91.36895,PubChem candidate
-12.584878,-8.766629,PubChem candidate
-96.8805,-29.476496,PubChem candidate
-90.43918,-19.872974,PubChem candidate
-114.83594,-32.765472,PubChem candidate
-10.835834,-5.7034965,PubChem candidate
-114.585045,-27.454727,PubChem candidate
68.232285,-47.173134,PubChem candidate
51.2022,96.62519,PubChem candidate
-56.85702,37.949753,PubChem candidate
43.795975,-54.93284,PubChem candidate
-104.78843,-10.3957,PubChem candidate
2.223895,22.623962,PubChem candidate
47.900475,-2.711718,PubChem candidate
63.277653,-70.93489,PubChem candidate
60.045067,97.6897,PubChem candidate
25.890781,42.315094,PubChem candidate
58.509575,101.38599,PubChem candidate
52.42732,92.19867,PubChem candidate
93.51285,-42.87582,PubChem candidate
-13.867962,-23.836618,PubChem candidate
39.01684,73.759476,PubChem candidate
92.66426,28.311056,PubChem candidate
-110.56514,-29.98413,PubChem candidate
6.4869633,17.706057,PubChem candidate
58.89172,91.01115,PubChem candidate
23.147324,0.69319373,PubChem candidate
96.7291,24.553904,PubChem candidate
35.33364,37.688637,PubChem candidate
30.375736,97.71466,PubChem candidate
-23.662632,44.672733,PubChem candidate
-16.16617,-30.621544,PubChem candidate
58.14285,95.79628,PubChem candidate
8.85595,0.70293117,PubChem candidate
44.77024,-60.095013,PubChem candidate
-9.051257,46.67482,PubChem candidate
-31.919743,108.97189,PubChem candidate
47.450996,91.129555,PubChem candidate
-59.676548,13.141769,PubChem candidate
-58.189823,-57.995388,PubChem candidate
52.626877,-7.456415,PubChem candidate
112.62665,26.151606,PubChem candidate
24.82042,-52.916718,PubChem candidate
1.9851644,113.31474,PubChem candidate
33.169746,36.813114,PubChem candidate
36.11967,43.25587,PubChem candidate
49.063507,-11.263529,PubChem candidate
-27.108332,72.74013,PubChem candidate
53.52828,-25.915257,PubChem candidate
104.9122,1.6256168,PubChem candidate
-8.17214,-31.443993,PubChem candidate
75.20473,34.21739,PubChem candidate
-72.085976,11.430805,PubChem candidate
-78.95912,-4.2537646,PubChem candidate
29.651773,39.444626,PubChem candidate
-14.9649,56.809727,PubChem candidate
61.739998,27.092978,PubChem candidate
-50.71729,-75.45775,PubChem candidate
-20.232248,93.39083,PubChem candidate
2.1171649,113.031845,PubChem candidate
55.58732,100.64986,PubChem candidate
10.063807,6.1152906,PubChem candidate
11.108922,17.056902,PubChem candidate
-97.46003,-39.02089,PubChem candidate
93.78479,-33.587227,PubChem candidate
112.745544,-0.45498884,PubChem candidate
-46.280186,-12.413187,PubChem candidate
61.441517,-46.187527,PubChem candidate
-15.377014,54.647385,PubChem candidate
-52.23774,66.381836,PubChem candidate
60.395298,98.02044,PubChem candidate
-14.383593,-21.553385,PubChem candidate
56.45436,-3.5925875,PubChem candidate
-82.7281,52.191826,PubChem candidate
45.0998,50.506474,PubChem candidate
-77.15343,-59.600388,PubChem candidate
9.866325,46.09018,PubChem candidate
-23.680445,-92.84238,PubChem candidate
-41.505367,-4.4047217,PubChem candidate
-31.05137,44.723495,PubChem candidate
-18.83131,-76.29961,PubChem candidate
-33.178436,-97.71005,PubChem candidate
-136.11514,-7.135832,PubChem candidate
-92.0543,-39.985374,PubChem candidate
-90.416504,-20.278542,PubChem candidate
-75.74007,52.51645,PubChem candidate
44.34977,-84.84552,PubChem candidate
25.669962,32.652565,PubChem candidate
45.045525,30.885674,PubChem candidate
40.790417,94.512474,PubChem candidate
29.009836,33.924747,PubChem candidate
-116.18583,-27.612877,PubChem candidate
-45.424515,43.31512,PubChem candidate
10.421642,65.93338,PubChem candidate
37.927753,35.782677,PubChem candidate
34.67532,7.8332334,PubChem candidate
-16.210876,5.317318,PubChem candidate
-13.485252,108.02078,PubChem candidate
64.800224,7.25335,PubChem candidate
-37.96342,-14.781626,PubChem candidate
40.096107,-89.77262,PubChem candidate
50.08645,-88.06093,PubChem candidate
39.639603,-33.395435,PubChem candidate
-49.632393,77.68872,PubChem candidate
6.9715505,45.19026,PubChem candidate
30.332813,98.42538,PubChem candidate
-8.292457,-38.090576,PubChem candidate
46.042408,-47.013416,PubChem candidate
10.825198,46.43219,PubChem candidate
-9.445615,-38.438156,PubChem candidate
64.355995,88.873955,PubChem candidate
25.642525,23.710114,PubChem candidate
65.67096,88.1024,PubChem candidate
68.97865,-14.1051035,PubChem candidate
8.771881,104.70011,PubChem candidate
40.205437,46.84163,PubChem candidate
36.453438,103.83612,PubChem candidate
18.377329,74.30948,PubChem candidate
59.98693,101.15795,PubChem candidate
45.709187,-40.213955,PubChem candidate
-51.54983,-54.432198,PubChem candidate
5.732607,-51.2728,PubChem candidate
55.75842,24.985374,PubChem candidate
14.109544,65.92191,PubChem candidate
53.228035,-41.403816,PubChem candidate
38.795612,83.02885,PubChem candidate
32.812557,79.435684,PubChem candidate
67.65194,10.721428,PubChem candidate
-77.049255,49.455605,PubChem candidate
-9.849948,8.819118,PubChem candidate
42.866245,45.570877,PubChem candidate
-135.80917,-7.512201,PubChem candidate
-60.062828,15.090011,PubChem candidate
-20.57538,93.48509,PubChem candidate
-21.219193,-16.80637,PubChem candidate
106.71614,0.10945765,PubChem candidate
53.08482,87.82972,PubChem candidate
86.989914,50.621006,PubChem candidate
62.902798,84.50723,PubChem candidate
73.2851,22.078,PubChem candidate
-135.97203,-7.9460073,PubChem candidate
35.63964,44.080948,PubChem candidate
94.4805,-8.970631,PubChem candidate
-49.590958,-75.34356,PubChem candidate
-108.883255,4.919857,PubChem candidate
111.27992,-11.351504,PubChem candidate
56.551243,92.41013,PubChem candidate
40.205887,77.71781,PubChem candidate
-17.540022,-108.166046,PubChem candidate
30.3691,96.789276,PubChem candidate
-56.83968,-45.566414,PubChem candidate
58.24797,-0.87420094,PubChem candidate
14.442356,3.3217673,PubChem candidate
43.22897,93.42341,PubChem candidate
54.32277,-7.3157787,PubChem candidate
6.787468,-61.58499,PubChem candidate
37.891857,36.15861,PubChem candidate
70.77694,12.160256,PubChem candidate
47.173798,43.217926,PubChem candidate
11.194565,21.497753,PubChem candidate
-12.590356,-87.69644,PubChem candidate
-77.049255,49.455605,PubChem candidate
24.53861,3.0761468,PubChem candidate
71.332245,37.146328,PubChem candidate
56.775272,4.553961,PubChem candidate
2.192911,-62.130497,PubChem candidate
-93.21597,-40.904926,PubChem candidate
10.65059,-102.771324,PubChem candidate
-20.115486,52.82345,PubChem candidate
94.163506,19.442175,PubChem candidate
36.007538,8.707392,PubChem candidate
-4.418681,108.96422,PubChem candidate
13.037589,66.39311,PubChem candidate
-29.667131,-32.671642,PubChem candidate
57.34255,47.659996,PubChem candidate
68.81651,26.400532,PubChem candidate
41.061314,75.27669,PubChem candidate
13.264302,-51.882736,PubChem candidate
19.892254,73.0663,PubChem candidate
-31.694633,108.29529,PubChem candidate
17.628738,73.51297,PubChem candidate
21.590065,-67.77145,PubChem candidate
2.1455553,80.1961,PubChem candidate
45.53997,28.82332,PubChem candidate
-43.123302,20.472122,PubChem candidate
-59.04464,-55.534454,PubChem candidate
44.061802,76.5263,PubChem candidate
26.349909,42.360638,PubChem candidate
59.186802,101.486664,PubChem candidate
-93.52489,-39.062214,PubChem candidate
2.0262694,110.933716,PubChem candidate
73.29755,46.11546,PubChem candidate
-63.351723,-59.103794,PubChem candidate
42.33184,46.354645,PubChem candidate
52.985397,52.642254,PubChem candidate
-33.408092,-72.64116,PubChem candidate
-15.065441,-108.81268,PubChem candidate
46.353004,-40.79707,PubChem candidate
71.65391,30.481684,PubChem candidate
66.79114,-59.10162,PubChem candidate
56.89179,47.925114,PubChem candidate
36.36159,79.25522,PubChem candidate
31.963247,7.5214753,PubChem candidate
50.15363,-82.11817,PubChem candidate
-90.12798,-20.42155,PubChem candidate
-135.8557,-8.450767,PubChem candidate
-21.525364,-31.414484,PubChem candidate
40.789963,50.067955,PubChem candidate
-39.633106,41.14918,PubChem candidate
9.964504,98.91321,PubChem candidate
55.791485,94.93284,PubChem candidate
28.671247,30.220535,PubChem candidate
-23.984343,-101.477295,PubChem candidate
45.606945,29.210016,PubChem candidate
68.78586,-13.395635,PubChem candidate
94.04576,-15.678149,PubChem candidate
49.999687,37.67366,PubChem candidate
-134.72865,-6.507325,PubChem candidate
27.960897,37.111076,PubChem candidate
-93.76455,-24.350796,PubChem candidate
60.210182,97.82819,PubChem candidate
114.89712,-9.3695345,PubChem candidate
72.674126,37.202045,PubChem candidate
-47.26161,80.83836,PubChem candidate
-38.45841,-29.038746,PubChem candidate
-23.563309,113.6766,PubChem candidate
-105.96507,-24.810194,PubChem candidate
-2.5825896,107.150314,PubChem candidate
-94.63139,-27.74183,PubChem candidate
21.124386,42.207478,PubChem candidate
-8.621903,-36.620285,PubChem candidate
-2.3867166,17.644073,PubChem candidate
49.545837,99.316,PubChem candidate
90.47022,27.421896,PubChem candidate
8.65979,-52.10426,PubChem candidate
36.092426,76.338,PubChem candidate
57.630684,94.86291,PubChem candidate
93.28408,33.50807,PubChem candidate
-47.099636,41.42685,PubChem candidate
48.022346,39.071945,PubChem candidate
8.014945,-43.45946,PubChem candidate
-79.047386,-6.4438396,PubChem candidate
-45.240414,79.49365,PubChem candidate
36.103764,75.88215,PubChem candidate
2.223809,110.82163,PubChem candidate
-1.7990603,113.02577,PubChem candidate
-15.942807,-20.335352,PubChem candidate
-2.23932,97.10067,PubChem candidate
-103.35438,18.520006,PubChem candidate
71.361755,37.808422,PubChem candidate
-16.337252,19.15926,PubChem candidate
44.140583,46.20743,PubChem candidate
19.956324,-64.893814,PubChem candidate
85.48932,44.81572,PubChem candidate
53.82401,-42.457005,PubChem candidate
-51.115658,34.665676,PubChem candidate
36.17487,31.997774,PubChem candidate
11.202902,111.656235,PubChem candidate
-0.055631567,-6.0155168,PubChem candidate
62.168713,87.76858,PubChem candidate
-30.811108,-71.27775,PubChem candidate
49.298035,38.419903,PubChem candidate
-47.142696,37.15606,PubChem candidate
10.642808,-46.730263,PubChem candidate
8.827458,-40.305458,PubChem candidate
-97.598045,11.939909,PubChem candidate
111.408165,-1.2645943,PubChem candidate
112.35092,27.27149,PubChem candidate
-24.961765,90.70091,PubChem candidate
47.85391,38.870644,PubChem candidate
50.735382,-42.736,PubChem candidate
20.706207,1.2153193,PubChem candidate
-5.2448173,7.5229607,PubChem candidate
-97.87371,-36.85893,PubChem candidate
-23.42548,-102.509834,PubChem candidate
7.34818,-11.383587,PubChem candidate
66.47542,-60.584152,PubChem candidate
45.096676,16.219282,PubChem candidate
-20.36346,113.999886,PubChem candidate
52.805866,87.5385,PubChem candidate
41.15173,103.217606,PubChem candidate
76.50135,-2.3294055,PubChem candidate
-82.7281,52.191826,PubChem candidate
29.585321,32.94771,PubChem candidate
-51.630184,39.00986,PubChem candidate
-82.7281,52.191826,PubChem candidate
46.015244,102.67644,PubChem candidate
63.28561,26.417547,PubChem candidate
-22.3989,42.83889,PubChem candidate
-75.74007,52.51645,PubChem candidate
63.50937,88.85167,PubChem candidate
-36.386436,69.148674,PubChem candidate
3.1451275,-9.7287655,PubChem candidate
120.73785,-9.810896,PubChem candidate
-15.3817425,-4.2238626,PubChem candidate
43.91875,94.302086,PubChem candidate
-96.288765,-36.10055,PubChem candidate
39.330193,49.689743,PubChem candidate
6.8800273,109.712944,PubChem candidate
-37.269306,105.56306,PubChem candidate
36.00092,79.824776,PubChem candidate
66.02881,-61.772453,PubChem candidate
32.702263,41.04918,PubChem candidate
44.153767,90.967995,PubChem candidate
53.001225,52.49637,PubChem candidate
-30.635082,-85.1667,PubChem candidate
62.492138,-83.88873,PubChem candidate
40.061462,77.53597,PubChem candidate
-23.849607,-99.98471,PubChem candidate
-1.4278104,2.7627437,PubChem candidate
7.6711726,-53.85503,PubChem candidate
-30.799295,-34.683025,PubChem candidate
50.781487,-43.890846,PubChem candidate
95.69639,-7.429179,PubChem candidate
57.14916,-43.432198,PubChem candidate
-114.62832,-32.55058,PubChem candidate
46.853283,82.80217,PubChem candidate
33.97265,13.302315,PubChem candidate
82.60117,45.4798,PubChem candidate
18.971468,73.64546,PubChem candidate
9.008865,-15.842938,PubChem candidate
-15.170221,120.992966,PubChem candidate
29.360804,-28.811914,PubChem candidate
28.025335,29.025703,PubChem candidate
46.440422,87.281906,PubChem candidate
64.245995,-68.636314,PubChem candidate
56.856937,-83.597145,PubChem candidate
9.553211,102.48808,PubChem candidate
-22.601954,115.182976,PubChem candidate
-16.697983,42.4388,PubChem candidate
40.77324,50.12047,PubChem candidate
6.0728703,96.13974,PubChem candidate
45.38409,-50.473564,PubChem candidate
-93.4008,-38.99987,PubChem candidate
2.7478411,15.921997,PubChem candidate
-7.0083375,46.414623,PubChem candidate
-90.174904,-21.076366,PubChem candidate
69.70788,38.852947,PubChem candidate
51.988388,88.32395,PubChem candidate
42.3841,84.724785,PubChem candidate
7.2646313,50.498547,PubChem candidate
-24.63558,-11.507852,PubChem candidate
0.64682686,18.496054,PubChem candidate
108.64544,-0.4347649,PubChem candidate
8.146953,93.97767,PubChem candidate
-54.95478,34.802547,PubChem candidate
-20.65376,71.328445,PubChem candidate
55.137398,-81.48141,PubChem candidate
112.77747,32.160885,PubChem candidate
43.858658,101.12785,PubChem candidate
-97.42125,-40.305454,PubChem candidate
-96.846085,-34.644344,PubChem candidate
42.428307,-64.23614,PubChem candidate
-101.162834,-55.337784,PubChem candidate
46.691883,75.22588,PubChem candidate
36.823025,13.350374,PubChem candidate
-82.7281,52.191826,PubChem candidate
-20.508741,-15.543532,PubChem candidate
107.29795,36.797504,PubChem candidate
30.330841,98.42587,PubChem candidate
2.7762496,4.6420403,PubChem candidate
-21.196392,92.89827,PubChem candidate
62.46034,26.49307,PubChem candidate
-16.806946,42.943413,PubChem candidate
14.305441,-46.63671,PubChem candidate
-76.77944,-59.800373,PubChem candidate
-18.85478,77.28065,PubChem candidate
64.249466,88.742,PubChem candidate
7.2734423,-114.50692,PubChem candidate
21.05336,-63.16934,PubChem candidate
-37.269287,107.52651,PubChem candidate
0.08939359,-17.525593,PubChem candidate
-73.39356,13.044572,PubChem candidate
-11.164346,109.96298,PubChem candidate
-53.490726,37.94979,PubChem candidate
36.152718,39.099625,PubChem candidate
-16.91558,50.508102,PubChem candidate
-42.565083,-21.981905,PubChem candidate
48.04914,86.23156,PubChem candidate
42.22358,104.09382,PubChem candidate
-51.11695,40.98245,PubChem candidate
61.632175,-79.28057,PubChem candidate
46.99881,101.3789,PubChem candidate
2.635027,113.82902,PubChem candidate
-24.242958,94.75577,PubChem candidate
25.280025,40.76233,PubChem candidate
-32.190613,-90.9062,PubChem candidate
-71.743675,-48.815403,PubChem candidate
-17.17322,-51.070038,PubChem candidate
45.855316,32.622105,PubChem candidate
-47.98342,69.11074,PubChem candidate
18.763866,73.58589,PubChem candidate
35.36326,9.079734,PubChem candidate
57.495384,91.80316,PubChem candidate
51.558388,96.49349,PubChem candidate
-29.083876,108.54029,PubChem candidate
60.257687,86.621704,PubChem candidate
6.7982826,45.011646,PubChem candidate
35.857437,105.96681,PubChem candidate
34.8897,7.9189773,PubChem candidate
17.75577,-14.000153,PubChem candidate
-122.917786,0.6203707,PubChem candidate
46.08714,50.668148,PubChem candidate
39.949,14.982874,PubChem candidate
-82.7281,52.191826,PubChem candidate
-28.78249,25.895725,PubChem candidate
31.735405,79.41432,PubChem candidate
8.584615,-109.14663,PubChem candidate
7.874665,49.22434,PubChem candidate
33.78201,106.82317,PubChem candidate
60.784668,-67.84707,PubChem candidate
63.933636,88.912125,PubChem candidate
17.217613,67.77652,PubChem candidate
6.7960267,109.60057,PubChem candidate
94.36496,29.810453,PubChem candidate
43.76633,52.75924,PubChem candidate
-15.165741,113.72753,PubChem candidate
40.89498,-63.794624,PubChem candidate
72.59674,-40.14402,PubChem candidate
42.86854,51.10619,PubChem candidate
38.2365,76.15013,PubChem candidate
51.00416,-7.953786,PubChem candidate
-13.838702,41.3325,PubChem candidate
65.40567,-64.365295,PubChem candidate
-2.1834795,96.61642,PubChem candidate
36.601524,28.289593,PubChem candidate
-53.47637,-28.56916,PubChem candidate
38.324875,-66.602394,PubChem candidate
-42.701744,56.605762,PubChem candidate
-82.7281,52.191826,PubChem candidate
-28.72251,108.22431,PubChem candidate
93.81466,32.4101,PubChem candidate
77.57556,-2.9667268,PubChem candidate
-107.430725,-24.631332,PubChem candidate
105.36308,22.936365,PubChem candidate
34.736702,9.17892,PubChem candidate
8.180538,-63.744457,PubChem candidate
8.117948,48.736774,PubChem candidate
-10.606266,75.650406,PubChem candidate
6.755947,-49.894665,PubChem candidate
46.893024,-37.26406,PubChem candidate
-33.426044,-93.57964,PubChem candidate
-33.427673,-15.81471,PubChem candidate
-37.63926,-73.87649,PubChem candidate
110.228386,-33.138332,PubChem candidate
11.069108,105.71719,PubChem candidate
15.962386,71.993805,PubChem candidate
53.87815,-45.23514,PubChem candidate
56.980755,29.42305,PubChem candidate
-50.140495,78.99598,PubChem candidate
45.507267,80.36155,PubChem candidate
25.68032,24.952194,PubChem candidate
105.28242,-40.76564,PubChem candidate
50.112576,83.61517,PubChem candidate
62.227173,-52.34589,PubChem candidate
-30.572697,-70.97578,PubChem candidate
-101.848724,-52.622734,PubChem candidate
101.66039,1.7307253,PubChem candidate
-37.184013,-29.08544,PubChem candidate
55.178143,50.978115,PubChem candidate
14.734086,-49.416927,PubChem candidate
36.256676,83.358955,PubChem candidate
-15.219711,58.592983,PubChem candidate
71.01565,20.108698,PubChem candidate
-21.940254,-45.985725,PubChem candidate
53.04529,-85.198494,PubChem candidate
32.602825,78.61661,PubChem candidate
-13.286145,110.952156,PubChem candidate
39.093502,33.853104,PubChem candidate
-9.242986,10.476321,PubChem candidate
-39.66135,-42.124954,PubChem candidate
8.280827,-51.922382,PubChem candidate
40.906906,76.690865,PubChem candidate
-20.244078,4.3738947,PubChem candidate
9.821686,70.477104,PubChem candidate
30.945295,107.87767,PubChem candidate
-16.921986,85.77809,PubChem candidate
-67.72426,-3.790575,PubChem candidate
-105.183174,28.851479,PubChem candidate
-20.831635,40.347378,PubChem candidate
68.26384,-70.58764,PubChem candidate
69.966995,39.231518,PubChem candidate
-11.818303,-16.20376,PubChem candidate
-16.623928,19.250689,PubChem candidate
-25.056412,-38.500397,PubChem candidate
106.921364,31.16096,PubChem candidate
47.963673,76.16521,PubChem candidate
63.152405,88.66578,PubChem candidate
49.740887,-39.58011,PubChem candidate
110.820786,-1.3977268,PubChem candidate
69.16411,1.4568074,PubChem candidate
-82.7281,52.191826,PubChem candidate
31.778328,107.75117,PubChem candidate
6.891271,-13.762656,PubChem candidate
62.172325,87.760376,PubChem candidate
114.99764,-28.642443,PubChem candidate
-52.192802,35.234543,PubChem candidate
6.756738,-70.48204,PubChem candidate
-101.51797,-54.23496,PubChem candidate
-5.975694,2.768432,PubChem candidate
6.3115726,107.79095,PubChem candidate
-98.73313,-36.996372,PubChem candidate
-16.084425,-11.65454,PubChem candidate
28.801565,113.61103,PubChem candidate
65.05271,-15.089023,PubChem candidate
6.52319,109.00036,PubChem candidate
-125.496056,-9.144822,PubChem candidate
43.54029,44.623672,PubChem candidate
53.176582,93.27233,PubChem candidate
10.390839,109.81603,PubChem candidate
95.83944,-17.921124,PubChem candidate
105.724304,36.52915,PubChem candidate
57.532368,94.90473,PubChem candidate
35.18331,77.23307,PubChem candidate
67.515564,-72.59023,PubChem candidate
57.057484,98.74673,PubChem candidate
1.4631978,19.701853,PubChem candidate
15.370483,45.32811,PubChem candidate
65.83376,23.118155,PubChem candidate
-97.6196,25.089062,PubChem candidate
-82.7281,52.191826,PubChem candidate
45.51382,87.10216,PubChem candidate
34.387817,-30.582354,PubChem candidate
-51.99597,67.643845,PubChem candidate
-2.2141962,17.983522,PubChem candidate
96.40121,23.253752,PubChem candidate
55.84481,49.93557,PubChem candidate
53.42682,91.44751,PubChem candidate
35.775944,-69.63895,PubChem candidate
20.041039,71.79337,PubChem candidate
73.04557,34.536606,PubChem candidate
39.86263,-64.432655,PubChem candidate
-57.974777,33.64036,PubChem candidate
15.824584,-52.115314,PubChem candidate
31.727753,107.79972,PubChem candidate
-101.20663,-55.222256,PubChem candidate
44.45698,45.098705,PubChem candidate
42.733105,47.873894,PubChem candidate
-52.107162,67.37674,PubChem candidate
-37.22781,-22.871407,PubChem candidate
-129.47165,-0.1538121,PubChem candidate
51.033165,-87.31489,PubChem candidate
-51.531796,-76.114006,PubChem candidate
32.957954,25.96688,PubChem candidate
48.39717,81.31654,PubChem candidate
72.79926,34.150063,PubChem candidate
-12.5328,-9.443825,PubChem candidate
28.41005,30.998934,PubChem candidate
14.30671,-3.3350492,PubChem candidate
-90.89104,22.144785,PubChem candidate
-42.99521,-17.19856,PubChem candidate
-51.392677,34.350765,PubChem candidate
63.905163,24.87097,PubChem candidate
13.1242285,-106.727516,PubChem candidate
21.09282,42.195236,PubChem candidate
-100.8171,-56.363995,PubChem candidate
43.659355,82.967415,PubChem candidate
29.956999,112.18208,PubChem candidate
27.695164,-50.94792,PubChem candidate
-65.37427,-1.5023103,PubChem candidate
43.361546,35.097572,PubChem candidate
14.554466,66.42404,PubChem candidate
48.82165,36.92623,PubChem candidate
-66.73763,16.21033,PubChem candidate
31.205944,107.77274,PubChem candidate
102.56992,-17.608286,PubChem candidate
9.170253,-66.58569,PubChem candidate
67.166176,12.219817,PubChem candidate
38.62472,-77.07072,PubChem candidate
70.17429,39.745552,PubChem candidate
54.008068,35.392845,PubChem candidate
-16.436962,19.885351,PubChem candidate
-43.203045,-79.33842,PubChem candidate
60.85673,-53.71989,PubChem candidate
97.136795,26.714996,PubChem candidate
8.340625,48.38142,PubChem candidate
71.929344,32.70097,PubChem candidate
-72.782616,-48.995785,PubChem candidate
-31.37132,27.173399,PubChem candidate
51.180393,-5.4314547,PubChem candidate
8.550832,47.992672,PubChem candidate
-14.687775,97.74157,PubChem candidate
-4.050105,94.260765,PubChem candidate
-20.377169,41.969097,PubChem candidate
65.14425,87.78995,PubChem candidate
115.85923,29.2711,PubChem candidate
-78.200356,-15.033203,PubChem candidate
60.22182,-1.5906582,PubChem candidate
53.08432,52.101936,PubChem candidate
6.152416,-71.94461,PubChem candidate
11.700856,112.304886,PubChem candidate
-115.125374,-32.79062,PubChem candidate
-2.3601167,96.536064,PubChem candidate
-2.5944054,107.317024,PubChem candidate
-52.82953,-36.592426,PubChem candidate
35.219643,76.13786,PubChem candidate
59.907776,98.21257,PubChem candidate
-93.17266,-40.96137,PubChem candidate
43.117535,53.393394,PubChem candidate
92.91022,34.432056,PubChem candidate
67.70762,-16.072737,PubChem candidate
-36.85529,63.43871,PubChem candidate
-106.795975,5.590985,PubChem candidate
10.438868,107.014404,PubChem candidate
10.372035,-15.7647085,PubChem candidate
-30.287977,-16.019247,PubChem candidate
0.6495555,-106.22886,PubChem candidate
5.203114,-107.11254,PubChem candidate
16.316458,-107.23825,PubChem candidate
11.574021,-109.58359,PubChem candidate
93.40834,45.359394,PubChem candidate
-82.7281,52.191826,PubChem candidate
55.042656,-82.309814,PubChem candidate
-2.049822,117.29681,PubChem candidate
-14.955892,95.42906,PubChem candidate
-72.58219,10.169476,PubChem candidate
27.382284,114.16162,PubChem candidate
71.721054,38.902008,PubChem candidate
24.848612,27.10752,PubChem candidate
-66.95753,-63.33441,PubChem candidate
32.83496,33.86358,PubChem candidate
-58.58656,65.490486,PubChem candidate
33.629173,42.106762,PubChem candidate
-24.996317,92.88823,PubChem candidate
65.98299,-73.3404,PubChem candidate
96.217384,-8.096912,PubChem candidate
101.742615,3.8396273,PubChem candidate
98.8569,26.361223,PubChem candidate
57.673164,-51.42148,PubChem candidate
-35.478527,-10.59018,PubChem candidate
-17.498117,78.351906,PubChem candidate
14.06082,65.19664,PubChem candidate
98.08008,-41.88636,PubChem candidate
8.981336,47.62341,PubChem candidate
-135.76427,-8.627508,PubChem candidate
93.4843,45.364025,PubChem candidate
-78.49311,-59.60818,PubChem candidate
6.2841477,-57.76798,PubChem candidate
14.316842,64.85083,PubChem candidate
97.8502,19.971615,PubChem candidate
-16.478582,71.368065,PubChem candidate
59.52246,-45.404255,PubChem candidate
28.838215,115.9249,PubChem candidate
-118.76639,-9.072208,PubChem candidate
42.43933,102.73175,PubChem candidate
-51.91916,-18.942284,PubChem candidate
112.49942,-28.064268,PubChem candidate
-82.7281,52.191826,PubChem candidate
-32.44595,-94.62441,PubChem candidate
-104.24109,-23.600306,PubChem candidate
49.647854,94.85989,PubChem candidate
-46.232815,-13.47823,PubChem candidate
-40.019226,-6.77314,PubChem candidate
57.210464,90.94911,PubChem candidate
28.106836,41.18614,PubChem candidate
-54.7864,64.75397,PubChem candidate
48.0334,86.18162,PubChem candidate
41.984623,76.28076,PubChem candidate
-13.789316,111.3218,PubChem candidate
-96.10541,-42.05107,PubChem candidate
-15.573456,6.5239363,PubChem candidate
46.621834,103.755196,PubChem candidate
36.556923,35.791885,PubChem candidate
-38.783638,21.768478,PubChem candidate
48.779842,41.86826,PubChem candidate
-2.0326161,96.22492,PubChem candidate
29.974617,113.02153,PubChem candidate
-93.41704,-41.01853,PubChem candidate
68.0698,-72.19919,PubChem candidate
-20.34007,42.290264,PubChem candidate
62.13397,23.895828,PubChem candidate
59.928024,97.88787,PubChem candidate
39.369286,35.393497,PubChem candidate
97.28756,-6.90346,PubChem candidate
-19.736782,-15.291308,PubChem candidate
30.891987,108.348495,PubChem candidate
-104.4121,29.898323,PubChem candidate
64.09871,21.47764,PubChem candidate
-77.049255,49.455605,PubChem candidate
39.463917,73.44745,PubChem candidate
46.900356,82.552956,PubChem candidate
-15.836072,-14.343798,PubChem candidate
-36.882324,-43.4322,PubChem candidate
-101.182884,19.88743,PubChem candidate
-24.177519,-12.135025,PubChem candidate
44.696507,31.790451,PubChem candidate
45.25653,88.22166,PubChem candidate
-105.562935,28.585758,PubChem candidate
-44.03719,84.08099,PubChem candidate
91.41972,-26.143475,PubChem candidate
48.582207,99.47437,PubChem candidate
-101.19036,19.887531,PubChem candidate
-134.71025,-6.24333,PubChem candidate
115.8799,27.88496,PubChem candidate
48.488945,100.609085,PubChem candidate
-46.734226,68.72339,PubChem candidate
75.15356,47.424614,PubChem candidate
55.05933,23.734467,PubChem candidate
19.847706,-11.83224,PubChem candidate
0.38899142,83.67557,PubChem candidate
32.055202,44.446743,PubChem candidate
-79.39277,-9.233118,PubChem candidate
-42.60368,20.916004,PubChem candidate
38.649525,73.21753,PubChem candidate
106.22223,-2.3474224,PubChem candidate
54.07908,92.65628,PubChem candidate
62.934223,2.4876478,PubChem candidate
80.09301,44.849358,PubChem candidate
95.120605,-10.505385,PubChem candidate
-133.75197,-5.1509356,PubChem candidate
-131.2378,-3.8259933,PubChem candidate
-15.61825,-108.75113,PubChem candidate
95.729256,31.482796,PubChem candidate
94.866974,20.482983,PubChem candidate
36.776768,27.706644,PubChem candidate
9.8543625,94.04622,PubChem candidate
16.499975,73.16333,PubChem candidate
-15.573042,-50.52884,PubChem candidate
61.32553,-72.4103,PubChem candidate
59.03386,98.40384,PubChem candidate
42.004555,88.287895,PubChem candidate
-53.457253,40.170433,PubChem candidate
41.965927,49.542667,PubChem candidate
110.56654,24.563868,PubChem candidate
-27.067736,-84.5076,PubChem candidate
24.155796,33.523186,PubChem candidate
-95.91375,-42.168106,PubChem candidate
-35.215954,23.173956,PubChem candidate
73.24063,46.488644,PubChem candidate
70.29706,32.181843,PubChem candidate
15.558941,66.23238,PubChem candidate
44.005356,104.71912,PubChem candidate
6.037616,-113.393295,PubChem candidate
31.57151,79.34144,PubChem candidate
31.796007,108.422424,PubChem candidate
94.5576,19.941547,PubChem candidate
-56.433186,35.64658,PubChem candidate
15.499148,66.44082,PubChem candidate
-93.42178,-32.39398,PubChem candidate
48.780544,-10.937393,PubChem candidate
21.557158,42.31197,PubChem candidate
12.255707,68.439445,PubChem candidate
-60.5013,34.87058,PubChem candidate
41.26061,86.55345,PubChem candidate
48.9959,39.1676,PubChem candidate
-3.5915017,27.610146,PubChem candidate
94.78533,26.41813,PubChem candidate
-51.421097,-64.22612,PubChem candidate
-94.849335,-33.008068,PubChem candidate
37.265923,32.251568,PubChem candidate
-82.7281,52.191826,PubChem candidate
-96.56513,-29.45106,PubChem candidate
24.11098,-55.387974,PubChem candidate
-106.222305,-25.55339,PubChem candidate
-28.25755,69.431786,PubChem candidate
-42.127075,37.446964,PubChem candidate
47.9283,99.88878,PubChem candidate
31.260042,114.505356,PubChem candidate
-20.6564,40.38738,PubChem candidate
47.167744,86.195045,PubChem candidate
70.76614,17.557077,PubChem candidate
42.744057,33.98068,PubChem candidate
-29.97764,-11.335566,PubChem candidate
-45.95486,41.50901,PubChem candidate
43.81333,-91.91254,PubChem candidate
-5.6809897,18.70263,PubChem candidate
47.984364,89.774376,PubChem candidate
-74.52399,-54.337532,PubChem candidate
58.209747,29.183495,PubChem candidate
32.571358,34.827427,PubChem candidate
-13.390443,3.1947706,PubChem candidate
14.584024,45.682854,PubChem candidate
-46.198845,67.77894,PubChem candidate
-27.373714,-5.2829633,PubChem candidate
40.749065,77.45994,PubChem candidate
29.181156,113.37058,PubChem candidate
25.078754,42.936188,PubChem candidate
-29.927395,-84.691734,PubChem candidate
46.263695,-82.6562,PubChem candidate
46.710777,80.387924,PubChem candidate
36.993282,93.67318,PubChem candidate
33.69256,107.414246,PubChem candidate
-82.7281,52.191826,PubChem candidate
55.15495,93.96718,PubChem candidate
101.60882,-37.632286,PubChem candidate
52.914616,-87.81072,PubChem candidate
-125.989105,-13.552812,PubChem candidate
69.663895,26.183725,PubChem candidate
47.781258,99.89475,PubChem candidate
-40.64476,-29.15218,PubChem candidate
95.7786,-10.009585,PubChem candidate
107.1916,-4.1740947,PubChem candidate
-59.187553,13.71439,PubChem candidate
7.848568,-65.71055,PubChem candidate
30.447323,96.76013,PubChem candidate
-64.583496,-0.90953225,PubChem candidate
42.31197,102.61573,PubChem candidate
-9.9654,46.166626,PubChem candidate
35.84982,80.12387,PubChem candidate
20.67172,41.240334,PubChem candidate
95.89474,-4.944834,PubChem candidate
-92.6571,7.126794,PubChem candidate
19.92371,73.21692,PubChem candidate
24.463308,27.50692,PubChem candidate
-15.618581,-87.2786,PubChem candidate
49.649773,-11.79266,PubChem candidate
28.386095,115.94875,PubChem candidate
13.597535,-16.447819,PubChem candidate
41.752777,93.42736,PubChem candidate
62.17676,-80.36797,PubChem candidate
25.092527,-52.999954,PubChem candidate
60.495445,100.191765,PubChem candidate
-12.895415,18.940912,PubChem candidate
41.64175,-93.466484,PubChem candidate
56.11681,94.42371,PubChem candidate
-13.6939335,73.56112,PubChem candidate
-28.320284,-13.8811035,PubChem candidate
67.549416,-70.50001,PubChem candidate
95.08879,-39.46641,PubChem candidate
70.06455,4.346131,PubChem candidate
7.3312454,50.351883,PubChem candidate
105.47829,37.67369,PubChem candidate
62.013016,-50.344067,PubChem candidate
36.2564,83.35915,PubChem candidate
111.93547,-14.992906,PubChem candidate
117.65894,-27.644657,PubChem candidate
47.524696,91.41326,PubChem candidate
112.49446,-28.092522,PubChem candidate
-101.38801,-54.66366,PubChem candidate
-44.092377,-10.878487,PubChem candidate
95.725815,-17.43778,PubChem candidate
62.250908,-53.723743,PubChem candidate
-44.665802,-9.986024,PubChem candidate
67.16104,-78.77765,PubChem candidate
-44.4959,-18.048931,PubChem candidate
-23.07411,71.98719,PubChem candidate
39.754036,73.31168,PubChem candidate
31.701609,7.643868,PubChem candidate
44.22299,-51.2355,PubChem candidate
7.7687135,-67.44002,PubChem candidate
35.706017,39.46194,PubChem candidate
61.57857,87.108665,PubChem candidate
-35.238655,-73.59803,PubChem candidate
-10.133301,13.364802,PubChem candidate
39.047825,-73.52725,PubChem candidate
2.2058508,4.0018234,PubChem candidate
-43.489887,68.17348,PubChem candidate
-77.756134,-13.796941,PubChem candidate
36.1594,28.097898,PubChem candidate
50.00562,-7.0933313,PubChem candidate
-59.103333,-55.539555,PubChem candidate
-93.92217,-33.959496,PubChem candidate
57.049957,47.257664,PubChem candidate
3.4634576,-54.59887,PubChem candidate
47.963642,76.16556,PubChem candidate
47.527767,89.82123,PubChem candidate
117.55744,-13.088798,PubChem candidate
42.85412,-53.054863,PubChem candidate
-28.67804,70.575935,PubChem candidate
54.12389,-22.781519,PubChem candidate
66.281525,8.011052,PubChem candidate
109.954605,26.17984,PubChem candidate
-33.169365,71.99114,PubChem candidate
29.032679,116.6741,PubChem candidate
102.55799,3.6289303,PubChem candidate
28.555004,117.156525,PubChem candidate
46.154884,77.78834,PubChem candidate
41.889145,28.411013,PubChem candidate
-12.414556,73.556755,PubChem candidate
-30.174252,-8.800485,PubChem candidate
55.351376,48.540024,PubChem candidate
-129.14412,-10.285783,PubChem candidate
62.64895,-18.591597,PubChem candidate
-15.33822,-40.32637,PubChem candidate
-91.915825,-39.297527,PubChem candidate
-15.111848,14.688191,PubChem candidate
35.704475,23.90665,PubChem candidate
55.08802,100.764595,PubChem candidate
69.42349,2.0911772,PubChem candidate
36.36072,42.703712,PubChem candidate
43.28592,93.20651,PubChem candidate
44.35947,92.78991,PubChem candidate
62.316692,2.4700387,PubChem candidate
-114.63648,-32.59466,PubChem candidate
59.55117,25.291533,PubChem candidate
60.224728,-71.52432,PubChem candidate
12.106366,69.60874,PubChem candidate
65.84109,8.44412,PubChem candidate
-82.7281,52.191826,PubChem candidate
44.470108,90.54424,PubChem candidate
65.59915,88.087975,PubChem candidate
-15.7165365,52.52542,PubChem candidate
83.43005,53.104156,PubChem candidate
-108.54236,7.7792044,PubChem candidate
74.56767,50.884953,PubChem candidate
94.50769,-10.230504,PubChem candidate
-54.885662,36.59882,PubChem candidate
72.167274,48.096943,PubChem candidate
-32.802444,41.201183,PubChem candidate
33.076126,79.84914,PubChem candidate
59.001785,91.86222,PubChem candidate
17.505167,73.142845,PubChem candidate
51.03758,-12.616794,PubChem candidate
53.172474,91.61403,PubChem candidate
19.50531,7.5079966,PubChem candidate
28.904984,113.201836,PubChem candidate
38.113632,-76.36758,PubChem candidate
61.14672,25.601723,PubChem candidate
20.75229,74.27472,PubChem candidate
59.578808,-81.970726,PubChem candidate
8.452359,103.991905,PubChem candidate
-28.95307,-14.098679,PubChem candidate
25.95537,36.700317,PubChem candidate
-3.4617932,8.07209,PubChem candidate
7.4490027,104.758064,PubChem candidate
-45.845394,-17.373722,PubChem candidate
42.57492,73.923836,PubChem candidate
48.673317,86.08025,PubChem candidate
-14.838807,118.84742,PubChem candidate
46.564472,-37.025494,PubChem candidate
42.081097,85.041435,PubChem candidate
9.491341,46.59325,PubChem candidate
53.77343,49.842712,PubChem candidate
-59.99826,-56.437298,PubChem candidate
99.14844,33.489834,PubChem candidate
11.946679,-2.247874,PubChem candidate
42.166325,87.49681,PubChem candidate
42.059086,87.91956,PubChem candidate
-48.85807,-32.109325,PubChem candidate
18.96374,-11.593747,PubChem candidate
43.637737,44.799713,PubChem candidate
45.24984,50.247368,PubChem candidate
36.59317,74.63828,PubChem candidate
58.361164,-80.82809,PubChem candidate
64.79459,8.820504,PubChem candidate
19.626831,-11.876913,PubChem candidate
48.70608,99.815125,PubChem candidate
91.58657,28.94222,PubChem candidate
-5.1169605,45.783646,PubChem candidate
56.015152,95.45645,PubChem candidate
12.857796,21.234148,PubChem candidate
54.54178,49.01347,PubChem candidate
-11.377838,18.810343,PubChem candidate
29.21175,112.67694,PubChem candidate
-66.393196,9.751483,PubChem candidate
37.351536,76.65979,PubChem candidate
113.625046,25.75387,PubChem candidate
43.11776,104.98634,PubChem candidate
36.05119,79.999954,PubChem candidate
35.849335,76.019844,PubChem candidate
63.93381,5.3194404,PubChem candidate
-8.493742,-38.42078,PubChem candidate
110.65891,20.585234,PubChem candidate
35.755535,-69.59156,PubChem candidate
59.810284,89.72941,PubChem candidate
-96.213394,-41.86294,PubChem candidate
116.37579,30.796906,PubChem candidate
-43.07837,-44.897274,PubChem candidate
-54.166927,-74.632965,PubChem candidate
-21.556017,-17.275833,PubChem candidate
42.030865,-59.830296,PubChem candidate
106.25213,-38.16779,PubChem candidate
47.88879,86.33579,PubChem candidate
56.35046,-1.6166168,PubChem candidate
7.2551827,7.165816,PubChem candidate
-104.26004,-7.050338,PubChem candidate
-2.1534162,6.8843117,PubChem candidate
43.68623,101.333466,PubChem candidate
39.220512,35.103687,PubChem candidate
52.696484,-41.314545,PubChem candidate
16.65995,16.409403,PubChem candidate
30.365105,-29.328407,PubChem candidate
25.863758,28.95408,PubChem candidate
-13.605976,9.875105,PubChem candidate
13.370591,-48.030594,PubChem candidate
43.51737,92.81325,PubChem candidate
3.4258475,-11.175264,PubChem candidate
48.599064,100.10534,PubChem candidate
-38.300926,-10.80103,PubChem candidate
-101.37843,-39.26418,PubChem candidate
115.12277,-6.8408394,PubChem candidate
74.71638,34.327477,PubChem candidate
-20.988909,-37.896214,PubChem candidate
-13.013444,80.95386,PubChem candidate
-77.049255,49.455605,PubChem candidate
-26.589422,41.939392,PubChem candidate
-7.162317,-100.5668,PubChem candidate
-40.134926,-46.199814,PubChem candidate
87.78246,24.609352,PubChem candidate
6.4191594,108.22456,PubChem candidate
-97.39111,-38.760014,PubChem candidate
-5.892926,45.72283,PubChem candidate
58.901535,97.134544,PubChem candidate
-43.266262,-26.768555,PubChem candidate
47.289738,81.73999,PubChem candidate
56.936966,97.82449,PubChem candidate
6.7746,51.58431,PubChem candidate
24.429665,26.294758,PubChem candidate
45.803658,80.0505,PubChem candidate
50.387276,97.37904,PubChem candidate
40.145725,-58.27947,PubChem candidate
-1.2609402,116.99107,PubChem candidate
28.620209,116.03036,PubChem candidate
-89.96734,-21.502071,PubChem candidate
-98.01261,29.39762,PubChem candidate
45.07099,50.331856,PubChem candidate
-14.329995,82.6596,PubChem candidate
-41.461655,38.597237,PubChem candidate
-20.931282,89.4748,PubChem candidate
-19.975973,91.393745,PubChem candidate
-20.865803,-10.890042,PubChem candidate
48.613697,36.6682,PubChem candidate
47.826378,99.604836,PubChem candidate
57.102856,49.46901,PubChem candidate
50.673786,100.267845,PubChem candidate
-9.860115,-6.9953065,PubChem candidate
53.635582,-42.72999,PubChem candidate
-59.54507,15.651487,PubChem candidate
20.463675,72.15096,PubChem candidate
-82.7281,52.191826,PubChem candidate
116.17726,27.697298,PubChem candidate
-19.27516,76.119705,PubChem candidate
4.646224,-8.690777,PubChem candidate
32.157043,24.317654,PubChem candidate
46.17682,76.71236,PubChem candidate
-72.68008,3.2968116,PubChem candidate
7.967711,-3.312944,PubChem candidate
59.3518,-49.395386,PubChem candidate
38.197235,38.20722,PubChem candidate
-53.321762,-30.235565,PubChem candidate
-90.820724,23.342688,PubChem candidate
57.24166,47.66186,PubChem candidate
-25.632956,-55.704517,PubChem candidate
-34.197742,-13.726181,PubChem candidate
54.031284,35.32618,PubChem candidate
-28.260454,100.462975,PubChem candidate
113.0103,25.736572,PubChem candidate
-13.532971,80.46017,PubChem candidate
70.54487,17.018497,PubChem candidate
-5.0231733,108.57363,PubChem candidate
35.92111,17.131987,PubChem candidate
6.4875994,108.88705,PubChem candidate
45.11876,-52.164288,PubChem candidate
17.141985,-15.366821,PubChem candidate
85.59262,46.923958,PubChem candidate
84.28641,43.15891,PubChem candidate
36.314693,80.14815,PubChem candidate
27.140083,32.37988,PubChem candidate
-17.953457,-54.770653,PubChem candidate
-97.32061,-39.932,PubChem candidate
47.61092,-5.918967,PubChem candidate
16.071568,-15.717668,PubChem candidate
-8.75969,-2.3539486,PubChem candidate
57.04714,-43.214268,PubChem candidate
15.35585,64.04502,PubChem candidate
14.063467,-2.371662,PubChem candidate
17.27497,73.22331,PubChem candidate
-82.7281,52.191826,PubChem candidate
28.711401,113.80745,PubChem candidate
-2.0117297,-1.8987948,PubChem candidate
20.825558,-62.036324,PubChem candidate
62.579056,-18.361897,PubChem candidate
-31.74939,97.7709,PubChem candidate
61.483395,8.519434,PubChem candidate
6.5522676,-70.21543,PubChem candidate
-39.085804,66.713715,PubChem candidate
44.803864,49.793793,PubChem candidate
-27.066494,-50.158558,PubChem candidate
70.866936,21.163256,PubChem candidate
-31.42872,-15.632995,PubChem candidate
53.978718,-72.537674,PubChem candidate
8.219464,-76.9918,PubChem candidate
-55.59577,67.90097,PubChem candidate
-27.39406,-50.44231,PubChem candidate
-78.40061,-15.153411,PubChem candidate
-129.195,0.17930226,PubChem candidate
-105.00334,17.127525,PubChem candidate
72.68415,-40.068317,PubChem candidate
11.192528,108.53299,PubChem candidate
9.842386,46.015205,PubChem candidate
-93.728065,-24.68088,PubChem candidate
52.560474,48.136944,PubChem candidate
-36.437218,-26.761553,PubChem candidate
45.162643,15.703059,PubChem candidate
19.183138,73.49639,PubChem candidate
14.473948,15.857017,PubChem candidate
50.134502,-87.88922,PubChem candidate
39.93042,93.808075,PubChem candidate
-29.386427,72.25904,PubChem candidate
36.560318,8.0490265,PubChem candidate
-31.02224,44.756004,PubChem candidate
43.199306,103.47366,PubChem candidate
57.638023,48.495895,PubChem candidate
51.69188,94.50257,PubChem candidate
-15.262147,72.66034,PubChem candidate
-57.314632,36.463734,PubChem candidate
28.383076,37.220264,PubChem candidate
63.464478,-53.37997,PubChem candidate
47.379265,103.38141,PubChem candidate
-128.57521,-8.092386,PubChem candidate
-93.686386,-29.423037,PubChem candidate
-75.74007,52.51645,PubChem candidate
7.038984,-6.449185,PubChem candidate
93.90553,-40.69675,PubChem candidate
117.756386,31.97033,PubChem candidate
50.957478,-17.781445,PubChem candidate
-19.723543,-18.25505,PubChem candidate
-18.69037,-41.824726,PubChem candidate
-23.848799,114.90301,PubChem candidate
57.09493,1.1302644,PubChem candidate
-100.89617,-56.134415,PubChem candidate
-82.7281,52.191826,PubChem candidate
44.137592,27.541117,PubChem candidate
106.12999,23.591805,PubChem candidate
32.24718,5.733717,PubChem candidate
54.362843,-42.381187,PubChem candidate
70.549126,32.646908,PubChem candidate
47.018013,80.9057,PubChem candidate
-106.2423,-25.71041,PubChem candidate
83.04118,54.47945,PubChem candidate
-78.95964,-4.2310343,PubChem candidate
90.05373,-23.453342,PubChem candidate
111.348694,-11.654239,PubChem candidate
43.855156,-55.39918,PubChem candidate
60.0855,100.67027,PubChem candidate
52.344456,-85.73274,PubChem candidate
12.624852,8.464047,PubChem candidate
43.743805,89.43868,PubChem candidate
-14.827669,99.46661,PubChem candidate
-14.29239,58.804855,PubChem candidate
19.519379,-1.3696134,PubChem candidate
-8.695671,44.194023,PubChem candidate
6.6498117,109.06433,PubChem candidate
-11.125975,-106.23098,PubChem candidate
-127.848045,2.4913473,PubChem candidate
-86.399124,-19.50228,PubChem candidate
-45.429688,82.206184,PubChem candidate
8.889859,47.45675,PubChem candidate
17.505257,-6.240674,PubChem candidate
-93.79324,-28.633871,PubChem candidate
41.766914,28.477888,PubChem candidate
-42.62034,60.142834,PubChem candidate
111.09584,-33.75132,PubChem candidate
101.77357,36.52788,PubChem candidate
53.30525,49.37072,PubChem candidate
0.19331583,-7.9337597,PubChem candidate
-82.7281,52.191826,PubChem candidate
92.19802,-26.90915,PubChem candidate
69.851166,32.648052,PubChem candidate
57.287174,91.06627,PubChem candidate
63.603954,4.0282555,PubChem candidate
-124.123726,2.691862,PubChem candidate
36.64561,-62.8613,PubChem candidate
34.7356,43.970337,PubChem candidate
36.271458,-76.12625,PubChem candidate
19.853039,71.52431,PubChem candidate
-75.74007,52.51645,PubChem candidate
65.65382,88.105156,PubChem candidate
13.807221,-9.852,PubChem candidate
7.950479,-9.428641,PubChem candidate
2.466883,4.9917336,PubChem candidate
-8.026834,74.00483,PubChem candidate
81.4161,44.051556,PubChem candidate
-64.16982,13.199088,PubChem candidate
-26.495403,72.83088,PubChem candidate
95.93202,-3.9769669,PubChem candidate
-52.69529,34.963154,PubChem candidate
3.0339892,-58.199726,PubChem candidate
-11.669634,-3.1651177,PubChem candidate
-5.6481934,46.073597,PubChem candidate
-41.410564,42.708153,PubChem candidate
-39.588997,-42.036156,PubChem candidate
-87.76623,-19.242296,PubChem candidate
12.271249,17.492273,PubChem candidate
51.149693,-18.248507,PubChem candidate
42.348164,53.129227,PubChem candidate
46.316753,87.15845,PubChem candidate
64.86147,-61.769268,PubChem candidate
-6.2406473,1.0780064,PubChem candidate
-52.057194,-18.43799,PubChem candidate
47.575657,-8.094586,PubChem candidate
38.934006,-71.32474,PubChem candidate
45.899334,100.586624,PubChem candidate
63.491688,89.09606,PubChem candidate
21.520102,-61.781555,PubChem candidate
46.810783,-37.12383,PubChem candidate
37.657303,8.727898,PubChem candidate
83.825836,43.27099,PubChem candidate
-28.807896,95.35727,PubChem candidate
29.739346,40.61428,PubChem candidate
33.28597,8.880429,PubChem candidate
37.16483,93.89082,PubChem candidate
-106.05537,29.578411,PubChem candidate
39.718426,-89.86195,PubChem candidate
-62.24456,6.972413,PubChem candidate
17.222307,72.77996,PubChem candidate
-42.14728,36.296513,PubChem candidate
56.11712,-86.550735,PubChem candidate
94.75678,31.990154,PubChem candidate
10.673506,110.37336,PubChem candidate
43.25264,102.146164,PubChem candidate
51.61679,97.86986,PubChem candidate
111.74891,-30.951681,PubChem candidate
-82.7281,52.191826,PubChem candidate
56.75347,94.71611,PubChem candidate
-37.221622,103.26789,PubChem candidate
10.218409,44.977726,PubChem candidate
61.59452,-48.327923,PubChem candidate
49.57948,99.08811,PubChem candidate
-97.306366,-18.75396,PubChem candidate
53.896416,87.17177,PubChem candidate
38.021626,27.996136,PubChem candidate
-35.292274,101.941986,PubChem candidate
42.10078,47.86767,PubChem candidate
35.35301,37.953938,PubChem candidate
-52.25768,-29.703592,PubChem candidate
42.65271,32.044373,PubChem candidate
44.18332,-61.707336,PubChem candidate
28.81108,116.56253,PubChem candidate
42.80349,33.282375,PubChem candidate
94.60573,25.727522,PubChem candidate
35.161003,17.484436,PubChem candidate
103.38193,-41.161617,PubChem candidate
-136.09253,-8.017267,PubChem candidate
-46.94672,67.96163,PubChem candidate
74.770035,10.019522,PubChem candidate
19.535477,-42.304226,PubChem candidate
44.42483,91.2893,PubChem candidate
68.28639,12.075767,PubChem candidate
9.745978,106.83629,PubChem candidate
-114.35483,-32.699863,PubChem candidate
-19.496208,-14.370312,PubChem candidate
26.346909,36.05689,PubChem candidate
44.39042,78.42071,PubChem candidate
41.941006,-47.955933,PubChem candidate
101.19634,35.86348,PubChem candidate
61.06061,86.93509,PubChem candidate
42.220024,-70.91912,PubChem candidate
49.834145,96.204384,PubChem candidate
35.90331,89.743614,PubChem candidate
40.038048,77.97774,PubChem candidate
-36.044926,35.95586,PubChem candidate
50.13472,-85.4352,PubChem candidate
53.792194,87.026695,PubChem candidate
3.0459602,-110.994026,PubChem candidate
107.42979,-33.47788,PubChem candidate
-82.7281,52.191826,PubChem candidate
-27.163809,27.495174,PubChem candidate
-41.255474,20.73463,PubChem candidate
-130.72044,-6.7394485,PubChem candidate
-13.948067,72.95,PubChem candidate
30.547861,35.858334,PubChem candidate
52.613388,48.206642,PubChem candidate
-8.936886,9.868885,PubChem candidate
46.458668,101.56513,PubChem candidate
53.41291,95.16786,PubChem candidate
13.90114,2.4363017,PubChem candidate
54.20695,-27.574766,PubChem candidate
49.89041,-38.469585,PubChem candidate
-29.657272,105.49673,PubChem candidate
-12.301045,106.518486,PubChem candidate
1.4969417,5.088603,PubChem candidate
19.669302,-62.56068,PubChem candidate
-93.27908,-40.919018,PubChem candidate
11.333759,68.52864,PubChem candidate
29.782867,114.94776,PubChem candidate
-126.38001,-8.730884,PubChem candidate
40.124657,49.032925,PubChem candidate
-22.534073,33.892647,PubChem candidate
42.50808,73.97466,PubChem candidate
62.900173,-59.335434,PubChem candidate
-113.04615,1.6434814,PubChem candidate
-42.21469,-18.760433,PubChem candidate
43.301453,53.629353,PubChem candidate
-17.728796,-97.30512,PubChem candidate
15.798631,-38.593037,PubChem candidate
-34.65634,-95.60663,PubChem candidate
95.32527,-17.483782,PubChem candidate
-96.76832,-40.601025,PubChem candidate
-9.809349,44.82394,PubChem candidate
-30.95725,25.624418,PubChem candidate
69.7447,15.16614,PubChem candidate
46.387424,100.58049,PubChem candidate
62.50225,-80.706566,PubChem candidate
-0.59949017,-112.86139,PubChem candidate
12.357965,14.2786455,PubChem candidate
-19.004677,-13.401572,PubChem candidate
14.59104,70.815186,PubChem candidate
41.977913,31.454853,PubChem candidate
-29.795774,40.079845,PubChem candidate
72.368706,33.437508,PubChem candidate
-53.10712,-83.40588,PubChem candidate
59.87419,29.632885,PubChem candidate
-7.241601,40.974545,PubChem candidate
-82.7281,52.191826,PubChem candidate
49.093178,-13.635833,PubChem candidate
-22.428709,-92.78885,PubChem candidate
95.42226,-13.00923,PubChem candidate
-97.68386,-31.982607,PubChem candidate
23.886686,-32.037,PubChem candidate
23.686146,33.535496,PubChem candidate
70.98534,37.68333,PubChem candidate
3.1912017,-1.8997327,PubChem candidate
53.248463,95.02123,PubChem candidate
12.456434,64.684814,PubChem candidate
-95.19802,3.229251,PubChem candidate
56.808285,92.354576,PubChem candidate
-47.90218,-82.86227,PubChem candidate
-98.2978,-31.756458,PubChem candidate
37.14919,77.30888,PubChem candidate
32.530857,25.381567,PubChem candidate
17.991606,-66.09247,PubChem candidate
47.337883,86.59231,PubChem candidate
-29.468801,108.569016,PubChem candidate
100.57592,4.584169,PubChem candidate
54.222137,94.85234,PubChem candidate
60.109756,100.92409,PubChem candidate
48.30935,41.32716,PubChem candidate
-29.103245,72.14196,PubChem candidate
58.022236,101.97699,PubChem candidate
33.430206,81.80453,PubChem candidate
3.1024039,-50.268326,PubChem candidate
57.83166,48.13194,PubChem candidate
-94.854576,-32.972435,PubChem candidate
-39.60241,69.27456,PubChem candidate
69.75742,14.202566,PubChem candidate
-82.7281,52.191826,PubChem candidate
12.205369,-44.596733,PubChem candidate
-13.939542,-105.7591,PubChem candidate
46.74412,91.31206,PubChem candidate
54.225956,-6.976237,PubChem candidate
37.774357,16.428875,PubChem candidate
-2.6016254,107.47326,PubChem candidate
70.90969,38.567493,PubChem candidate
43.789406,-87.58328,PubChem candidate
9.773412,105.44613,PubChem candidate
69.09018,-75.0955,PubChem candidate
51.332508,-15.611076,PubChem candidate
-10.781221,72.43481,PubChem candidate
55.454056,-0.21799448,PubChem candidate
35.74021,80.16563,PubChem candidate
102.7819,35.599194,PubChem candidate
71.7763,24.770517,PubChem candidate
104.247055,36.024185,PubChem candidate
35.923767,-31.971645,PubChem candidate
53.239895,91.34596,PubChem candidate
-99.790375,-38.537506,PubChem candidate
74.696976,52.96056,PubChem candidate
-17.738441,13.009597,PubChem candidate
105.83642,-39.842953,PubChem candidate
69.05182,-12.357924,PubChem candidate
-3.4269514,22.535093,PubChem candidate
-31.846216,108.992966,PubChem candidate
96.64625,-15.015997,PubChem candidate
-15.819921,16.672085,PubChem candidate
101.826744,35.262337,PubChem candidate
6.863459,106.65889,PubChem candidate
20.883533,-34.69649,PubChem candidate
-86.68052,19.41982,PubChem candidate
-17.522383,38.73731,PubChem candidate
-77.56895,-2.6226864,PubChem candidate
31.735767,107.01372,PubChem candidate
46.793213,-40.934723,PubChem candidate
11.832529,68.10513,PubChem candidate
-35.37229,38.542618,PubChem candidate
10.193048,97.97672,PubChem candidate
6.410084,8.653875,PubChem candidate
41.958683,-63.938557,PubChem candidate
44.01449,27.378508,PubChem candidate
-2.9285092,95.729225,PubChem candidate
-100.871635,26.01692,PubChem candidate
60.291,-69.96479,PubChem candidate
7.870806,-108.77315,PubChem candidate
27.492006,42.38827,PubChem candidate
-14.734273,96.70323,PubChem candidate
-27.952438,25.73821,PubChem candidate
9.859755,70.5528,PubChem candidate
-112.125534,-30.503538,PubChem candidate
-28.526619,-12.057346,PubChem candidate
60.06906,86.58703,PubChem candidate
56.50282,28.596046,PubChem candidate
102.929596,-34.74099,PubChem candidate
62.249596,87.66322,PubChem candidate
-32.446415,-37.301426,PubChem candidate
-94.644844,-30.807013,PubChem candidate
21.076387,5.6353436,PubChem candidate
7.0081234,-43.196804,PubChem candidate
-22.60815,113.80996,PubChem candidate
2.442294,4.7848535,PubChem candidate
-94.00918,-24.543444,PubChem candidate
60.29928,97.56648,PubChem candidate
45.8365,80.82752,PubChem candidate
75.826004,12.280882,PubChem candidate
-4.4334407,23.949566,PubChem candidate
51.894386,97.47603,PubChem candidate
33.828262,13.238266,PubChem candidate
44.146103,36.845818,PubChem candidate
2.2896585,-11.76402,PubChem candidate
34.31234,7.5110245,PubChem candidate
116.188934,-27.364893,PubChem candidate
-97.084015,11.017485,PubChem candidate
42.68261,47.716682,PubChem candidate
56.71363,47.602318,PubChem candidate
-4.306516,9.972946,PubChem candidate
75.510124,14.395166,PubChem candidate
17.23628,-7.290801,PubChem candidate
39.90829,75.352234,PubChem candidate
-10.542833,-10.391051,PubChem candidate
-104.0385,26.894272,PubChem candidate
1.0937204,-4.919296,PubChem candidate
11.07894,111.73941,PubChem candidate
-18.638329,51.47389,PubChem candidate
23.52597,33.15342,PubChem candidate
33.752346,107.37186,PubChem candidate
17.743908,73.36559,PubChem candidate
58.664284,27.917587,PubChem candidate
55.563892,25.418743,PubChem candidate
-19.015879,81.34279,PubChem candidate
-28.168863,-29.875834,PubChem candidate
-2.445019,95.24543,PubChem candidate
-35.422108,107.10489,PubChem candidate
44.969788,32.231968,PubChem candidate
-23.425966,-102.5103,PubChem candidate
64.31667,-78.04106,PubChem candidate
42.74117,-67.84731,PubChem candidate
108.041176,23.479824,PubChem candidate
73.696915,30.576221,PubChem candidate
-101.880875,-52.367695,PubChem candidate
-46.927296,78.350624,PubChem candidate
33.995144,82.67817,PubChem candidate
-32.542828,-16.774729,PubChem candidate
-39.77756,-30.120102,PubChem candidate
-36.528915,103.89196,PubChem candidate
60.475708,85.25521,PubChem candidate
3.8272514,-12.979235,PubChem candidate
34.216957,109.12204,PubChem candidate
24.769293,-35.44599,PubChem candidate
46.08768,44.128506,PubChem candidate
21.736187,-59.5834,PubChem candidate
-10.499951,71.06089,PubChem candidate
54.479534,-19.811945,PubChem candidate
8.928359,47.39578,PubChem candidate
59.863743,98.195946,PubChem candidate
-28.348404,100.303024,PubChem candidate
10.133791,109.951744,PubChem candidate
42.854393,105.42051,PubChem candidate
88.76692,58.54153,PubChem candidate
54.00799,86.729256,PubChem candidate
57.096874,46.766853,PubChem candidate
40.765015,37.229782,PubChem candidate
91.214745,-28.16056,PubChem candidate
-7.095652,-102.72798,PubChem candidate
-35.42628,103.626945,PubChem candidate
47.876385,-38.578655,PubChem candidate
7.5880995,49.809895,PubChem candidate
7.671263,49.63241,PubChem candidate
28.56681,117.079,PubChem candidate
71.19909,19.777143,PubChem candidate
55.4874,-26.429771,PubChem candidate
52.98713,37.178497,PubChem candidate
30.676867,-29.864666,PubChem candidate
45.528343,-79.10266,PubChem candidate
-77.049255,49.455605,PubChem candidate
-19.795944,-23.311235,PubChem candidate
48.48245,78.83693,PubChem candidate
50.753902,82.72031,PubChem candidate
40.03127,103.78109,PubChem candidate
45.675877,89.834305,PubChem candidate
77.593346,55.35861,PubChem candidate
38.490414,49.574177,PubChem candidate
60.578102,86.64175,PubChem candidate
-46.806442,-27.118921,PubChem candidate
5.7944875,-64.323105,PubChem candidate
-122.614746,-9.34604,PubChem candidate
38.08963,-66.17456,PubChem candidate
-82.7281,52.191826,PubChem candidate
103.03228,3.1805727,PubChem candidate
-56.419685,68.25516,PubChem candidate
-56.83639,-46.246147,PubChem candidate
41.43424,84.237404,PubChem candidate
-66.43073,0.15858935,PubChem candidate
47.00857,-40.476368,PubChem candidate
-29.46102,-15.738518,PubChem candidate
2.078497,113.237656,PubChem candidate
-27.886084,25.084803,PubChem candidate
73.61974,4.2791066,PubChem candidate
70.89686,-42.974728,PubChem candidate
-21.09505,-25.139883,PubChem candidate
8.950464,47.362366,PubChem candidate
-82.7281,52.191826,PubChem candidate
98.4127,-36.252735,PubChem candidate
11.403269,67.49555,PubChem candidate
-93.162704,22.876053,PubChem candidate
6.777846,51.57678,PubChem candidate
-9.832372,-20.382456,PubChem candidate
-40.834522,-16.987728,PubChem candidate
-104.82626,28.958008,PubChem candidate
-17.11872,105.09251,PubChem candidate
60.161125,97.85549,PubChem candidate
43.452457,73.60288,PubChem candidate
32.687023,107.586044,PubChem candidate
7.1644964,50.715397,PubChem candidate
53.786873,94.44212,PubChem candidate
17.365152,-8.268527,PubChem candidate
-58.92444,34.87597,PubChem candidate
-87.04225,-19.483644,PubChem candidate
44.868156,-86.716675,PubChem candidate
-17.08151,59.32541,PubChem candidate
33.683174,43.812527,PubChem candidate
-26.490213,-7.1799016,PubChem candidate
-3.58471,47.160225,PubChem candidate
-17.883385,-11.960176,PubChem candidate
25.255472,36.427788,PubChem candidate
28.638384,114.16586,PubChem candidate
70.31565,16.366518,PubChem candidate
-13.157161,13.551706,PubChem candidate
99.272064,-33.72042,PubChem candidate
114.68939,-28.868324,PubChem candidate
-17.035637,56.560852,PubChem candidate
73.02365,18.427814,PubChem candidate
13.998762,64.629845,PubChem candidate
-39.050697,-28.95345,PubChem candidate
46.27005,-92.64618,PubChem candidate
-36.936386,107.18435,PubChem candidate
-23.318869,-6.5691137,PubChem candidate
45.266296,50.354202,PubChem candidate
38.975464,18.18207,PubChem candidate
52.602585,87.49978,PubChem candidate
57.605698,-83.63692,PubChem candidate
-96.873566,-41.249077,PubChem candidate
-17.720821,-99.9063,PubChem candidate
15.286964,-16.130102,PubChem candidate
20.187021,-6.830385,PubChem candidate
56.700687,26.335552,PubChem candidate
59.777447,94.13051,PubChem candidate
-29.158386,42.431866,PubChem candidate
99.76678,36.19171,PubChem candidate
-30.431063,-86.837,PubChem candidate
-28.54581,-7.4339905,PubChem candidate
-2.171247,110.399025,PubChem candidate
-82.7281,52.191826,PubChem candidate
-37.404118,39.733105,PubChem candidate
37.21779,47.676235,PubChem candidate
48.65413,-19.379192,PubChem candidate
-7.02672,22.741795,PubChem candidate
84.29957,42.8944,PubChem candidate
31.835363,24.351526,PubChem candidate
33.54958,-31.875618,PubChem candidate
60.182125,-71.82114,PubChem candidate
0.6921528,-110.09971,PubChem candidate
41.961323,-94.6161,PubChem candidate
-54.88122,66.60559,PubChem candidate
51.071056,-14.343496,PubChem candidate
-19.133512,40.884308,PubChem candidate
30.51932,-30.603046,PubChem candidate
-103.05645,26.083506,PubChem candidate
39.853546,91.977516,PubChem candidate
-29.418837,-7.435667,PubChem candidate
87.77067,24.61,PubChem candidate
39.14701,74.588615,PubChem candidate
46.035175,41.47721,PubChem candidate
116.55661,31.09063,PubChem candidate
-41.582653,-4.4177747,PubChem candidate
44.602375,51.21737,PubChem candidate
101.791306,3.773197,PubChem candidate
45.45111,89.28399,PubChem candidate
62.573353,5.269521,PubChem candidate
46.317978,50.817245,PubChem candidate
-36.98883,-29.046974,PubChem candidate
61.00869,-56.600224,PubChem candidate
93.66139,-30.291536,PubChem candidate
72.199684,5.6656795,PubChem candidate
116.20278,-26.442432,PubChem candidate
-45.242886,-16.929358,PubChem candidate
46.072372,-35.92572,PubChem candidate
40.626892,33.44949,PubChem candidate
42.271973,86.70844,PubChem candidate
6.8791842,-78.26767,PubChem candidate
43.365265,-93.323944,PubChem candidate
2.863475,-68.521034,PubChem candidate
-1.6662644,16.70824,PubChem candidate
-10.281697,40.35369,PubChem candidate
61.93867,5.7258883,PubChem candidate
-45.048855,83.349205,PubChem candidate
-27.398438,96.83859,PubChem candidate
44.168392,78.781105,PubChem candidate
6.776256,-2.6495492,PubChem candidate
48.918034,43.282154,PubChem candidate
-97.37142,-39.01475,PubChem candidate
-47.63607,-13.479392,PubChem candidate
25.798647,24.868511,PubChem candidate
-34.971905,-61.592056,PubChem candidate
24.378231,25.719913,PubChem candidate
21.01905,39.584923,PubChem candidate
69.439384,26.796333,PubChem candidate
47.856213,81.18847,PubChem candidate
-32.30121,99.070335,PubChem candidate
108.69981,23.966383,PubChem candidate
-5.120374,98.08947,PubChem candidate
67.72763,-10.580271,PubChem candidate
109.21779,25.402592,PubChem candidate
27.677391,37.413445,PubChem candidate
56.038586,-25.48008,PubChem candidate
-77.049255,49.455605,PubChem candidate
44.122337,-59.23712,PubChem candidate
-15.950702,-51.503223,PubChem candidate
-22.159056,92.170685,PubChem candidate
-45.517338,37.655773,PubChem candidate
70.51063,16.130243,PubChem candidate
51.891327,48.40872,PubChem candidate
3.606954,-57.74259,PubChem candidate
-135.51588,-8.397662,PubChem candidate
25.602512,25.25256,PubChem candidate
-27.200443,-30.949692,PubChem candidate
42.438007,29.43966,PubChem candidate
-15.098009,-5.320937,PubChem candidate
39.377113,27.48788,PubChem candidate
32.800156,95.968285,PubChem candidate
19.370089,70.52077,PubChem candidate
39.845474,27.233356,PubChem candidate
29.951605,42.08524,PubChem candidate
-22.456924,-48.375248,PubChem candidate
-60.41555,9.6776285,PubChem candidate
-52.36495,-19.17989,PubChem candidate
-77.049255,49.455605,PubChem candidate
35.487385,-31.629036,PubChem candidate
-30.062845,39.712955,PubChem candidate
110.61104,24.744442,PubChem candidate
46.013447,80.41385,PubChem candidate
62.42886,88.16085,PubChem candidate
67.68676,-12.776814,PubChem candidate
-47.679752,-8.298211,PubChem candidate
44.935406,53.743828,PubChem candidate
65.93663,-55.32762,PubChem candidate
9.571289,103.03984,PubChem candidate
41.78964,47.20702,PubChem candidate
-46.863605,68.8945,PubChem candidate
56.130848,-3.0966847,PubChem candidate
48.511993,38.63149,PubChem candidate
60.67659,85.42783,PubChem candidate
-19.85013,74.07896,PubChem candidate
32.021935,96.531815,PubChem candidate
-13.615385,-9.595061,PubChem candidate
29.957872,40.119766,PubChem candidate
-82.7281,52.191826,PubChem candidate
73.2934,31.44985,PubChem candidate
34.70931,-32.24052,PubChem candidate
43.997223,73.29256,PubChem candidate
-12.65618,-105.235054,PubChem candidate
28.589794,39.808933,PubChem candidate
1.2870265,8.316438,PubChem candidate
74.12531,-41.14828,PubChem candidate
50.601727,100.191734,PubChem candidate
58.049232,30.75541,PubChem candidate
-5.0574145,46.35945,PubChem candidate
22.698626,41.197178,PubChem candidate
-5.1284294,25.790754,PubChem candidate
50.580242,83.345856,PubChem candidate
74.86172,15.090196,PubChem candidate
-82.7281,52.191826,PubChem candidate
38.748474,74.820114,PubChem candidate
30.346666,109.61298,PubChem candidate
-101.78476,-53.117657,PubChem candidate
92.43235,32.673042,PubChem candidate
50.69315,100.14523,PubChem candidate
-47.5083,80.76661,PubChem candidate
8.41097,-13.218542,PubChem candidate
36.211227,76.94254,PubChem candidate
-0.3041939,7.9065037,PubChem candidate
46.470814,100.68715,PubChem candidate
24.886555,40.957897,PubChem candidate
-29.11443,-84.96287,PubChem candidate
44.56079,102.51075,PubChem candidate
31.114925,114.74227,PubChem candidate
44.87484,45.120792,PubChem candidate
-12.846007,-104.32287,PubChem candidate
-14.219927,58.681263,PubChem candidate
54.20886,92.87783,PubChem candidate
40.4685,-48.422226,PubChem candidate
32.958508,-30.961432,PubChem candidate
-105.6066,30.343748,PubChem candidate
-105.306175,29.18436,PubChem candidate
38.69233,13.211122,PubChem candidate
-67.05343,-59.78101,PubChem candidate
18.354488,74.7672,PubChem candidate
33.98087,82.7233,PubChem candidate
-12.932397,-29.579351,PubChem candidate
114.50744,-24.440132,PubChem candidate
62.273415,87.71702,PubChem candidate
38.365944,78.91654,PubChem candidate
60.205776,-83.37723,PubChem candidate
6.3107796,107.78064,PubChem candidate
11.344556,1.7924503,PubChem candidate
37.061577,28.606989,PubChem candidate
54.84748,87.332664,PubChem candidate
31.914034,79.119225,PubChem candidate
-28.003092,-13.726374,PubChem candidate
60.39195,26.275393,PubChem candidate
44.114193,88.551506,PubChem candidate
30.250626,96.03636,PubChem candidate
-50.122734,79.6887,PubChem candidate
48.263668,76.9561,PubChem candidate
3.1170216,110.3545,PubChem candidate
35.904316,44.04643,PubChem candidate
-14.291746,58.574436,PubChem candidate
44.496014,102.657,PubChem candidate
-64.51532,-47.47589,PubChem candidate
59.51241,-51.118134,PubChem candidate
19.275345,-8.5078125,PubChem candidate
28.021193,35.29625,PubChem candidate
10.303261,-0.52187765,PubChem candidate
40.002735,93.9577,PubChem candidate
43.0702,92.0556,PubChem candidate
23.217653,28.221346,PubChem candidate
69.003494,28.299011,PubChem candidate
6.3952928,-73.01741,PubChem candidate
-67.65055,-47.774902,PubChem candidate
18.171494,73.77274,PubChem candidate
108.38238,24.925928,PubChem candidate
-61.307312,-44.883194,PubChem candidate
37.127625,77.0903,PubChem candidate
35.49051,14.3741,PubChem candidate
-29.389069,-84.885826,PubChem candidate
-126.16955,-13.431385,PubChem candidate
108.37527,-0.06921296,PubChem candidate
46.723194,50.52329,PubChem candidate
63.059273,88.55753,PubChem candidate
37.72045,74.523346,PubChem candidate
-0.97608954,114.50925,PubChem candidate
-29.034025,108.29903,PubChem candidate
17.412693,73.17665,PubChem candidate
-46.642357,83.701805,PubChem candidate
111.0231,23.611183,PubChem candidate
-66.732025,-0.8524025,PubChem candidate
-10.534845,74.17589,PubChem candidate
-126.09699,-7.4857774,PubChem candidate
90.53582,-23.539738,PubChem candidate
68.69991,1.5252025,PubChem candidate
-101.06507,-34.278294,PubChem candidate
57.0165,97.72705,PubChem candidate
51.172596,-84.3439,PubChem candidate
2.3498914,22.250397,PubChem candidate
41.729095,51.76536,PubChem candidate
71.06629,38.602375,PubChem candidate
62.508106,-18.38095,PubChem candidate
-42.66123,60.018833,PubChem candidate
9.833093,46.021152,PubChem candidate
70.938896,25.498692,PubChem candidate
-0.04099451,-62.63041,PubChem candidate
104.308426,-34.755356,PubChem candidate
70.73545,-14.492297,PubChem candidate
16.00206,18.05645,PubChem candidate
-1.4779218,18.214691,PubChem candidate
-30.6523,-87.8368,PubChem candidate
13.600596,2.286347,PubChem candidate
43.11109,-58.958965,PubChem candidate
48.08734,90.04303,PubChem candidate
47.656704,101.19455,PubChem candidate
7.2553253,-111.94468,PubChem candidate
-61.453194,10.8186865,PubChem candidate
-0.85554874,19.821014,PubChem candidate
18.56999,-42.14895,PubChem candidate
-43.393852,-9.249003,PubChem candidate
60.218327,98.045815,PubChem candidate
24.06864,33.92947,PubChem candidate
-104.11492,17.056198,PubChem candidate
9.477751,46.602413,PubChem candidate
-77.049255,49.455605,PubChem candidate
-95.94764,-42.11437,PubChem candidate
-21.490614,-7.3898897,PubChem candidate
-40.209835,-14.869476,PubChem candidate
-53.978382,-81.13982,PubChem candidate
46.40243,86.44184,PubChem candidate
39.27161,28.272478,PubChem candidate
-23.448423,113.85118,PubChem candidate
20.43063,40.44751,PubChem candidate
65.77139,88.145325,PubChem candidate
14.700625,45.693672,PubChem candidate
-36.884308,105.61323,PubChem candidate
-96.106186,-29.12254,PubChem candidate
30.134125,43.97809,PubChem candidate
9.799009,109.906204,PubChem candidate
-50.04408,-78.31588,PubChem candidate
44.512962,44.768925,PubChem candidate
-50.633812,-74.00087,PubChem candidate
64.582085,8.6930485,PubChem candidate
-51.12374,38.820683,PubChem candidate
37.748646,37.78002,PubChem candidate
-26.921669,-84.45636,PubChem candidate
13.750623,68.258415,PubChem candidate
-49.789936,71.00273,PubChem candidate
-31.735716,-15.546982,PubChem candidate
22.801065,2.8084133,PubChem candidate
-15.845583,86.06641,PubChem candidate
-82.7281,52.191826,PubChem candidate
-33.244904,69.74503,PubChem candidate
21.640121,-5.4957504,PubChem candidate
-26.797033,-8.155645,PubChem candidate
19.900236,7.1591153,PubChem candidate
92.440865,-26.857222,PubChem candidate
43.746307,92.773605,PubChem candidate
20.500582,-65.79509,PubChem candidate
-82.7281,52.191826,PubChem candidate
38.171284,35.06347,PubChem candidate
54.285023,-19.83974,PubChem candidate
65.042274,87.81193,PubChem candidate
45.119698,79.875595,PubChem candidate
64.42162,-52.59266,PubChem candidate
111.479645,-2.9788997,PubChem candidate
26.26377,30.38808,PubChem candidate
-15.2890215,-103.91541,PubChem candidate
-82.7281,52.191826,PubChem candidate
51.696247,-9.061749,PubChem candidate
-0.18363616,11.621151,PubChem candidate
32.88673,97.21923,PubChem candidate
34.765167,80.75206,PubChem candidate
-16.270239,58.824577,PubChem candidate
-100.21177,-40.167076,PubChem candidate
-89.229774,27.313555,PubChem candidate
-14.212891,56.61124,PubChem candidate
-9.456213,-102.59518,PubChem candidate
-64.92797,-45.865917,PubChem candidate
39.72353,102.796074,PubChem candidate
13.463396,-10.717867,PubChem candidate
44.202908,103.72879,PubChem candidate
27.938704,116.3652,PubChem candidate
63.672928,89.058945,PubChem candidate
115.12331,-29.844343,PubChem candidate
87.388145,-26.106922,PubChem candidate
54.834557,50.90486,PubChem candidate
42.246773,54.154156,PubChem candidate
40.170494,76.91024,PubChem candidate
-19.14677,14.197427,PubChem candidate
111.53591,-11.80015,PubChem candidate
-36.311436,38.103436,PubChem candidate
40.55081,36.03013,PubChem candidate
2.0987184,-6.191201,PubChem candidate
-77.049255,49.455605,PubChem candidate
-52.349964,-81.937775,PubChem candidate
53.97468,-27.041903,PubChem candidate
73.308685,22.04422,PubChem candidate
13.99734,-16.546984,PubChem candidate
61.21809,4.636289,PubChem candidate
41.432545,74.540276,PubChem candidate
-42.329636,65.51524,PubChem candidate
-1.112246,6.9356036,PubChem candidate
96.42389,31.728806,PubChem candidate
-9.244996,70.123764,PubChem candidate
56.860268,94.84822,PubChem candidate
11.658229,-43.417965,PubChem candidate
68.17412,13.010174,PubChem candidate
43.405647,44.561558,PubChem candidate
67.56714,-77.98538,PubChem candidate
-35.383537,71.68028,PubChem candidate
36.207016,31.012285,PubChem candidate
-103.84562,-21.940687,PubChem candidate
-8.781515,-37.81413,PubChem candidate
98.133446,23.734848,PubChem candidate
25.57847,28.993587,PubChem candidate
10.147262,93.96799,PubChem candidate
57.272785,98.62745,PubChem candidate
-14.9164095,118.74465,PubChem candidate
20.035873,-64.72689,PubChem candidate
53.704617,-83.21338,PubChem candidate
63.887512,-69.73719,PubChem candidate
-18.24711,43.764355,PubChem candidate
93.4374,45.36638,PubChem candidate
-65.76085,17.027079,PubChem candidate
96.50859,20.031725,PubChem candidate
72.75079,51.366932,PubChem candidate
47.400337,103.20991,PubChem candidate
4.5500307,-76.7696,PubChem candidate
20.988518,72.78308,PubChem candidate
8.219785,-45.664562,PubChem candidate
52.945976,38.378654,PubChem candidate
-54.240467,-27.64248,PubChem candidate
-128.73177,-0.29606605,PubChem candidate
30.907509,108.234474,PubChem candidate
-43.57191,42.308975,PubChem candidate
73.46864,4.4710193,PubChem candidate
69.10301,-76.668724,PubChem candidate
-75.94499,-56.773544,PubChem candidate
-101.007965,-55.80702,PubChem candidate
-112.77329,-26.446808,PubChem candidate
-20.597185,-21.216106,PubChem candidate
75.31761,15.317915,PubChem candidate
69.94938,29.891275,PubChem candidate
48.437855,85.5921,PubChem candidate
-38.342876,-44.69385,PubChem candidate
-38.31114,23.430586,PubChem candidate
-28.468063,-7.219759,PubChem candidate
92.64667,28.233503,PubChem candidate
46.072178,100.38459,PubChem candidate
-1.4945432,14.773735,PubChem candidate
33.607933,8.539158,PubChem candidate
67.80475,-60.41126,PubChem candidate
10.628473,-45.789284,PubChem candidate
30.339487,109.75611,PubChem candidate
-11.179575,-106.68,PubChem candidate
52.870266,93.304436,PubChem candidate
75.34503,53.697834,PubChem candidate
6.3063107,6.816963,PubChem candidate
-2.8196995,114.157005,PubChem candidate
-102.20574,-26.495777,PubChem candidate
42.069855,-68.62302,PubChem candidate
68.405334,-45.291954,PubChem candidate
-0.15957478,3.927191,PubChem candidate
-17.343977,96.34091,PubChem candidate
-51.7505,-80.08109,PubChem candidate
16.33599,-16.680843,PubChem candidate
-121.29724,-7.19097,PubChem candidate
96.355194,-11.18329,PubChem candidate
54.27409,49.90948,PubChem candidate
-14.378285,-7.141415,PubChem candidate
59.81915,87.23817,PubChem candidate
48.8408,36.10508,PubChem candidate
32.714897,26.578918,PubChem candidate
55.024437,51.10815,PubChem candidate
-7.635875,-11.629769,PubChem candidate
51.891228,96.80931,PubChem candidate
-14.410983,41.620785,PubChem candidate
6.1996994,-54.505913,PubChem candidate
68.81345,-43.755135,PubChem candidate
70.585304,17.644474,PubChem candidate
-15.409306,-30.610888,PubChem candidate
26.249851,-35.13734,PubChem candidate
35.274605,40.454414,PubChem candidate
66.36434,-73.83478,PubChem candidate
71.52102,33.16881,PubChem candidate
56.940056,47.013275,PubChem candidate
-19.586283,91.87932,PubChem candidate
-35.80682,-73.6493,PubChem candidate
43.997177,47.171898,PubChem candidate
55.106342,100.72465,PubChem candidate
-42.121384,34.75581,PubChem candidate
106.54066,-0.2205016,PubChem candidate
14.193012,67.5675,PubChem candidate
63.315144,3.4810956,PubChem candidate
15.580586,-106.10429,PubChem candidate
45.751698,82.51081,PubChem candidate
52.076168,-7.784558,PubChem candidate
23.145618,27.829779,PubChem candidate
46.86399,99.77958,PubChem candidate
-106.679276,-10.006833,PubChem candidate
58.2838,-43.59821,PubChem candidate
53.4765,93.670364,PubChem candidate
19.96973,-11.708847,PubChem candidate
30.328741,110.69836,PubChem candidate
42.105423,91.82005,PubChem candidate
111.21252,24.38886,PubChem candidate
-1.0826951,81.95194,PubChem candidate
-14.267368,67.728455,PubChem candidate
51.186787,-9.775851,PubChem candidate
-39.863552,41.283775,PubChem candidate
16.716589,72.85212,PubChem candidate
28.687307,41.720493,PubChem candidate
-106.96523,-20.509008,PubChem candidate
47.917965,40.423992,PubChem candidate
109.7743,-31.686575,PubChem candidate
-9.683507,45.527325,PubChem candidate
-127.43326,-13.50807,PubChem candidate
111.004036,-4.7378235,PubChem candidate
-93.20167,-40.891075,PubChem candidate
5.6858115,-111.724754,PubChem candidate
53.29975,91.38926,PubChem candidate
46.526276,101.71485,PubChem candidate
-95.97306,-42.46249,PubChem candidate
-26.989542,-24.043156,PubChem candidate
43.05482,46.854973,PubChem candidate
54.061115,-26.747725,PubChem candidate
-68.503365,-63.755966,PubChem candidate
14.279236,70.64157,PubChem candidate
-93.52382,-35.40875,PubChem candidate
36.18381,105.76178,PubChem candidate
-90.87396,-0.52134013,PubChem candidate
60.826653,85.70266,PubChem candidate
19.73767,-5.747536,PubChem candidate
41.983986,51.936024,PubChem candidate
-36.96995,35.891262,PubChem candidate
91.21316,27.103525,PubChem candidate
-114.6375,-32.817307,PubChem candidate
115.09056,-7.7868695,PubChem candidate
37.47635,7.113281,PubChem candidate
-126.15285,-13.591072,PubChem candidate
-34.434143,-32.08284,PubChem candidate
-34.241314,67.210594,PubChem candidate
-37.3987,73.30408,PubChem candidate
-96.291435,-32.842308,PubChem candidate
57.69052,0.63885546,PubChem candidate
39.72981,73.84622,PubChem candidate
-29.480429,105.4158,PubChem candidate
59.43258,1.241621,PubChem candidate
25.04308,36.543575,PubChem candidate
-43.351738,61.352898,PubChem candidate
82.61313,45.86611,PubChem candidate
-92.205986,-40.425953,PubChem candidate
-41.482155,41.46171,PubChem candidate
-104.04409,26.943176,PubChem candidate
70.478485,30.697681,PubChem candidate
63.99651,88.915405,PubChem candidate
60.564163,98.16257,PubChem candidate
-17.359898,-40.633865,PubChem candidate
51.646267,-23.137121,PubChem candidate
31.408451,26.648699,PubChem candidate
45.91619,92.00732,PubChem candidate
60.606003,31.3932,PubChem candidate
-35.42622,103.62811,PubChem candidate
-37.4035,44.437115,PubChem candidate
46.66124,83.06384,PubChem candidate
93.472084,-43.346634,PubChem candidate
14.693003,-9.135461,PubChem candidate
114.35317,27.917412,PubChem candidate
-58.510143,9.521093,PubChem candidate
-40.804234,39.669735,PubChem candidate
58.15975,-6.686425,PubChem candidate
45.88587,100.92044,PubChem candidate
-31.768213,-16.317148,PubChem candidate
108.91114,24.917555,PubChem candidate
37.240307,76.82473,PubChem candidate
-45.72442,-13.055712,PubChem candidate
48.309017,83.44336,PubChem candidate
-69.33364,-5.4289985,PubChem candidate
41.398094,-91.45779,PubChem candidate
70.08285,32.456833,PubChem candidate
63.38307,-77.161125,PubChem candidate
38.84721,-58.350952,PubChem candidate
29.287928,28.019062,PubChem candidate
-17.337482,60.06442,PubChem candidate
88.1004,58.441177,PubChem candidate
-32.629166,108.16634,PubChem candidate
33.715,106.73301,PubChem candidate
22.473452,-33.690758,PubChem candidate
5.680993,-64.87856,PubChem candidate
29.724102,38.44236,PubChem candidate
-18.774221,69.91194,PubChem candidate
9.845887,110.85365,PubChem candidate
37.9778,81.32109,PubChem candidate
-50.298008,-12.078955,PubChem candidate
6.7266717,-49.461327,PubChem candidate
51.836147,-10.266676,PubChem candidate
9.819908,46.055893,PubChem candidate
-34.73206,99.24988,PubChem candidate
-124.151024,-1.805516,PubChem candidate
56.43982,49.761463,PubChem candidate
78.586655,-1.8860618,PubChem candidate
-29.913017,-11.410357,PubChem candidate
42.963097,91.917435,PubChem candidate
54.18056,23.514254,PubChem candidate
-50.06639,-82.33659,PubChem candidate
-13.7671,43.288784,PubChem candidate
-37.52617,-7.6232553,PubChem candidate
94.913025,-21.020256,PubChem candidate
108.07447,0.7242871,PubChem candidate
55.253582,48.50913,PubChem candidate
-100.96103,-55.93663,PubChem candidate
-38.488937,40.59239,PubChem candidate
56.860817,49.46358,PubChem candidate
2.2435153,22.57067,PubChem candidate
112.769714,-16.049015,PubChem candidate
12.046386,-8.236327,PubChem candidate
-36.27871,-74.04183,PubChem candidate
31.438812,26.65565,PubChem candidate
53.06746,-85.26237,PubChem candidate
25.55928,42.67535,PubChem candidate
95.73336,25.234861,PubChem candidate
-1.0369744,9.986655,PubChem candidate
64.180595,24.29074,PubChem candidate
-61.597496,6.7948637,PubChem candidate
31.3791,-42.84557,PubChem candidate
55.030396,-2.483463,PubChem candidate
-5.569008,94.22543,PubChem candidate
92.99855,34.64939,PubChem candidate
91.16302,28.81218,PubChem candidate
93.67396,-12.3141575,PubChem candidate
58.58687,100.87833,PubChem candidate
50.370216,-40.923935,PubChem candidate
102.72838,3.4283369,PubChem candidate
-57.39616,37.58586,PubChem candidate
70.58713,16.45097,PubChem candidate
48.274117,89.61226,PubChem candidate
-12.721588,-23.856195,PubChem candidate
71.035126,19.825232,PubChem candidate
-18.158657,111.91014,PubChem candidate
20.541939,40.878567,PubChem candidate
-24.50467,69.42574,PubChem candidate
68.134926,-45.76729,PubChem candidate
-2.5292823,17.462929,PubChem candidate
-57.160793,34.294662,PubChem candidate
10.220539,14.418745,PubChem candidate
48.35253,42.979702,PubChem candidate
46.723667,42.755486,PubChem candidate
51.730064,88.8843,PubChem candidate
-15.625384,-0.063019276,PubChem candidate
101.5326,1.8412714,PubChem candidate
-107.597595,-7.4424033,PubChem candidate
40.533043,77.180954,PubChem candidate
53.940353,95.70019,PubChem candidate
2.515877,-7.58254,PubChem candidate
-75.74007,52.51645,PubChem candidate
38.351646,49.781532,PubChem candidate
-70.78213,-47.456924,PubChem candidate
-18.812696,-76.292206,PubChem candidate
38.506714,81.16942,PubChem candidate
-82.7281,52.191826,PubChem candidate
58.87135,91.0781,PubChem candidate
28.768322,36.039352,PubChem candidate
-1.9821537,96.67318,PubChem candidate
54.746273,-19.114162,PubChem candidate
6.260164,-49.98997,PubChem candidate
60.67622,86.570076,PubChem candidate
63.324795,88.47283,PubChem candidate
11.460811,69.87764,PubChem candidate
-39.919647,-30.145905,PubChem candidate
99.5042,-5.5135555,PubChem candidate
35.956455,27.59886,PubChem candidate
8.993963,-71.39136,PubChem candidate
35.4381,74.85966,PubChem candidate
91.35235,27.345932,PubChem candidate
-35.201332,105.75605,PubChem candidate
84.01119,49.679237,PubChem candidate
-20.031939,91.6599,PubChem candidate
-55.411015,-21.199137,PubChem candidate
39.52485,93.89204,PubChem candidate
-13.533914,80.97858,PubChem candidate
114.915054,-29.828346,PubChem candidate
60.302467,86.67116,PubChem candidate
-63.493515,-56.85402,PubChem candidate
-107.5875,-20.580757,PubChem candidate
53.25028,92.67693,PubChem candidate
57.35418,99.00112,PubChem candidate
-129.35721,0.27149934,PubChem candidate
115.17224,-4.733903,PubChem candidate
-82.7281,52.191826,PubChem candidate
107.27431,-33.667168,PubChem candidate
-74.83278,-12.749401,PubChem candidate
-64.95414,-45.41613,PubChem candidate
60.676086,99.50855,PubChem candidate
-13.358469,-8.100079,PubChem candidate
-2.6007042,1.891438,PubChem candidate
-16.724964,-109.539345,PubChem candidate
-46.780552,-13.524697,PubChem candidate
-13.720582,22.464344,PubChem candidate
43.60414,94.09559,PubChem candidate
49.008186,99.256714,PubChem candidate
-101.77097,-51.667168,PubChem candidate
-0.935276,82.455376,PubChem candidate
-18.571749,56.403053,PubChem candidate
20.103687,40.070824,PubChem candidate
7.1939073,-111.47587,PubChem candidate
18.277714,-8.9146,PubChem candidate
16.507292,-6.1550817,PubChem candidate
-39.901733,-44.326714,PubChem candidate
44.34553,88.98022,PubChem candidate
6.8171062,109.58015,PubChem candidate
42.270004,-47.87972,PubChem candidate
-17.365881,-40.63713,PubChem candidate
85.02729,57.500736,PubChem candidate
-31.813065,38.716606,PubChem candidate
59.9706,-83.15273,PubChem candidate
36.70673,35.833042,PubChem candidate
51.46739,96.84411,PubChem candidate
-93.804855,-40.050144,PubChem candidate
-96.25445,-41.792934,PubChem candidate
22.768969,-58.121452,PubChem candidate
43.94882,89.807945,PubChem candidate
40.714893,88.43599,PubChem candidate
62.05214,13.730664,PubChem candidate
-115.49496,-33.148014,PubChem candidate
-110.77929,-2.0266132,PubChem candidate
45.38861,28.683674,PubChem candidate
-29.620396,41.901714,PubChem candidate
-60.237633,34.900787,PubChem candidate
95.067215,-38.49121,PubChem candidate
70.48486,2.7340946,PubChem candidate
-2.14043,107.298386,PubChem candidate
-114.01197,-31.708033,PubChem candidate
-94.29311,-19.809843,PubChem candidate
-20.352005,-11.705946,PubChem candidate
-45.485138,-16.664108,PubChem candidate
108.53738,-39.82805,PubChem candidate
105.54475,-6.4107385,PubChem candidate
54.291893,50.7999,PubChem candidate
-1.1902589,25.908962,PubChem candidate
9.021554,18.050716,PubChem candidate
39.95945,73.89053,PubChem candidate
15.202033,-104.18861,PubChem candidate
-88.83035,-2.2832084,PubChem candidate
46.45804,101.48841,PubChem candidate
-7.5505805,46.51673,PubChem candidate
41.397427,45.52557,PubChem candidate
69.41516,-10.199843,PubChem candidate
54.624958,-21.446785,PubChem candidate
31.574171,78.07586,PubChem candidate
-21.265322,-6.949358,PubChem candidate
-55.2862,34.934204,PubChem candidate
74.51323,52.76105,PubChem candidate
-53.694717,40.4236,PubChem candidate
110.575264,24.793673,PubChem candidate
-13.81328,-35.285458,PubChem candidate
17.767706,-14.597245,PubChem candidate
47.553253,81.62636,PubChem candidate
70.67604,32.38422,PubChem candidate
58.23926,-1.1184126,PubChem candidate
94.86116,21.418177,PubChem candidate
57.88359,48.049873,PubChem candidate
73.24793,47.728798,PubChem candidate
105.28164,37.124317,PubChem candidate
37.327732,-76.399666,PubChem candidate
41.525875,-94.71504,PubChem candidate
-31.828285,24.33091,PubChem candidate
-18.139374,55.485493,PubChem candidate
18.679892,-0.4063184,PubChem candidate
74.91735,47.158394,PubChem candidate
-31.428587,26.972322,PubChem candidate
-22.920904,71.50119,PubChem candidate
84.07558,55.340153,PubChem candidate
-1.440383,112.52482,PubChem candidate
-92.859634,24.735111,PubChem candidate
-93.44268,-39.22117,PubChem candidate
-15.445085,15.504267,PubChem candidate
54.60604,28.657873,PubChem candidate
-28.365509,-10.727578,PubChem candidate
41.779224,84.42561,PubChem candidate
20.067822,-30.275991,PubChem candidate
-55.93559,-54.85011,PubChem candidate
-37.375023,-75.277084,PubChem candidate
102.305885,3.649,PubChem candidate
60.832413,86.65399,PubChem candidate
-135.70605,-7.4119563,PubChem candidate
12.317721,-10.397782,PubChem candidate
94.89025,-44.11119,PubChem candidate
-9.558879,45.264046,PubChem candidate
30.33612,98.431885,PubChem candidate
-10.025984,45.360203,PubChem candidate
93.78161,25.971146,PubChem candidate
73.34745,31.83974,PubChem candidate
8.633037,-15.681537,PubChem candidate
33.718937,42.103207,PubChem candidate
-1.3818046,80.7331,PubChem candidate
