record_index,lig_SMI,Sol_SMI,c_lig,c_HNO3,c_Metal_mM,D,logD
0,CCCCC(CC)CN(CC(CC)CCCC)C(=O)CC,CCCCCCCCCCCC,1.0,3.0,0.1,10.6,1.02530586526477
1,CCCCC(CC)CN(CC(CC)CCCC)C(=O)C(C)C,CCCCCCCCCCCC,0.349463,2.0,0.01,0.266532839582669,-0.5742492738010503
2,CCCCC(CC)CN(CC(CC)CCCC)C(=O)C(C)C,CCCCCCCCCCCC,1.0,0.01,200.0,7.88,0.8965262174895553
3,CCCCC(CC)CN(CC(CC)CCCC)C(=O)C(C)C,CCCCCCCCCCCC,1.0,6.0,0.01,4.01,0.6031443726201823
4,CCCCCCN(CCCCCC)C(=O)C(C)C,CCCCCCCCCCCC,0.5,,,0.328369352644982,-0.4836373832160348
5,CCCCC(CC)CN(CC(CC)CCCC)C(=O)C(C)C,CCCC(C)CC(C)C ,0.185537,5.0,,0.147872652135875,-0.8301121378671653
6,CCCCCCN(CCCCCC)C(=O)CCCCC,CCCCCCCCCCCC,1.0,1.00089,,1.36627206910794,0.135537190082656
7,CCCCCCCC(=O)N(CCCCCC)CCCCCC,CC1=CC(=CC(=C1)C)C,1.0,3.0,479.339,1.3775565995406,0.139109451707618
8,CCCCCCCC(=O)N(CCCCCC)CCCCCC,CCCCCCCCCCCC,1.0,4.0,0.1,12.426323074155,1.094342640722355
9,CCCCCCCC(=O)N(CCCCCC)CCCCCC,CCCCCCCCCCCC,1.0,6.0,0.1,14.0262381073185,1.146941207143456
10,CCCCC(CC)CN(CC(CC)CCCC)C(=O)CCC,CCCCCCCCCCCC,1.0,0.49359,0.00084,0.38589234670299,-0.4135338345864666
11,CCCCCC(=O)N(CC(CC)CCCC)CC(CC)CCCC,CC1=CC=CC=C1,0.5,3.5,50.0,2.7,0.4313637641589874
12,CCCCCCCC(=O)N(CCCCCC)CCCCCC,CCCCCCCCCCCC,1.0,6.0,0.1,14.0262381073185,1.146941207143456
13,CCCCCCCCCCCC(=O)N(CCCCCCCC)CCCCCCCC,CC1=CC=CC=C1,,1.0,,0.1926281425976,-0.7152802629955829
14,CCCCCCN(CCCCCC)C(=O)CCC,CCCCCCCCCCCC,0.5,2.0,,0.92,-0.03621217265444471
15,CCCCC(CC)CN(CC(CC)CCCC)C(=O)C(C)C,CCCCCCCCCCCC,1.1,4.0,,4.19941123497941,0.6231884057971003
16,CCCCCCCC(=O)N(CCCCCC)CCCCCC,CCCCCCCCCCCC,0.341244,3.5,,1.74760997604953,0.2424445151694238
17,CCCCC(CC)CN(CC(CC)CCCC)C(=O)C(C)C,CCCCCCCCCCCC,1.0,2.0,497.489,0.485805994237411,-0.3135371308479524
18,CCCCC(CC)CN(CC(CC)CCCC)C(=O)C(C)C,CCCCCCCCCCCC,1.0,6.0,0.01,4.01,0.6031443726201823
19,CCCCC(CC)CN(CC(CC)CCCC)C(=O)CC,CCCCCCCCCCCC,1.0,6.0,0.01,11.9200026552095,1.076276352144377
20,CCCCC(CC)CN(CC(CC)CCCC)C(=O)CCC,CCCC(C)CC(C)C ,1.0,4.57138,,12.4050871412358,1.093599819380088
21,CCCCCCN(CCCCCC)C(=O)CCC,CCCCCCCCCCCC,0.5,,,1.05230848115232,0.02214307063863684
22,CCCCCCCC(=O)N(CCCCCC)CCCCCC,CC1=CC(=CC(=C1)C)C,1.0,3.0,84.4617,6.5737308622079,0.8178119194823461
23,CCCCCCCC(=O)N(CCCCCC)CCCCCC,CCCCCCCCCCCC,1.0,4.0,0.1,12.426323074155,1.094342640722355
24,CCCCC(CC)CN(CC(CC)CCCC)C(=O)CCC,CCCCCCCCCCCC,0.3,6.5,0.03,0.382785547877612,-0.4170444674351315
25,CCCCC(CC)CN(CC(CC)CCCC)C(=O)CCC,CCCCCCCCCCCC,0.598469,2.0,,0.279583558296635,-0.5534883720930238
26,CCCCCCCCCCCC(=O)N(CC)CC,CC1=CC=CC=C1,0.25,,,1.9788453580449,0.2964118564742571
27,CCCCCCCC(=O)N(CCCCCC)CCCCCC,CCCCCCCCCCCC,0.343446,8.5,,2.22357701213642,0.3470521755509489
28,CCCCC(CC)CN(CC(CC)CCCC)C(=O)CCC,CCCC(C)CC(C)C ,1.42168,1.015,50.0,4.30052863121147,0.6335218433719506
29,CCCCC(CC)CN(CC(CC)CCCC)C(=O)CC(C)(C)C,CCCCCCCCCC(C)C,0.5,4.04427,,3.44247008535821,0.5368701749797076
30,CCCCC(CC)CN(CC(CC)CCCC)C(=O)CC,CCCCCCCCCCCC,0.590499,2.0,0.01,3.45774612623407,0.5387931034482746
31,CCCCC(CC)CN(CC(CC)CCCC)C(=O)CCC,CCCCCCCCCCCC,1.0,0.596994,0.00084,0.517947467923121,-0.2857142857142859
32,CCCCC(CC)CN(CC(CC)CCCC)C(=O)C(C)C,CCCCCCCCCCCC,1.0,3.0,0.01,2.01,0.3031960574204888
33,CCCCC(CN(C(CCC)=O)CC(CCCC)CC)CC,CCCCCCCCCCCC,,4.0,,6.4159651080231,0.8072619934565568
34,CCCCCCCCN(CCCCCCCC)C(=O)CCC,CCCCCCCCCCCC,,5.0,,3.3727621178026,0.5279857113140554
35,CCCCC(CC)CN(CC(CC)CCCC)C(=O)C(C)C,CCCC(C)CC(C)C ,0.245631,10.2,,0.161884988702696,-0.7907934207082596
36,CCCCC(CC)CN(CC(CC)CCCC)C(=O)C(C)C,CCCC(C)CC(C)C ,1.0,0.133628,,0.0046293383622297,-2.334481075108565
37,CCCCC(CC)CN(CC(CC)CCCC)C(=O)C(C)C,CCCCCCCCCCCC,0.769377,2.0,,0.490762499044253,-0.3091286307053941
38,CCCCC(CC)CN(CC(CC)CCCC)C(=O)CC,CCCCCCCCCCCC,1.0,0.1,0.01,0.172645847687107,-0.7628438624246476
39,CCCCCCCC(=O)N(CCCCCC)CCCCCC,CCCCCCCCCCCC,1.0,3.0,0.043154,7.75884132154498,0.889796870068615
40,CCCCCCCCN(CCCCCCCC)C(=O)COCC(=O)N(CCCCCCCC)CCCCCCCC,CCCCCCCCCCCC,0.0487,3.0,,1.7722,0.2485127322208998
41,CCCCCCCCCCCC(=O)N(CC)CC,CC1=CC=CC=C1,,1.0,,0.0987951748021158,-1.005264266019541
42,CCCCC(CC)CN(CC(CC)CCCC)C(=O)C(C)C,CCCCCCCCCCCC,,5.0,,3.50795759119509,0.5450543344028723
43,CCCCC(CC)CN(CC(CC)CCCC)C(=O)C(C)C,CCCCCCCCCCCC,1.0,6.0,0.01,4.01,0.6031443726201823
44,CCCCC(CC)CN(CC(CC)CCCC)C(=O)C(C)C,CCCC(C)CC(C)C ,1.15258,10.2,,2.28916276155477,0.3596766725050837
45,CCCCC(CC)CN(CC(CC)CCCC)C(=O)C(C)C,CCCCCCCCCCCC,1.0,1.0,,0.200825274565268,-0.6971816306033263
46,CCCCCCCC(=O)N(CCCCCC)CCCCCC,CCCCCCCCCCCC,1.0,3.0,0.590906,1.94128303738531,0.2880888597640699
47,CCCCC(CC)CN(CC(CC)CCCC)C(=O)C(C)C,CCCCCCCCCCCC,1.5,6.0,100.0,8.01989150090415,0.9041684928630465
48,CCCCC(CC)CN(CC(CC)CCCC)C(=O)C(C)C,CCCCCCCCCCCC,1.0,2.0,0.01,1.19,0.07554696139253074
49,CCCCCC(CC)C(=O)N(CC(C)C)CC(C)C,CCCCCCCCCCCC,0.5,0.50931,,0.0190725483627363,-1.719591275179851
50,CCCCC(CC)CN(CC(CC)CCCC)C(=O)CC,CCCCCCCCCCCC,1.0,2.0,0.01,3.58670747143931,0.5546959574620433
51,CCCCC(CC)CN(CC(CC)CCCC)C(=O)CCC,CCCC(C)CC(C)C ,1.0299,1.015,50.0,2.05113036928492,0.3119932648840557
52,CCCCCCN(CCCCCC)C(=O)CCCCC,CCCCCCCCCCCC,0.5,2.00555,,1.40797371036195,0.148594545749752
53,CCCCCCCC(=O)N(CCCCCC)CCCCCC,CCCCCCCCCCCC,0.200602,3.0,0.01,0.332591155325725,-0.4780893042575287
54,CCCCC(CC)CN(CC(CC)CCCC)C(=O)C(C)C,CCCCCCCCCCCC,1.0,0.1,0.01,0.0023175642399841,-2.634968218916374
55,CCCCC(CC)CN(CC(CC)CCCC)C(=O)CCC,CCCC(C)CC(C)C ,1.66179,5.2,,32.0326479834317,1.50559284116331
56,CCCCC(CC)CN(CC(CC)CCCC)C(=O)COCC(=O)N(CC(CC)CCCC)CC(CC)CCCC,CCCCCCCCCCCC,0.2,0.101,4.2,0.006,-2.221848749616356
57,CCCCC(CC)CN(CC(CC)CCCC)C(=O)CCC,CCCC(C)CC(C)C ,0.0489404,0.01,50.0,0.336923970139432,-0.4724680904466963
58,CCCCCCCC(=O)N(CCCCCC)CCCCCC,CCCCCCCCCCCC,1.0,3.0,673.16,1.65283225992009,0.2182287808022119
59,CCCCC(CC)CN(CC(CC)CCCC)C(=O)C(C)C,CCCC(C)CC(C)C ,1.46581,1.0,,0.716269407956392,-0.1449235972700369
60,CCCCC(CC)CN(CC(CC)CCCC)C(=O)CC(C)(C)C,CCCCCCCCCC(C)C,0.5,0.609392,,0.0249197168043208,-1.603456897447042
61,CCCCC(CC)CN(CC(CC)CCCC)C(=O)CC(C)(C)C,CCCCCCCCCC(C)C,0.244828,4.9,,1.6546778383623,0.2187134502923974
62,CCCCC(CC)CN(CC(CC)CCCC)C(=O)C(C)C,CCCCCCCCCCCC,0.4643,2.0,0.01,0.583347475021174,-0.2340726776061404
63,CCCCC(CC)CN(CC(CC)CCCC)C(C)=O,CCCCCCCCCCCC,0.101814,2.0,0.01,0.562341325190346,-0.2500000000000024
64,CCCCCCCCCCCC(=O)N(CC(CC)CCCC)CC(CC)CCCC,CCCCCCCCCC(C)C,0.5,7.12897,,4.99818114682337,0.6988119920145542
65,CCCCCCCC(=O)N(CCCCCC)CCCCCC,CCCCCCCCCCCC,1.0,3.0,79.1731,3.17261321033592,0.5014171282441111
66,CCCCCCCC(=O)N(CCCCCC)CCCCCC,CCCCCCCCCCCC,0.59954,3.0,0.01,2.74817669326021,0.4390446521287634
67,CCCCC(CC)CN(CC(CC)CCCC)C(=O)C(C)C,CCCCCCCCCCCC,1.5,3.0,250.0,3.31826401446655,0.5209109372834104
68,CCCCCCCC(=O)N(CCCCCC)CCCCCC,CCCCCCCCCCCC,1.0,3.0,80.8129,8.63999042800489,0.9365132613368841
69,CCCCC(CC)CN(CC(CC)CCCC)C(=O)C(C)C,CCCC(C)CC(C)C ,1.65721,10.2,,4.27208228042254,0.6306396086247502
70,CCCCCCCC(=O)N(CCCCCC)CCCCCC,CCCCCCCCCCCC,1.0,3.0,0.403411,3.35017676798893,0.5250677226597745
71,CCCCC(CC)CN(CC(CC)CCCC)C(=O)C(C)C,CCCCCCCCCCCC,1.5,3.0,1000.0,1.0,0.0
72,CCCCC(CC)CN(CC(CC)CCCC)C(=O)CCC,CCCC(C)CC(C)C ,0.468522,1.015,50.0,0.254796453250924,-0.5938066216438812
73,CCCCCCN(CCCCCC)C(=O)C(CC)CCCC,CCCCCCCCCCCC,1.0,0.19741,0.00084,0.0165213340635737,-1.781954887218045
74,CCCCC(CC)CN(CC(CC)CCCC)C(=O)CCC,CCCC(C)CC(C)C ,1.0,0.8179,,1.31023497372415,0.1173491877479526
75,CCCCC(CC)CN(CC(CC)CCCC)C(=O)C(C)(C)C,CCCCCCCCCCCC,1.0,6.0,0.01,5.29416746590001,0.7237976748508552
76,CCCCC(CC)CN(CC(CC)CCCC)C(=O)CCC,CCCC(C)CC(C)C ,0.0922683,0.01,50.0,1.1614098205414,0.0649854939798157
77,CCCCCCCCN(CCCCCCCC)C(=O)CCC,CCCCCCCCCCCC,0.2,2.0,,0.170953039094711,-0.767123174186889
78,CCCCC(CC)CN(CC(CC)CCCC)C(=O)CCC,CCCC(C)CC(C)C ,1.0,0.218698,,0.0847498771487215,-1.071860922666721
79,CCCCCCCCCCCC(=O)N(CC)CC,CC1=CC=CC=C1,0.679918,2.0,,8.60558879146794,0.9347805899613781
80,CCCCC(CC)CN(CC(CC)CCCC)C(=O)CC,CCCCCCCCCCCC,0.237058,2.0,0.01,0.479771540738137,-0.3189655172413801
81,CCCCC(CC)CN(CC(CC)CCCC)C(=O)C(C)C,CCCC(C)CC(C)C ,0.00693135,0.01,50.0,0.0636756078235798,-1.196026900731575
82,CCCCC(CC)CN(CC(CC)CCCC)C(=O)C(C)C,CCCCCCCCCCCC,1.5,5.0,1000.0,1.10307414104879,0.04260470370605519
83,CCCCCCCCCC(=O)N(CCCCCC)CCCCCC,CCCCCCCCCCCC,1.1,6.0,0.01,14.8174901730498,1.170774647887323
84,CCCCC(CC)CN(CC(CC)CCCC)C(=O)C(C)C,CCCCCCCCCCCC,1.0,0.01,200.0,3.25,0.5118833609788743
85,CCCCCCN(CCCCCC)C(=O)C(CC)CCCC,CC1=CC=CC=C1,0.5,0.5,50.0,0.763356113197728,-0.1172728120892211
86,CCCCC(CC)CN(CC(CC)CCCC)C(=O)C(C)C,CCCCCCCCCCCC,1.1,4.0,214.592,2.284,0.3586960995738104
87,CCCCCCCC(=O)N(CCCCCC)CCCCCC,CC1=CC=CC=C1,0.5,3.5,50.0,2.92,0.4653828514484183
88,CCCCCCN(CCCCCC)C(=O)CCCCC,CCCCCCCCCCCC,1.0,3.5,321.888,4.18,0.6211762817750351
89,CCCCCCCC(=O)N(CCCCCC)CCCCCC,CCCCCCCCCCCC,1.0,3.0,929.396,0.985818382217868,-0.00620308796527328
90,CCCCCCCC(=O)N(CCCCCC)CCCCCC,CCCCCCCCCCCC,1.0,3.0,564.586,1.30802992935668,0.1166176813015091
91,CCCCC(CC)CN(CC(CC)CCCC)C(=O)C(C)C,CCCC(C)CC(C)C ,1.66877,1.015,50.0,1.15858711860569,0.06392869562034259
92,CCCCC(CC)CN(CC(CC)CCCC)C(=O)C(C)(C)C,CCCCCCCCCCCC,1.5,3.0,1000.0,0.851851851851851,-0.06963592814139488
93,CCCCC(CC)CN(CC(CC)CCCC)C(=O)CC(C)(C)C,CCCCCCCCCC(C)C,1.00701,4.9,,13.3756775152633,1.126315789473682
94,CCCCC(CC)CN(CC(CC)CCCC)C(=O)C(C)C,CCCCCCCCCCCC,1.0,7.07509,0.00084,33.2936461574345,1.522361359570662
95,CCCCCCCC(=O)N(CCCCCC)CCCCCC,CCCCCCCCCCCC,1.0,3.0,403.411,3.35017676798892,0.5250677226597732
96,CCCCCCCC(=O)N(CCCCCC)CCCCCC,CCCCCCCCCCCC,1.0,3.0,0.1,9.84284246433926,0.9931205342354806
97,CCCCCCCC(=O)N(CCCCCC)CCCCCC,CCCCCCCCCCCC,1.0,3.0,419.149,3.1,0.4913616938342727
98,CCCCCCCC(=O)N(CCCCCC)CCCCCC,CCCCCCCCCCCC,1.1,3.0,0.01,10.6,1.02530586526477
99,CCCCC(CC)CN(CC(CC)CCCC)C(=O)C(C)C,CCCCCCCCCCCC,1.0,0.01,0.01,0.0019699296039865,-2.705549293202082
100,CCCCC(CC)CN(CC(CC)CCCC)C(=O)C(C)C,CCCCCCCCCCCC,0.387295,2.0,,0.101443462996191,-0.9937759336099588
101,CCCCCCCC(=O)N(CCCCCC)CCCCCC,CCCCCCCCCCCC,1.0,3.0,20.7144,4.02992044275336,0.6052964725395565
102,CCCCCCCC(=O)N(CCCCCC)CCCCCC,CCCCCCCCCCCC,1.0,3.0,238.768,4.85461815217696,0.686155075454263
103,CCCCCCCC(=O)N(CCCCCC)CCCCCC,CCCCCCCCCCCC,1.1,2.0,858.369,3.75158264285203,0.5742145178764892
104,CCCCC(CC)CN(CC(CC)CCCC)C(=O)C(C)C,CCCCCCCCCCCC,1.5,5.0,500.0,2.58589511754068,0.4126109061603624
105,CCCCCCN(CCCCCC)C(=O)C(C)C,CCCCCCCCCCCC,,6.0,,1.89452689878862,0.2775007758356284
106,CCCCCCCCN(CCCCCCCC)C(=O)CCC,CCCCCCCCCCCC,,1.0,,0.232026262402545,-0.6344628557513522
107,CCCCCCCC(=O)N(CCCCCC)CCCCCC,CCCCCCCCCCCC,0.5,1.97312,,1.92417073404833,0.284243604897899
108,CCCCC(CC)CN(CC(CC)CCCC)C(=O)C(C)C,CCCCCCCCCCCC,1.5,3.0,100.0,4.2133815551537,0.62463078972132
109,CCCCCCCC(=O)N(CCCCCC)CCCCCC,CCCCCCCCCCCC,1.0,3.0,222.53,0.696879372534326,-0.1568423903044668
110,CCCCCCCC(=O)N(CCCCCC)CCCCCC,CCCCCCCCCCCC,0.107493,3.5,,0.202178464523202,-0.6942651060983038
111,CCCCC(CC)CN(CC(CC)CCCC)C(=O)C(C)C,CCCCCCCCCCCC,1.0,6.0,0.01,4.08,0.6106601630898799
112,CCCCC(CC)CN(CC(CC)CCCC)C(=O)C(C)(C)C,CCCCCCCCCCCC,1.0,3.0,0.01,1.20171123680119,0.07980012213427638
113,CCCCCCCCN(CCCCCCCC)C(=O)COCC(=O)N(CCCCCCCC)CCCCCCCC,CCCCCCCCCCCC,0.2,0.983871,1.0,0.636363636363635,-0.1962946451439691
114,CCCCC(CC)CN(CC(CC)CCCC)C(=O)CCC,CCCC(C)CC(C)C ,1.0,0.0313325,,0.0029164850246413,-2.535140249212473
115,CCCCCCN(CCCCCC)C(=O)CCCCC,CCCCCCCCCCCC,1.0,3.5,515.021,2.25,0.3521825181113625
116,CCCCCCCCN(CCCCCCCC)C(=O)COCC(=O)N(CCCCCCCC)CCCCCCCC,CCCCCCCCCCCC,0.505946,0.01,1.0,6.339,0.8020207517719758
117,CCCCCCCC(=O)N(CCCCCC)CCCCCC,CCCCCCCCCCCC,0.399491,3.0,0.01,1.36979722623073,0.1366562824506729
118,CCCCOP(=O)(OCCCC)OCCCC,CCCCCCCCCCCC,1.1,1.989,,12.2335,1.087550726310677
119,CCCCC(CC)CN(CC(CC)CCCC)C(=O)C(C)C,CCCC(C)CC(C)C ,1.0,0.133628,,0.0046293383622297,-2.334481075108565
120,CCCCC(CC)CN(CC(CC)CCCC)C(=O)C(C)C,CCCC(C)CC(C)C ,0.00693135,0.01,50.0,0.0636756078235798,-1.196026900731575
121,CCCCCCCCN(CCCCCCCC)C(=O)CCC,CCCCCCCCCCCC,,6.0,,3.62016605983737,0.5587284924162972
122,CCCCCCCC(=O)N(CCCCCC)CCCCCC,CCCCCCCCCCCC,1.1,2.0,0.01,6.52,0.8142475957319202
123,CCCCC(CC)CN(CC(CC)CCCC)C(=O)C(C)C,CCCCCCCCCCCC,0.582356,2.0,0.01,1.00042532207438,0.000184675759379702
124,CCCCCCCCCC(=O)N(CCCCCC)CCCCCC,CCCCCCCCCCCC,1.1,2.0,0.01,10.4,1.01703333929878
125,CCCCC(CC)CN(CC(CC)CCCC)C(=O)C(C)C,CCCC(C)CC(C)C ,1.15258,10.2,,2.28916276155477,0.3596766725050837
126,CCCCCCCC(=O)N(CCCCCC)CCCCCC,CCCCCCCCCCCC,1.1,4.0,0.009,14.1447697705002,1.150595882990248
127,CCCCC(CC)CN(CC(CC)CCCC)C(=O)CCC,CCCCCCCCCCCC,1.0,0.1,0.013,0.559092653216292,-0.2525162145712102
128,CCCCCCCCN(CCCCCCCC)C(=O)C(C)C,CCCCCCCCCCCC,,1.0,,0.401061346435334,-0.3967891925154016
129,CCCCC(CC)CN(CC(CC)CCCC)C(=O)C(C)C,CCCC(C)CC(C)C ,1.0,1.44615,,0.651796590980974,-0.1858879153069338
130,CCCCC(CC)CN(CC(CC)CCCC)C(=O)CCC,CCCCCCCCCCCC,1.0,0.0824261,,0.077120199008636,-1.112831858407081
131,CCCCC(CC)CN(CC(CC)CCCC)C(=O)C(C)C,CCCC(C)CC(C)C ,0.202348,1.0,,0.0062541571637733,-2.203831209357573
132,CCCCC(CC)CN(CC(CC)CCCC)C(=O)C(C)C,CCCCCCCCCCCC,0.098867,2.0,,0.0106916723984942,-1.97095435684647
133,CCCCCCCCCCCC(=O)N(CC(CC)CCCC)CC(CC)CCCC,CCCCCCCCCC(C)C,0.5,6.09144,,5.85022995443303,0.7671729371896298
134,CCCCCCCC(=O)N(CCCCCC)CCCCCC,CCCCCCCCCCCC,1.0,1.0,0.1,2.00865603054324,0.3029055729718366
135,CCCCCCCC(=O)N(CCCCCC)CCCCCC,CCCCCCCCCCCC,1.0,3.0,42.1206,4.35309278350512,0.6387979239767979
136,CCCCN(CCCC)C(=O)C(C)C,CC1=CC=CC=C1,0.5,3.0,,2.4,0.380211241711606
137,CCCCCCN(CCCCCC)C(=O)C(C)C,CCCCCCCCCCCC,0.4,,,0.21226379152173,-0.6731240825341952
138,CCCCCCN(CCCCCC)C(=O)CCCCC,CCCCCCCCCCCC,1.0,0.0827642,,0.0227522731725889,-1.642975206611555
139,CCCCC(CC)CN(CC(CC)CCCC)C(=O)CCC,CCCC(C)CC(C)C ,2.05458,1.0,,5.97429073534004,0.7762863534675611
140,CCCCCCCCN(CCCCCCCC)C(=O)C(C)C,CCCCCCCCCCCC,,0.5,,0.108300413000542,-0.9653698872018781
141,CCCCCCN(CCCCCC)C(=O)C(CC)CCCC,CC1=CC=CC=C1,0.195686,3.0,100.0,0.49299251355425,-0.3071596757466341
142,CCCCC(CC)CN(CC(CC)CCCC)C(=O)CC,CCCCCCCCCCCC,1.0,4.0,0.01,9.72996976265629,0.9881114906350605
143,CCCCC(CC)CN(CC(CC)CCCC)C(=O)C(C)C,CCCCCCCCCCCC,0.582356,2.0,0.01,1.00042532207438,0.000184675759379702
144,CCCCC(CC)CN(CC(CC)CCCC)C(=O)C(C)(C)C,CCCCCCCCCCCC,1.0,6.0,0.01,5.29416746590001,0.7237976748508552
145,CCCCCCCC(=O)N(CCCCCC)CCCCCC,CCCCCCCCCCCC,1.0,3.0,905.162,0.837151837899427,-0.07719576496805934
146,CCCCCCCC(=O)N(CCCCCC)CCCCCC,CCCCCCCCCCCC,1.0,3.5,429.185,2.91,0.4638929889859073
147,CCCCC(CC)CN(CC(CC)CCCC)C(=O)CCC,CCCCCCCCCCCC,1.0,0.800995,0.00084,0.965967258009383,-0.01503759398496262
148,CCCCCCCC(=O)N(CCCCCC)CCCCCC,CCCCCCCCCCCC,1.0,3.0,502.979,2.3,0.3617278360175928
149,CCCCCCCCCCCC(=O)N(CCCC)CCCC,CC1=CC=CC=C1,0.300597,,,2.204257646999,0.3432623561190514
150,CCCCCCN(CCCCCC)C(=O)CCCCC,CCCCCCCCCCCC,0.5,3.5,,4.25,0.6283889300503115
151,CCCCCCN(CCCCCC)C(=O)CCCCC,CCCCCCCCCCCC,0.5,1.01269,,0.490562924004724,-0.3093052782018357
152,CCCCC(CC)CN(CC(CC)CCCC)C(=O)CCC,CCCC(C)CC(C)C ,0.98,0.01,7.2373,1.11,0.04532297878665748
153,CCCCC(CC)CN(CC(CC)CCCC)C(=O)CC,CCCCCCCCCCCC,1.0,0.1,0.01,0.172645847687107,-0.7628438624246476
154,CCCCC(CC)CN(CC(CC)CCCC)C(=O)C(C)C,CCCCCCCCCCCC,0.5,6.0,0.1,1.539,0.1872386198314787
155,CCCCCCCCN(CCCCCCCC)C(=O)C(C)C,CCCCCCCCCCCC,,7.0,,2.94563751466133,0.4691793022254807
156,CCCCC(CC)CN(CC(CC)CCCC)C(=O)C(C)C,CCCC(C)CC(C)C ,0.0379258,0.01,50.0,1.83121707481113,0.2627398291759235
157,CCCCCCCCCCCC(=O)N(CCCCCCCC)CCCCCCCC,CC1=CC=CC=C1,0.2,,,0.788925295979661,-0.1029641185647424
158,CCCCC(CC)CN(CC(CC)CCCC)C(=O)CCC,CCCC(C)CC(C)C ,1.67099,1.015,50.0,6.60332147256308,0.8197624407474513
159,CCCCCC(=O)N(CC(CC)CCCC)CC(CC)CCCC,CCCCCCCCCC(C)C,,0.265447,,0.0283504199601479,-1.547440503436895
160,CCCCC(CC)CN(CC(CC)CCCC)C(=O)C(C)(C)C,CCCCCCCCCCCC,1.0,5.0,0.1,4.26520851758884,0.6299402678187999
161,CCCCCCCC(=O)N(CCCCCC)CCCCCC,CCCCCCCCCCCC,1.0,3.0,0.0424893,5.2,0.7160033436347992
162,CCCCC(CC)CN(CC(CC)CCCC)C(=O)CCC,CCCCCCCCCCCC,1.0,3.0,0.00084,8.85,0.9469432706978255
163,CCCCC(CC)CN(CC(CC)CCCC)C(=O)CCC,CCCC(C)CC(C)C ,1.0,0.120292,,0.0291208420315356,-1.535796071516882
164,CCCCC(CC)CN(CC(CC)CCCC)C(=O)CCC,CCCCCCCCCCCC,0.980028,2.0,,0.579149515917315,-0.2372093023255822
165,CCCCCCCC(=O)N(CCCCCC)CCCCCC,CCCCCCCCCCCC,1.0,3.0,507.567,1.79899715976627,0.2550304776875136
166,CCCCC(CC)CN(CC(CC)CCCC)C(=O)C(C)C,CCCCCCCCCCCC,1.0,0.494142,0.00084,0.063132248350457,-1.199748743718593
167,CCCCCCCC(=O)N(CCCCCC)CCCCCC,CCCCCCCCCCCC,0.5,3.53405,,4.27455448395501,0.6308908570191394
168,CCCCCCCC(=O)N(CCCCCC)CCCCCC,CCCCCCCCCCCC,1.0,4.0,0.1,4.12808643417299,0.6157487820036969
169,CCCCCCCCCCCCCCC(C(=O)N(C)CCCC)C(=O)N(C)CCCC,CCCC(C)CC(C)C ,0.5,1.0,,33.2957,1.522388149816989
170,CCCCC(CC)CN(CC(CC)CCCC)C(=O)C(C)C,CCCCCCCCCCCC,1.0,3.0,0.01,2.22,0.3463529744506387
171,CCCCCCCCCC(=O)N(CCCCCC)CCCCCC,CCCCCCCCCCCC,1.1,3.0,0.01,10.1634757088168,1.007042253521127
172,CCCCCCCC(=O)N(CCCCCC)CCCCCC,CCCCCCCCCCCC,1.1,3.0,0.01,7.01999819647156,0.8463370005539435
173,CCCCCCCCN(CCCCCCCC)C(=O)C(CC)CCCC,CCCCCCCCCCCC,0.5,1.93165,,0.430566677977604,-0.365959583733208
174,CCCCC(CC)CN(CC(CC)CCCC)C(=O)CCC,CCCCCCCCCCCC,1.0,0.495706,,0.270032432850357,-0.5685840707964614
175,CCCCC(CC)CN(CC(CC)CCCC)C(=O)C(C)C,CCCC(C)CC(C)C ,0.0239931,0.01,50.0,0.730315521237866,-0.1364894692937454
176,CCCCC(CC)CN(CC(CC)CCCC)C(=O)CCC,CCCC(C)CC(C)C ,0.0860862,0.01,50.0,0.760259836876593,-0.11903795188283
177,CCCCCCCC(=O)N(CCCCCC)CCCCCC,CCCCCCCCCCCC,1.0,2.0,0.1,5.14597890320571,0.7114680014156944
178,CCCCC(CC)CN(CC(CC)CCCC)C(=O)C(C)C,CCCCCCCCCCCC,1.5,0.1,500.0,0.361663652802901,-0.4416951356407078
179,CCCCC(CC)CN(CC(CC)CCCC)C(=O)COCC(=O)N(CC(CC)CCCC)CC(CC)CCCC,C1=CC=CC=C1,0.1,2.0,,0.83,-0.08092190762392612
180,CCCCC(CC)CN(CC(CC)CCCC)C(=O)C(C)C,CCCCCCCCCCCC,1.5,0.1,1000.0,0.678119349005449,-0.168693863576964
181,CCCCC(CN(C(CCC)=O)CC(CCCC)CC)CC,CCCCCCCCCCCC,,6.0,,8.50050715082665,0.929444837036069
182,CCCCCCN(CCCCCC)C(=O)C(CC)CCCC,CCCCCCCCCCCC,1.0,0.697516,0.00084,0.127427498570313,-0.8947368421052645
183,CCCCC(CC)CN(CC(CC)CCCC)C(=O)CCC,CCCC(C)CC(C)C ,0.0489404,0.01,50.0,0.336923970139432,-0.4724680904466963
184,CCCCC(CC)CN(CC(CC)CCCC)C(=O)C(C)C,CCCCCCCCCCCC,,6.0,,3.87428241488775,0.5881912753291252
185,CCCCCCCCN(CCCCCCCC)C(=O)CCCCCCC,CCCCCCCCCCCC,0.5,7.99644,,3.48920813620195,0.5427268765011117
186,CCCCC(CC)CN(CC(CC)CCCC)C(=O)C(C)(C)C,CCCCCCCCCCCC,1.0,5.0,0.01,4.33834923788614,0.6373245098685487
187,CCCCC(CC)CN(CC(CC)CCCC)C(=O)C(C)C,CCCCCCCCCCCC,1.5,0.1,750.0,0.48824593128392,-0.3113613671456985
188,CCCCC(CC)CN(CC(CC)CCCC)C(=O)CCC,CCCC(C)CC(C)C ,0.212357,1.0,,0.027304964154553,-1.563758389261749
189,CCCCCCCC(=O)N(CCCCCC)CCCCCC,CCCCCCCCCCCC,1.1,3.0,0.01,7.45335848150493,0.8723520098382468
190,CCCCCCCCCCCC(=O)N(CCCCCCCC)CCCCCCCC,CC1=CC=CC=C1,0.199892,,,1.33564035855336,0.1256895334971941
191,CCCCCCN(CCCCCC)C(=O)C(CC)CCCC,CCCCCCCCCCCC,1.0,1.02038,0.00084,0.259139630143966,-0.5864661654135337
192,CCCCCCCC(=O)N(CCCCCC)CCCCCC,CCCCCCCCCCCC,0.34723,,,24.8294295012219,1.39496674100774
193,CCCCC(CC)CN(CC(CC)CCCC)C(=O)CCC,CCCCCCCCCCCC,1.0,0.703573,0.00084,0.695192796177561,-0.157894736842105
194,CCCCCCCCCCCCN(CCCCCCCCCCCC)C(=O)COCC(=O)N(CCCCCCCC)CCCCCCCC,CCCCCCCCCCCC,0.1,6.03,11.0,5.0,0.6989700043360189
195,CCCCC(CC)CN(CC(CC)CCCC)C(=O)CCC,CCCC(C)CC(C)C ,2.05458,1.0,,5.97429073534004,0.7762863534675611
196,CCCCCCCCCCCC(=O)N(CC(CC)CCCC)CC(CC)CCCC,CCCCCCCCCC(C)C,0.5,0.541352,,0.0891250148751688,-1.05000038465533
197,CCCCCCCC(=O)N(CCCCCC)CCCCCC,CCCCCCCCCCCC,1.0,1.0,0.1,2.00865603054324,0.3029055729718366
198,CCCCCCCC(=O)N(CCCCCC)CCCCCC,CCCCCCCCCCCC,1.1,1.0,0.009,2.52949360708645,0.403033586132178
199,CCCCCCCCN(CCCCCCCC)C(=O)COCC(=O)N(CCCCCCCC)CCCCCCCC,CCCCCCCCCCCC,0.0197,3.0,,0.3213,-0.4930892744484819
200,CCCCC(CC)CN(CC(CC)CCCC)C(=O)C(C)C,CCCCCCCCCCCC,1.5,1.0,1000.0,0.940325497287538,-0.02672178766989199
201,CCCCCCCC(=O)N(CCCCCC)CCCCCC,CCCCCCCCCCCC,1.0,3.5,257.511,6.02,0.7795964912578245
202,CCCCC(CC)CN(CC(CC)CCCC)C(=O)CC,CCCCCCCCCCCC,1.0,5.0,0.01,11.2425808637213,1.050866019970613
203,CCCCC(CC)CN(CC(CC)CCCC)C(=O)C(C)C,CCCCCCCCCCCC,1.5,5.0,750.0,1.51898734177214,0.18155415475718
204,CCCCC(CC)CN(CC(CC)CCCC)C(=O)C(C)C,CCCCCCCCCCCC,0.387295,2.0,,0.101443462996191,-0.9937759336099588
205,CCCCCC(=O)N(CC(CC)CCCC)CC(CC)CCCC,CCCCCCCCCC(C)C,,1.87537,,1.18463501320503,0.07358456455093211
206,CCCCCCCC(=O)N(CCCCCC)CCCCCC,CCCCCCCCCCCC,1.0,3.0,0.84099,1.21041590715303,0.082934622503059
207,CCCCCCCC(=O)N(CCCCCC)CCCCCC,CCCCCCCCCCCC,1.1,3.0,0.01,10.8,1.03342375548695
208,CCCCCCCCCC(=O)N(CCCCCC)CCCCCC,CCCCCCCCCCCC,1.1,3.0,0.01,10.2728799360924,1.01169221234297
209,CCCCCCCCCC(=O)N(CCCCCC)CCCCCC,CCCCCCCCCCCC,1.1,3.0,0.01,10.0637345152167,1.002759171414269
210,CCCCCCCCCCCC(=O)N(CCCCCCCC)CCCCCCCC,CC1=CC=CC=C1,,2.0,,0.575487849286034,-0.2399638415280812
211,CCCCCCCC(=O)N(CCCCCC)CCCCCC,CCCCCCCCCCCC,1.0,3.0,251.489,3.9,0.5910646070264992
212,CCCCC(CC)CN(CC(CC)CCCC)C(=O)C(C)(C)C,CCCCCCCCCCCC,1.0,3.0,0.1,1.1,0.04139268515822508
213,CCCCC(CC)CN(CC(CC)CCCC)C(=O)C(C)C,CCCCCCCCCCCC,1.0,6.0,0.01,4.21,0.6242820958356683
214,CCCCC(CC)CN(CC(CC)CCCC)C(=O)C(C)C,CCCC(C)CC(C)C ,1.0062,5.0,,4.19923772748273,0.6231704616375756
215,CCCCC(CC)CN(CC(CC)CCCC)C(=O)C(C)C,CCCCCCCCCCCC,1.5,3.0,500.0,2.4502712477396,0.3892141639057259
216,CCCCC(CC)CN(CC(CC)CCCC)C(=O)CC,CCCCCCCCCCCC,0.237058,2.0,0.01,0.479771540738137,-0.3189655172413801
217,CCCCC(CC)CN(CC(CC)CCCC)C(=O)CCC,CCCC(C)CC(C)C ,0.98,0.01,4.4352,0.98,-0.00877392430750515
218,CCCCCCN(CCCCCC)C(=O)C(C)C,CCCCCCCCCCCC,,8.0,,0.720198707461348,-0.1425476623911539
219,CCCCCCCC(=O)N(CCCCCC)CCCCCC,CCCCCCCCCCCC,1.0,3.0,0.0808129,8.6399904280049,0.9365132613368845
220,CCCCC(CC)CN(CC(CC)CCCC)C(=O)C(C)(C)C,CCCCCCCCCCCC,1.0,0.100289,0.00084,0.00082381395749,-3.084170854271357
221,CCCCCCCCN(CCCCCCCC)C(=O)COCC(=O)N(CCCCCCCC)CCCCCCCC,CCCCCCCCCCCC,0.201868,0.01,1.0,1.07303094052616,0.03061224489796073
222,CCCCC(CC)CN(CC(CC)CCCC)C(C)=O,CCCCCCCCCCCC,1.0,0.1,0.01,0.172645847687107,-0.7628438624246476
223,CCCCC(CC)CN(CC(CC)CCCC)C(=O)CC(C)(C)C,CCCCCCCCCC(C)C,0.5,5.0775,,4.70949883201664,0.6729746935258656
224,CCCCCCCC(=O)N(CCCCCC)CCCCCC,CCCCCCCCCCCC,1.1,3.0,0.01,6.90854039796205,0.8393863014886044
225,CCCCC(CC)CN(CC(CC)CCCC)C(=O)CCC,CCCC(C)CC(C)C ,0.695014,5.2,,6.90122480290853,0.8389261744966443
226,CCCCC(CC)CN(CC(CC)CCCC)C(=O)C(C)C,CCCCCCCCCCCC,1.5,3.0,1250.0,0.91320072332731,-0.03943375318603481
227,CCCCC(CC)CN(CC(CC)CCCC)C(=O)C(C)(C)C,CCCCCCCCCCCC,1.5,3.0,500.0,1.49999999999999,0.1760912590556784
228,CCCCC(CC)CN(CC(CC)CCCC)C(=O)C(C)C,CCCCCCCCCCCC,1.0,7.0,0.01,3.8,0.5797835966168101
229,CCCCC(CC)CN(CC(CC)CCCC)C(=O)CCC,CCCCCCCCCCCC,1.0,2.93993,,7.32899200254303,0.8650442477876106
230,CCCCCCCCN(CCCCCCCC)C(=O)C(CC)CCCC,CCCCCCCCCCCC,0.5,3.85414,,1.20338552523147,0.08040478333155002
231,CCCCC(CC)CN(CC(CC)CCCC)C(=O)C(C)C,CCCCCCCCCCCC,0.5,2.0,0.1,0.2,-0.6989700043360187
232,CCCCC(CC)CN(CC(CC)CCCC)C(=O)C(C)C,CCCCCCCCCCCC,1.0,4.0,0.01,3.69,0.5670263661590603
233,CCCCCCCCN(CCCCCCCC)C(=O)CCC,CCCCCCCCCCCC,0.3,2.0,,0.38988683441792,-0.4090614296906621
234,CCCCCCCC(=O)N(CCCCCC)CCCCCC,CCCCCCCCCCCC,1.0,3.0,840.99,1.21041590715303,0.082934622503059
235,CCCCCCN(CCCCCC)C(=O)CCCCC,CCCCCCCCCCCC,0.366041,6.5,,2.49475170820528,0.3970273286679523
236,CCCCCCN(CCCCCC)C(=O)CCCCC,CCCCCCCCCCCC,0.493865,6.5,,4.4457477751614,0.6479448198198187
237,CCCCC(CC)CN(CC(CC)CCCC)C(=O)COCC(=O)N(CC(CC)CCCC)CC(CC)CCCC,CCCCCCCCCCCC,0.2,0.507,4.2,0.046,-1.337242168318426
238,CCCCCCCC(=O)N(CCCCCC)CCCCCC,CCCCCCCCCCCC,1.1,2.0,0.009,8.7178963446964,0.9404117009750815
239,CCCCC(CC)CN(CC(CC)CCCC)C(=O)CCC,CCCC(C)CC(C)C ,0.824752,1.015,50.0,1.14297167836987,0.05803546917037159
240,CCCCC(CC)CN(CC(CC)CCCC)C(=O)C(C)C,CCCCCCCCCCCC,1.0,4.0,,2.9884529388937,0.4754464211067237
241,CCCCCCCCCCCC(=O)N(CCCCCCCC)CCCCCCCC,CC1=CC=CC=C1,0.2,,,1.05763782280643,0.0243369734789374
242,CCCCCCCC(=O)N(CCCCCC)CCCCCC,CCCCCCCCCCCC,1.0,3.0,419.149,3.1,0.4913616938342727
243,CCCCCCCCN(CCCCCCCC)C(=O)C(CC)CCCC,CCCCCCCCCCCC,0.302179,2.0,,0.215440628550788,-0.6666723925349947
244,CCCCC(CC)CN(CC(CC)CCCC)C(=O)C(C)C,CCCCCCCCCCCC,,3.0,,1.30178730967362,0.1145400335558539
245,CCCCC(CC)CN(CC(CC)CCCC)C(=O)C(C)C,CCCCCCCCCCCC,1.0,3.0,0.1,2.4,0.380211241711606
246,CCCCCCCCN(CCCCCCCC)C(=O)CCCCCCC,CCCCCCCCCCCC,0.5,1.01082,,0.424581275684641,-0.3720391624218937
247,CCCCC(CC)CN(CC(CC)CCCC)C(=O)CCC,CCCC(C)CC(C)C ,1.7406,1.0,,4.08073370441214,0.6107382550335557
248,CCCCC(CC)CN(CC(CC)CCCC)C(=O)C(C)C,CCCCCCCCCCCC,1.5,1.0,1250.0,0.940325497287538,-0.02672178766989199
249,CCCCC(CC)CN(CC(CC)CCCC)C(=O)C(C)(C)C,CCCCCCCCCCCC,1.0,3.10345,0.00084,1.48631394597109,0.1721105527638171
250,CCCCC(CC)CN(CC(CC)CCCC)C(=O)C(C)C,CCCCCCCCCCCC,1.5,0.1,1250.0,0.723327305605813,-0.14066513997672
251,CCCCCCCCN(CCCCCCCC)C(=O)CCC,CCCCCCCCCCCC,,8.0,,3.20837137955938,0.5062846335392319
252,CCCCC(CC)CN(CC(CC)CCCC)C(=O)CCC,CCCC(C)CC(C)C ,1.0,7.18094,,8.24772697151993,0.9163342758539162
253,CCCCC(CC)CN(CC(CC)CCCC)C(=O)C(C)C,CCCCCCCCCCCC,1.5,0.1,500.0,0.361663652802901,-0.4416951356407078
254,CCCCC(CC)CN(CC(CC)CCCC)C(C)=O,CCCCCCCCCCCC,0.507632,2.0,0.01,13.8752679700249,1.142241379310341
255,CCCCC(CC)CN(CC(CC)CCCC)C(=O)CC,CCCCCCCCCCCC,1.0,5.0,0.01,11.2425808637213,1.050866019970613
256,CCCCC(CC)CN(CC(CC)CCCC)C(=O)CCC,CCCC(C)CC(C)C ,0.202223,5.2,,0.665681088642024,-0.1767337807606265
257,CCCCCCCC(=O)N(CCCCCC)CCCCCC,CCCCCCCCCCCC,1.0,3.0,590.906,1.94128303738531,0.2880888597640699
258,CCCCCCCCN(CCCCCCCC)C(=O)C(CC)CCCC,CCCCCCCCCCCC,0.200354,2.0,,0.0926076400311702,-1.0333531830102
259,CCCCC(CC)C(=O)N(CCCC)CCCC,CC1=CC=CC=C1,0.5,3.0,,4.0,0.6020599913279624
260,CCCCCCCC(=O)N(CCCCCC)CCCCCC,CCCCCCCCCCCC,1.0,3.0,335.319,3.3,0.5185139398778874
261,CCCCCCCC(=O)N(CCCCCC)CCCCCC,CCCCCCCCCCCC,1.0,3.0,0.169099,4.5,0.6532125137753437
262,CCCCC(CC)CN(CC(CC)CCCC)C(=O)C(C)C,CCCCCCCCCCCC,0.955147,2.0,,1.45847978802183,0.1639004149377578
263,CCCCCCCC(=O)N(CCCCCC)CCCCCC,CCCCCCCCCCCC,1.0,3.0,587.234,1.7,0.2304489213782739
264,CCCCC(CC)CN(CC(CC)CCCC)C(=O)COCC(=O)N(CC(CC)CCCC)CC(CC)CCCC,CCCCCCCCCCCC,1.0,3.0,4.2,71.51,1.85436677804087
265,CCCCC(CC)CN(CC(CC)CCCC)C(C)=O,CCCCCCCCCCCC,1.0,2.0,0.01,13.6089791863613,1.133825549864817
266,CCCCC(CC)CN(CC(CC)CCCC)C(=O)C(C)C,CCCCCCCCCCCC,1.0,6.0,,3.95866056657986,0.5975482649800063
267,CCCCCCCC(=O)N(CCCCCC)CCCCCC,CCCCCCCCCCCC,1.0,3.5,64.3777,11.94,1.07700432679335
268,CCCCC(CC)CN(CC(CC)CCCC)C(=O)C(C)C,CCCCCCCCCCCC,0.233086,2.0,0.01,0.121738494973251,-0.9145720716388055
269,CCCCCCN(CCCCCC)C(=O)C(CC)CCCC,CC1=CC=CC=C1,0.5,7.0,50.0,2.510634208012,0.3997834418988355
270,CCCCCCN(CCCCCC)C(=O)C(C)C,CCCCCCCCCCCC,,0.5,,0.0783749503693016,-1.105822721176797
271,CCCCCCCCCC(=O)N(CCCCCC)CCCCCC,CCCCCCCCCCCC,1.1,3.0,0.01,10.1114896457746,1.004815141474574
272,CCCCCCCCN(CCCCCCCC)C(=O)C(CC)CCCC,CCCCCCCCCCCC,0.5,0.487469,,0.0166949440108585,-1.777415033082565
273,CCCCN(CCCC)C(=O)CCC,CC1=CC=CC=C1,0.497431,3.0,,5.43945604402439,0.735555471593347
274,CCCCC(CC)CN(CC(CC)CCCC)C(=O)C(C)C,CCCCCCCCCCCC,0.1163,2.0,0.01,0.0304029390287046,-1.517084431448743
275,CCCCC(CC)CN(CC(CC)CCCC)C(=O)C(C)(C)C,CCCCCCCCCCCC,1.0,1.0,0.01,0.125264090350313,-0.9021734110319146
276,CCCCCCCCCCCC(=O)N(CCCC)CCCC,CC1=CC=CC=C1,0.2,,,0.85012968144226,-0.07051482059282402
277,CCCCCCN(CCCCCC)C(=O)CCC,CCCCCCCCCCCC,0.5,2.0,,0.51,-0.2924298239020636
278,CCCCC(CN(C(CCC)=O)CC(CCCC)CC)CC,CCCCCCCCCCCC,,5.0,,6.75540115630387,0.8296511438534148
279,CCCCC(CC)C(=O)N(CCCC)CCCC,CC1=CC(=CC(=C1)C)C,1.0,3.0,26.723,8.90325312690957,0.9495487209058864
280,CCCCC(CC)CN(CC(CC)CCCC)C(C)=O,CCCCCCCCCCCC,0.406808,2.0,0.01,9.14548825946484,0.9612068965517243
281,CCCCCCCCN(CCCCCCCC)C(=O)C(C)C,CCCCCCCCCCCC,,9.0,,3.85522487707398,0.5860497157265141
282,CCCCCCCCN(CCCCCCCC)C(=O)C(C)C,CCCCCCCCCCCC,,6.0,,1.94530035187192,0.2889866653481595
283,CCCCC(CC)CN(CC(CC)CCCC)C(=O)C(C)C,CCCCCCCCCCCC,1.0,5.0,0.01,4.6,0.6627578316815741
284,CCCCC(CC)CN(CC(CC)CCCC)C(=O)C(C)C,CCCC(C)CC(C)C ,1.0,3.43812,,2.82485206293477,0.4509957088161992
285,CCCCC(CC)CN(CC(CC)CCCC)C(=O)C(C)(C)C,CCCCCCCCCCCC,1.0,0.711123,0.00084,0.0309888906958737,-1.508793969849246
286,CCCCC(CC)CN(CC(CC)CCCC)C(=O)C(C)C,CCCCCCCCCCCC,1.0,2.0,3.96326,0.928855120013805,-0.03205202065153314
287,CCCCC(CC)CN(CC(CC)CCCC)C(=O)COCC(=O)N(CC(CC)CCCC)CC(CC)CCCC,CCCCCCCCCCCC,0.3,1.0,0.0004,0.625,-0.2041199826559248
288,CCCCC(CC)CN(CC(CC)CCCC)C(=O)CC,CCCCCCCCCCCC,0.590499,2.0,0.01,3.45774612623407,0.5387931034482746
289,CCCCC(CC)CN(CC(CC)CCCC)C(=O)C(C)(C)C,CCCCCCCCCCCC,0.139263,3.0,0.01,0.0356224789026243,-1.448275862068967
290,CCCCC(CC)CN(CC(CC)CCCC)C(=O)C(C)C,CCCC(C)CC(C)C ,1.32451,1.015,50.0,0.754995434583291,-0.1220556745182012
291,CCCCCCCC(=O)N(CCCCCC)CCCCCC,CCCCCCCCCCCC,1.0,3.0,671.064,1.2,0.07918124604762482
292,CCCCC(CC)CN(CC(CC)CCCC)C(=O)CCC,CCCC(C)CC(C)C ,0.212357,1.0,,0.027304964154553,-1.563758389261749
293,CCCCCCCC(=O)N(CCCCCC)CCCCCC,CCCCCCCCCCCC,1.1,1.0,214.592,1.81979165212243,0.2600216684723708
294,CCCCCCN(CCCCCC)C(=O)CCCCC,CCCCCCCCCCCC,1.0,3.5,257.511,5.63,0.7505083948513462
295,CCCCC(CC)CN(CC(CC)CCCC)C(=O)C(C)C,CCCC(C)CC(C)C ,1.30446,5.0,,5.36339414195842,0.729439713313603
296,CCCCC(CC)CN(CC(CC)CCCC)C(C)=O,CCCCCCCCCCCC,1.0,6.0,0.01,18.490158557214,1.266940635346726
297,CCCCC(CC)CN(CC(CC)CCCC)C(=O)C(C)C,CCCCCCCCCCCC,0.233086,2.0,0.01,0.121738494973251,-0.9145720716388055
298,CCCCCCN(CCCCCC)C(=O)CCC,CCCCCCCCCCCC,,5.0,,3.45150293922851,0.5380082475606797
299,CCCCC(CC)CN(CC(CC)CCCC)C(=O)CCC,CCCC(C)CC(C)C ,0.0860862,0.01,50.0,0.760259836876593,-0.11903795188283
300,CCCCC(CC)CN(CC(CC)CCCC)C(=O)C(C)(C)C,CCCCCCCCCCCC,1.0,1.0,0.1,0.0760629739020266,-1.118826698593236
301,CCCCC(CC)CN(CC(CC)CCCC)C(=O)C(C)C,CCCCCCCCCCCC,1.0,0.01,200.0,3.25,0.5118833609788743
302,CCCCC(CC)CN(CC(CC)CCCC)C(=O)CCC,CCCCCCCCCCCC,1.0,0.235168,,0.0172474805441302,-1.763274336283189
303,CCCCCCN(CCCCCC)C(=O)C(C)C,CCCCCCCCCCCC,,4.0,,1.65374100037019,0.2184674937789584
304,CCCCCCN(CCCCCC)C(=O)C(CC)CCCC,CC1=CC=CC=C1,0.396824,3.0,100.0,1.90877058431129,0.2807537335508451
305,CCCCC(CC)CN(CC(CC)CCCC)C(=O)CCC,CCCCCCCCCCCC,0.4,6.5,0.03,0.528427075404633,-0.2770149382233361
306,CCCCC(CC)CN(CC(CC)CCCC)C(C)=O,CCCCCCCCCCCC,0.203791,2.0,0.01,2.64492762787804,0.422413793103446
307,CCCCCCCCCCCC(=O)N(CCCC)CCCC,CC1=CC=CC=C1,0.0797732,,,0.28938185538578,-0.5385287031854444
308,CCCCC(CC)CN(CC(CC)CCCC)C(C)=O,CCCCCCCCCCCC,1.0,3.0,0.01,16.0681381716135,1.205965557619709
309,CCCCCCCCN(CCCCCCCC)C(=O)C(CC)CCCC,CCCCCCCCCCCC,0.5,0.952106,,0.173324930922488,-0.7611389642143674
310,CCCCC(CC)C(=O)N(CCCC)CCCC,CC1=CC=CC=C1,0.5,3.5,50.0,1.75,0.2430380486862944
311,CCCCCC(=O)N(CC(CC)CCCC)CC(CC)CCCC,CCCCCCCCCC(C)C,0.749731,4.9,,9.73428581177885,0.9883040935672512
312,CCCCCCN(CCCCCC)C(=O)CCCCC,CCCCCCCCCCCC,0.5,3.54186,,3.79879529742664,0.5796458917139012
313,CCCCC(CC)CN(CC(CC)CCCC)C(=O)C(C)C,CCCCCCCCCCCC,0.5,0.01,0.1,0.0019099978123167,-2.718967130186474
314,CCCCC(CC)CN(CC(CC)CCCC)C(C)=O,CCCCCCCCCCCC,1.0,0.01,0.01,0.0047496206025883,-2.323341080224196
315,CCCCCCN(CCCCCC)C(=O)CCCCC,CCCCCCCCCCCC,1.0,3.5,128.755,8.76,0.9425041061680807
316,CCCCCCCCN(CCCCCCCC)C(=O)C(C)C,CCCCCCCCCCCC,,2.0,,0.602332249573009,-0.220163883572486
317,CCCCC(CC)CN(CC(CC)CCCC)C(=O)C(C)C,CCCCCCCCCCCC,1.0,2.0,166.431,0.742644053943606,-0.129219291822582
318,CCCCCCCCN(CCCCCCCC)C(=O)COCC(=O)N(CCCCCCCC)CCCCCCCC,CCCCCCCCCCCC,0.1,2.9854,,9.18254283565628,0.9629629629629627
319,CCCCCCCC(=O)N(CCCCCC)CCCCCC,CCCCCCCCCCCC,0.5,3.5,,4.79,0.6803355134145632
320,CCCCCCCC(=O)N(CCCCCC)CCCCCC,CC1=CC=CC=C1,0.595996,3.0,100.0,4.99144877539841,0.6982266185371769
321,CCCCC(CC)CN(CC(CC)CCCC)C(C)=O,CCCCCCCCCCCC,1.0,0.1,0.01,0.172645847687107,-0.7628438624246476
322,CCCCCC(=O)N(CC(CC)CCCC)CC(CC)CCCC,CCCCCCCCCC(C)C,,5.07687,,5.12493216657124,0.7096881214587651
323,CCCCC(CC)CN(CC(CC)CCCC)C(C)=O,CCCCCCCCCCCC,1.0,1.0,0.01,6.36140149286869,0.8035528064607984
324,CCCCC(CC)CN(CC(CC)CCCC)C(=O)C(C)C,CCCCCCCCCCCC,1.0,0.01,200.0,5.63,0.7505083948513462
325,CCCCCCCCN(CCCCCCCC)C(=O)C(CC)CCCC,CCCCCCCCCCCC,0.5,4.80552,,1.8437965970236,0.2657130090914611
326,CCCCC(CC)CN(CC(CC)CCCC)C(=O)C(C)C,CCCCCCCCCCCC,1.5,4.0,750.0,1.64556962025316,0.2163162610163941
327,CCCCC(CC)CN(CC(CC)CCCC)C(=O)C(C)C,CCCCCCCCCCCC,1.5,3.0,500.0,2.4502712477396,0.3892141639057259
328,CCCCC(CC)C(=O)N(CCCC)CCCC,CC1=CC(=CC(=C1)C)C,0.96,6.50526,,11.3064048932236,1.053324533905294
329,CCCCC(CC)CN(CC(CC)CCCC)C(=O)CCC,CCCCCCCCCCCC,0.3,6.5,0.03,0.382785547877612,-0.4170444674351315
330,CCCCCCCCN(CCCCCCCC)C(=O)CCC,CCCCCCCCCCCC,,4.0,,2.49524342580317,0.3971129200300176
331,CCCCCC(=O)N(CC(CC)CCCC)CC(CC)CCCC,CCCCCCCCCC(C)C,0.299608,4.9,,2.20135486860378,0.3426900584795311
332,CCCCCCN(CCCCCC)C(=O)C(C)C,CCCCCCCCCCCC,,7.0,,1.6908064222332,0.2280938887519323
333,CCCCC(CC)CN(CC(CC)CCCC)C(=O)CCC,CCCCCCCCCCCC,1.0,4.0,,15.1109546369402,1.179291901828044
334,CCCCC(CC)CN(CC(CC)CCCC)C(=O)C(C)C,CCCC(C)CC(C)C ,0.122547,10.2,,0.0582499618611782,-1.234704354653622
335,CCCCC(CC)CN(CC(CC)CCCC)C(=O)C(C)C,CCCCCCCCCCCC,1.0,6.0,0.01,3.77,0.5763413502057929
336,CCCCCCCCCC(=O)N(CCCCCC)CCCCCC,CCCCCCCCCCCC,1.1,3.0,0.01,8.7282087969475,0.9409251269338039
337,CCCCC(CC)CN(CC(CC)CCCC)C(=O)C(C)(C)C,CCCCCCCCCCCC,1.0,2.0,0.1,0.430015552277198,-0.3665158371040725
338,CCCCC(CC)CN(CC(CC)CCCC)C(C)=O,CCCCCCCCCCCC,1.0,3.0,0.1,11.5,1.060697840353612
339,CCCCC(CC)CN(CC(CC)CCCC)C(=O)C(C)C,CCCC(C)CC(C)C ,1.99711,10.2,,6.98464713835244,0.8441444706166565
340,CCCCC(CC)CN(CC(CC)CCCC)C(=O)C(C)C,CCCCCCCCCCCC,0.5,3.0,0.1,0.497541149466141,-0.3031709948236987
341,CCCCCCCCCCCCCCC(C(=O)N(C)CCCC)C(=O)N(C)CCCC,CCCC(C)CC(C)C ,0.5,2.0,,244.3766,2.388059618193226
342,CCCCC(CC)CN(CC(CC)CCCC)C(=O)C(C)C,CCCCCCCCCCCC,1.0,3.0,0.01,2.13,0.3283796034387377
343,CCCCC(CC)CN(CC(CC)CCCC)C(=O)CCC,CCCC(C)CC(C)C ,1.01005,5.2,,12.0375169802006,1.080536912751675
344,CCCCCCN(CCCCCC)C(=O)CCCCC,CCCCCCCCCCCC,1.0,2.94008,,12.8067230110285,1.107438016528938
345,CCCCC(CC)CN(CC(CC)CCCC)C(=O)C(C)(C)C,CCCCCCCCCCCC,1.0,6.0,0.1,5.29641370231263,0.7239819004524883
346,CCCCC(CC)CN(CC(CC)CCCC)C(=O)CCC,CCCC(C)CC(C)C ,1.01555,1.0,,1.0915190504268,0.0380313199105153
347,CCCCC(CC)CN(CC(CC)CCCC)C(=O)C(C)C,CCCCCCCCCCCC,1.0,0.01,200.0,5.63,0.7505083948513462
348,CCCCCCCCN(CCCCCCCC)C(=O)CCCCCCC,CCCCCCCCCCCC,0.5,5.98084,,4.09631522602479,0.6123933697586622
349,CCCCC(CC)CN(CC(CC)CCCC)C(=O)C(C)C,CCCCCCCCCCCC,1.5,6.0,750.0,1.46473779385171,0.1657598875739492
350,CCCCC(CC)CN(CC(CC)CCCC)C(=O)C(C)(C)C,CCCCCCCCCCCC,1.0,2.0,0.1,0.431838510800117,-0.3646786304543028
351,CCCCCCCCCCCC(=O)N(CC)CC,CC1=CC=CC=C1,0.3,5.0,,3.59058137818639,0.5551647741760672
352,CCCCCCCC(=O)N(CCCCCC)CCCCCC,CCCCCCCCCCCC,1.0,3.0,119.5,1.79899715976628,0.255030477687516
353,CCCCC(CC)CN(CC(CC)CCCC)C(=O)CC(C)(C)C,CCCCCCCCCC(C)C,0.762491,4.9,,7.88998219928522,0.8970760233918128
354,CCCCC(CC)CN(CC(CC)CCCC)C(=O)C(C)C,CCCCCCCCCCCC,0.582356,2.0,0.01,1.00042532207438,0.000184675759379702
355,CCCCC(CC)CN(CC(CC)CCCC)C(=O)C(C)(C)C,CCCCCCCCCCCC,1.0,4.0,0.01,2.93709671143136,0.4679182470163208
356,CCCCCCN(CCCCCC)C(=O)C(CC)CCCC,CC1=CC=CC=C1,0.5,3.0,50.0,2.26940604854288,0.3559122080332726
357,CCCCCCCC(=O)N(CCCCCC)CCCCCC,CCCCCCCCCCCC,1.0,3.5,193.133,7.86,0.895422546039408
358,CCCCCCN(CCCCCC)C(=O)C(CC)CCCC,CC1=CC=CC=C1,0.5,6.0,50.0,3.0037271843647,0.4776604850213967
359,CCCCCCCC(=O)N(CCCCCC)CCCCCC,CCCCCCCCCCCC,1.0,5.0,0.1,12.6114099544882,1.100763643371112
360,CCCCC(CC)CN(CC(CC)CCCC)C(=O)CCC,CCCC(C)CC(C)C ,2.00351,5.2,,40.5976708883239,1.608501118568232
361,CCCCC(CC)CN(CC(CC)CCCC)C(=O)CCC,CCCC(C)CC(C)C ,0.503965,5.2,,3.46058792559826,0.5391498881431767
362,CCCCC(CC)CN(CC(CC)CCCC)C(=O)C(C)C,CCCCCCCCCCCC,1.5,2.0,500.0,1.65461121157321,0.2186959627617429
363,CCCCCCCCN(CCCCCCCC)C(=O)CCCCCCC,CCCCCCCCCCCC,0.307262,2.0,,0.956840392369701,-0.01916049952100591
364,CCCCCCCC(=O)N(CCCCCC)CCCCCC,CCCCCCCCCCCC,1.0,3.0,42.1277,5.2,0.7160033436347992
365,CCCCCCCC(=O)N(CCCCCC)CCCCCC,CCCCCCCCCCCC,1.0,3.0,336.987,3.17261321033591,0.5014171282441098
366,CCCCC(CC)CN(CC(CC)CCCC)C(=O)C(C)C,CCCC(C)CC(C)C ,0.0106718,0.01,50.0,0.147460551913873,-0.8313241449568525
367,CCCCC(CC)CN(CC(CC)CCCC)C(=O)C(C)C,CCCCCCCCCCCC,1.5,2.0,100.0,2.11573236889692,0.3254607304414622
368,CCCCC(CC)CN(CC(CC)CCCC)C(=O)C(C)C,CCCCCCCCCCCC,1.5,2.0,750.0,1.3924050632911,0.1437655938677714
369,CCCCC(CC)CN(CC(CC)CCCC)C(C)=O,CCCCCCCCCCCC,0.203791,2.0,0.01,2.64492762787804,0.422413793103446
370,CCCCCCCC(=O)N(CCCCCC)CCCCCC,CCCCCCCCCCCC,1.0,3.0,212.881,0.837151837899427,-0.07719576496805934
371,CCCCCCCCCC(=O)N(CCCCCC)CCCCCC,CCCCCCCCCCCC,1.1,2.0,0.01,10.8,1.03342375548695
372,CCCCCCCCN(CCCCCCCC)C(=O)CCCCCCC,CCCCCCCCCCCC,0.0630013,2.0,,0.0473832908307404,-1.32437478025317
373,CCCCC(CC)CN(CC(CC)CCCC)C(=O)C(C)C,CCCCCCCCCCCC,1.0,3.0,0.01,2.01,0.3031960574204888
374,CCCCCCCC(=O)N(CCCCCC)CCCCCC,CCCCCCCCCCCC,0.5,3.5,,4.79,0.6803355134145632
375,CCCCCCCC(=O)N(CCCCCC)CCCCCC,CCCCCCCCCCCC,0.5,3.5,,2.8,0.4471580313422192
376,CCCCCCCC(=O)N(CCCCCC)CCCCCC,CCCCCCCCCCCC,1.1,3.0,1287.55,4.00298102962002,0.6023835319609966
377,CCCCCCN(CCCCCC)C(=O)CCCCC,CCCCCCCCCCCC,0.103041,6.5,,0.27346341428946,-0.5631007681788924
378,CCCCCCCCCCCC(=O)N(CC)CC,CC1=CC=CC=C1,0.401036,,,2.81306749405581,0.449180152337384
379,CCCCC(CC)CN(CC(CC)CCCC)C(=O)C(C)C,CCCCCCCCCCCC,1.5,1.0,250.0,0.687160940325499,-0.162941534687887
380,CCCCCCCCCCCC(=O)N(CCCC)CCCC,CC1=CC=CC=C1,0.499659,,,4.51710256587957,0.6548599518166115
381,CCCCCCCC(=O)N(CCCCCC)CCCCCC,CCCCCCCCCCCC,1.0,3.0,1089.28,0.749627144608969,-0.1251546956789149
382,CCCCC(CC)CN(CC(CC)CCCC)C(=O)C(C)C,CCCC(C)CC(C)C ,1.0,0.75201,,0.164927552349201,-0.7827067862373733
383,CCCCC(CC)CN(CC(CC)CCCC)C(=O)C(C)C,CCCCCCCCCCCC,1.5,3.0,1250.0,0.91320072332731,-0.03943375318603481
384,CCCCC(CC)CN(CC(CC)CCCC)C(=O)C(C)C,CCCCCCCCCCCC,0.5,0.1,0.1,0.0016685315907842,-2.777665566310111
385,CCCCC(CC)CN(CC(CC)CCCC)C(=O)C(C)C,CCCCCCCCCCCC,1.0,5.04237,0.00084,10.7499646264467,1.031407035175877
386,CCCCC(CC)CN(CC(CC)CCCC)C(=O)C(C)(C)C,CCCCCCCCCCCC,1.0,4.0,0.01,2.93709671143136,0.4679182470163208
387,CCCCCCCCCCCC(=O)N(CC)CC,CC1=CC=CC=C1,0.3,2.0,,1.62225320561338,0.210118641008524
388,CCCCCCCC(=O)N(CCCCCC)CCCCCC,CCCCCCCCCCCC,1.1,1.0,1287.55,1.63876951515445,0.2145178764897056
389,CCCCC(CC)CN(CC(CC)CCCC)C(=O)C(C)C,CCCCCCCCCCCC,1.5,3.0,100.0,4.2133815551537,0.62463078972132
390,CCCCCCN(CCCCCC)C(=O)CCCCC,CC1=CC=CC=C1,0.5,3.5,50.0,2.65,0.4232458739368078
391,CCCCC(CC)CN(CC(CC)CCCC)C(=O)C(C)C,CCCCCCCCCCCC,1.0,2.0,21.5968,0.875227209710708,-0.05787918913275993
392,CCCCCCCCCCCC(=O)N(CC)CC,CC1=CC=CC=C1,,2.0,,0.40225485171023,-0.3954987090480164
393,CCCCCCCC(=O)N(CCCCCC)CCCCCC,CCCCCCCCCCCC,1.0,3.0,0.1,3.99563692813328,0.6015860182746656
394,CCCCCCN(CCCCCC)C(=O)COCC(=O)N(CCCCCC)CCCCCC,C1=CC=CC=C1,0.1,2.0,,0.69,-0.1611509092627447
395,CCCCCCN(CCCCCC)C(=O)C(CC)CCCC,CC1=CC=CC=C1,0.5,0.5,50.0,1.67756113468546,0.2246783559484863
396,CCCCC(CC)CN(CC(CC)CCCC)C(=O)C(C)C,CCCCCCCCCCCC,1.5,1.0,250.0,0.687160940325499,-0.162941534687887
397,CCCCCCCC(=O)N(CCCCCC)CCCCCC,CC1=CC(=CC(=C1)C)C ,0.96,1.48599,,3.42298816400589,0.5344053974388362
398,CCCCC(CC)CN(CC(CC)CCCC)C(=O)C(C)(C)C,CCCCCCCCCCCC,1.0,2.0,0.01,0.412930870702723,-0.3841226480657678
399,CCCCC(CC)CN(CC(CC)CCCC)C(=O)CCC,CCCC(C)CC(C)C ,0.98,0.01,0.74426,0.99,-0.004364805402450088
400,CCCCC(CC)CN(CC(CC)CCCC)C(=O)CCC,CCCC(C)CC(C)C ,0.0637623,0.01,50.0,0.515086505491048,-0.2881198278471295
401,CCCCCCN(CCCCCC)C(=O)C(CC)CCCC,CCCCCCCCCCCC,1.0,7.0764,0.00084,5.94889207793433,0.7744360902255635
402,CCCCC(CC)CN(CC(CC)CCCC)C(=O)C(C)C,CCCCCCCCCCCC,1.5,1.0,500.0,0.877034358047028,-0.05698339270242879
403,CCCCCCCCCC(=O)N(CCCCCC)CCCCCC,CCCCCCCCCCCC,0.599451,3.0,0.01,3.98297595237479,0.6002076843198328
404,CCCCC(CC)CN(CC(CC)CCCC)C(=O)C(C)C,CCCCCCCCCCCC,0.5,4.0,0.1,1.078,0.03261876085071993
405,CCCCC(CC)CN(CC(CC)CCCC)C(=O)C(C)C,CCCCCCCCCCCC,1.5,3.0,1000.0,1.17540687160942,0.07018822533816348
406,CCCCC(CC)CN(CC(CC)CCCC)C(=O)C(C)C,CCCCCCCCCCCC,1.5,0.1,250.0,0.162748643761299,-0.7884826218653814
407,CCCCC(CC)CN(CC(CC)CCCC)C(=O)C(C)C,CCCCCCCCCCCC,1.5,2.0,1000.0,1.11211573236884,0.04614998447069624
408,CCCCC(CC)CN(CC(CC)CCCC)C(C)=O,CCCCCCCCCCCC,0.203791,2.0,0.01,2.64492762787804,0.422413793103446
409,CCCCC(CC)CN(CC(CC)CCCC)C(=O)C(C)(C)C,CCCCCCCCCCCC,0.0690146,3.0,0.01,0.0087895272566564,-2.05603448275861
410,CCCCC(CC)CN(CC(CC)CCCC)C(=O)CCC,CCCC(C)CC(C)C ,0.517704,1.0,,0.237595891284276,-0.624161073825504
411,CCCCCCCCCCCC(=O)N(CC)CC,CC1=CC=CC=C1,0.3,2.0,,9.74234748814721,0.9886636158427594
412,CCCCCCCC(=O)N(CCCCCC)CCCCCC,CCCCCCCCCCCC,1.0,3.0,587.234,1.7,0.2304489213782739
413,CCCCC(CC)CN(CC(CC)CCCC)C(C)=O,CCCCCCCCCCCC,0.507632,2.0,0.01,13.8752679700249,1.142241379310341
414,CCCCC(CC)CN(CC(CC)CCCC)C(=O)C(C)C,CCCCCCCCCCCC,1.5,4.0,500.0,2.38698010849909,0.3778487999011506
415,CCCCC(CC)CN(CC(CC)CCCC)C(=O)CCC,CCCC(C)CC(C)C ,1.01555,1.0,,1.0915190504268,0.0380313199105153
416,CCCCC(CC)CN(CC(CC)CCCC)C(=O)CCC,CCCC(C)CC(C)C ,0.503965,5.2,,3.46058792559826,0.5391498881431767
417,CCCCC(CC)CN(CC(CC)CCCC)C(C)=O,CCCCCCCCCCCC,0.304729,2.0,0.01,5.85115198709414,0.7672413793103442
418,CCCCCCCC(=O)N(CCCCCC)CCCCCC,CCCCCCCCCCCC,1.1,3.0,214.592,6.6588916779821,0.8234019501625136
419,CCCCCCCC(=O)N(CCCCCC)CCCCCC,CC1=CC(=CC(=C1)C)C,0.96,6.80347,,11.1561615569845,1.047514794837365
420,CCCCC(CC)CN(CC(CC)CCCC)C(=O)C(C)C,CCCCCCCCCCCC,,9.0,,4.21000294637596,0.6242823997773247
421,CCCCC(CC)CN(CC(CC)CCCC)C(=O)CC,CCCCCCCCCCCC,0.590499,2.0,0.01,3.45774612623407,0.5387931034482746
422,CCCCC(CC)CN(CC(CC)CCCC)C(=O)CCC,CCCC(C)CC(C)C ,0.621269,1.015,50.0,0.494196837112526,-0.3061000384340861
423,CCCCC(CC)CN(CC(CC)CCCC)C(=O)C(C)C,CCCCCCCCCCCC,1.0,2.0,332.196,0.737631121801296,-0.1321607680099658
424,CCCCCCCC(=O)N(CCCCCC)CCCCCC,CCCCCCCCCCCC,1.0,3.0,335.319,3.3,0.5185139398778874
425,CCCCC(CC)CN(CC(CC)CCCC)C(=O)CCC,CCCCCCCCCCCC,0.5,6.5,0.03,0.739780418067508,-0.1308971686110271
426,CCCCC(CC)CN(CC(CC)CCCC)C(=O)C(C)C,CCCCCCCCCCCC,1.5,0.1,100.0,0.0361663652802892,-1.441695135640719
427,CCCCC(CC)CN(CC(CC)CCCC)C(=O)CCC,CCCC(C)CC(C)C ,0.98,0.01,2.3256,1.04,0.01703333929878037
428,CCCCC(CC)CN(CC(CC)CCCC)C(=O)CCC,CCCCCCCCCCCC,1.0,2.0,,6.00346388193916,0.7784019021736095
429,CCCCCCCC(=O)N(CCCCCC)CCCCCC,CCCCCCCCCCCC,1.0,3.0,80.8129,8.63999042800489,0.9365132613368841
430,CCCCC(CC)CN(CC(CC)CCCC)C(=O)C(C)C,CCCCCCCCCCCC,1.5,4.0,100.0,6.21157323688969,0.7932016100908708
431,CCCCCCCCN(CCCCCCCC)C(=O)CCCCCCC,CCCCCCCCCCCC,0.5,9.98112,,2.71787132644957,0.4342288918608878
432,CCCCCCCC(=O)N(CCCCCC)CCCCCC,CCCCCCCCCCCC,1.0,4.0,0.1,12.426323074155,1.094342640722355
433,CCCCCCCCN(CCCCCCCC)C(=O)C(C)C,CCCCCCCCCCCC,,10.0,,1.09093175366695,0.03779758291381349
434,CCCCCCCC(=O)N(CCCCCC)CCCCCC,CC1=CC=CC=C1,0.5,0.5,50.0,1.95341069738634,0.2907935616990988
435,CCCCC(CC)CN(CC(CC)CCCC)C(=O)CC,CCCCCCCCCCCC,1.0,3.0,0.1,4.8,0.6812412373755872
436,CCCCCCCCCCCC(=O)N(CC)CC,CC1=CC=CC=C1,0.200381,,,0.878361176360775,-0.05632686832306318
437,CCCCCCCCN(CCCCCCCC)C(=O)CCC,CCCCCCCCCCCC,0.5,2.0,,1.00246649322985,0.001069865533045818
438,CCCCC(CC)CN(CC(CC)CCCC)C(=O)C(C)C,CCCCCCCCCCCC,1.0,0.01,200.0,7.88,0.8965262174895553
439,CCCCC(CC)CN(CC(CC)CCCC)C(=O)C(C)C,CCCC(C)CC(C)C ,0.958592,1.015,50.0,0.310974642101185,-0.5072750233349814
440,CCCCCCCC(=O)N(CCCCCC)CCCCCC,CCCCCCCCCCCC,1.09742,3.0,0.01,6.98947320727347,0.8444444444444436
441,CCCCC(CC)CN(CC(CC)CCCC)C(=O)CCC,CCCC(C)CC(C)C ,0.0199393,0.01,50.0,0.0526550608871736,-1.278559880703671
442,CCCCC(CC)CN(CC(CC)CCCC)C(=O)CCC,CCCC(C)CC(C)C ,0.98,0.01,7.2373,1.11,0.04532297878665748
443,CCCCCCN(CCCCCC)C(=O)C(C)C,CCCCCCCCCCCC,0.5,2.0,,0.39,-0.4089353929735008
444,CCCCCCCC(=O)N(CCCCCC)CCCCCC,CCCCCCCCCCCC,1.0,3.0,905.162,0.837151837899427,-0.07719576496805934
445,CCCCC(CC)CN(CC(CC)CCCC)C(=O)C(C)C,CCCCCCCCCCCC,1.0,2.0,83.5303,0.871387122416541,-0.05978886246861603
446,CCCCCCCC(=O)N(CCCCCC)CCCCCC,CC1=CC=CC=C1,0.193509,3.0,100.0,0.566346483234578,-0.2469177919249304
447,CCCCCCCCN(CCCCCCCC)C(=O)C(CC)CCCC,CCCCCCCCCCCC,0.5,7.30404,,2.50191478016384,0.3982725127375335
448,CCCCC(CC)CN(CC(CC)CCCC)C(=O)C(C)C,CCCCCCCCCCCC,0.5,1.0,0.1,0.0363454956649569,-1.439549404036478
449,CCCCCCCCCCCC(=O)N(CC)CC,CC1=CC=CC=C1,,5.0,,1.12495851149515,0.05113650594874027
450,CCCCCCN(CCCCCC)C(=O)CCC,CCCCCCCCCCCC,0.4,,,0.636124838785532,-0.1964576461828072
451,CCCCOP(=O)(OCCCC)OCCCC,CCCCCCCCCCCC,1.1,0.0989,,0.3059,-0.5144205230153214
452,CCCCCCCCN(CCCCCCCC)C(=O)COCC(=O)N(CCCCCCCC)CCCCCCCC,CCCCCCCCCCCC,0.0098,3.0,,0.0686,-1.163675884293248
453,CCCCC(CC)CN(CC(CC)CCCC)C(=O)CCC,CCCC(C)CC(C)C ,1.0,4.57138,,12.4050871412358,1.093599819380088
454,CCCCC(CC)CN(CC(CC)CCCC)C(=O)CC,CCCCCCCCCCCC,1.0,3.0,0.1,6.3,0.7993405494535817
455,CCCCN(CCCC)C(C)=O,CC1=CC=CC=C1,0.5,6.0,,6.4,0.8061799739838872
456,CCCCC(CC)CN(CC(CC)CCCC)C(C)=O,CCCCCCCCCCCC,0.0500486,2.0,0.01,0.150218747966953,-0.8232758620689614
457,CCCCC(CC)CN(CC(CC)CCCC)C(=O)C(C)C,CCCC(C)CC(C)C ,0.540345,10.2,,0.713700722121948,-0.1464838638239616
458,CCCCC(CC)CN(CC(CC)CCCC)C(=O)C(C)(C)C,CCCCCCCCCCCC,1.0,4.0,0.1,2.85695628801003,0.4559035956430633
459,CCCCCCN(CCCCCC)C(=O)C(CC)CCCC,CCCCCCCCCCCC,1.5,3.0,500.0,3.54545454545454,0.5496719218682735
460,CCCCCCCC(=O)N(CCCCCC)CCCCCC,CCCCCCCCCCCC,1.0,3.0,237.331,3.36126910400646,0.5265032835812309
461,CCCCCCCC(=O)N(CCCCCC)CCCCCC,CCCCCCCCCCCC,1.1,3.0,858.369,4.5574463002895,0.6587215601300098
462,CCCCC(CC)CN(CC(CC)CCCC)C(=O)CCC,CCCC(C)CC(C)C ,0.517704,1.0,,0.237595891284276,-0.624161073825504
463,CCCCC(CC)CN(CC(CC)CCCC)C(=O)CCC,CCCCCCCCCCCC,1.0,3.92564,,24.1403389044112,1.382743362831857
464,CCCCC(CC)CN(CC(CC)CCCC)C(=O)C(C)C,CCCCCCCCCCCC,1.0,1.0,0.01,0.24,-0.619788758288394
465,CCCCCCCCCCN(CCCCCCCCCC)C(=O)COCC(=O)N(CCCCCCCCCC)CCCCCCCCCC,CCCCCCCCCCCC,0.204,1.0,0.0004,1.421,0.1525940779274698
466,CCCCC(CC)CN(CC(CC)CCCC)C(=O)COCC(=O)N(CC(CC)CCCC)CC(CC)CCCC,CCCCCCCCCCCC,0.5,3.0,4.2,14.95,1.174641192660449
467,CCCCCCN(CCCCCC)C(=O)C(CC)CCCC,CC1=CC=CC=C1,0.602579,3.0,100.0,3.83387712957857,0.583638190231899
468,CCCCC(CC)CN(CC(CC)CCCC)C(=O)CC(C)(C)C,CCCCCCCCCC(C)C,1.25065,4.9,,19.7122792151769,1.294736842105262
469,CCCCCCN(CCCCCC)C(=O)CCCCC,CCCCCCCCCCCC,0.267493,3.5,,1.08919806549394,0.03710686132560858
470,CCCCCCN(CCCCCC)C(=O)C(CC)CCCC,CCCCCCCCCCCC,1.0,3.0,500.0,1.63157894736842,0.2126080928814434
471,CCCCC(CC)CN(CC(CC)CCCC)C(=O)C(C)(C)C,CCCCCCCCCCCC,1.0,3.0,1000.0,0.388888888888888,-0.4101744650890502
472,CCCCC(CC)C(=O)N(CCCC)CCCC,CC1=CC(=CC(=C1)C)C,1.0,1.0,,1.19894385576433,0.07879884639939841
473,CCCCC(CC)CN(CC(CC)CCCC)C(=O)CC,CCCCCCCCCCCC,0.118115,2.0,0.01,0.104049831036578,-0.9827586206896575
474,CCCCCCCC(=O)N(CCCCCC)CCCCCC,CCCCCCCCCCCC,1.1,4.0,858.369,5.37313211243472,0.7302275189599128
475,CCCCCCCC(=O)N(CCCCCC)CCCCCC,CCCCCCCCCCCC,1.0,3.0,403.411,3.35017676798892,0.5250677226597732
476,CCCCC(CC)CN(CC(CC)CCCC)C(=O)C(C)(C)C,CCCCCCCCCCCC,1.0,1.0,0.01,0.125264090350313,-0.9021734110319146
477,CCCCC(CC)CN(CC(CC)CCCC)C(=O)C(C)C,CCCC(C)CC(C)C ,1.99711,10.2,,6.98464713835244,0.8441444706166565
478,CCCCC(CC)CN(CC(CC)CCCC)C(=O)C(C)C,CCCCCCCCCCCC,1.0,1.0,0.01,0.24,-0.619788758288394
479,CCCCC(CC)CN(CC(CC)CCCC)C(=O)C(C)C,CCCCCCCCCCCC,1.0,4.0,0.01,3.69,0.5670263661590603
480,CCCCCCCCCCCC(=O)N(CC)CC,CC1=CC=CC=C1,0.520432,2.0,,4.73811461087122,0.6756055617195716
481,CCCCC(CC)CN(CC(CC)CCCC)C(=O)C(C)C,CCCCCCCCCCCC,1.0,2.0,36.5481,0.865924570683282,-0.06251993703895245
482,CCCCCCCC(=O)N(CCCCCC)CCCCCC,CCCCCCCCCCCC,1.0,3.0,945.309,0.696879372534325,-0.1568423903044674
483,CCCCCCCCN(CCCCCCCC)C(=O)CCC,CCCCCCCCCCCC,,3.0,,1.66409655654588,0.2211785219297459
484,CCCCCCCCCCN(CCCCCCCCCC)C(=O)COCC(=O)N(CCCCCCCCCC)CCCCCCCCCC,CCCCCCCCCCCC,0.041,1.0,0.0004,0.027,-1.568636235841013
485,CCCCCCCCN(CCCCCCCC)C(=O)COCC(=O)N(CCCCCCCC)CCCCCCCC,CCCCCCCCCCCC,0.1,0.987,,0.888623816274341,-0.051282051282051
486,CCCCC(CC)CN(CC(CC)CCCC)C(=O)C(C)C,CCCCCCCCCCCC,1.0,6.0,0.01,4.18,0.6211762817750351
487,CCCCCCCC(=O)N(CCCCCC)CCCCCC,CCCCCCCCCCCC,0.216926,8.5,,1.04910017660844,0.02081696013925367
488,CCCCC(CC)CN(CC(CC)CCCC)C(=O)C(C)C,CCCC(C)CC(C)C ,0.519787,1.0,,0.0601084314284688,-1.221064605101569
489,CCCCC(CC)CN(CC(CC)CCCC)C(=O)CCC,CCCC(C)CC(C)C ,1.42168,1.015,50.0,4.30052863121147,0.6335218433719506
490,CCCCCCCC(=O)N(CCCCCC)CCCCCC,CCCCCCCCCCCC,1.0,3.0,771.528,1.46134332597456,0.1647522604652088
491,CCCCC(CC)CN(CC(CC)CCCC)C(=O)C(C)C,CCCCCCCCCCCC,1.0,6.0,0.01,4.18,0.6211762817750351
492,CCCCC(CC)CN(CC(CC)CCCC)C(=O)CCC,CCCCCCCCCCCC,1.0,3.0,,10.0391940070001,1.001698847035765
493,CCCCCCN(CCCCCC)C(=O)C(C)C,CCCCCCCCCCCC,0.2,,,0.0479716081887313,-1.319015722105611
494,CCCCC(CC)CN(CC(CC)CCCC)C(=O)CCC,CCCC(C)CC(C)C ,1.66179,5.2,,32.0326479834317,1.50559284116331
495,CCCCC(CC)CN(CC(CC)CCCC)C(=O)C(C)C,CCCCCCCCCCCC,1.0,4.0,0.1,3.6890496314306,0.5669144981412634
496,CCCCCCCC(=O)N(CCCCCC)CCCCCC,CCCCCCCCCCCC,0.5,3.5,,2.8,0.4471580313422192
497,CCCCC(CC)CN(CC(CC)CCCC)C(=O)CCC,CCCCCCCCCCCC,0.199014,2.0,,0.0270743562738948,-1.567441860465111
498,CCCCCCN(CCCCCC)C(=O)CCC,CCCCCCCCCCCC,,6.0,,2.14684306794515,0.3318002991095532
499,CCCCCCCC(=O)N(CCCCCC)CCCCCC,CC1=CC=CC=C1,0.5,1.0,50.0,0.659949727214238,-0.1804891463142153
500,CCCCC(CC)C(=O)N(CCCC)CCCC,CC1=CC(=CC(=C1)C)C,0.96,2.12632,,3.56902084362968,0.5525490843095185
501,CCCCC(CC)CN(CC(CC)CCCC)C(=O)C(C)C,CCCCCCCCCCCC,1.0,5.0,0.01,4.6,0.6627578316815741
502,CCCCCCCC(=O)N(CCCCCC)CCCCCC,CCCCCCCCCCCC,1.0,3.0,9.80066,4.35309278350512,0.6387979239767979
503,CCCCCCN(CCCCCC)C(=O)CCCCC,CCCCCCCCCCCC,0.5,6.4707,,4.84234468556832,0.6850556999575159
504,CCCCCCCC(=O)N(CCCCCC)CCCCCC,CCCCCCCCCCCC,1.0,3.0,1.08928,0.74962714460897,-0.1251546956789144
505,CCCCC(CC)CN(CC(CC)CCCC)C(=O)C(C)(C)C,CCCCCCCCCCCC,1.0,4.0,0.1,2.89426612471675,0.4615384615384614
506,CCCCC(CN(C(CCC)=O)CC(CCCC)CC)CC,CCCCCCCCCCCC,,7.0,,9.48823410082157,0.9771853913912649
507,CCCCC(CC)CN(CC(CC)CCCC)C(=O)COCC(=O)N(CC(CC)CCCC)CC(CC)CCCC,CCCCCCCCCCCC,0.04,1.0,0.0004,0.0072,-2.142667503568731
508,CCCCCCCCCCCC(=O)N(CC(CC)CCCC)CC(CC)CCCC,CCCCCCCCCC(C)C,0.5,8.1747,,4.70362109575205,0.6724323295111406
509,CCCCCCCC(=O)N(CCCCCC)CCCCCC,CCCCCCCCCCCC,0.218704,,,10.873093329895,1.036353115842418
510,CCCCC(CC)CN(CC(CC)CCCC)C(=O)C(C)C,CCCC(C)CC(C)C ,0.519787,1.0,,0.0601084314284688,-1.221064605101569
511,CCCCC(CC)CN(CC(CC)CCCC)C(=O)CCC,CCCC(C)CC(C)C ,1.0,1.64283,,4.49440502176264,0.6526722071108372
512,CCCCC(CC)CN(CC(CC)CCCC)C(=O)C(C)(C)C,CCCCCCCCCCCC,1.0,6.0,0.01,5.29416746590001,0.7237976748508552
513,CCCCCCCCN(CCCCCCCC)C(=O)C(C)C,CCCCCCCCCCCC,0.8,2.0,,0.940484407808569,-0.02664840017615605
514,CCCCC(CC)CN(CC(CC)CCCC)C(=O)C(C)C,CCCCCCCCCCCC,1.1,4.0,85.837,2.79,0.4456042032735976
515,CCCCN(CCCC)C(=O)CCC,CC1=CC=CC=C1,1.0207,3.0,,23.1172028218273,1.363935283358457
516,CCCCCCCC(=O)N(CCCCCC)CCCCCC,CCCCCCCCCCCC,1.0,3.0,167.66,4.5,0.6532125137753437
517,CCCCC(CC)CN(CC(CC)CCCC)C(=O)C(C)C,CCCCCCCCCCCC,1.0,8.0,0.01,3.3,0.5185139398778874
518,CCCCC(CC)CN(CC(CC)CCCC)C(=O)C(C)C,CCCCCCCCCCCC,1.1,4.0,128.755,2.381,0.3767593954048798
519,CCCCCCN(CCCCCC)C(=O)CCCCC,CCCCCCCCCCCC,0.5,5.0107,,5.4416106708378,0.7357274662281335
520,CCCCCCCCN(CCCCCCCC)C(=O)C(CC)CCCC,CCCCCCCCCCCC,0.5,6.21625,,2.72263706432691,0.4349897524434111
521,CCCCCCCC(=O)N(CCCCCC)CCCCCC,CCCCCCCCCCCC,1.0,3.5,128.755,9.35,0.9708116108725178
522,CCCCC(CC)CN(CC(CC)CCCC)C(=O)CCC,CCCC(C)CC(C)C ,0.468522,1.015,50.0,0.254796453250924,-0.5938066216438812
523,CCCCC(CC)CN(CC(CC)CCCC)C(=O)C(C)C,CCCC(C)CC(C)C ,1.0,1.44615,,0.651796590980974,-0.1858879153069338
524,CCCCC(CC)CN(CC(CC)CCCC)C(=O)C(C)C,CCCCCCCCCCCC,1.5,2.0,1250.0,0.822784810126515,-0.08471373464762134
525,CCCCCCN(CCCCCC)C(=O)COCC(=O)N(CCCCCC)CCCCCC,CCCCCCCCCCCC,0.02,1.0,0.0004,0.01,-2.0
526,CCCCCCCCCCN(CCCCCCCCCC)C(=O)COCC(=O)N(CCCCCCCCCC)CCCCCCCCCC,CCCCCCCCCCCC,0.02,1.0,0.0004,0.005,-2.301029995663981
527,CCCCC(CC)CN(CC(CC)CCCC)C(=O)C(C)C,CCCC(C)CC(C)C ,0.898544,10.2,,1.4594538705602,0.1641903726520483
528,CCCCC(CC)CN(CC(CC)CCCC)C(=O)C(C)C,CCCCCCCCCCCC,1.0,3.0,0.01,1.95,0.290034611362518
529,CCCCCCCC(=O)N(CCCCCC)CCCCCC,CC1=CC=CC=C1,0.5,6.0,50.0,3.88026468556409,0.5888613512538016
530,CCCCC(CC)CN(CC(CC)CCCC)C(=O)CCC,CCCCCCCCCCCC,1.0,4.0,0.013,10.3438100126179,1.014680535148689
531,CCCCC(CC)CN(CC(CC)CCCC)C(=O)C(C)C,CCCCCCCCCCCC,,0.5,,0.0783522154846263,-1.105948718925517
532,CCCCC(CC)CN(CC(CC)CCCC)C(=O)C(C)C,CCCCCCCCCCCC,1.0,0.1,0.01,0.0023175642399841,-2.634968218916374
533,CCCCCCCCCCCCN(CCCCCCCCCCCC)C(=O)COCC(=O)N(CCCCCCCC)CCCCCCCC,CCCCCCCCCCCC,0.1,3.03,11.0,1.08,0.03342375548694973
534,CCCCCCCCN(CCCCCCCC)C(=O)C(C)C,CCCCCCCCCCCC,,8.0,,4.33005849249077,0.6364937630495308
535,CCCCCCCCCCCC(=O)N(CC)CC,CC1=CC=CC=C1,0.25,,,1.28220161112664,0.1079563182527277
536,CCCCC(CC)CN(CC(CC)CCCC)C(=O)CCC,CCCCCCCCCCCC,1.0,2.03768,0.00084,4.28133239871939,0.6315789473684207
537,CCCCC(CC)CN(CC(CC)CCCC)C(C)=O,CCCCCCCCCCCC,1.0,3.0,0.1,15.9,1.201397124320452
538,CCCCC(CC)CN(CC(CC)CCCC)C(=O)C(C)C,CCCCCCCCCCCC,1.5,6.0,100.0,8.01989150090415,0.9041684928630465
539,CCCCCCCC(=O)N(CCCCCC)CCCCCC,CCCCCCCCCCCC,1.0,3.0,238.768,4.85461815217696,0.686155075454263
540,CCCCC(CC)CN(CC(CC)CCCC)C(=O)CCC,CCCC(C)CC(C)C ,0.0119717,0.01,50.0,0.0164000104537512,-1.785155875122728
541,CCCCCCCCCCCCN(CCCCCCCCCCCC)C(=O)COCC(=O)N(CCCCCCCC)CCCCCCCC,CCCCCCCCCCCC,0.1,0.11,11.0,,
542,CCCCC(CC)CN(CC(CC)CCCC)C(=O)C(C)C,CCCCCCCCCCCC,1.5,4.0,250.0,4.59312839059674,0.6621085853152393
543,CCCCCCCC(=O)N(CCCCCC)CCCCCC,CCCCCCCCCCCC,1.0,3.0,0.164017,6.7488762320829,0.8292314636701624
544,CCCCC(CC)CN(CC(CC)CCCC)C(=O)COCC(=O)N(CC(CC)CCCC)CC(CC)CCCC,CCCCCCCCCCCC,0.2,1.046,4.2,0.202,-0.6946486305533762
545,CCCCCCN(CCCCCC)C(=O)C(CC)CCCC,CCCCCCCCCCCC,1.0,5.00754,0.00084,4.83293023857175,0.6842105263157892
546,CCCCCCCC(=O)N(CCCCCC)CCCCCC,CCCCCCCCCCCC,1.0,3.0,0.0845494,4.9,0.6901960800285137
547,CCCCC(CC)CN(CC(CC)CCCC)C(=O)C(C)C,CCCCCCCCCCCC,1.0,2.0,7.63186,0.906532529693313,-0.04261660721896531
548,CCCCC(CN(C(CCC)=O)CC(CCCC)CC)CC,CCCCCCCCCCCC,,9.0,,8.45357034181965,0.9270401707559837
549,CCCCCCCCCCCCCCC(C(=O)N(C)CCCC)C(=O)N(C)CCCC,CCCC(C)CC(C)C ,0.5,3.0,,1459.416,3.164179103238849
550,CCCCCCCCN(CCCCCCCC)C(=O)C(CC)CCCC,CCCCCCCCCCCC,0.992707,2.0,,2.39992492914354,0.3801976569746794
551,CCCCC(CC)CN(CC(CC)CCCC)C(=O)CCC,CCCC(C)CC(C)C ,0.0637623,0.01,50.0,0.515086505491048,-0.2881198278471295
552,CCCCCCCC(=O)N(CCCCCC)CCCCCC,CCCCCCCCCCCC,1.0,2.0,0.1,2.6055400547315,0.4158977539238713
553,CCCCCCN(CCCCCC)C(=O)C(C)C,CCCCCCCCCCCC,0.5,2.0,,0.49,-0.3098039199714863
554,CCCCC(CC)CN(CC(CC)CCCC)C(=O)C(C)C,CCCC(C)CC(C)C ,1.0,0.367497,,0.0390844040765902,-1.407996505383249
555,CCCCCCCC(=O)N(CCCCCC)CCCCCC,CCCCCCCCCCCC,1.0,3.0,0.337403,3.80668388649071,0.5805468137587255
556,CCCCCCCCCCCC(=O)N(CCCCCCCC)CCCCCCCC,CC1=CC=CC=C1,0.49844,,,5.241374132027,0.7194451609763224
557,CCCCC(CC)CN(CC(CC)CCCC)C(=O)CC,CCCCCCCCCCCC,1.0,1.0,0.01,0.960510624271812,-0.01749782701560991
558,CCCCC(CC)CN(CC(CC)CCCC)C(=O)C(C)C,CCCCCCCCCCCC,1.5,4.0,1250.0,0.831826401446612,-0.07996729962314643
559,CCCCCCCCN(CCCCCCCC)C(=O)C(C)C,CCCCCCCCCCCC,0.5,2.0,,0.370198474892077,-0.4315653747438915
560,CCCCC(CC)CN(CC(CC)CCCC)C(=O)C(C)C,CCCC(C)CC(C)C ,1.0062,5.0,,4.19923772748273,0.6231704616375756
561,CCCCC(CC)CN(CC(CC)CCCC)C(=O)C(C)(C)C,CCCCCCCCCCCC,1.0,5.0,0.01,4.33834923788614,0.6373245098685487
562,CCCCCCCC(=O)N(CCCCCC)CCCCCC,CCCCCCCCCCCC,1.0,3.0,336.987,3.17261321033591,0.5014171282441098
563,CCCCC(CC)CN(CC(CC)CCCC)C(=O)C(C)C,CCCCCCCCCCCC,1.0,2.0,332.196,0.737631121801296,-0.1321607680099658
564,CCCCC(CC)CN(CC(CC)CCCC)C(=O)CC(C)(C)C,CCCCCCCCCC(C)C,0.5,6.74447,,4.12058667163934,0.6149590534401633
565,CCCCC(CC)CN(CC(CC)CCCC)C(=O)CCC,CCCC(C)CC(C)C ,0.713929,1.0,,0.483686268643715,-0.3154362416107405
566,CCCCCCCC(=O)N(CCCCCC)CCCCCC,CCCCCCCCCCCC,1.0,3.0,187.29,0.931783202719652,-0.03068512285530053
567,CCCCCCCC(=O)N(CCCCCC)CCCCCC,CCCCCCCCCCCC,1.0,3.0,0.422747,3.1,0.4913616938342727
568,CCCCC(CC)CN(CC(CC)CCCC)C(=O)CCC,CCCCCCCCCCCC,1.5,3.0,500.0,4.0,0.6020599913279624
569,CCCCC(CC)CN(CC(CC)CCCC)C(=O)C(C)C,CCCCCCCCCCCC,1.0,0.1,0.01,0.0023175642399841,-2.634968218916374
570,CCCCC(CC)CN(CC(CC)CCCC)C(=O)C(C)C,CCCC(C)CC(C)C ,0.487865,1.015,50.0,0.0617067839579047,-1.20966708761141
571,CCCCC(CC)CN(CC(CC)CCCC)C(=O)C(C)C,CCCCCCCCCCCC,1.5,6.0,1000.0,0.904159132007226,-0.04375512696868296
572,CCCCC(CC)CN(CC(CC)CCCC)C(C)=O,CCCCCCCCCCCC,1.0,5.0,0.01,17.924095340336,1.253437245309724
573,CCCCC(CC)CN(CC(CC)CCCC)C(=O)CCC,CCCCCCCCCCCC,0.5,6.5,0.03,0.739780418067508,-0.1308971686110271
574,CCCCC(CC)CN(CC(CC)CCCC)C(=O)CCC,CCCC(C)CC(C)C ,1.01005,5.2,,12.0375169802006,1.080536912751675
575,CCCCC(CC)CN(CC(CC)CCCC)C(=O)C(C)C,CCCCCCCCCCCC,1.0,6.0,0.01,3.77,0.5763413502057929
576,CCCCC(CC)CN(CC(CC)CCCC)C(=O)COCC(=O)N(CC(CC)CCCC)CC(CC)CCCC,CCCCCCCCCCCC,0.75,3.0,4.2,28.6,1.456366033129043
577,CCCCCCN(CCCCCC)C(=O)CCC,CCCCCCCCCCCC,,2.0,,1.21796459159288,0.08563466276372743
578,CCCCC(CC)CN(CC(CC)CCCC)C(=O)CCC,CCCCCCCCCCCC,1.0,0.100578,0.00084,0.0321750178854765,-1.49248120300752
579,CCCCC(CN(C(CCC)=O)CC(CCCC)CC)CC,CCCCCCCCCCCC,,0.5,,0.219013084491326,-0.6595299383442075
580,CCCCC(CC)CN(CC(CC)CCCC)C(=O)C(C)C,CCCCCCCCCCCC,1.5,2.0,100.0,2.11573236889692,0.3254607304414622
581,CCCCC(CC)CN(CC(CC)CCCC)C(=O)C(C)(C)C,CCCCCCCCCCCC,1.0,0.293768,0.00084,0.0050089736114166,-2.300251256281407
582,CCCCC(CC)CN(CC(CC)CCCC)C(=O)C(C)C,CCCCCCCCCCCC,1.0,6.0,0.01,4.18,0.6211762817750351
583,CCCCC(CC)CN(CC(CC)CCCC)C(=O)CCC,CCCCCCCCCCCC,1.0,0.1,0.013,0.559093651374485,-0.2525154392181344
584,CCCCCCCC(=O)N(CCCCCC)CCCCCC,CCCCCCCCCCCC,1.0,3.0,840.99,1.21041590715303,0.082934622503059
585,CCCCCCN(CCCCCC)C(=O)C(C)C,CCCCCCCCCCCC,0.1,,,0.0099997433391807,-2.000011146780801
586,CCCCCCN(CCCCCC)C(=O)C(C)C,CCCCCCCCCCCC,,3.0,,0.880282783751191,-0.055377791833341
587,CCCCC(CC)CN(CC(CC)CCCC)C(=O)C(C)C,CCCCCCCCCCCC,1.0,6.0,0.01,4.08,0.6106601630898799
588,CCCCC(CC)CN(CC(CC)CCCC)C(C)=O,CCCCCCCCCCCC,0.101814,2.0,0.01,0.562341325190346,-0.2500000000000024
589,CCCCCCCC(=O)N(CCCCCC)CCCCCC,CCCCCCCCCCCC,0.5,5.95993,,6.24932901533221,0.7958333900509484
590,CCCCCCCC(=O)N(CCCCCC)CCCCCC,CCCCCCCCCCCC,1.0,2.0,0.1,5.14597890320571,0.7114680014156944
591,CCCCCCCCCCCC(=O)N(CC)CC,CC1=CC=CC=C1,0.3,2.0,,1.60195136369548,0.2046493264802312
592,CCCCC(CC)CN(CC(CC)CCCC)C(=O)CCC,CCCCCCCCCCCC,1.0,3.03286,0.00084,8.7823152514744,0.9436090225563907
593,CCCCC(CC)CN(CC(CC)CCCC)C(=O)C(C)C,CCCCCCCCCCCC,1.0,6.0,0.01,3.77,0.5763413502057929
594,CCCCCCN(CCCCCC)C(=O)C(CC)CCCC,CCCCCCCCCCCC,1.0,2.07322,0.00084,0.965967258009383,-0.01503759398496262
595,CCCCCCCC(=O)N(CCCCCC)CCCCCC,CCCCCCCCCCCC,1.0,3.0,502.979,2.3,0.3617278360175928
596,CCCCC(CC)CN(CC(CC)CCCC)C(=O)CC,CCCCCCCCCCCC,1.0,2.0,0.01,3.58670747143931,0.5546959574620433
597,CCCCC(CC)CN(CC(CC)CCCC)C(=O)C(C)C,CCCC(C)CC(C)C ,1.0,3.43812,,2.82485206293477,0.4509957088161992
598,CCCCC(CC)CN(CC(CC)CCCC)C(=O)C(C)C,CCCC(C)CC(C)C ,1.30446,5.0,,5.36339414195842,0.729439713313603
599,CCCCN(CCCC)C(=O)C(C)C,CC1=CC=CC=C1,0.5,6.0,,3.3,0.5185139398778874
600,CCCCC(CC)CN(CC(CC)CCCC)C(=O)C(C)(C)C,CCCCCCCCCCCC,1.0,4.0,0.1,2.8,0.4471580313422192
601,CCCCC(CC)CN(CC(CC)CCCC)C(=O)C(C)C,CCCCCCCCCCCC,1.5,2.0,250.0,1.83544303797466,0.2637409109445279
602,CCCCCCCCN(CCCCCCCC)C(=O)COCC(=O)N(CCCCCCCC)CCCCCCCC,CCCCCCCCCCCC,0.1,1.9925,,4.07086415031646,0.6096866096866093
603,CCCCC(CC)CN(CC(CC)CCCC)C(=O)C(C)C,CCCC(C)CC(C)C ,0.487865,1.015,50.0,0.0617067839579047,-1.20966708761141
604,CCCCC(CC)CN(CC(CC)CCCC)C(=O)CC(C)(C)C,CCCCCCCCCC(C)C,0.762333,0.98,,0.243200751326795,-0.6140350877192979
605,CCCCC(CC)CN(CC(CC)CCCC)C(=O)C(C)C,CCCCCCCCCCCC,1.0,1.00579,0.00084,0.232048031962207,-0.6344221105527648
606,CCCCCCCCN(CCCCCCCC)C(=O)C(C)C,CCCCCCCCCCCC,1.0,2.0,,1.54277852561769,0.1883035851650658
607,CCCCCCN(CCCCCC)C(=O)CCCCC,CCCCCCCCCCCC,0.2595,6.5,,1.43540329299678,0.1569739382239341
608,CCCCC(CC)CN(CC(CC)CCCC)C(=O)C(C)C,CCCCCCCCCCCC,1.0,0.5,,0.0501020926271654,-1.300144134463074
609,CCCCCCCC(=O)N(CCCCCC)CCCCCC,CCCCCCCCCCCC,1.1,0.5,1287.55,0.990070921743478,-0.004333694474538976
610,CCCCC(CC)C(=O)N(CCCC)CCCC,CC1=CC(=CC(=C1)C)C,0.96,0.642105,,0.686653458855359,-0.163262387944784
611,CCCCC(CC)CN(CC(CC)CCCC)C(=O)C(C)C,CCCC(C)CC(C)C ,1.91968,1.0,,1.14662390061872,0.0594209901149536
612,CCCCC(CC)CN(CC(CC)CCCC)C(=O)C(C)C,CCCCCCCCCCCC,0.5,4.0,0.1,1.07658197802367,0.03204710545330516
613,CCCCC(CC)CN(CC(CC)CCCC)C(C)=O,CCCCCCCCCCCC,1.0,0.1,0.01,0.172645847687107,-0.7628438624246476
614,CCCCC(CC)CN(CC(CC)CCCC)C(=O)C(C)C,CCCCCCCCCCCC,0.769377,2.0,,0.490762499044253,-0.3091286307053941
615,CCCCCCCCN(CCCCCCCC)C(=O)CCCCCCC,CCCCCCCCCCCC,0.5,3.97145,,3.78037089477501,0.5775344108563207
616,CCCCCCN(CCCCCC)C(=O)C(C)C,CCCCCCCCCCCC,,1.0,,0.120218349885291,-0.9200292374440189
617,CCCCC(CC)CN(CC(CC)CCCC)C(=O)C(C)C,CCCC(C)CC(C)C ,0.81773,5.0,,2.67647608346122,0.4275633669545613
618,CCCCC(CC)C(=O)N(CCCC)CCCC,CC1=CC=CC=C1,0.5,6.0,,4.1,0.6127838567197355
619,CCCCCCCCCCCC(=O)N(CC)CC,CC1=CC=CC=C1,1.00196,2.0,,24.8508514671927,1.395341273599259
620,CCCCC(CC)CN(CC(CC)CCCC)C(=O)C(C)C,CCCC(C)CC(C)C ,1.0,6.25934,,3.53536164844954,0.5484338463910386
621,CCCCCCN(C=O)CCCCCC,CC1=CC=CC=C1,0.5,6.0,,3.6,0.5563025007672873
622,CCCCC(CC)C(=O)N(CCCC)CCCC,CC1=CC(=CC(=C1)C)C,1.0,3.0,,6.36725411582714,0.8039521828148732
623,CCCCCCCC(=O)N(CCCCCC)CCCCCC,CCCCCCCCCCCC,1.0,3.0,148.582,1.1491508333269,0.06037703633173826
624,CCCCCCCCN(CCCCCCCC)C(=O)COCC(=O)N(CCCCCCCC)CCCCCCCC,CCCCCCCCCCCC,0.1,4.9849,,16.5719349303318,1.21937321937322
625,CCCCC(CC)CN(CC(CC)CCCC)C(=O)C(C)C,CCCCCCCCCCCC,1.5,6.0,500.0,2.53164556962025,0.4034029043735392
626,CCCCCCCCN(CCCCCCCC)C(=O)COCC(=O)N(CCCCCCCC)CCCCCCCC,CCCCCCCCCCCC,0.0977,3.0,,5.3676,0.7297801442202818
627,CCCCCCCC(=O)N(CCCCCC)CCCCCC,CC1=CC(=CC(=C1)C)C,1.0,3.0,297.908,2.26436974017619,0.3549473425726017
628,CCCCC(CC)CN(CC(CC)CCCC)C(=O)C(C)C,CCCCCCCCCCCC,1.0,8.0,0.01,3.3,0.5185139398778874
629,CCCCCCCC(=O)N(CCCCCC)CCCCCC,CCCCCCCCCCCC,1.0,3.0,43.154,7.75884132154498,0.8897968700686152
630,CCCCCCCC(=O)N(CCCCCC)CCCCCC,CC1=CC(=CC(=C1)C)C,1.0,3.0,44.927,7.58731249284321,0.8800879713874663
631,CCCCCCCC(=O)N(CCCCCC)CCCCCC,CCCCCCCCCCCC,1.1,0.5,0.009,2.4063850109593,0.3813651137594792
632,CCCCC(CC)C(=O)N(CCCC)CCCC,CC1=CC(=CC(=C1)C)C,0.96,3.26316,,7.30554907655118,0.8636528625639327
633,CCCCCCCC(=O)N(CCCCCC)CCCCCC,CCCCCCCCCCCC,1.0,5.0,0.1,12.6114099544882,1.100763643371112
634,CCCCCCCC(=O)N(CCCCCC)CCCCCC,CCCCCCCCCCCC,1.0,6.0,0.1,5.03930440026138,0.7023705927993015
635,CCCCC(CC)CN(CC(CC)CCCC)C(=O)C(C)C,CCCCCCCCCCCC,1.5,4.0,250.0,4.59312839059674,0.6621085853152393
636,CCCCCCCC(=O)N(CCCCCC)CCCCCC,CCCCCCCCCCCC,1.0,3.0,0.253648,3.9,0.5910646070264992
637,CCCCCCCC(=O)N(CCCCCC)CCCCCC,CCCCCCCCCCCC,1.0,3.0,771.528,1.46134332597456,0.1647522604652088
638,CCCCCCCC(=O)N(CCCCCC)CCCCCC,CCCCCCCCCCCC,0.426786,3.5,,2.65955441300348,0.4248088801709484
639,CCCCCCCCN(CCCCCCCC)C(=O)CCC,CCCCCCCCCCCC,,10.0,,2.53531135503148,0.4040313015268496
640,CCCCCCCC(=O)N(CCCCCC)CCCCCC,CCCCCCCCCCCC,1.0,6.0,0.1,14.0262381073185,1.146941207143456
641,CCCCCCCCCCCC(=O)N(CCCC)CCCC,CC1=CC=CC=C1,0.399081,,,3.19857158823828,0.5049560752439612
642,CCCCCCCCCCCC(=O)N(CCCCCCCC)CCCCCCCC,CC1=CC=CC=C1,0.2,,,0.479869607643353,-0.3188767550702024
643,CCCCC(CC)CN(CC(CC)CCCC)C(=O)CC,CCCCCCCCCCCC,1.0,6.0,0.01,11.9200026552095,1.076276352144377
644,CCCCCCCC(=O)N(CCCCCC)CCCCCC,CCCCCCCCCCCC,1.1,3.0,0.009,11.076954412474,1.04442036836403
645,CCCCCCCCN(CCCCCCCC)C(=O)CCCCCCC,CC1=CC=CC=C1,0.5,3.5,50.0,2.55,0.4065401804339551
646,CCCCC(CC)C(=O)N(CCCC)CCCC,CC1=CC(=CC(=C1)C)C,1.0,3.0,10.3506,8.11212576098742,0.9091346748392991
647,CCCCC(CC)CN(CC(CC)CCCC)C(=O)COCC(=O)N(CC(CC)CCCC)CC(CC)CCCC,CCCCCCCCCCCC,0.2,3.11,4.2,5.465,0.7375901662857216
648,CCCCC(CC)CN(CC(CC)CCCC)C(=O)CCC,CCCC(C)CC(C)C ,0.204793,1.015,50.0,0.0304477848378741,-1.516444298028881
649,CCCCCCCC(=O)N(CCCCCC)CCCCCC,CCCCCCCCCCCC,1.0,3.0,164.017,6.74887623208289,0.8292314636701619
650,CCCCCCCC(=O)N(CCCCCC)CCCCCC,CCCCCCCCCCCC,0.5,3.5,,3.62,0.5587085705331657
651,CCCCCCCC(=O)N(CCCCCC)CCCCCC,CCCCCCCCCCCC,1.0,3.0,173.286,1.04726760379676,0.02005766926485197
652,CCCCC(CC)CN(CC(CC)CCCC)C(=O)C(C)C,CCCC(C)CC(C)C ,0.958592,1.015,50.0,0.310974642101185,-0.5072750233349814
653,CCCCC(CC)CN(CC(CC)CCCC)C(C)=O,CCCCCCCCCCCC,1.0,4.0,0.1,19.0,1.278753600952829
654,CCCCC(CC)CN(CC(CC)CCCC)C(=O)CCC,CCCC(C)CC(C)C ,1.0,0.120292,,0.0291208420315356,-1.535796071516882
655,CCCCC(CC)CN(CC(CC)CCCC)C(=O)C(C)C,CCCCCCCCCCCC,,8.0,,4.37528513315719,0.6410063608375752
656,CCCCC(CC)CN(CC(CC)CCCC)C(=O)CC,CCCCCCCCCCCC,0.353517,2.0,0.01,1.32035177971629,0.1206896551724121
657,CCCCCCCCN(CCCCCCCC)C(=O)C(CC)CCCC,CCCCCCCCCCCC,0.5,5.75307,,2.58753017596587,0.4128854232684702
658,CCCCC(CC)CN(CC(CC)CCCC)C(C)=O,CCCCCCCCCCCC,0.406808,2.0,0.01,9.14548825946484,0.9612068965517243
659,CCCCCCCCN(CCCCCCCC)C(=O)COCC(=O)N(CCCCCCCC)CCCCCCCC,CCCCCCCC,0.1,3.0,1.0,2.14,0.3304137733491909
660,CCCCC(CC)CN(CC(CC)CCCC)C(=O)C(C)C,CCCCCCCCCCCC,1.0,3.05011,0.00084,2.68158742141095,0.4283919597989941
661,CCCCC(CC)CN(CC(CC)CCCC)C(=O)C(C)C,CCCC(C)CC(C)C ,1.0,10.7387,,2.76387966402113,0.4415191304571257
662,CCCCCCCC(=O)N(CCCCCC)CCCCCC,CCCCCCCCCCCC,1.1,3.0,0.01,7.78215120886644,0.8910996649845989
663,CCCCCCCCN(CCCCCCCC)C(=O)COCC(=O)N(CCCCCCCC)CCCCCCCC,CCCCCCCCCCCC,0.018,1.0,0.0004,0.003,-2.522878745280337
664,CCCCCCCC(=O)N(CCCCCC)CCCCCC,CCCCCCCCCCCC,1.0,3.0,164.017,6.74887623208289,0.8292314636701619
665,CCCCC(CC)CN(CC(CC)CCCC)C(=O)CCC,CCCC(C)CC(C)C ,0.98,0.01,9.3518,1.14,0.05690485133647256
666,CCCCC(CC)CN(CC(CC)CCCC)C(=O)CCC,CCCC(C)CC(C)C ,0.0119717,0.01,50.0,0.0164000104537512,-1.785155875122728
667,CCCCC(CC)CN(CC(CC)CCCC)C(C)=O,CCCCCCCCCCCC,1.0,1.0,0.01,6.36140149286869,0.8035528064607984
668,CCCCCCCC(=O)N(CCCCCC)CCCCCC,CCCCCCCCCCCC,1.1,2.0,0.01,4.14314923885289,0.6173305771416362
669,CCCCCCCCCCCC(=O)N(CC)CC,CC1=CC=CC=C1,0.3,0.1,,0.0088622690961833,-2.052455067076556
670,CCCCC(CC)CN(CC(CC)CCCC)C(=O)C(C)C,CCCCCCCCCCCC,1.0,4.0,0.01,3.69,0.5670263661590603
671,CCCCCCCC(=O)N(CCCCCC)CCCCCC,CCCCCCCCCCCC,1.0,3.0,1016.31,0.819720603770072,-0.08633414873527591
672,CCCCC(CC)CN(CC(CC)CCCC)C(=O)CCC,CCCCCCCCCCCC,1.0,5.82541,,121.978471186989,2.086283185840707
673,CCCCC(CC)CN(CC(CC)CCCC)C(=O)CC,CCCCCCCCCCCC,0.237058,2.0,0.01,0.479771540738137,-0.3189655172413801
674,CCCCC(CC)CN(CC(CC)CCCC)C(=O)CC,CCCCCCCCCCCC,0.05901,2.0,0.01,0.0234795438387778,-1.629310344827578
675,CCCCCCCCN(CCCCCCCC)C(=O)CCCCCCC,CCCCCCCCCCCC,0.5,2.97723,,2.53522119004041,0.4040158561440467
676,CCCCC(CC)CN(CC(CC)CCCC)C(=O)C(C)C,CCCCCCCCCCCC,1.0,3.0,0.01,2.16,0.3344537511509309
677,CCCCC(CC)CN(CC(CC)CCCC)C(=O)C(C)C,CCCCCCCCCCCC,1.0,3.0,0.01,2.01,0.3031960574204888
678,CCCCCCCC(=O)N(CCCCCC)CCCCCC,CCCCCCCCCCCC,1.1,6.0,0.01,11.3061973581576,1.053316562126286
679,CCCCC(CC)CN(CC(CC)CCCC)C(=O)C(C)(C)C,CCCCCCCCCCCC,1.0,1.0,0.1,0.0762698585902345,-1.117647058823529
680,CCCCCCN(CCCCCC)C(=O)CCCCC,CCCCCCCCCCCC,0.5,3.5,,3.36,0.526339277389844
681,CCCCCCCC(=O)N(CCCCCC)CCCCCC,CCCCCCCCCCCC,1.0,2.0,0.1,5.14597890320571,0.7114680014156944
682,CCCCCCCC(=O)N(CCCCCC)CCCCCC,CCCCCCCCCCCC,1.0,3.0,42.1206,4.35309278350512,0.6387979239767979
683,CCCCCCN(CCCCCC)C(=O)CCCCC,CCCCCCCCCCCC,1.0,0.233047,,0.0966326672195214,-1.014876033057834
684,CCCCCCCCN(CCCCCCCC)C(=O)COCC(=O)N(CCCCCCCC)CCCCCCCC,CCCCCCCCCCCC,0.102,1.0,0.0004,0.814,-0.0893755951107988
685,CCCCC(CC)CN(CC(CC)CCCC)C(=O)C(C)C,CCCCCCCCCCCC,1.5,5.0,1000.0,1.10307414104879,0.04260470370605519
686,CCCCC(CC)CN(CC(CC)CCCC)C(=O)C(C)C,CCCCCCCCCCCC,1.5,5.0,100.0,7.20614828209764,0.8577031944274324
687,CCCCCCN(CCCCCC)C(=O)CCCCC,CCCCCCCCCCCC,1.0,0.48868,,0.363354529606325,-0.4396694214875904
688,CCCCC(CC)CN(CC(CC)CCCC)C(=O)C(C)C,CCCCCCCCCCCC,1.5,4.0,1000.0,1.15732368896923,0.06345484267917818
689,CCCCC(CC)CN(CC(CC)CCCC)C(=O)C(C)C,CCCCCCCCCCCC,1.5,4.0,100.0,6.21157323688969,0.7932016100908708
690,CCCCCCCCCCCC(=O)N(CC)CC,CC1=CC=CC=C1,0.3,6.0,,3.02422830691406,0.4806145740944546
691,CCCCC(CC)CN(CC(CC)CCCC)C(=O)C(C)(C)C,CCCCCCCCCCCC,1.0,3.0,500.0,0.666666666666666,-0.1760912590556817
692,CCCCCCN(C=O)CCCCCC,CC1=CC=CC=C1,0.5,3.0,,4.1,0.6127838567197355
693,CCCCC(CC)CN(CC(CC)CCCC)C(=O)CCC,CCCC(C)CC(C)C ,0.0350256,0.01,50.0,0.16909263820124,-0.7718752999018175
694,CCCCCCCCCCCC(=O)N(CCCCCCCC)CCCCCCCC,CC1=CC=CC=C1,0.0797732,,,0.349681882645032,-0.4563268683230601
695,CCCCC(CC)CN(CC(CC)CCCC)C(C)=O,CCCCCCCCCCCC,0.304729,2.0,0.01,5.85115198709414,0.7672413793103442
696,CCCCCC(=O)N(C(C)CC)C(C)CC,CC1=CC=CC=C1,0.5,3.0,,5.5,0.7403626894942439
697,CCCCC(CC)CN(CC(CC)CCCC)C(=O)C(C)C,CCCCCCCCCCCC,1.1,4.0,42.918,2.79,0.4456042032735976
698,CCCCC(CC)CN(CC(CC)CCCC)C(=O)CC,CCCCCCCCCCCC,0.05901,2.0,0.01,0.0234795438387778,-1.629310344827578
699,CCCCC(CC)CN(CC(CC)CCCC)C(=O)CC,CCCCCCCCCCCC,1.0,3.0,0.01,6.26858360591195,0.7971694225490045
700,CCCCC(CC)CN(CC(CC)CCCC)C(=O)CCC,CCCCCCCCCCCC,1.0,3.0,500.0,1.77777777777777,0.249877473216598
701,CCCCCCCC(=O)N(CCCCCC)CCCCCC,CCCCCCCCCCCC,0.5,3.5,,2.22,0.3463529744506387
702,CCCCCCCCN(CCCCCCCC)C(=O)CCC,CCCCCCCCCCCC,0.8,2.0,,2.77508958554494,0.4432770075955701
703,CCCCCCCCN(CCCCCCCC)C(=O)C(CC)CCCC,CCCCCCCCCCCC,0.702596,2.0,,1.08969746548903,0.03730594077925276
704,CCCCC(CC)CN(CC(CC)CCCC)C(=O)C(C)C,CCCCCCCCCCCC,1.0,2.0,0.01,1.19,0.07554696139253074
705,CCCCC(CC)CN(CC(CC)CCCC)C(=O)C(C)(C)C,CCCCCCCCCCCC,1.0,3.0,0.01,1.20171123680119,0.07980012213427638
706,CCCCCCN(CCCCCC)C(=O)C(C)C,CCCCCCCCCCCC,0.5,2.0,,0.23,-0.638272163982407
707,CCCCC(CC)CN(CC(CC)CCCC)C(=O)CCC,CCCCCCCCCCCC,0.0994799,2.0,,0.0106636768724652,-1.972093023255811
708,CCCCCCN(CCCCCC)C(=O)CCCCC,CCCCCCCCCCCC,0.103091,3.5,,0.167635328019249,-0.7756344514157028
709,CCCCC(CC)CN(CC(CC)CCCC)C(=O)CCC,CCCCCCCCCCCC,0.394959,2.0,,0.108363673961845,-0.9651162790697718
710,CCCCCC(=O)N(CC(CC)CCCC)CC(CC)CCCC,CCCCCCCCCC(C)C,1.03649,4.9,,15.1396891778048,1.180116959064325
711,CCCCC(CN(C(CCC)=O)CC(CCCC)CC)CC,CCCCCCCCCCCC,,8.0,,8.79970078101226,0.9444679049496479
712,CCCCCCCC(=O)N(CCCCCC)CCCCCC,CCCCCCCCCCCC,1.0,3.0,0.1,9.84284246433926,0.9931205342354806
713,CCCCC(CC)CN(CC(CC)CCCC)C(=O)C(C)(C)C,CCCCCCCCCCCC,0.0690146,3.0,0.01,0.0087895272566564,-2.05603448275861
714,CCCCCCN(CCCCCC)C(=O)CCCCC,CCCCCCCCCCCC,0.5,4.03871,,4.36426646959004,0.639911259500979
715,CCCCC(CC)CN(CC(CC)CCCC)C(=O)C(C)C,CCCCCCCCCCCC,1.5,2.0,250.0,1.83544303797466,0.2637409109445279
716,CCCCCCCCCCCC(=O)N(CC)CC,CC1=CC=CC=C1,,4.0,,1.05728819239854,0.02419338211248408
717,CCCCCCN(CCCCCC)C(=O)CCC,CCCCCCCCCCCC,,1.0,,0.346640096231089,-0.460121203408758
718,CCCCCCCC(=O)N(CCCCCC)CCCCCC,CCCCCCCCCCCC,1.0,3.5,321.888,4.32,0.6354837468149122
719,CCCCC(CC)CN(CC(CC)CCCC)C(=O)C(C)C,CCCCCCCCCCCC,1.0,0.01,200.0,6.49,0.8122446968003693
720,CCCCN(CCCC)C(=O)CCC,CC1=CC=CC=C1,1.5239,3.0,,45.0066981034145,1.653277152283784
721,CCCCC(CC)CN(CC(CC)CCCC)C(=O)C(C)(C)C,CCCCCCCCCCCC,1.0,2.0,0.01,0.412930870702723,-0.3841226480657678
722,CCCCCC(=O)N(CC(CC)CCCC)CC(CC)CCCC,CCCCCCCCCC(C)C,1.27531,4.9,,22.1921219572284,1.346198830409355
723,CCCCC(CC)CN(CC(CC)CCCC)C(=O)C(C)(C)C,CCCCCCCCCCCC,0.0690146,3.0,0.01,0.0087895272566564,-2.05603448275861
724,CCCCCCCCCCCC(=O)N(CC)CC,CC1=CC=CC=C1,0.25,,,0.95368988462809,-0.02059282371294896
725,CCCCC(CC)CN(CC(CC)CCCC)C(=O)CC,CCCCCCCCCCCC,0.353517,2.0,0.01,1.32035177971629,0.1206896551724121
726,CCCCC(CC)CN(CC(CC)CCCC)C(=O)C(C)(C)C,CCCCCCCCCCCC,1.0,3.0,0.1,1.0,0.0
727,CCCCC(CC)CN(CC(CC)CCCC)C(=O)C(C)C,CCCCCCCCCCCC,1.5,1.0,750.0,0.958408679927684,-0.01844926170390164
728,CCCCC(CC)CN(CC(CC)CCCC)C(=O)C(C)(C)C,CCCCCCCCCCCC,0.69623,3.0,0.01,1.08263673387405,0.03448275862068784
729,CCCCCCN(CCCCCC)C(=O)COCC(=O)N(CCCCCC)CCCCCC,CCCCCCCCCCCC,0.1,1.0,0.0004,0.47,-0.3279021420642826
730,CCCCC(CC)CN(CC(CC)CCCC)C(=O)C(C)C,CCCCCCCCCCCC,1.5,0.1,1250.0,0.723327305605813,-0.14066513997672
731,CCCCCCCCN(CCCCCCCC)C(=O)CCCCCCC,CCCCCCCCCCCC,0.192812,2.0,,0.374454758133117,-0.4266006465360775
732,CCCCCCCC(=O)N(CCCCCC)CCCCCC,CCCCCCCCCCCC,1.0,3.0,83.8298,4.9,0.6901960800285137
733,CCCCC(CC)CN(CC(CC)CCCC)C(=O)CC(C)(C)C,CCCCCCCCCC(C)C,0.976732,0.98,,0.539714073353383,-0.2678362573099414
734,CCCCN(CCCC)C(=O)CCC,CC1=CC=CC=C1,0.0500298,3.0,,0.0807452416623828,-1.092883061327005
735,CCCCCCCCCC(=O)N(C)C,CC1=CC=CC=C1,0.5,3.0,,4.9,0.6901960800285137
736,CCCCCCCCN(CCCCCCCC)C(=O)C(C)C,CCCCCCCCCCCC,0.2,2.0,,0.0577312093227545,-1.23858934503561
737,CCCCCCN(CCCCCC)C(=O)C(CC)CCCC,CC1=CC=CC=C1,0.5,0.5,50.0,2.89940221744752,0.4623084667179462
738,CCCCC(CC)CN(CC(CC)CCCC)C(=O)C(C)(C)C,CCCCCCCCCCCC,1.0,3.0,0.01,1.20171123680119,0.07980012213427638
739,CCCCC(CC)CN(CC(CC)CCCC)C(=O)C(C)C,CCCCCCCCCCCC,1.0,10.0,0.01,2.4,0.380211241711606
740,CCCCCCCCN(CCCCCCCC)C(=O)COCC(=O)N(CCCCCCCC)CCCCCCCC,CC1=CC=CC=C1,0.1,3.0,1.0,1.49,0.173186268412274
741,CCCCCCCC(=O)N(CCCCCC)CCCCCC,CCCCCCCCCCCC,1.0,3.5,515.021,2.31,0.3636119798921443
742,CCCCC(CC)CN(CC(CC)CCCC)C(=O)C(C)(C)C,CCCCCCCCCCCC,1.0,2.0,0.01,0.412930870702723,-0.3841226480657678
743,CCCCCCCC(=O)N(CCCCCC)CCCCCC,CCCCCCCCCCCC,1.0,3.0,43.154,7.75884132154498,0.8897968700686152
744,CCCCCCCC(=O)N(CCCCCC)CCCCCC,CCCCCCCCCCCC,1.0,3.0,0.592275,1.7,0.2304489213782739
745,CCCCCCCCCC(=O)N(CCCCCC)CCCCCC,CCCCCCCCCCCC,1.1,4.0,0.01,11.7604119636832,1.070422535211266
746,CCCCC(CC)CN(CC(CC)CCCC)C(=O)C(C)C,CCCCCCCCCCCC,1.0,3.0,0.01,2.24,0.3502480183341629
747,CCCCC(CC)CN(CC(CC)CCCC)C(C)=O,CCCCCCCCCCCC,1.0,3.0,0.1,24.8,1.394451680826216
748,CCCCC(CC)CN(CC(CC)CCCC)C(=O)C(C)C,CCCCCCCCCCCC,1.0,3.0,0.01,1.95,0.290034611362518
749,CCCCC(CC)CN(CC(CC)CCCC)C(=O)CCC,CCCC(C)CC(C)C ,0.98,0.01,0.74426,0.99,-0.004364805402450088
750,CCCCCCCC(=O)N(CCCCCC)CCCCCC,CCCCCCCCCCCC,1.0,3.0,0.929396,0.985818382217869,-0.006203087965272839
751,CCCCCCCCN(CCCCCCCC)C(=O)COCC(=O)N(CCCCCCCC)CCCCCCCC,C1=CC=CC=C1,0.1,2.0,,0.58,-0.2365720064370627
752,CCCCC(CC)CN(CC(CC)CCCC)C(=O)C(C)C,CCCC(C)CC(C)C ,1.06309,1.0,,0.287826702713276,-0.5408689174769996
753,CCCCCCCC(=O)N(CCCCCC)CCCCCC,CCCCCCCCCCCC,0.800402,3.0,0.01,4.18607353927639,0.6218068535825538
754,CCCCC(CC)CN(CC(CC)CCCC)C(=O)C(C)C,CCCCCCCCCCCC,1.5,1.0,100.0,0.632911392405063,-0.1986570869544228
755,CCCCCCCC(=O)N(CCCCCC)CCCCCC,CCCCCCCCCCCC,1.1,2.0,0.01,6.77,0.8305886686851442
756,CCCCC(CC)CN(CC(CC)CCCC)C(=O)CCC,CCCCCCCCCCCC,1.0,0.896273,0.00084,1.2309079138896,0.09022556390977356
757,CCCCC(CC)CN(CC(CC)CCCC)C(C)=O,CCCCCCCCCCCC,0.406808,2.0,0.01,9.14548825946484,0.9612068965517243
758,CCCCCCN(CCCCCC)C(=O)CCCCC,CCCCCCCCCCCC,1.0,3.5,64.3777,10.7,1.02938377768521
759,CCCCC(CC)CN(CC(CC)CCCC)C(=O)C(C)C,CCCCCCCCCCCC,1.5,4.0,1250.0,0.831826401446612,-0.07996729962314643
760,CCCCC(CC)CN(CC(CC)CCCC)C(C)=O,CCCCCCCCCCCC,0.0500486,2.0,0.01,0.150218747966953,-0.8232758620689614
761,CCCCCCCCN(CCCCCCCC)C(=O)C(CC)CCCC,CCCCCCCCCCCC,0.5,2.94963,,0.616735663386494,-0.2099009373137068
762,CCCCC(CC)CN(CC(CC)CCCC)C(=O)C(C)C,CCCCCCCCCCCC,1.5,6.0,250.0,5.25316455696202,0.7204210054216508
763,CCCCC(CC)CN(CC(CC)CCCC)C(=O)C(C)C,CCCCCCCCCCCC,1.0,6.0,0.01,4.08,0.6106601630898799
764,CCCCC(CC)CN(CC(CC)CCCC)C(=O)CC,CCCCCCCCCCCC,1.0,1.0,0.01,0.960510624271812,-0.01749782701560991
765,CCCCCCCCCCCCN(CCCCCCCCCCCC)C(=O)COCC(=O)N(CCCCCCCC)CCCCCCCC,CCCCCCCCCCCC,0.1,4.01,11.0,2.94,0.4683473304121573
766,CCCCC(CC)CN(CC(CC)CCCC)C(C)=O,CCCCCCCCCCCC,1.0,2.0,0.01,13.6089791863613,1.133825549864817
767,CCCCC(CC)CN(CC(CC)CCCC)C(=O)C(C)C,CCCCCCCCCCCC,1.0,0.01,0.01,0.0019699296039865,-2.705549293202082
768,CCCCCCCC(=O)N(CCCCCC)CCCCCC,CCCCCCCCCCCC,0.5,6.94514,,5.2105381030419,0.7168825761045695
769,CCCCN(CCCC)C(=O)CCC,CC1=CC=CC=C1,0.309643,3.0,,2.2565901725015,0.3534526924483971
770,CCCCC(CC)CN(CC(CC)CCCC)C(=O)CC,CCCCCCCCCCCC,1.0,6.0,0.01,11.9200026552095,1.076276352144377
771,CCCC(=O)N(CC(C)C)CC(C)C,CC1=CC=CC=C1,0.5,3.0,,5.1,0.7075701760979364
772,CCCCC(CC)CN(CC(CC)CCCC)C(=O)C(C)C,CCCCCCCCCCCC,1.0,2.0,1.00412,1.60349586016556,0.2050678430236896
773,CCCCC(CC)CN(CC(CC)CCCC)C(=O)C(C)(C)C,CCCCCCCCCCCC,1.0,4.0,0.01,2.93709671143136,0.4679182470163208
774,CCCCC(CC)CN(CC(CC)CCCC)C(C)=O,CCCCCCCCCCCC,1.0,4.0,0.01,19.1954486045271,1.283198266190026
775,CCCCCCCCCCCC(=O)N(CC)CC,CC1=CC=CC=C1,0.3,2.0,,6.68084901190015,0.8248316567500222
776,CCCCCCCC(=O)N(CCCCCC)CCCCCC,CCCCCCCCCCCC,0.5,3.5,,2.22,0.3463529744506387
777,CCCCC(CC)CN(CC(CC)CCCC)C(=O)C(C)C,CCCCCCCCCCCC,1.0,0.01,200.0,7.88,0.8965262174895553
778,CCCCCCCC(=O)N(CCCCCC)CCCCCC,CCCCCCCCCCCC,1.0,1.0,0.1,2.22853675751001,0.3480198017392754
779,CCCCCCCCCCCC(=O)N(CC(CC)CCCC)CC(CC)CCCC,CCCCCCCCCC(C)C,0.5,0.977555,,0.295923666617574,-0.528820300569675
780,CCCCC(CC)CN(CC(CC)CCCC)C(=O)C(C)C,CCCC(C)CC(C)C ,1.0,10.7387,,2.76387966402113,0.4415191304571257
781,CCCCCCCCCC(=O)N(CC)CC,CC1=CC=CC=C1,0.5,6.0,,5.0,0.6989700043360189
782,CCCCC(CC)CN(CC(CC)CCCC)C(=O)C(C)C,CCCCCCCCCCCC,1.0,2.0,57.5048,0.776231861821051,-0.110008534838633
783,CCCCC(CC)CN(CC(CC)CCCC)C(=O)C(C)C,CCCCCCCCCCCC,0.584656,2.0,,0.261223622755267,-0.5829875518672214
784,CCCCCCCC(=O)N(CCCCCC)CCCCCC,CCCCCCCCCCCC,1.0,3.0,564.586,1.30802992935668,0.1166176813015091
785,CCCCC(CN(C(CCC)=O)CC(CCCC)CC)CC,CCCCCCCCCCCC,,10.0,,8.03501876458057,0.9049868953301389
786,CCCCC(CC)CN(CC(CC)CCCC)C(=O)CC,CCCCCCCCCCCC,1.0,0.01,0.01,0.0047496206025883,-2.323341080224196
787,CCCCC(CC)CN(CC(CC)CCCC)C(=O)C(C)C,CCCCCCCCCCCC,1.0,0.01,200.0,7.88,0.8965262174895553
788,CCCCCC(=O)N(C(C)CC)C(C)CC,CC1=CC=CC=C1,0.5,6.0,,4.0,0.6020599913279624
789,CCCCCCCCN(CCCCCCCC)C(=O)CCC,CCCCCCCCCCCC,,2.0,,1.27842482893521,0.1066751967046165
790,CCCCCCCC(=O)N(CCCCCC)CCCCCC,CCCCCCCCCCCC,1.1,0.5,429.185,0.960871300767301,-0.01733477789815788
791,CCCCC(CC)CN(CC(CC)CCCC)C(=O)C(C)C,CCCCCCCCCCCC,1.0,6.0,0.01,4.18,0.6211762817750351
792,CCCCOP(=O)(OCCCC)OCCCC,CCCCCCCCCCCC,1.1,3.989,,23.029,1.362275079783117
793,CCCCC(CC)CN(CC(CC)CCCC)C(=O)C(C)C,CCCCCCCCCCCC,1.5,2.0,1000.0,1.11211573236884,0.04614998447069624
794,CCCCC(CC)CN(CC(CC)CCCC)C(=O)COCC(=O)N(CC(CC)CCCC)CC(CC)CCCC,CCCCCCCCCCCC,0.2,0.01,4.2,0.002,-2.698970004336019
795,CCCCOP(=O)(OCCCC)OCCCC,CCCCCCCCCCCC,1.1,0.011,,0.0445,-1.351639989019068
796,CCCCC(CC)CN(CC(CC)CCCC)C(=O)C(C)C,CCCCCCCCCCCC,0.098867,2.0,,0.0106916723984942,-1.97095435684647
797,CCCCCCCC(=O)N(CCCCCC)CCCCCC,CCCCCCCCCCCC,1.0,3.5,0.1,13.9,1.143014800254095
798,CCCCCC(=O)N(CC(CC)CCCC)CC(CC)CCCC,CCCCCCCCCC(C)C,,2.80922,,2.67390097090342,0.4271453189369645
799,CCCCCCCC(=O)N(CCCCCC)CCCCCC,CCCCCCCCCCCC,1.1,1.0,0.01,1.29680660654134,0.1128752143459643
800,CCCCN(CCCC)C(=O)CCC,CC1=CC=CC=C1,0.5,3.5,50.0,2.23,0.3483048630481607
801,CCCCCCCC(=O)N(CCCCCC)CCCCCC,CCCCCCCCCCCC,1.0,3.0,631.674,1.14915083332689,0.06037703633173449
802,CCCCCCCCN(CCCCCCCC)C(=O)COCC(=O)N(CCCCCCCC)CCCCCCCC,CCCCCCCCCCCC,0.2,5.19355,1.0,10.7272727272727,1.030489322147899
803,CCCCCCCCN(CCCCCCCC)C(=O)C(CC)CCCC,CCCCCCCCCCCC,0.100759,2.0,,0.0243739295915402,-1.613074447739991
804,CCCCCCN(CCCCCC)C(=O)CCCCC,CCCCCCCCCCCC,0.5,3.03288,,2.88622771676934,0.4603305929511411
805,CCCCCCCCN(CCCCCCCC)C(=O)C(C)C,CCCCCCCCCCCC,0.1,2.0,,0.0136908269967427,-1.863570317441311
806,CCCCCCCC(=O)N(CCCCCC)CCCCCC,CCCCCCCCCCCC,1.1,2.0,429.185,3.26244196804387,0.5135427952329354
807,CCCCC(CC)CN(CC(CC)CCCC)C(=O)C(C)C,CCCCCCCCCCCC,1.0,0.01,200.0,6.49,0.8122446968003693
808,CCCCC(CC)CN(CC(CC)CCCC)C(=O)CC,CCCCCCCCCCCC,0.47194,2.0,0.01,2.14731892515128,0.3318965517241376
809,CCCCCCCC(=O)N(CCCCCC)CCCCCC,CCCCCCCCCCCC,1.1,3.0,429.185,4.40102291135255,0.6435536294691222
810,CCCCC(CC)CN(CC(CC)CCCC)C(=O)C(C)(C)C,CCCCCCCCCCCC,0.27875,3.0,0.01,0.150218747966951,-0.8232758620689672
811,CCCCCCCC(=O)N(CCCCCC)CCCCCC,CCCCCCCCCCCC,1.0,3.0,736.371,1.04726760379676,0.02005766926485197
812,CCCCCCCC(=O)N(CCCCCC)CCCCCC,CCCCCCCCCCCC,1.0,3.0,337.403,3.8066838864907,0.5805468137587243
813,CCCCC(CC)CN(CC(CC)CCCC)C(=O)CCC,CCCCCCCCCCCC,1.0,1.0,,1.01546240678972,0.006663850117991262
814,CCCCCCCC(=O)N(CCCCCC)CCCCCC,CCCCCCCCCCCC,1.0,3.0,442.471,2.55304548202105,0.4070585517469932
815,CCCCC(CC)CN(CC(CC)CCCC)C(=O)C(C)C,CCCC(C)CC(C)C ,0.00581296,0.01,50.0,0.0431616386862831,-1.364902075136013
816,CCCCN(CCCC)C(C)=O,CC1=CC=CC=C1,0.5,3.0,,9.9,0.9956351945975499
817,CCCCC(CC)CN(CC(CC)CCCC)C(=O)C(C)C,CCCCCCCCCCCC,0.196281,2.0,,0.0267538256250419,-1.572614107883811
818,CCCCC(CC)CN(CC(CC)CCCC)C(=O)C(C)C,CCCCCCCCCCCC,1.0,6.0,0.01,4.45004200585185,0.648364110491845
819,CCCCC(CC)CN(CC(CC)CCCC)C(=O)CC,CCCCCCCCCCCC,1.0,0.01,0.01,0.0047496206025883,-2.323341080224196
820,CCCCC(CC)CN(CC(CC)CCCC)C(=O)CC(C)(C)C,CCCCCCCCCC(C)C,0.5,3.0326,,1.87213816427126,0.272337896627725
821,CCCCC(CC)CN(CC(CC)CCCC)C(=O)C(C)C,CCCCCCCCCCCC,1.0,3.0,0.01,1.95,0.290034611362518
822,CCCCCCCCN(CCCCCCCC)C(=O)COCC(=O)N(CCCCCCCC)CCCCCCCC,CCCCCCCCCCCC,0.1,3.0,1.0,2.29,0.359835482339888
823,CCCCCCCC(=O)N(CCCCCC)CCCCCC,CCCCCCCCCCCC,1.1,4.0,214.592,7.85069145102536,0.8949079089924165
824,CCCCCCCCCC(=O)N(CCCCCC)CCCCCC,CCCCCCCCCCCC,0.5,3.5,,2.15,0.3324384599156053
825,CCCCC(CC)CN(CC(CC)CCCC)C(=O)CCC,CCCCCCCCCCCC,1.0,3.0,1000.0,1.0,0.0
826,CCCCC(CC)CN(CC(CC)CCCC)C(=O)C(C)C,CCCCCCCCCCCC,1.0,3.0,1000.0,0.538461538461538,-0.2688453122925803
827,CCCCC(CC)CN(CC(CC)CCCC)C(=O)CCC,CCCC(C)CC(C)C ,0.0350256,0.01,50.0,0.16909263820124,-0.7718752999018175
828,CCCCCCCC(=O)N(CCCCCC)CCCCCC,CCCCCCCCCCCC,1.0,3.0,0.67316,1.6528322599201,0.2182287808022146
829,CCCCC(CC)CN(CC(CC)CCCC)C(=O)CCC,CCCC(C)CC(C)C ,0.204793,1.015,50.0,0.0304477848378741,-1.516444298028881
830,CCCCCCCCCCCC(=O)N(CC)CC,CC1=CC=CC=C1,0.440659,2.0,,3.51516014906716,0.5459451160618883
831,CCCCCC(CC)C(=O)N(CC(C)C)CC(C)C,CCCCCCCCCCCC,0.5,1.48427,,0.122265312264006,-0.9126967386229311
832,CCCCC(CC)CN(CC(CC)CCCC)C(=O)CCC,CCCC(C)CC(C)C ,1.67099,1.015,50.0,6.60332147256308,0.8197624407474513
833,CCCCCCCCCCCC(=O)N(CCCCCCCC)CCCCCCCC,CC1=CC=CC=C1,,3.0,,1.20376096920685,0.08054025763564433
834,CCCCC(CC)CN(CC(CC)CCCC)C(=O)C(C)C,CCCCCCCCCCCC,1.5,4.0,1000.0,1.15732368896923,0.06345484267917818
835,CCCCC(CC)CN(CC(CC)CCCC)C(=O)C(C)C,CCCCCCCCCCCC,1.0,0.01,200.0,3.25,0.5118833609788743
836,CCCCC(CC)C(=O)N(CCCC)CCCC,CC1=CC(=CC(=C1)C)C,1.0,4.0,,7.57320407806674,0.8792796600840976
837,CCCCCCCCN(CCCCCCCC)C(=O)COCC(=O)N(CCCCCCCC)CCCCCCCC,CCCCCCCCCCCC,0.02,3.0,4.20133,0.306,-0.51427857351842
838,CCCCCCCC(=O)N(CCCCCC)CCCCCC,CCCCCCCCCCCC,1.0,3.0,796.463,0.931783202719652,-0.03068512285530053
839,CCCCCCCC(=O)N(CCCCCC)CCCCCC,CCCCCCCCCCCC,1.1,4.0,1287.55,4.98568470699537,0.6977248104008661
840,CCCCC(CC)CN(CC(CC)CCCC)C(=O)C(C)C,CCCCCCCCCCCC,1.5,0.1,100.0,0.0361663652802892,-1.441695135640719
841,CCCCCCCCCC(=O)N(CCCCCC)CCCCCC,CCCCCCCCCCCC,0.399433,3.0,0.01,1.97013671968561,0.2944963655243999
842,CCCCCCCCCC(=O)N(C)C,CC1=CC=CC=C1,0.5,6.0,,4.4,0.6434526764861874
843,CCCCC(CC)CN(CC(CC)CCCC)C(=O)C(C)C,CCCCCCCCCCCC,0.1163,2.0,0.01,0.0304029390287046,-1.517084431448743
844,CCCCCCCCCCCC(=O)N(CCCCCCCC)CCCCCCCC,CC1=CC=CC=C1,0.2,,,1.33868090020599,0.1266770670826814
845,CCCCC(CC)CN(CC(CC)CCCC)C(=O)C(C)C,CCCCCCCCCCCC,1.5,5.0,750.0,1.51898734177214,0.18155415475718
846,CCCCCCCC(=O)N(CCCCCC)CCCCCC,CCCCCCCCCCCC,1.0,3.0,997.92,0.666409783460091,-0.1762586357436119
847,CCCCC(CC)CN(CC(CC)CCCC)C(=O)C(C)C,CCCCCCCCCCCC,0.4643,2.0,0.01,0.583347475021174,-0.2340726776061404
848,CCCCCCCC(=O)N(CCCCCC)CCCCCC,CCCCCCCCCCCC,1.0,3.0,673.16,1.65283225992009,0.2182287808022119
849,CCCCC(CC)CN(CC(CC)CCCC)C(C)=O,CCCCCCCCCCCC,1.0,5.0,0.01,17.924095340336,1.253437245309724
850,CCCCC(CC)CN(CC(CC)CCCC)C(=O)C(C)C,CCCCCCCCCCCC,1.5,6.0,250.0,5.25316455696202,0.7204210054216508
851,CCCCCCCC(=O)N(CCCCCC)CCCCCC,CC1=CC=CC=C1,0.5,7.0,50.0,3.16243534900584,0.5000216558101156
852,CCCCCCCCCC(=O)N(CCCCCC)CCCCCC,CCCCCCCCCCCC,1.1,3.0,0.01,16.0,1.204119982655925
853,CCCCCCCC(=O)N(CCCCCC)CCCCCC,CCCCCCCCCCCC,1.0,3.0,88.0849,4.02992044275336,0.6052964725395565
854,CCCCC(CC)CN(CC(CC)CCCC)C(=O)C(C)C,CCCCCCCCCCCC,1.0,3.0,0.01,2.24,0.3502480183341629
855,CCCCC(CC)CN(CC(CC)CCCC)C(=O)CC,CCCCCCCCCCCC,0.05901,2.0,0.01,0.0234795438387778,-1.629310344827578
856,CCCCC(CC)CN(CC(CC)CCCC)C(=O)C(C)(C)C,CCCCCCCCCCCC,1.0,5.0,0.01,4.33834923788614,0.6373245098685487
857,CCCCCCCC(=O)N(CCCCCC)CCCCCC,CCCCCCCCCCCC,1.0,0.1,0.1,0.908445883020586,-0.04170093891793042
858,CCCCCCCCN(CCCCCCCC)C(=O)C(CC)CCCC,CCCCCCCCCCCC,0.5,8.83446,,1.79210625818023,0.2533637564272291
859,CCCCCCCCCCCC(=O)N(CC)CC,CC1=CC=CC=C1,0.299131,,,1.92549708809687,0.2845428661815921
860,CCCCC(CC)CN(CC(CC)CCCC)C(C)=O,CCCCCCCCCCCC,0.507632,2.0,0.01,13.8752679700249,1.142241379310341
861,CCCCC(CC)CN(CC(CC)CCCC)C(=O)CC,CCCCCCCCCCCC,1.0,3.0,0.1,7.9,0.8976270912904415
862,CCCCC(CC)CN(CC(CC)CCCC)C(=O)C(C)C,CCCCCCCCCCCC,1.0,0.711123,0.00084,0.111942493077333,-0.9510050251256278
863,CCCCC(CC)CN(CC(CC)CCCC)C(=O)C(C)C,CCCC(C)CC(C)C ,0.191158,1.015,50.0,0.0071673683525506,-2.144640275261264
864,CCCCCCCCN(CCCCCCCC)C(=O)COCC(=O)N(CCCCCCCC)CCCCCCCC,CCCCCCCCCCCC,0.405875,0.01,1.0,4.21201390188393,0.6244897959183671
865,CCCCC(CC)CN(CC(CC)CCCC)C(=O)C(C)C,CCCCCCCCCCCC,1.0,3.0,0.01,2.22,0.3463529744506387
866,CCCCC(CC)CN(CC(CC)CCCC)C(=O)C(C)C,CCCC(C)CC(C)C ,0.00581296,0.01,50.0,0.0431616386862831,-1.364902075136013
867,CCCCC(CC)CN(CC(CC)CCCC)C(=O)C(C)C,CCCC(C)CC(C)C ,0.0157107,0.01,50.0,0.382923908021173,-0.4168875174404437
868,CCCCCCCCCC(=O)N(CCCCCC)CCCCCC,CCCCCCCCCCCC,1.1,3.0,0.01,8.50370826664505,0.9296083526018456
869,CCCCCCCC(=O)N(CCCCCC)CCCCCC,CCCCCCCCCCCC,1.0,3.0,0.676824,1.2,0.07918124604762482
870,CCCCCCN(CCCCCC)C(=O)CCCCC,CCCCCCCCCCCC,0.5,6.01085,,5.47831140736381,0.7386467155148417
871,CCCCC(CC)CN(CC(CC)CCCC)C(=O)C(C)C,CCCCCCCCCCCC,1.5,3.0,500.0,1.77777777777777,0.249877473216598
872,CCCCCCCC(=O)N(CCCCCC)CCCCCC,CCCCCCCCCCCC,1.1,3.0,0.01,7.32989795830838,0.8650979287404373
873,CCCCCCN(CCCCCC)C(=O)C(CC)CCCC,CC1=CC=CC=C1,0.5,3.5,50.0,2.6,0.414973347970818
874,CCCCC(CC)CN(CC(CC)CCCC)C(C)=O,CCCCCCCCCCCC,0.304729,2.0,0.01,5.85115198709414,0.7672413793103442
875,CCCCCCCCCCCC(=O)N(CC)CC,CC1=CC=CC=C1,0.25,,,0.768782399674274,-0.1141965678627143
876,CCCCCCCCCCCC(=O)N(CCCC)CCCC,CC1=CC=CC=C1,0.2,,,0.637793644420842,-0.1953198127925111
877,CCCCCCCCCCCC(=O)N(CC)CC,CC1=CC=CC=C1,0.25,,,1.50175492179659,0.1765990639625574
878,CCCCC(CC)CN(CC(CC)CCCC)C(=O)COCC(=O)N(CC(CC)CCCC)CC(CC)CCCC,CCCCCCCCCCCC,0.1,1.0,0.0004,0.0512,-1.290730039024169
879,CCCCC(CC)CN(CC(CC)CCCC)C(=O)CC,CCCCCCCCCCCC,1.0,0.1,0.01,0.172645847687107,-0.7628438624246476
880,CCCCCCCCN(CCCCCCCC)C(=O)C(C)C,CCCCCCCCCCCC,0.3,2.0,,0.14654667702392,-0.8340240248307097
881,CCCCC(CC)CN(CC(CC)CCCC)C(=O)C(C)C,CCCCCCCCCCCC,1.0,2.0,0.01,1.19,0.07554696139253074
882,CCCCOP(=O)(OCCCC)OCCCC,CCCCCCCCCCCC,1.1,6.0,,30.4366,1.483396136807168
883,CCCCC(CC)CN(CC(CC)CCCC)C(=O)C(C)(C)C,CCCCCCCCCCCC,1.0,3.0,0.1,0.6,-0.2218487496163564
884,CCCCC(CC)CN(CC(CC)CCCC)C(=O)CC,CCCCCCCCCCCC,1.0,4.0,0.01,9.72996976265629,0.9881114906350605
885,CCCCC(CC)CN(CC(CC)CCCC)C(=O)C(C)C,CCCCCCCCCCCC,1.0,3.0,0.01,2.13,0.3283796034387377
886,CCCCC(CC)CN(CC(CC)CCCC)C(=O)CCC,CCCC(C)CC(C)C ,1.0,0.218698,,0.0847498771487215,-1.071860922666721
887,CCCCC(CC)CN(CC(CC)CCCC)C(=O)C(C)C,CCCCCCCCCCCC,1.0,3.0,0.1,1.4,0.146128035678238
888,CCCCC(CC)CN(CC(CC)CCCC)C(=O)C(C)C,CCCC(C)CC(C)C ,0.0157107,0.01,50.0,0.382923908021173,-0.4168875174404437
889,CCCCCCN(CCCCCC)C(=O)CCCCC,CCCCCCCCCCCC,1.0,5.82694,,79.5841251025242,1.900826446281001
890,CCCCCCCC(=O)N(CCCCCC)CCCCCC,CCCCCCCCCCCC,1.0,1.0,0.1,2.00865603054324,0.3029055729718366
891,CCCCC(CC)CN(CC(CC)CCCC)C(=O)C(C)C,CCCCCCCCCCCC,1.5,0.1,1000.0,0.678119349005449,-0.168693863576964
892,CCCCC(CC)CN(CC(CC)CCCC)C(=O)C(C)C,CCCCCCCCCCCC,1.0,6.0,0.01,4.18,0.6211762817750351
893,CCCCCCCCN(CCCCCCCC)C(=O)C(CC)CCCC,CCCCCCCCCCCC,0.5,9.8521,,1.65325318726065,0.2183393686410296
894,CCCCC(CC)CN(CC(CC)CCCC)C(=O)C(C)C,CCCCCCCCCCCC,1.5,5.0,250.0,5.23508137432188,0.7189234367587567
895,CCCCC(CC)CN(CC(CC)CCCC)C(=O)C(C)C,CCCCCCCCCCCC,1.5,6.0,750.0,1.46473779385171,0.1657598875739492
896,CCCCCCCC(=O)N(CCCCCC)CCCCCC,CCCCCCCCCCCC,1.1,1.0,858.369,1.64696634149063,0.2166847237269759
897,CCCCCCN(CCCCCC)C(=O)CCCCC,CCCCCCCCCCCC,0.192594,3.5,,0.577621486390846,-0.2383566602316601
898,CCCCCCCCCC(=O)N(CCCCCC)CCCCCC,CCCCCCCCCCCC,1.1,2.0,0.01,10.5,1.021189299069938
899,CCCCC(CC)CN(CC(CC)CCCC)C(C)=O,CCCCCCCCCCCC,1.0,4.0,0.01,19.1954486045271,1.283198266190026
900,CCCCCCN(CCCCCC)C(=O)CCC,CCCCCCCCCCCC,0.1,,,0.0325152565729403,-1.487912814690911
901,CCCCCCCCCCCC(=O)N(CCCCCCCC)CCCCCCCC,CC1=CC=CC=C1,0.2,,,0.607383987683911,-0.2165366614664583
902,CCCCC(CC)CN(CC(CC)CCCC)C(=O)CCC,CCCC(C)CC(C)C ,0.0199393,0.01,50.0,0.0526550608871736,-1.278559880703671
903,CCCCCCCCCCCC(=O)N(CCCC)CCCC,CC1=CC=CC=C1,0.200381,,,1.25680952069989,0.0992694619521627
904,CCCCC(CC)CN(CC(CC)CCCC)C(=O)C(C)C,CCCCCCCCCCCC,1.5,3.0,250.0,3.31826401446655,0.5209109372834104
905,CCCCCC(CC)C(=O)N(CC(C)C)CC(C)C,CCCCCCCCCCCC,0.5,1.97268,,0.243979854301401,-0.612646032378238
906,CCCCCCCCN(CCCCCCCC)C(=O)COCC(=O)N(CCCCCCCC)CCCCCCCC,CCCCCCCCCCCC,0.1,1.0,,0.15,-0.8239087409443188
907,CCCCC(CC)CN(CC(CC)CCCC)C(C)=O,CCCCCCCCCCCC,1.0,1.0,0.01,6.36140149286869,0.8035528064607984
908,CCCCC(CC)CN(CC(CC)CCCC)C(=O)C(C)C,CCCCCCCCCCCC,1.0,2.0,497.489,0.485805994237411,-0.3135371308479524
909,CCCCCCCC(=O)N(CCCCCC)CCCCCC,CC1=CC=CC=C1,0.5,0.5,50.0,3.58047177889306,0.5539402549876365
910,CCCCC(CC)CN(CC(CC)CCCC)C(=O)C(C)C,CCCC(C)CC(C)C ,0.0379258,0.01,50.0,1.83121707481113,0.2627398291759235
911,CCCCC(CC)CN(CC(CC)CCCC)C(=O)C(C)C,CCCCCCCCCCCC,1.0,2.0,,0.599082605098626,-0.2225132903568139
912,CCCCC(CC)CN(CC(CC)CCCC)C(=O)CCC,CCCCCCCCCCCC,1.0,1.00289,0.00084,1.51513429247605,0.180451127819548
913,CCCCCCCCN(CCCCCCCC)C(=O)CCC,CCCCCCCCCCCC,,9.0,,2.97937767199123,0.4741255587590221
914,CCCCCCN(CCCCCC)C(=O)CCC,CCCCCCCCCCCC,0.5,2.0,,1.26,0.1003705451175629
915,CCCCC(CC)CN(CC(CC)CCCC)C(=O)C(C)C,CCCCCCCCCCCC,,7.0,,3.95632948086757,0.5972924522285327
916,CCCCC(CC)CN(CC(CC)CCCC)C(=O)C(C)C,CCCCCCCCCCCC,1.0,3.0,0.01,2.22,0.3463529744506387
917,CCCCCCCCCC(=O)N(CC)CC,CC1=CC=CC=C1,0.5,3.0,,5.1,0.7075701760979364
918,CCCCCCCCN(CCCCCCCC)C(=O)COCC(=O)N(CCCCCCCC)CCCCCCCC,CCCCCCCCCCCC,0.1,0.1004,,0.0352377805845041,-1.452991452991453
919,CCCCC(CC)CN(CC(CC)CCCC)C(=O)C(C)(C)C,CCCCCCCCCCCC,1.0,3.0,0.1,2.1,0.3222192947339193
920,CCCCCCCC(=O)N(CCCCCC)CCCCCC,CC1=CC=CC=C1,0.5,3.0,50.0,2.92127021415216,0.4655717305742211
921,CCCCC(CC)CN(CC(CC)CCCC)C(=O)CC,CCCCCCCCCCCC,1.0,0.01,0.01,0.0047496206025883,-2.323341080224196
922,CCCCCCN(CCCCCC)C(=O)C(CC)CCCC,CC1=CC=CC=C1,0.5,1.5,50.0,0.783516397130863,-0.1059519103518204
923,CCCCCCCCN(CCCCCCCC)C(=O)COCC(=O)N(CCCCCCCC)CCCCCCCC,CCCCCCCCCCCC,0.2,4.14516,1.0,7.36363636363636,0.8670923337204245
924,CCCCC(CC)CN(CC(CC)CCCC)C(=O)C(C)C,CCCCCCCCCCCC,1.5,3.0,1000.0,1.17540687160942,0.07018822533816348
925,CCCCCCCC(=O)N(CCCCCC)CCCCCC,CCCCCCCCCCCC,1.0,3.0,631.674,1.14915083332689,0.06037703633173449
926,CCCCC(CC)CN(CC(CC)CCCC)C(=O)C(C)(C)C,CCCCCCCCCCCC,1.0,5.0,0.1,4.34519278535275,0.6380090497737567
927,CCCCCCCCN(CCCCCCCC)C(=O)CCCCCCC,CCCCCCCCCCCC,0.5,7.00964,,3.99801775045757,0.6018447179733589
928,CCCCC(CC)CN(CC(CC)CCCC)C(=O)CCC,CCCC(C)CC(C)C ,0.621269,1.015,50.0,0.494196837112526,-0.3061000384340861
929,CCCCC(CC)CN(CC(CC)CCCC)C(=O)CC(C)(C)C,CCCCCCCCCC(C)C,0.5,2.08799,,0.59499209974315,-0.225488800760079
930,CCCCC(CC)CN(CC(CC)CCCC)C(=O)C(C)C,CCCCCCCCCCCC,1.5,1.0,500.0,0.877034358047028,-0.05698339270242879
931,CCCCC(CC)CN(CC(CC)CCCC)C(=O)C(C)C,CCCCCCCCCCCC,0.349463,2.0,0.01,0.266532839582669,-0.5742492738010503
932,CCCCN(CCCC)C(=O)CCC,CC1=CC=CC=C1,4.46527,3.0,,108.797664775259,2.036619573798714
933,CCCCC(CC)CN(CC(CC)CCCC)C(=O)C(C)C,CCCCCCCCCCCC,,2.0,,0.845954435721482,-0.07265302803383195
934,CCCCCCN(CCCCCC)C(=O)C(C)C,CCCCCCCCCCCC,0.5,2.0,,0.31,-0.5086383061657274
935,CCCCC(CC)CN(CC(CC)CCCC)C(=O)C(C)C,CCCCCCCCCCCC,1.0,10.0,0.01,2.4,0.380211241711606
936,CCCCCCCCCCCC(=O)N(CC)CC,CC1=CC=CC=C1,0.3,4.0,,3.49412411917016,0.5433383280405261
937,CCCCCCCCCCCC(=O)N(CC)CC,CC1=CC=CC=C1,0.3,2.0,,15.8532468434877,1.200118221872587
938,CCCCCCCCN(CCCCCCCC)C(=O)COCC(=O)N(CCCCCCCC)CCCCCCCC,CCCCCCCCCCCC,0.1,5.9848,,20.4428438120377,1.310541310541309
939,CCCCCCN(CCCCCC)C(=O)C(CC)CCCC,CCCCCCCCCCCC,1.0,3.03286,0.00084,2.1052722727657,0.3233082706766902
940,CCCCCCCC(=O)N(CCCCCC)CCCCCC,CCCCCCCCCCCC,1.0,3.0,1.01631,0.819720603770073,-0.08633414873527538
941,CCCCCCCC(=O)N(CCCCCC)CCCCCC,CCCCCCCCCCCC,1.1,0.5,214.592,0.891584507765904,-0.04983748645720439
942,CCCCC(CC)CN(CC(CC)CCCC)C(=O)CCC,CCCC(C)CC(C)C ,0.202223,5.2,,0.665681088642024,-0.1767337807606265
943,CCCCC(CC)CN(CC(CC)CCCC)C(=O)C(C)C,CCCCCCCCCCCC,1.5,6.0,1000.0,0.904159132007226,-0.04375512696868296
944,CCCCCCCC(=O)N(CCCCCC)CCCCCC,CCCCCCCCCCCC,1.0,5.0,0.1,4.52256942822205,0.6553852426545229
945,CCCCCCCC(=O)N(CCCCCC)CCCCCC,CCCCCCCCCCCC,1.0,5.0,0.1,12.6114099544882,1.100763643371112
946,CCCCCCN(CCCCCC)C(=O)C(CC)CCCC,CCCCCCCCCCCC,1.0,0.293823,0.00084,0.03081213588714,-1.511278195488722
947,CCCCC(CC)CN(CC(CC)CCCC)C(=O)C(C)(C)C,CCCCCCCCCCCC,0.69623,3.0,0.01,1.08263673387405,0.03448275862068784
948,CCCCCCCC(=O)N(CCCCCC)CCCCCC,CCCCCCCCCCCC,1.0,0.01,0.1,0.917054914031163,-0.03760465762697581
949,CCCCCC(=O)N(CC(CC)CCCC)CC(CC)CCCC,CCCCCCCCCC(C)C,1.53887,4.9,,29.0507865051085,1.463157894736841
950,CCCCCCN(CCCCCC)C(=O)CCCCC,CCCCCCCCCCCC,1.0,3.93303,,25.0234454756865,1.398347107438026
951,CCCCCCCC(=O)N(CCCCCC)CCCCCC,CCCCCCCCCCCC,0.5,7.94053,,4.33070390290895,0.6365584913426995
952,CCCCC(CC)CN(CC(CC)CCCC)C(=O)CCC,CCCC(C)CC(C)C ,1.0,7.18094,,8.24772697151993,0.9163342758539162
953,CCCCC(CC)CN(CC(CC)CCCC)C(=O)C(C)C,CCCCCCCCCCCC,1.0,7.0,0.01,3.8,0.5797835966168101
954,CCCCC(CC)CN(CC(CC)CCCC)C(=O)CCC,CCCCCCCCCCCC,0.2,6.0,0.03,0.179552125648274,-0.7458094490628238
955,CCCCC(CC)CN(CC(CC)CCCC)C(=O)C(C)C,CCCCCCCCCCCC,0.1163,2.0,0.01,0.0304029390287046,-1.517084431448743
956,CCCCC(CC)CN(CC(CC)CCCC)C(=O)C(C)C,CCCC(C)CC(C)C ,0.072164,0.01,50.0,5.77955721541717,0.7618945674400744
957,CCCCCCN(CCCCCC)C(=O)CCCCC,CCCCCCCCCCCC,1.0,1.98679,,5.1374049715218,0.7107438016529042
958,CCCCCCN(CCCCCC)C(=O)CCC,CCCCCCCCCCCC,,4.0,,3.31580904542016,0.5205895119541644
959,CCCCC(CC)CN(CC(CC)CCCC)C(=O)C(C)C,CCCCCCCCCCCC,0.955147,2.0,,1.45847978802183,0.1639004149377578
960,CCCCCC(=O)N(CC(CC)CCCC)CC(CC)CCCC,CC1=CC=CC=C1,0.5,3.5,50.0,2.7,0.4313637641589874
961,CCCCCCCCCC(=O)N(CCCCCC)CCCCCC,CCCCCCCCCCCC,1.1,1.0,0.01,2.22244481501339,0.3468309859154933
962,CCCCC(CC)CN(CC(CC)CCCC)C(=O)C(C)C,CCCCCCCCCCCC,1.0,6.0,0.01,4.45004200585185,0.648364110491845
963,CCCCCCCCN(CCCCCCCC)C(=O)COCC(=O)N(CCCCCCCC)CCCCCCCC,CCCCCCCCCCCC,0.100338,0.01,1.0,0.251188643150958,-0.6
964,CCCCC(CC)CN(CC(CC)CCCC)C(=O)C(C)C,CCCC(C)CC(C)C ,1.06309,1.0,,0.287826702713276,-0.5408689174769996
965,CCCCC(CC)CN(CC(CC)CCCC)C(=O)C(C)C,CCCCCCCCCCCC,1.1,4.0,171.674,2.322,0.365862215402555
966,CCCCCCCC(=O)N(CCCCCC)CCCCCC,CCCCCCCCCCCC,0.108481,,,2.81162564518022,0.4489574959155591
967,CCCCCCN(CCCCCC)C(=O)CCCCC,CC1=CC=CC=C1,0.5,3.5,50.0,2.65,0.4232458739368078
968,CCCCC(CC)CN(CC(CC)CCCC)C(=O)C(C)(C)C,CCCCCCCCCCCC,0.69623,3.0,0.01,1.08263673387405,0.03448275862068784
969,CCCCC(CC)CN(CC(CC)CCCC)C(=O)CCC,CCCC(C)CC(C)C ,1.7406,1.0,,4.08073370441214,0.6107382550335557
970,CCCCC(CC)CN(CC(CC)CCCC)C(=O)CCC,CCCCCCCCCCCC,1.0,0.394225,0.00084,0.292526633743664,-0.5338345864661662
971,CCCCCC(=O)N(CC(CC)CCCC)CC(CC)CCCC,CCCCCCCCCC(C)C,,6.57437,,4.76348944914853,0.6779252076177129
972,CCCCCCN(CCCCCC)C(=O)CCC,CCCCCCCCCCCC,0.5,2.0,,0.77,-0.1135092748275181
973,CCCCC(CC)C(=O)N(CCCC)CCCC,CC1=CC(=CC(=C1)C)C,0.96,1.07368,,1.3701752220034,0.1367761095528764
974,CCCCN(CCCC)C(=O)CCC,CC1=CC=CC=C1,0.5,3.5,50.0,2.23,0.3483048630481607
975,CCCCCCCC(=O)N(CCCCCC)CCCCCC,CCCCCCCCCCCC,0.5,8.43309,,3.74505426532954,0.5734581149493531
976,CCCCC(CC)CN(CC(CC)CCCC)C(=O)CC,CCCCCCCCCCCC,1.0,3.0,0.1,3.9,0.5910646070264992
977,CCCCCCCCN(CCCCCCCC)C(=O)COCC(=O)N(CCCCCCCC)CCCCCCCC,CCCCCCCCCCCC,0.304127,0.01,1.0,2.46511244772759,0.3918367346938768
978,CCCCCCCC(=O)N(CCCCCC)CCCCCC,CCCCCCCCCCCC,1.0,3.0,997.92,0.666409783460091,-0.1762586357436119
979,CCCCCCCC(=O)N(CCCCCC)CCCCCC,CCCCCCCCCCCC,1.0,3.0,83.8298,4.9,0.6901960800285137
980,CCCCCC(=O)N(CC(CC)CCCC)CC(CC)CCCC,CCCCCCCCCC(C)C,,0.491759,,0.0790062571406156,-1.102338512076255
981,CCCCN(CCCC)C(=O)CC,CC1=CC=CC=C1,0.5,3.0,,4.5,0.6532125137753437
982,CCCCCCCC(=O)N(CCCCCC)CCCCCC,CCCCCCCCCCCC,1.0,3.0,234.87,0.666409783460092,-0.1762586357436113
983,CCCCC(CC)CN(CC(CC)CCCC)C(=O)C(C)C,CCCC(C)CC(C)C ,0.0106718,0.01,50.0,0.147460551913873,-0.8313241449568525
984,CCCCCCCC(=O)N(CCCCCC)CCCCCC,CCCCCCCCCCCC,0.5,4.96363,,5.77757791420638,0.761745810919945
985,CCCCC(CC)CN(CC(CC)CCCC)C(=O)C(C)C,CCCCCCCCCCCC,1.0,3.0,0.1,3.7,0.568201724066995
986,CCCCCCCCN(CCCCCCCC)C(=O)COCC(=O)N(CCCCCCCC)CCCCCCCC,CCCCCC,0.1,3.0,1.0,2.29,0.359835482339888
987,CCCCC(CC)CN(CC(CC)CCCC)C(=O)C(C)C,CCCCCCCCCCCC,1.0,2.0,36.5481,0.865924570683282,-0.06251993703895245
988,CCCCCCCCCCCC(=O)N(CC)CC,CC1=CC=CC=C1,0.3,1.0,,0.429660659940892,-0.3668744088311774
989,CCCCC(CC)CN(CC(CC)CCCC)C(=O)C(C)C,CCCCCCCCCCCC,1.5,0.1,250.0,0.162748643761299,-0.7884826218653814
990,CCCCC(CC)CN(CC(CC)CCCC)C(=O)COCC(=O)N(CC(CC)CCCC)CC(CC)CCCC,CCCCCCCCCCCC,0.2,2.04,4.2,1.298,0.1132746924643504
991,CCCCC(CC)CN(CC(CC)CCCC)C(=O)C(C)C,CCCC(C)CC(C)C ,0.202348,1.0,,0.0062541571637733,-2.203831209357573
992,CCCCC(CC)CN(CC(CC)CCCC)C(C)=O,CCCCCCCCCCCC,0.0500486,2.0,0.01,0.150218747966953,-0.8232758620689614
993,CCCCC(CC)CN(CC(CC)CCCC)C(=O)C(C)C,CCCC(C)CC(C)C ,0.0239931,0.01,50.0,0.730315521237866,-0.1364894692937454
994,CCCCC(CC)CN(CC(CC)CCCC)C(=O)C(C)C,CCCCCCCCCCCC,1.0,2.0,21.5968,0.875227209710708,-0.05787918913275993
995,CCCCC(CC)CN(CC(CC)CCCC)C(C)=O,CCCCCCCCCCCC,1.0,3.0,0.1,22.1,1.344392273685111
996,CCCCCCCCN(CCCCCCCC)C(=O)CCC,CCCCCCCCCCCC,0.1,2.0,,0.0398953614375943,-1.39907759602161
997,CCCCC(CC)CN(CC(CC)CCCC)C(C)=O,CCCCCCCCCCCC,1.0,3.0,0.1,13.6,1.133538908370217
998,CCCCCCN(CCCCCC)C(=O)CCCCC,CCCCCCCCCCCC,1.0,3.5,429.185,2.81,0.4487063199050799
999,CCCCCCCC(=O)N(CCCCCC)CCCCCC,CCCCCCCCCCCC,1.0,3.0,0.238768,4.85461815217696,0.686155075454263
1000,CCCCC(CC)CN(CC(CC)CCCC)C(=O)C(C)C,CCCCCCCCCCCC,1.5,3.0,750.0,1.59132007233273,0.2017575408454702
1001,CCCCC(CC)CN(CC(CC)CCCC)C(=O)CC(C)(C)C,CCCCCCCCCC(C)C,1.51614,4.9,,25.8045272152385,1.411695906432748
1002,CCCCC(CC)CN(CC(CC)CCCC)C(=O)CCC,CCCCCCCCCCCC,1.0,4.10456,0.00084,15.4159369284227,1.187969924812029
1003,CCCCCCCCCC(=O)N(CCCCCC)CCCCCC,CCCCCCCCCCCC,0.5,3.5,,4.45,0.6483600109809317
1004,CCCCCCN(CCCCCC)C(=O)C(CC)CCCC,CC1=CC=CC=C1,0.5,0.5,50.0,5.91269310337278,0.7717853376544959
1005,CCCCC(CC)CN(CC(CC)CCCC)C(=O)C(C)C,CCCCCCCCCCCC,1.0,1.0,0.01,0.24,-0.619788758288394
1006,CCCCC(CC)CN(CC(CC)CCCC)C(=O)COCC(=O)N(CC(CC)CCCC)CC(CC)CCCC,CCCCCCCCCCCC,0.32,3.0,4.2,5.85,0.7671558660821804
1007,CCCCCCCCCCN(CCCCCCCCCC)C(=O)COCC(=O)N(CCCCCCCCCC)CCCCCCCCCC,CCCCCCCCCCCC,0.103,1.0,0.0004,0.318,-0.4975728800155673
1008,CCCCC(CC)CN(CC(CC)CCCC)C(=O)C(C)C,CCCC(C)CC(C)C ,1.32451,1.015,50.0,0.754995434583291,-0.1220556745182012
1009,CCCCC(CC)CN(CC(CC)CCCC)C(=O)C(C)C,CCCCCCCCCCCC,1.0,0.298905,0.00084,0.0251624988961217,-1.599246231155778
1010,CCCCC(CC)CN(CC(CC)CCCC)C(=O)C(C)C,CCCCCCCCCCCC,0.584656,2.0,,0.261223622755267,-0.5829875518672214
1011,CCCCCCCC(=O)N(CCCCCC)CCCCCC,CCCCCCCCCCCC,1.0,3.0,132.728,1.30802992935668,0.1166176813015091
1012,CCCCC(CC)CN(CC(CC)CCCC)C(=O)CCC,CCCC(C)CC(C)C ,0.129038,0.01,50.0,1.83982838958072,0.2647773159802437
1013,CCCCCCCCN(CCCCCCCC)C(=O)C(CC)CCCC,CCCCCCCCCCCC,0.5,7.82161,,2.00198555431673,0.3014609394254348
1014,CCCCCCCC(=O)N(CCCCCC)CCCCCC,CC1=CC(=CC(=C1)C)C,1.0,3.0,172.508,4.1088283301398,0.6137179964990436
1015,CCCCC(CC)CN(CC(CC)CCCC)C(=O)C(C)C,CCCCCCCCCCCC,1.0,5.0,0.01,4.6,0.6627578316815741
1016,CCCCC(CC)CN(CC(CC)CCCC)C(=O)C(C)C,CCCCCCCCCCCC,1.0,0.102043,0.00084,0.005369075332205,-2.270100502512563
1017,CCCCC(CC)CN(CC(CC)CCCC)C(=O)C(C)(C)C,CCCCCCCCCCCC,1.0,3.0,0.1,1.16591905937465,0.06666840180628056
1018,CCCCCCCC(=O)N(CCCCCC)CCCCCC,CCCCCCCCCCCC,0.5,1.08684,,0.471271191562124,-0.326729107509616
1019,CCCCC(CC)CN(CC(CC)CCCC)C(=O)C(C)(C)C,CCCCCCCCCCCC,1.0,3.0,0.1,1.4,0.146128035678238
1020,CCCCC(CC)CN(CC(CC)CCCC)C(=O)CCC,CCCCCCCCCCCC,1.0,6.0,,20.2282615811717,1.305958561063182
1021,CCCCC(CC)CN(CC(CC)CCCC)C(=O)C(C)C,CCCCCCCCCCCC,1.5,1.0,1000.0,0.940325497287538,-0.02672178766989199
1022,CCCCC(CC)CN(CC(CC)CCCC)C(=O)C(C)C,CCCC(C)CC(C)C ,0.481763,5.0,,1.0231170179389,0.009925308530127852
1023,CCCCC(CC)CN(CC(CC)CCCC)C(=O)C(C)C,CCCCCCCCCCCC,1.5,2.0,500.0,1.65461121157321,0.2186959627617429
1024,CCCCC(CC)CN(CC(CC)CCCC)C(=O)C(C)C,CCCCCCCCCCCC,0.5,2.0,0.1,0.202667429056016,-0.6932160417255555
1025,CCCCC(CC)CN(CC(CC)CCCC)C(=O)C(C)C,CCCC(C)CC(C)C ,1.65721,10.2,,4.27208228042254,0.6306396086247502
1026,CCCCC(CC)CN(CC(CC)CCCC)C(=O)C(C)(C)C,CCCCCCCCCCCC,0.139263,3.0,0.01,0.0356224789026243,-1.448275862068967
1027,CCCCC(CC)CN(CC(CC)CCCC)C(=O)CCC,CCCC(C)CC(C)C ,1.0,0.0313325,,0.0029164850246413,-2.535140249212473
1028,CCCCCCCC(=O)N(CCCCCC)CCCCCC,CCCCCCCCCCCC,1.0,3.0,0.442471,2.55304548202105,0.4070585517469932
1029,CCCCCCCCCCCC(=O)N(CC)CC,CC1=CC=CC=C1,0.249659,,,1.5504360169952,0.1904538485873565
1030,CCCCCCCC(=O)N(CCCCCC)CCCCCC,CCCCCCCCCCCC,1.0,3.0,1089.28,0.749627144608969,-0.1251546956789149
1031,CCCCC(CC)CN(CC(CC)CCCC)C(=O)C(C)C,CCCCCCCCCCCC,1.0,3.0,0.1,2.0,0.3010299956639812
1032,CCCCCCCC(=O)N(CCCCCC)CCCCCC,CCCCCCCCCCCC,1.0,3.0,796.463,0.931783202719652,-0.03068512285530053
1033,CCCCN(CCCC)C(=O)CCC,CC1=CC=CC=C1,0.10105,3.0,,0.288844402458132,-0.5393360442731673
1034,CCCCC(CC)CN(CC(CC)CCCC)C(=O)C(C)C,CCCCCCCCCCCC,1.0,2.0,3.96326,0.928855120013805,-0.03205202065153314
1035,CCCCC(CC)CN(CC(CC)CCCC)C(=O)CC,CCCCCCCCCCCC,1.0,3.0,0.01,6.26858360591195,0.7971694225490045
1036,CCCCC(CC)CN(CC(CC)CCCC)C(=O)C(C)(C)C,CCCCCCCCCCCC,0.557947,3.0,0.01,0.665695869213346,-0.1767241379310328
1037,CCCCC(CC)CN(CC(CC)CCCC)C(=O)C(C)C,CCCCCCCCCCCC,1.0,2.0,57.5048,0.776231861821051,-0.110008534838633
1038,CCCCCCCCN(CCCCCCCC)C(=O)COCC(=O)N(CCCCCCCC)CCCCCCCC,CCCCCCCCCCCC,0.1,3.0,1.0,2.47,0.3926969532596657
1039,CCCCC(CC)CN(CC(CC)CCCC)C(=O)C(C)C,CCCCCCCCCCCC,1.5,1.0,750.0,0.958408679927684,-0.01844926170390164
1040,CCCCCCCCN(CCCCCCCC)C(=O)COCC(=O)N(CCCCCCCC)CCCCCCCC,CCCCCCCCCCCC,0.049,3.0,4.20133,1.802,0.2557547866430442
1041,CCCCCCN(CCCCCC)C(=O)C(C)C,CCCCCCCCCCCC,0.3,,,0.108813390031037,-0.9633176592446268
1042,CCCCC(CC)CN(CC(CC)CCCC)C(=O)CC,CCCCCCCCCCCC,1.0,3.0,0.1,6.2,0.7923916894982539
1043,CCCCC(CC)CN(CC(CC)CCCC)C(=O)C(C)C,CCCCCCCCCCCC,1.0,3.0,,1.49437101992467,0.1744584367708963
1044,CCCCC(CC)CN(CC(CC)CCCC)C(=O)CCC,CCCCCCCCCCCC,0.4,6.5,0.03,0.528427075404633,-0.2770149382233361
1045,CCCCCCCCN(CCCCCCCC)C(=O)CCC,CCCCCCCCCCCC,,7.0,,3.60631659681445,0.5570638505655185
1046,CCCCC(CC)CN(CC(CC)CCCC)C(=O)C(C)C,CCCCCCCCCCCC,1.0,3.0,0.01,2.13,0.3283796034387377
1047,CCCCCCCC(=O)N(CCCCCC)CCCCCC,CC1=CC=CC=C1,0.5,5.0,50.0,4.31965965233283,0.6354495299314225
1048,CCCCC(CC)CN(CC(CC)CCCC)C(=O)C(C)C,CCCC(C)CC(C)C ,1.0,0.367497,,0.0390844040765902,-1.407996505383249
1049,CCCCCCCC(=O)N(CCCCCC)CCCCCC,CCCCCCCCCCCC,0.5,2.99023,,3.42938041897881,0.535215663796611
1050,CCCCCCCC(=O)N(CCCCCC)CCCCCC,CC1=CC=CC=C1,0.5,3.5,50.0,2.92,0.4653828514484183
1051,CCCCC(CC)CN(CC(CC)CCCC)C(C)=O,CCCCCCCCCCCC,1.0,0.01,0.01,0.0047496206025883,-2.323341080224196
1052,CC(C)CN(CC(C)C)C(=O)C(C)C,CC1=CC=CC=C1,0.5,6.0,,3.1,0.4913616938342727
1053,CCCCCCN(CCCCCC)C(=O)CCCCC,CCCCCCCCCCCC,0.369082,3.5,,1.97795504768759,0.2962164173101657
1054,CCCCC(CC)CN(CC(CC)CCCC)C(=O)CCC,CCCC(C)CC(C)C ,1.30903,5.2,,20.357518222611,1.308724832214764
1055,CCCCC(CC)CN(CC(CC)CCCC)C(=O)C(C)C,CCCCCCCCCCCC,1.5,2.0,750.0,1.3924050632911,0.1437655938677714
1056,CCCCC(CC)CN(CC(CC)CCCC)C(=O)C(C)C,CCCCCCCCCCCC,0.196281,2.0,,0.0267538256250419,-1.572614107883811
1057,CCCCCCCCCC(=O)N(CCCCCC)CCCCCC,CCCCCCCCCCCC,1.1,3.0,0.01,10.5,1.021189299069938
1058,CCCCCCCCN(CCCCCCCC)C(=O)COCC(=O)N(CCCCCCCC)CCCCCCCC,CCCCCCCCCCCC,0.1,1.0,,0.53,-0.275724130399211
1059,CCCCCCCCN(CCCCCCCC)C(=O)COCC(=O)N(CCCCCCCC)CCCCCCCC,C1=CC=CC=C1,0.1,3.0,1.0,2.1,0.3222192947339193
1060,CCCCCCCCN(CCCCCCCC)C(=O)C(C)C,CCCCCCCCCCCC,,3.0,,0.788237412270785,-0.1033429559749049
1061,CCCCC(CC)CN(CC(CC)CCCC)C(=O)CCC,CCCCCCCCCCCC,1.0,0.200853,0.00084,0.0863157851944181,-1.06390977443609
1062,CCCCCCCC(=O)N(CCCCCC)CCCCCC,CCCCCCCCCCCC,1.1,3.0,0.01,11.5,1.060697840353612
1063,CCCCC(CC)CN(CC(CC)CCCC)C(=O)C(C)C,CCCCCCCCCCCC,0.349463,2.0,0.01,0.266532839582669,-0.5742492738010503
1064,CCCCCCN(CCCCCC)C(=O)C(CC)CCCC,CCCCCCCCCCCC,1.0,0.0988539,0.00084,0.0081240845778629,-2.090225563909775
1065,CCCCCCCC(=O)N(CCCCCC)CCCCCC,CCCCCCCCCCCC,1.1,2.0,0.01,6.26,0.7965743332104297
1066,CCCCC(CC)CN(CC(CC)CCCC)C(=O)C(C)C,CCCC(C)CC(C)C ,0.0283316,0.01,50.0,1.35514675090639,0.1319863281682527
1067,CCCCC(CC)CN(CC(CC)CCCC)C(=O)C(C)C,CCCCCCCCCCCC,1.0,3.0,0.01,2.16,0.3344537511509309
1068,CCCCC(CC)CN(CC(CC)CCCC)C(=O)C(C)C,CCCC(C)CC(C)C ,1.46581,1.0,,0.716269407956392,-0.1449235972700369
1069,CCCCC(CC)CN(CC(CC)CCCC)C(C)=O,CCCCCCCCCCCC,0.101814,2.0,0.01,0.562341325190346,-0.2500000000000024
1070,CCCCCC(=O)N(CC(CC)CCCC)CC(CC)CCCC,CCCCCCCCCC(C)C,0.100014,4.9,,0.321812077637291,-0.492397660818713
1071,CCCCCCCCCCCC(=O)N(CC(CC)CCCC)CC(CC)CCCC,CCCCCCCCCC(C)C,0.5,2.07448,,1.57297344278952,0.1967213902982204
1072,CCCCC(CC)CN(CC(CC)CCCC)C(=O)C(C)(C)C,CCCCCCCCCCCC,1.0,3.0,0.1,1.16915826244533,0.06787330316741842
1073,CCCCC(CC)CN(CC(CC)CCCC)C(C)=O,CCCCCCCCCCCC,1.0,3.0,0.01,16.0681381716135,1.205965557619709
1074,CCCCCCCCCCCC(=O)N(CCCC)CCCC,CC1=CC=CC=C1,0.2,,,0.816605838159372,-0.08798751950078033
1075,CCCCCCCC(=O)N(CCCCCC)CCCCCC,CCCCCCCCCCCC,1.0,3.0,167.66,4.5,0.6532125137753437
1076,CCCCC(CC)CN(CC(CC)CCCC)C(C)=O,CCCCCCCCCCCC,1.0,2.0,0.01,13.6089791863613,1.133825549864817
1077,CCCCCCCCN(CCCCCCCC)C(=O)COCC(=O)N(CCCCCCCC)CCCCCCCC,CCCCCCCCCCCC,0.1,1.0,,0.27,-0.5686362358410126
1078,CCCCCCCCCCCC(=O)N(CCCC)CCCC,CC1=CC=CC=C1,0.2,,,1.29330354507117,0.1117004680187195
1079,CCCCC(CC)CN(CC(CC)CCCC)C(=O)C(C)C,CCCCCCCCCCCC,1.0,6.0,0.01,4.21,0.6242820958356683
1080,CCCCC(CC)CN(CC(CC)CCCC)C(=O)C(C)C,CCCCCCCCCCCC,1.0,2.0,83.5303,0.871387122416541,-0.05978886246861603
1081,CCCCC(CC)CN(CC(CC)CCCC)C(=O)C(C)C,CCCCCCCCCCCC,0.5,5.0,0.1,1.35115804785184,0.1307061523494404
1082,CCCCCCN(CCCCCC)C(=O)C(CC)CCCC,CCCCCCCCCCCC,1.0,3.0,0.00084,1.82,0.2600713879850748
1083,CCCCCCCCCCCC(=O)N(CC(CC)CCCC)CC(CC)CCCC,CCCCCCCCCC(C)C,0.5,3.04539,,3.36282087457201,0.5267037346185933
1084,CCCC(=O)N(CC(C)C)CC(C)C,CC1=CC=CC=C1,0.5,6.0,,4.8,0.6812412373755872
1085,CCCCCC(CC)C(=O)N(CC(C)C)CC(C)C,CCCCCCCCCCCC,0.5,2.92842,,0.593389621671956,-0.2266600537219346
1086,CCCCC(CC)CN(CC(CC)CCCC)C(=O)C(C)C,CCCC(C)CC(C)C ,1.66877,1.015,50.0,1.15858711860569,0.06392869562034259
1087,CCCCCCCC(=O)N(CCCCCC)CCCCCC,CCCCCCCCCCCC,0.217491,3.5,,0.745077419315226,-0.1277985983463365
1088,CCCCC(CC)CN(CC(CC)CCCC)C(=O)C(C)C,CCCCCCCCCCCC,,10.0,,3.671077518201,0.5647935551309269
1089,CCCCCCCCCCCCN(CCCCCCCCCCCC)C(=O)COCC(=O)N(CCCCCCCC)CCCCCCCC,CCCCCCCCCCCC,0.1,1.02,11.0,0.18,-0.744727494896694
1090,CCCCC(CC)CN(CC(CC)CCCC)C(=O)C(C)C,CCCCCCCCCCCC,1.0,0.01,0.01,0.0019699296039865,-2.705549293202082
1091,CCCCCCCCCC(=O)N(CCCCCC)CCCCCC,CCCCCCCCCCCC,0.200564,3.0,0.01,0.528383341884018,-0.2770508826583594
1092,CCCCC(CC)CN(CC(CC)CCCC)C(=O)CCC,CCCCCCCCCCCC,0.598469,2.0,,0.279583558296635,-0.5534883720930238
1093,CCCCCCCCN(CCCCCCCC)C(=O)COCC(=O)N(CCCCCCCC)CCCCCCCC,CCCCCCCCCCCC,0.01,3.0,4.20133,0.071,-1.148741651280925
1094,CCCCCC(=O)N(CCCC)CCCC,CC1=CC=CC=C1,0.5,3.5,50.0,2.43,0.3856062735983122
1095,CCCCCCCCCCCC(=O)N(CCCCCCCC)CCCCCCCC,CC1=CC=CC=C1,,5.0,,1.50992072833027,0.1789541471922132
1096,CCCCCCCC(=O)N(CCCCCC)CCCCCC,CCCCCCCCCCCC,1.0,3.0,736.371,1.04726760379676,0.02005766926485197
1097,CCCCC(CC)CN(CC(CC)CCCC)C(=O)CC(C)(C)C,CCCCCCCCCC(C)C,0.5,7.93339,,3.4992095480604,0.5439699507256512
1098,CCCCCCCCCC(=O)N(CCCCCC)CCCCCC,CCCCCCCCCCCC,1.1,3.0,0.01,14.9,1.173186268412274
1099,CCCCC(CC)CN(CC(CC)CCCC)C(=O)C(C)C,CCCCCCCCCCCC,1.5,4.0,750.0,1.64556962025316,0.2163162610163941
1100,CCCCC(CC)C(=O)N(CCCC)CCCC,CC1=CC(=CC(=C1)C)C,1.0,2.0,,3.47763093747644,0.541283490742574
1101,CCCCC(CC)CN(CC(CC)CCCC)C(=O)C(C)C,CCCC(C)CC(C)C ,1.91968,1.0,,1.14662390061872,0.0594209901149536
1102,CCCCCC(=O)N(CC(CC)CCCC)CC(CC)CCCC,CCCCCCCCCC(C)C,0.477694,4.9,,5.18346157001649,0.7146198830409358
1103,CCCCC(CC)CN(CC(CC)CCCC)C(=O)CCC,CCCCCCCCCCCC,1.0,1.98002,,3.85729794456109,0.5862831858407086
1104,CCCCC(CC)C(=O)N(CCCC)CCCC,CC1=CC(=CC(=C1)C)C,0.96,4.47368,,9.06268277182328,0.9572567783094088
1105,CCCCCCCC(=O)N(CCCCCC)CCCCCC,CCCCCCCCCCCC,0.527284,3.5,,4.04700996968717,0.6071342742642603
1106,CCCCC(CC)CN(CC(CC)CCCC)C(C)=O,CCCCCCCCCCCC,1.0,5.0,0.01,17.924095340336,1.253437245309724
1107,CCCCN(CCCC)C(=O)CCC,CC1=CC=CC=C1,0.5,3.0,,5.3,0.724275869600789
1108,CCCCC(CC)CN(CC(CC)CCCC)C(C)=O,CCCCCCCCCCCC,1.0,3.0,0.1,15.2,1.181843587944773
1109,CCCCC(CC)CN(CC(CC)CCCC)C(=O)CC(C)(C)C,CCCCCCCCCC(C)C,0.5,1.08347,,0.10345913460359,-0.985231158620319
1110,CCCCCCCCCC(=O)N(CCCCCC)CCCCCC,CCCCCCCCCCCC,0.5,3.5,,3.42,0.534026106056135
1111,CCCCCCCCN(CCCCCCCC)C(=O)CCC,CCCCCCCCCCCC,,0.5,,0.108300413000542,-0.9653698872018781
1112,CCCCC(CC)CN(CC(CC)CCCC)C(=O)C(C)(C)C,CCCCCCCCCCCC,0.557947,3.0,0.01,0.665695869213346,-0.1767241379310328
1113,CCCCCCCC(=O)N(CCCCCC)CCCCCC,CC1=CC(=CC(=C1)C)C,1.0,3.0,818.785,0.697748271484399,-0.1563012307056405
1114,CCCCC(CC)CN(CC(CC)CCCC)C(=O)C(C)(C)C,CCCCCCCCCCCC,0.27875,3.0,0.01,0.150218747966951,-0.8232758620689672
1115,CCCCCCCC(=O)N(CCCCCC)CCCCCC,CCCCCCCCCCCC,1.1,3.0,0.01,7.58,0.8796692056320535
1116,CCCCC(CC)CN(CC(CC)CCCC)C(=O)COCC(=O)N(CC(CC)CCCC)CC(CC)CCCC,CCCCCCCCCCCC,0.2,4.106,4.2,21.709,1.336639818641689
1117,CCCCC(CC)CN(CC(CC)CCCC)C(=O)C(C)C,CCCC(C)CC(C)C ,1.0,6.25934,,3.53536164844954,0.5484338463910386
1118,CCCCCCCC(=O)N(CCCCCC)CCCCCC,CCCCCCCCCCCC,1.1,2.0,1287.55,3.39529546302263,0.5308775731310934
1119,CCCCCCCC(=O)N(CCCCCC)CCCCCC,CCCCCCCCCCCC,1.0,3.0,0.771528,1.46134332597456,0.1647522604652088
1120,CCCCC(CC)CN(CC(CC)CCCC)C(=O)C(C)(C)C,CCCCCCCCCCCC,0.417943,3.0,0.01,0.366990795981307,-0.4353448275862056
1121,CCCCC(CC)CN(CC(CC)CCCC)C(=O)CC,CCCCCCCCCCCC,1.0,5.0,0.01,11.2425808637213,1.050866019970613
1122,CCCCC(CN(C(CCC)=O)CC(CCCC)CC)CC,CCCCCCCCCCCC,,3.0,,4.52692970889541,0.6558037511164472
1123,CCCCCCCCN(CCCCCCCC)C(=O)CCCCCCC,CCCCCCCCCCCC,0.251167,2.0,,0.666216468033548,-0.1763846362985451
1124,CCCCC(CC)CN(CC(CC)CCCC)C(=O)C(C)(C)C,CCCCCCCCCCCC,1.0,6.0,0.1,5.18905061025648,0.7150879065106778
1125,CCCCCCCCN(CCCCCCCC)C(=O)COCC(=O)N(CCCCCCCC)CCCCCCCC,CCCCCCCCCCCC,0.044,1.0,0.0004,0.038,-1.42021640338319
1126,CCCCC(CC)CN(CC(CC)CCCC)C(=O)C(C)(C)C,CCCCCCCCCCCC,1.0,1.00579,0.00084,0.0609783795824232,-1.214824120603015
1127,CCCCCCCCCCCC(=O)N(CCCCCCCC)CCCCCCCC,CC1=CC=CC=C1,0.399081,,,3.7619653476188,0.5754147908402901
1128,CCCCCCCC(=O)N(CCCCCC)CCCCCC,CCCCCCCCCCCC,1.0,3.0,337.403,3.8066838864907,0.5805468137587243
1129,CCCCC(CC)CN(CC(CC)CCCC)C(=O)CCC,CCCC(C)CC(C)C ,0.98,0.01,4.4352,0.98,-0.00877392430750515
1130,CCCCCCN(CCCCCC)C(=O)CCC,CCCCCCCCCCCC,0.2,,,0.151470085140624,-0.8196731304698925
1131,CCCCCCCC(=O)N(CCCCCC)CCCCCC,CCCCCCCCCCCC,1.1,2.0,214.592,4.16599083188712,0.6197183098591552
1132,CCCCCCN(CCCCCC)C(=O)CCC,CCCCCCCCCCCC,,0.5,,0.0783749503693016,-1.105822721176797
1133,CCCCCCCCN(CCCCCCCC)C(=O)CCCCCCC,CCCCCCCCCCCC,0.1264,2.0,,0.179799665465592,-0.7452111206482993
1134,CCCCC(CC)CN(CC(CC)CCCC)C(=O)CCC,CCCC(C)CC(C)C ,0.695014,5.2,,6.90122480290853,0.8389261744966443
1135,CCCCC(CC)CN(CC(CC)CCCC)C(=O)C(C)C,CCCCCCCCCCCC,1.5,6.0,500.0,2.53164556962025,0.4034029043735392
1136,CCCCC(CC)CN(CC(CC)CCCC)C(=O)CC(C)(C)C,CCCCCCCCCC(C)C,0.502045,4.9,,4.38637000577954,0.6421052631578948
1137,CCCCC(CC)CN(CC(CC)CCCC)C(=O)CCC,CCCC(C)CC(C)C ,0.0922683,0.01,50.0,1.1614098205414,0.0649854939798157
1138,CCCCC(CC)CN(CC(CC)CCCC)C(=O)C(C)(C)C,CCCCCCCCCCCC,0.27875,3.0,0.01,0.150218747966951,-0.8232758620689672
1139,CCCCCCCC(=O)N(CCCCCC)CCCCCC,CCCCCCCCCCCC,1.0,3.0,945.309,0.696879372534325,-0.1568423903044674
1140,CCCCC(CC)CN(CC(CC)CCCC)C(=O)C(C)C,CCCC(C)CC(C)C ,0.185537,5.0,,0.147872652135875,-0.8301121378671653
1141,CCCCC(CC)CN(CC(CC)CCCC)C(=O)CCC,CCCCCCCCCCCC,1.0,0.987905,,0.9748505770491,-0.01106194690265572
1142,CCCCCC(CC)C(=O)N(CC(C)C)CC(C)C,CCCCCCCCCCCC,0.5,3.43121,,0.940499781395322,-0.02664130105864902
1143,CCCCC(CC)CN(CC(CC)CCCC)C(=O)C(C)C,CCCCCCCCCCCC,0.4643,2.0,0.01,0.583347475021174,-0.2340726776061404
1144,CCCCCCCCN(CCCCCCCC)C(=O)C(C)C,CCCCCCCCCCCC,,4.0,,1.54262721448137,0.1882609887630737
1145,CCCCCCN(CCCCCC)C(=O)C(CC)CCCC,CC1=CC=CC=C1,0.5,3.5,50.0,2.6,0.414973347970818
1146,CCCCCCCC(=O)N(CCCCCC)CCCCCC,CC1=CC(=CC(=C1)C)C,0.96,2.93179,,8.4327970291307,0.9259716473223176
1147,CCCCC(CC)CN(CC(CC)CCCC)C(=O)CC,CCCCCCCCCCCC,0.47194,2.0,0.01,2.14731892515128,0.3318965517241376
1148,CCCCC(CC)CN(CC(CC)CCCC)C(=O)CCC,CCCCCCCCCCCC,0.2,6.5,0.03,0.179552125648274,-0.7458094490628238
1149,CCCCN(CCCC)C(=O)C(C)(C)C,CC1=CC=CC=C1,0.5,3.0,,0.6,-0.2218487496163564
1150,CCCCCC(CC)C(=O)N(CC(C)C)CC(C)C,CCCCCCCCCCCC,0.5,0.998776,,0.0264312928337413,-1.577881593704157
1151,CCCCC(CC)CN(CC(CC)CCCC)C(=O)C(C)C,CCCCCCCCCCCC,1.0,2.0,166.431,0.742644053943606,-0.129219291822582
1152,CCCCCCCC(=O)N(CCCCCC)CCCCCC,CCCCCCCCCCCC,1.0,3.0,88.0849,4.02992044275336,0.6052964725395565
1153,CCCCC(CC)CN(CC(CC)CCCC)C(=O)C(C)C,CCCCCCCCCCCC,1.0,6.0,0.01,4.18,0.6211762817750351
1154,CCCCC(CC)CN(CC(CC)CCCC)C(=O)CC(C)(C)C,CCCCCCCCCC(C)C,0.5,5.91089,,4.73613405347061,0.6754239863370415
1155,CCCCC(CC)CN(CC(CC)CCCC)C(=O)C(C)C,CCCC(C)CC(C)C ,0.072164,0.01,50.0,5.77955721541717,0.7618945674400744
1156,CCCCC(CC)CN(CC(CC)CCCC)C(=O)CC,CCCCCCCCCCCC,0.118115,2.0,0.01,0.104049831036578,-0.9827586206896575
1157,CCCCC(CC)C(=O)N(CCCC)CCCC,CC1=CC=CC=C1,0.5,3.5,50.0,1.75,0.2430380486862944
1158,CCCCC(CC)CN(CC(CC)CCCC)C(=O)CCC,CCCCCCCCCCCC,1.0,0.304161,0.00084,0.117876863479358,-0.9285714285714313
1159,CCCCC(CC)CN(CC(CC)CCCC)C(=O)C(C)C,CCCCCCCCCCCC,1.0,3.0,0.01,2.37,0.3747483460101039
1160,CCCCCCN(CCCCCC)C(=O)CCC,CCCCCCCCCCCC,,3.0,,2.21819375320554,0.3459994779145614
1161,CCCCC(CC)CN(CC(CC)CCCC)C(=O)C(C)C,CCCC(C)CC(C)C ,0.191158,1.015,50.0,0.0071673683525506,-2.144640275261264
1162,CCCCC(CC)CN(CC(CC)CCCC)C(=O)CCC,CCCC(C)CC(C)C ,0.713929,1.0,,0.483686268643715,-0.3154362416107405
1163,CCCCC(CC)C(=O)N(CCCC)CCCC,CC1=CC(=CC(=C1)C)C,0.96,4.97895,,9.57809668910831,0.981279216850904
1164,CCCCC(CC)CN(CC(CC)CCCC)C(=O)CCC,CCCCCCCCCCCC,0.1,6.5,0.03,0.0768868390548238,-1.114147993293855
1165,CCCCCCCCCCCCCCC(C(=O)N(C)CCCC)C(=O)N(C)CCCC,CCCC(C)CC(C)C ,0.5,0.5,,7.5962,0.8805963907349271
1166,CCCCC(CC)CN(CC(CC)CCCC)C(=O)C(C)C,CCCCCCCCCCCC,1.0,8.0,0.01,3.3,0.5185139398778874
1167,CCCCC(CC)CN(CC(CC)CCCC)C(=O)C(C)C,CCCCCCCCCCCC,1.0,3.0,0.1,1.1,0.04139268515822508
1168,CCCCC(CC)CN(CC(CC)CCCC)C(=O)C(C)C,CCCC(C)CC(C)C ,1.0,0.75201,,0.164927552349201,-0.7827067862373733
1169,CCCCCCCCN(CCCCCCCC)C(=O)C(CC)CCCC,CCCCCCCCCCCC,0.502231,2.0,,0.569282613871107,-0.2446720795208597
1170,CCCCCC(CC)C(=O)N(CC(C)C)CC(C)C,CCCCCCCCCCCC,0.5,2.44806,,0.383205482718874,-0.4165682858734546
1171,CCCCC(CC)CN(CC(CC)CCCC)C(=O)CC(C)(C)C,CCCCCCCCCC(C)C,1.49481,0.98,,1.40779044005976,0.1485380116959049
1172,CCCCC(CC)CN(CC(CC)CCCC)C(=O)C(C)(C)C,CCCCCCCCCCCC,0.417943,3.0,0.01,0.366990795981307,-0.4353448275862056
1173,CCCCCCN(CCCCCC)C(=O)CCCCC,CCCCCCCCCCCC,0.490081,3.5,,3.50264817854934,0.5443965170527658
1174,CCCCC(CC)CN(CC(CC)CCCC)C(=O)C(C)C,CCCCCCCCCCCC,,4.0,,2.81002290569697,0.4487098600393338
1175,CCCCC(CC)CN(CC(CC)CCCC)C(=O)C(C)C,CCCC(C)CC(C)C ,0.481763,5.0,,1.0231170179389,0.009925308530127852
1176,CCCCCCN(CCCCCC)C(=O)COCC(=O)N(CCCCCC)CCCCCC,CCCCCCCCCCCC,0.04,1.0,0.0004,0.04,-1.397940008672037
1177,CCCCC(CC)CN(CC(CC)CCCC)C(=O)COCC(=O)N(CC(CC)CCCC)CC(CC)CCCC,CCCCCCCCCCCC,0.2,3.0,4.2,2.5,0.3979400086720376
1178,CCCCC(CC)CN(CC(CC)CCCC)C(=O)C(C)C,CCCCCCCCCCCC,1.5,1.0,1250.0,0.940325497287538,-0.02672178766989199
1179,CCCCCCCC(=O)N(CCCCCC)CCCCCC,CCCCCCCCCCCC,1.1,3.0,0.01,7.54729310142886,0.8777912162775305
1180,CCCCN(CCCC)C(=O)CC,CC1=CC=CC=C1,0.5,6.0,,4.5,0.6532125137753437
1181,CCCCCCCCCC(=O)N(CCCCCC)CCCCCC,CCCCCCCCCCCC,1.1,3.0,0.01,16.2,1.209515014542631
1182,CCCCCCCC(=O)N(CCCCCC)CCCCCC,CC1=CC(=CC(=C1)C)C ,0.96,0.559228,,1.22688623792456,0.08880429497466488
1183,CCCCC(CC)CN(CC(CC)CCCC)C(=O)C(C)C,CCCCCCCCCCCC,1.0,3.0,0.01,2.37,0.3747483460101039
1184,CCCCCC(=O)N(CC(CC)CCCC)CC(CC)CCCC,CCCCCCCCCC(C)C,,0.755646,,0.160921029415074,-0.7933871979013215
1185,CCCCC(CC)CN(CC(CC)CCCC)C(=O)C(C)C,CCCCCCCCCCCC,1.5,1.0,100.0,0.632911392405063,-0.1986570869544228
1186,CCCCCCCC(=O)N(CCCCCC)CCCCCC,CC1=CC(=CC(=C1)C)C,1.0,3.0,626.261,0.997164827816785,-0.001233048413828201
1187,CCCCC(CC)CN(CC(CC)CCCC)C(=O)C(C)C,CCCCCCCCCCCC,1.0,2.0,7.63186,0.906532529693313,-0.04261660721896531
1188,CCCCC(CC)CN(CC(CC)CCCC)C(=O)C(C)C,CCCC(C)CC(C)C ,0.898544,10.2,,1.4594538705602,0.1641903726520483
1189,CCCCCCCC(=O)N(CCCCCC)CCCCCC,CCCCCCCCCCCC,1.0,3.0,0.1,9.84284246433926,0.9931205342354806
1190,CCCCN(CCCC)C(=O)CCC,CC1=CC=CC=C1,0.200697,3.0,,1.13072592713575,0.05335735049852605
1191,CCCCC(CC)CN(CC(CC)CCCC)C(=O)CCC,CCCC(C)CC(C)C ,2.00351,5.2,,40.5976708883239,1.608501118568232
1192,CCCCC(CC)CN(CC(CC)CCCC)C(=O)CCC,CCCC(C)CC(C)C ,1.30227,1.0,,2.00453398090523,0.3020134228187899
1193,CCCCCCCCCC(=O)N(CCCCCC)CCCCCC,CCCCCCCCCCCC,1.09725,3.0,0.01,10.2077594166509,1.00893042575285
1194,CCCCCCCCN(CCCCCCCC)C(=O)CCCCCCC,CCCCCCCCCCCC,0.5,1.9733,,1.32092412888075,0.1208778733641796
1195,CCCCCCCC(=O)N(CCCCCC)CCCCCC,CCCCCCCCCCCC,0.519348,8.5,,4.42199295287788,0.6456180461285638
1196,CCCCC(CC)CN(CC(CC)CCCC)C(=O)C(C)C,CCCC(C)CC(C)C ,0.122547,10.2,,0.0582499618611782,-1.234704354653622
1197,CCCCC(CC)CN(CC(CC)CCCC)C(=O)C(C)(C)C,CCCCCCCCCCCC,1.0,0.48565,0.00084,0.0130113274903823,-1.885678391959799
1198,CCCCC(CC)CN(CC(CC)CCCC)C(=O)C(C)C,CCCCCCCCCCCC,1.0,3.0,0.01,2.37,0.3747483460101039
1199,CCCCC(CC)CN(CC(CC)CCCC)C(=O)C(C)C,CCCCCCCCCCCC,1.5,5.0,500.0,2.58589511754068,0.4126109061603624
1200,CCCCC(CC)CN(CC(CC)CCCC)C(=O)CCC,CCCC(C)CC(C)C ,1.0,0.8179,,1.31023497372415,0.1173491877479526
1201,CCCCC(CC)CN(CC(CC)CCCC)C(=O)C(C)C,CCCCCCCCCCCC,1.0,4.0,0.1,3.7,0.568201724066995
1202,CCCCCCCC(=O)N(CCCCCC)CCCCCC,CCCCCCCCCCCC,1.1,4.0,429.185,4.74303509393004,0.6760563380281691
1203,CCCCC(CC)CN(CC(CC)CCCC)C(=O)CC,CCCCCCCCCCCC,1.0,2.0,0.01,3.58670747143931,0.5546959574620433
1204,CCCCCCCCCCCC(=O)N(CCCCCCCC)CCCCCCCC,CC1=CC=CC=C1,0.299131,,,2.35839345363117,0.3726162606770048
1205,CCCCC(CC)CN(CC(CC)CCCC)C(=O)C(C)C,CCCCCCCCCCCC,1.0,3.0,0.01,2.24,0.3502480183341629
1206,CCCCC(CC)CN(CC(CC)CCCC)C(=O)CCC,CCCCCCCCCCCC,1.0,0.5,,0.502084288857555,-0.2992233682875201
1207,CCCCN(CCCC)C(=O)CCC,CC1=CC=CC=C1,0.5,3.5,50.0,2.23,0.3483048630481607
1208,CCCCCCCCN(CCCCCCCC)C(=O)CCCCCCC,CCCCCCCCCCCC,0.5,4.94156,,4.12281659011638,0.6151940149681981
1209,CCCCCC(=O)N(CCCC)CCCC,CC1=CC=CC=C1,0.5,3.5,50.0,2.43,0.3856062735983122
1210,CCCCCCCCN(CCCCCCCC)C(=O)COCC(=O)N(CCCCCCCC)CCCCCCCC,CCCCCCCCCCCC,0.1,3.9852,,12.0954236002299,1.082621082621084
1211,CCCCC(CC)CN(CC(CC)CCCC)C(=O)C(C)C,CCCCCCCCCCCC,1.0,3.0,0.00084,2.73,0.436162647040756
1212,CCCCC(CC)CN(CC(CC)CCCC)C(=O)CCC,CCCCCCCCCCCC,0.0994799,2.0,,0.0106636768724652,-1.972093023255811
1213,CCCCCCCC(=O)N(CCCCCC)CCCCCC,CCCCCCCCCCCC,1.0,3.0,251.489,3.9,0.5910646070264992
1214,CCCCCCN(CCCCCC)C(=O)CCCCC,CCCCCCCCCCCC,1.0,3.5,193.133,6.96,0.8426092396105621
1215,CCCCCCN(CCCCCC)C(=O)C(C)C,CCCCCCCCCCCC,,5.0,,1.76903363471303,0.2477360902479951
1216,CCCCCCCCCCCC(=O)N(CC)CC,CC1=CC=CC=C1,,3.0,,0.883757981346512,-0.053666651000876
1217,CCCCC(CN(C(CCC)=O)CC(CCCC)CC)CC,CCCCCCCCCCCC,,2.0,,2.71001115731812,0.4329710789008698
1218,CCCCC(CC)CN(CC(CC)CCCC)C(C)=O,CCCCCCCCCCCC,1.0,4.0,0.01,19.1954486045271,1.283198266190026
1219,CCCCCCCC(=O)N(CCCCCC)CCCCCC,CCCCCCCCCCCC,0.42689,8.5,,3.1961427757685,0.5046261715629264
1220,CCCCCCN(CCCCCC)C(=O)CCCCC,CCCCCCCCCCCC,0.5,3.5,,2.56,0.4082399653118496
1221,CCCCC(CC)CN(CC(CC)CCCC)C(=O)CC,CCCCCCCCCCCC,1.0,1.0,0.01,0.960510624271812,-0.01749782701560991
1222,CCCCCCCC(=O)N(CCCCCC)CCCCCC,CC1=CC=CC=C1,0.5,0.5,50.0,0.963034384493636,-0.01635820640686767
1223,CCCCC(CC)C(=O)N(CCCC)CCCC,CC1=CC(=CC(=C1)C)C,1.0,3.0,40.1508,8.68278683258015,0.9386591389737827
1224,CCCCC(CC)CN(CC(CC)CCCC)C(=O)C(C)C,CCCCCCCCCCCC,1.0,3.0,500.0,0.923076923076923,-0.03476210625921197
1225,CCCCC(CC)CN(CC(CC)CCCC)C(=O)C(C)C,CCCC(C)CC(C)C ,0.81773,5.0,,2.67647608346122,0.4275633669545613
1226,CCCCC(CC)CN(CC(CC)CCCC)C(=O)CCC,CCCC(C)CC(C)C ,0.824752,1.015,50.0,1.14297167836987,0.05803546917037159
1227,CC(C)CN(CC(C)C)C(=O)C(C)C,CC1=CC=CC=C1,0.5,3.0,,2.0,0.3010299956639812
1228,CCCCCCCC(=O)N(CCCCCC)CCCCCC,CCCCCCCCCCCC,1.0,3.0,1016.31,0.819720603770072,-0.08633414873527591
1229,CCCCC(CC)CN(CC(CC)CCCC)C(=O)C(C)C,CCCCCCCCCCCC,1.5,0.1,750.0,0.48824593128392,-0.3113613671456985
1230,CCCCCCCCN(CCCCCCCC)C(=O)COCC(=O)N(CCCCCCCC)CCCCCCCC,CCCCCCCCCCCC,0.1,0.0226,,0.0140652724210524,-1.851851851851851
1231,CCCCCCCC(=O)N(CCCCCC)CCCCCC,CCCCCCCCCCCC,0.423772,,,45.3512810704011,1.656589559399379
1232,CCCCC(CC)CN(CC(CC)CCCC)C(=O)C(C)(C)C,CCCCCCCCCCCC,1.0,1.0,0.01,0.125264090350313,-0.9021734110319146
1233,CCCCC(CC)CN(CC(CC)CCCC)C(=O)CC,CCCCCCCCCCCC,0.118115,2.0,0.01,0.104049831036578,-0.9827586206896575
1234,CCCCCCCCCCCC(=O)N(CCCC)CCCC,CC1=CC=CC=C1,0.2,,,1.19331491881007,0.07675507020280567
1235,CCCCCCCCCCCC(=O)N(CC)CC,CC1=CC=CC=C1,0.500881,,,3.81476160791097,0.5814674032073606
1236,CCCCCCCCN(CCCCCCCC)C(=O)C(C)C,CCCCCCCCCCCC,,5.0,,1.68255454778163,0.2259691527869807
1237,CCCCCCN(CCCCCC)C(=O)C(CC)CCCC,CC1=CC=CC=C1,0.294616,3.0,100.0,0.987493882803418,-0.005465586003222508
1238,CCCCC(CC)CN(CC(CC)CCCC)C(=O)C(C)C,CCCCCCCCCCCC,1.0,6.0,0.01,4.45004200585185,0.648364110491845
1239,CCCCC(CC)CN(CC(CC)CCCC)C(=O)C(C)C,CCCCCCCCCCCC,1.0,0.01,200.0,5.63,0.7505083948513462
1240,CCCCCCCCCCCC(=O)N(CC)CC,CC1=CC=CC=C1,0.0799683,,,0.155375128383429,-0.8086184995011162
1241,CCCCOP(=O)(OCCCC)OCCCC,CCCCCCCCCCCC,1.1,1.0,,6.1814,0.7910868478099096
1242,CCCCC(CC)CN(CC(CC)CCCC)C(=O)C(C)(C)C,CCCCCCCCCCCC,1.0,7.13181,0.00084,36.2280723285232,1.559045226130653
1243,CCCCC(CC)CN(CC(CC)CCCC)C(=O)CCC,CCCCCCCCCCCC,0.980028,2.0,,0.579149515917315,-0.2372093023255822
1244,CCCCC(CC)CN(CC(CC)CCCC)C(=O)CC,CCCCCCCCCCCC,0.353517,2.0,0.01,1.32035177971629,0.1206896551724121
1245,CCCCC(CC)CN(CC(CC)CCCC)C(=O)CCC,CCCC(C)CC(C)C ,1.30903,5.2,,20.357518222611,1.308724832214764
1246,CCCCC(CC)CN(CC(CC)CCCC)C(=O)C(C)C,CCCCCCCCCCCC,1.0,3.0,0.01,2.16,0.3344537511509309
1247,CCCCC(CC)CN(CC(CC)CCCC)C(C)=O,CCCCCCCCCCCC,1.0,3.0,0.01,16.0681381716135,1.205965557619709
1248,CCCCC(CC)CN(CC(CC)CCCC)C(=O)CCC,CCCC(C)CC(C)C ,0.98,0.01,9.3518,1.14,0.05690485133647256
1249,CCCCCC(=O)N(CC(CC)CCCC)CC(CC)CCCC,CCCCCCCCCC(C)C,0.201745,4.9,,1.11074415123954,0.04561403508771715
1250,CCCCCCCCCCCC(=O)N(CC)CC,CC1=CC=CC=C1,0.300106,2.0,,1.58604918059225,0.2003166498975227
1251,CCCCC(CC)CN(CC(CC)CCCC)C(=O)C(C)C,CCCC(C)CC(C)C ,0.540345,10.2,,0.713700722121948,-0.1464838638239616
1252,CCCCC(CC)CN(CC(CC)CCCC)C(=O)CC(C)(C)C,CCCCCCCCCC(C)C,1.27637,0.98,,0.778445245005448,-0.1087719298245615
1253,CCCCC(CC)CN(CC(CC)CCCC)C(C)=O,CCCCCCCCCCCC,1.0,6.0,0.01,18.490158557214,1.266940635346726
1254,CCCCCCCC(=O)N(CCCCCC)CCCCCC,CCCCCCCCCCCC,1.0,3.0,55.8431,3.36126910400646,0.5265032835812309
1255,CCCCCCCCN(CCCCCCCC)C(=O)COCC(=O)N(CCCCCCCC)CCCCCCCC,CCCCCCCCCCCC,0.1,1.0,,0.08,-1.096910013008056
1256,CCCCCCCC(=O)N(CCCCCC)CCCCCC,CCCCCCCCCCCC,1.1,1.0,429.185,1.56680969922771,0.1950162513542781
1257,CCCCCCCCCCCC(=O)N(CC)CC,CC1=CC=CC=C1,0.25,,,1.15951019354582,0.06427457098283858
1258,CCCCC(CC)CN(CC(CC)CCCC)C(=O)C(C)C,CCCCCCCCCCCC,1.0,0.01,200.0,6.49,0.8122446968003693
1259,CCCCC(CC)CN(CC(CC)CCCC)C(=O)CC,CCCCCCCCCCCC,0.47194,2.0,0.01,2.14731892515128,0.3318965517241376
1260,CCCCC(CC)CN(CC(CC)CCCC)C(=O)C(C)C,CCCCCCCCCCCC,1.0,6.0,0.01,4.21,0.6242820958356683
1261,CCCCCCN(CCCCCC)C(=O)C(CC)CCCC,CC1=CC=CC=C1,0.5,5.0,50.0,3.45443083589856,0.5383765017273076
1262,CCCCC(CC)CN(CC(CC)CCCC)C(=O)C(C)C,CCCCCCCCCCCC,,1.0,,0.179812097249413,-0.7451810935152875
1263,CCCCCCCC(=O)N(CCCCCC)CCCCCC,CCCCCCCCCCCC,0.106586,8.5,,0.342096206499028,-0.4658517416748432
1264,CCCCCCCCCCCC(=O)N(CCCCCCCC)CCCCCCCC,CC1=CC=CC=C1,0.2,,,0.838001758158824,-0.0767550702028087
1265,CCCCCCCCCC(=O)N(CCCCCC)CCCCCC,CCCCCCCCCCCC,0.5,3.5,,2.73,0.436162647040756
1266,CCCCC(CC)CN(CC(CC)CCCC)C(=O)C(C)C,CCCCCCCCCCCC,1.5,5.0,250.0,5.23508137432188,0.7189234367587567
1267,CCCCCCCC(=O)N(CCCCCC)CCCCCC,CCCCCCCCCCCC,1.0,3.0,442.471,2.55304548202105,0.4070585517469932
1268,CCCCC(CC)CN(CC(CC)CCCC)C(=O)CCC,CCCC(C)CC(C)C ,1.30227,1.0,,2.00453398090523,0.3020134228187899
1269,CCCCC(CC)CN(CC(CC)CCCC)C(=O)C(C)(C)C,CCCCCCCCCCCC,1.0,4.95572,0.00084,9.35632992590131,0.9711055276381912
1270,CCCCCCCC(=O)N(CCCCCC)CCCCCC,CCCCCCCCCCCC,1.0,3.0,590.906,1.94128303738531,0.2880888597640699
1271,CCCCCCCC(=O)N(CCCCCC)CCCCCC,CCCCCCCCCCCC,0.5,3.5,,3.62,0.5587085705331657
1272,CCCCC(CC)CN(CC(CC)CCCC)C(=O)C(C)C,CCCC(C)CC(C)C ,0.0283316,0.01,50.0,1.35514675090639,0.1319863281682527
1273,CCCCCCN(CCCCCC)C(=O)C(CC)CCCC,CCCCCCCCCCCC,1.0,0.502199,0.00084,0.0732253833760454,-1.135338345864661
1274,CCCCC(CC)CN(CC(CC)CCCC)C(=O)C(C)C,CCCCCCCCCCCC,1.0,7.0,0.01,3.8,0.5797835966168101
1275,CCCCC(CC)CN(CC(CC)CCCC)C(C)=O,CCCCCCCCCCCC,1.0,6.0,0.01,18.490158557214,1.266940635346726
1276,CCCCCCCC(=O)N(CCCCCC)CCCCCC,CCCCCCCCCCCC,1.0,3.0,237.331,3.36126910400646,0.5265032835812309
1277,CCCCC(CC)CN(CC(CC)CCCC)C(=O)CC,CCCCCCCCCCCC,1.0,4.0,0.01,9.72996976265629,0.9881114906350605
1278,CCCCC(CC)CN(CC(CC)CCCC)C(=O)CCC,CCCCCCCCCCCC,0.1,5.0,0.03,0.0768868390548238,-1.114147993293855
1279,CCCCCCCCCCCC(=O)N(CC(CC)CCCC)CC(CC)CCCC,CCCCCCCCCC(C)C,0.5,4.00077,,5.48031558672818,0.7388055682705498
1280,CCCCC(CC)CN(CC(CC)CCCC)C(=O)CCC,CCCCCCCCCCCC,0.394959,2.0,,0.108363673961845,-0.9651162790697718
1281,CCCCC(CC)CN(CC(CC)CCCC)C(=O)C(C)(C)C,CCCCCCCCCCCC,1.0,3.0,0.00084,1.5,0.1760912590556812
1282,CCCCC(CC)CN(CC(CC)CCCC)C(=O)CCC,CCCCCCCCCCCC,1.5,3.0,1000.0,1.77777777777777,0.249877473216598
1283,CCCCC(CC)CN(CC(CC)CCCC)C(=O)C(C)C,CCCCCCCCCCCC,0.5,6.0,0.1,1.54456766197433,0.1888069379391503
1284,CCCCC(CN(C(CCC)=O)CC(CCCC)CC)CC,CCCCCCCCCCCC,,1.0,,0.784613043919254,-0.1053444761515942
1285,CCCCCCCCN(CCCCCCCC)C(=O)COCC(=O)N(CCCCCCCC)CCCCCCCC,CCCCCCCCCCCC,0.101,3.0,4.20133,5.518,0.7417816961431667
1286,CCCCCCCC(=O)N(CCCCCC)CCCCCC,CC1=CC=CC=C1,0.289806,3.0,100.0,1.48098997800963,0.1705521196219227
1287,CCCCC(CC)CN(CC(CC)CCCC)C(=O)C(C)(C)C,CCCCCCCCCCCC,0.139263,3.0,0.01,0.0356224789026243,-1.448275862068967
1288,CCCCC(CC)CN(CC(CC)CCCC)C(=O)CCC,CCCCCCCCCCCC,1.0,4.0,0.013,10.2809738639784,1.012034255098913
1289,CCCCCCCC(=O)N(CCCCCC)CCCCCC,CCCCCCCCCCCC,1.0,3.0,0.507296,2.3,0.3617278360175928
1290,CCCCCCN(CCCCCC)C(=O)CCC,CCCCCCCCCCCC,0.3,,,0.372399966104107,-0.428990367220233
1291,CCCCC(CC)CN(CC(CC)CCCC)C(=O)CCC,CCCCCCCCCCCC,0.199014,2.0,,0.0270743562738948,-1.567441860465111
1292,CCCCCCCC(=O)N(CCCCCC)CCCCCC,CC1=CC=CC=C1,0.494844,3.0,100.0,3.61928384163516,0.5586226439045551
1293,CCCCC(CC)CN(CC(CC)CCCC)C(=O)CCC,CCCC(C)CC(C)C ,1.0,1.64283,,4.49440502176264,0.6526722071108372
1294,CCCCC(CC)CN(CC(CC)CCCC)C(=O)COCC(=O)N(CC(CC)CCCC)CC(CC)CCCC,CCCCCCCCCCCC,0.201,1.0,0.0004,0.247,-0.6073030467403343
1295,CCCCC(CC)CN(CC(CC)CCCC)C(=O)C(C)C,CCCCCCCCCCCC,1.0,2.0,1.00412,1.60349586016556,0.2050678430236896
1296,CCCCC(CC)CN(CC(CC)CCCC)C(=O)CCC,CCCC(C)CC(C)C ,0.129038,0.01,50.0,1.83982838958072,0.2647773159802437
1297,CCCCC(CC)CN(CC(CC)CCCC)C(C)=O,CCCCCCCCCCCC,1.0,0.01,0.01,0.0047496206025883,-2.323341080224196
1298,CCCCCCCCCC(=O)N(CCCCCC)CCCCCC,CCCCCCCCCCCC,1.1,2.0,0.01,6.2484837955625,0.7957746478873244
1299,CCCCC(CC)CN(CC(CC)CCCC)C(=O)CC,CCCCCCCCCCCC,1.0,3.0,0.01,6.26858360591195,0.7971694225490045
1300,CCCCC(CC)CN(CC(CC)CCCC)C(=O)C(C)(C)C,CCCCCCCCCCCC,1.0,3.0,0.1,0.8,-0.09691001300805639
1301,CCCCCCCCN(CCCCCCCC)C(=O)COCC(=O)N(CCCCCCCC)CCCCCCCC,CCCCCCCCCCCC,0.2,3.08871,1.0,5.36363636363637,0.7294593264839196
1302,CCCCC(CC)CN(CC(CC)CCCC)C(=O)C(C)C,CCCC(C)CC(C)C ,0.245631,10.2,,0.161884988702696,-0.7907934207082596
1303,CCCCC(CC)CN(CC(CC)CCCC)C(=O)CC(C)(C)C,CCCCCCCCCC(C)C,0.108953,4.9,,0.414518444379891,-0.3824561403508766
1304,CCCCC(CC)CN(CC(CC)CCCC)C(=O)C(C)C,CCCCCCCCCCCC,1.0,3.0,0.1,3.1,0.4913616938342727
1305,CCCCCCCCN(CCCCCCCC)C(=O)CCCCCCC,CCCCCCCCCCCC,0.0321397,2.0,,0.0108288840029364,-1.965416298346072
1306,CCCCC(CC)CN(CC(CC)CCCC)C(=O)C(C)C,CCCCCCCCCCCC,1.0,10.0,0.01,2.4,0.380211241711606
1307,CCCCCCCCCC(=O)N(CCCCCC)CCCCCC,CCCCCCCCCCCC,0.797896,3.0,0.01,6.40074505838268,0.806230529595015
1308,CCCCC(CC)CN(CC(CC)CCCC)C(=O)C(C)C,CCCCCCCCCCCC,1.5,3.0,750.0,1.59132007233273,0.2017575408454702
1309,CCCCN(CCCC)C(=O)CCC,CC1=CC=CC=C1,0.5,6.0,,4.7,0.6720978579357175
1310,CCCCC(CC)CN(CC(CC)CCCC)C(=O)C(C)C,CCCCCCCCCCCC,0.233086,2.0,0.01,0.121738494973251,-0.9145720716388055
1311,CCCCN(CCCC)C(=O)CCC,CC1=CC=CC=C1,0.718089,3.0,,12.6820685388544,1.103190095954383
1312,CCCCC(CC)CN(CC(CC)CCCC)C(=O)C(C)C,CCCCCCCCCCCC,1.5,2.0,1250.0,0.822784810126515,-0.08471373464762134
1313,CCCCC(CC)CN(CC(CC)CCCC)C(=O)C(C)(C)C,CCCCCCCCCCCC,0.417943,3.0,0.01,0.366990795981307,-0.4353448275862056
1314,CCCCCCCCCCCC(=O)N(CC)CC,CC1=CC=CC=C1,0.3,3.0,,2.9533908191729,0.4703209205104826
1315,CCCCCCCC(=O)N(CCCCCC)CCCCCC,CCCCCCCCCCCC,1.0,3.0,42.1277,5.2,0.7160033436347992
1316,CCCCCCN(CCCCCC)C(=O)CCCCC,CCCCCCCCCCCC,0.194304,6.5,,0.901801187319767,-0.04488919723294831
1317,CCCCCCCC(=O)N(CCCCCC)CCCCCC,CCCCCCCCCCCC,1.0,3.0,671.064,1.2,0.07918124604762482
1318,CCCCC(CC)CN(CC(CC)CCCC)C(=O)CCC,CCCC(C)CC(C)C ,0.98,0.01,2.3256,1.04,0.01703333929878037
1319,CCCCCCCCN(CCCCCCCC)C(=O)COCC(=O)N(CCCCCCCC)CCCCCCCC,CCCCCCCCCCCC,0.2,2.04032,1.0,2.75,0.4393326938302626
1320,CCCCCCCC(=O)N(CCCCCC)CCCCCC,CCCCCCCCCCCC,1.0,3.0,929.396,0.985818382217868,-0.00620308796527328
1321,CCCCCCCC(=O)N(CCCCCC)CCCCCC,CCCCCCCCCCCC,1.1,0.5,858.369,1.11046223113988,0.04550379198266516
1322,CCCCC(CC)CN(CC(CC)CCCC)C(=O)CCC,CCCC(C)CC(C)C ,1.0299,1.015,50.0,2.05113036928492,0.3119932648840557
1323,CCCCN(CCCC)C(=O)C(C)(C)C,CC1=CC=CC=C1,0.5,6.0,,1.4,0.146128035678238
1324,CCCCCCCC(=O)N(CCCCCC)CCCCCC,CC1=CC(=CC(=C1)C)C,0.96,4.50093,,10.6475381734607,1.027249205777354
1325,CCCCC(CC)CN(CC(CC)CCCC)C(=O)C(C)(C)C,CCCCCCCCCCCC,0.557947,3.0,0.01,0.665695869213346,-0.1767241379310328
1326,CCCCCCCC(=O)N(CCCCCC)CCCCCC,CCCCCCCCCCCC,0.541329,,,64.3379810166237,1.80846742823059
1327,CCCCC(CC)CN(CC(CC)CCCC)C(=O)C(C)C,CCCCCCCCCCCC,1.5,4.0,500.0,2.38698010849909,0.3778487999011506
1328,CCCCCCCC(=O)N(CCCCCC)CCCCCC,CC1=CC=CC=C1,0.5,0.5,50.0,6.72149688342859,0.8274660015984828
1329,CCCCN(CCCC)C(=O)COCC(=O)N(CCCC)CCCC,C1=CC=CC=C1,0.1,2.0,,0.81,-0.09151498112135022
1330,CCCCCCN(CCCCCC)C(=O)CCCCC,CCCCCCCCCCCC,0.5,3.5,,2.03,0.3074960379132129
1331,CCCCCCCCCCCC(=O)N(CC(CC)CCCC)CC(CC)CCCC,CCCCCCCCCC(C)C,0.5,0.283584,,0.0242271544694467,-1.615697591672981
1332,CCCCCCCC(=O)N(CCCCCC)CCCCCC,CCCCCCCCCCCC,1.0,3.0,0.338197,3.3,0.5185139398778874
1333,CCCCC(CC)CN(CC(CC)CCCC)C(=O)C(C)C,CCCCCCCCCCCC,1.5,5.0,100.0,7.20614828209764,0.8577031944274324
1334,CCCCCCCCN(CCCCCCCC)C(=O)CCCCCCC,CCCCCCCCCCCC,0.5,0.515588,,0.2277169596298,-0.6426046233183135
1335,CCCCCCCC(=O)N(CCCCCC)CCCCCC,CCCCCCCCCCCC,1.0,3.0,507.567,1.79899715976627,0.2550304776875136
1336,CCCCCCCCCCCCCCC(C(=O)N(C)CCCC)C(=O)N(C)CCCC,CCCC(C)CC(C)C ,0.5,0.1,,0.3446,-0.4626847268879903
1337,CCCCCCCCCCCC(=O)N(CCCCCCCC)CCCCCCCC,CC1=CC=CC=C1,,4.0,,1.42300072583383,0.1532051216061021
1338,CCCCC(CC)CN(CC(CC)CCCC)C(=O)C(C)C,CCCCCCCCCCCC,1.0,1.0,0.1,0.240458920006823,-0.6189591078066927
1339,CCCCCCCCCCCC(=O)N(CC(CC)CCCC)CC(CC)CCCC,CCCCCCCCCC(C)C,0.5,5.07521,,6.40791093424563,0.8067164667100035
1340,CCCCCCCC(=O)N(CCCCCC)CCCCCC,CCCCCCCCCCCC,1.1,4.0,0.01,8.81696486325812,0.9453191100762133
1341,CCCCCCN(CCCCCC)C(=O)CCCCC,CCCCCCCCCCCC,1.0,3.5,1.0,13.52,1.130976691605617
1342,CCCCCCCCCCCC(=O)N(CC(CC)CCCC)CC(CC)CCCC,CCCCCCCCCC(C)C,0.5,1.03334,,0.346177081125389,-0.4607016882522424
